filename,filepath,text,phone,gender,voice,detect
phone_00000_female.wav,output/phone_00000_female.wav,번호 알려드릴게요. 공일공 오이팔팔 삼사팔공입니다.,010-5288-3480,female,ko-KR-SunHiNeural,1
phone_00001_female.wav,output/phone_00001_female.wav,휴대폰 번호는 공일공 일일구공 오구팔이입니다.,010-1190-5982,female,ko-KR-SunHiNeural,1
phone_00002_male.wav,output/phone_00002_male.wav,연락처는 공일공 팔일구일 삼팔오사입니다.,010-8191-3854,male,ko-KR-InJoonNeural,1
phone_00003_female.wav,output/phone_00003_female.wav,전화번호는 공일공 팔칠칠삼 공육구육이에요.,010-8773-0696,female,ko-KR-SunHiNeural,1
phone_00004_male.wav,output/phone_00004_male.wav,제 번호는 공일공 팔일공육 구삼삼오입니다.,010-8106-9335,male,ko-KR-HyunsuMultilingualNeural,1
phone_00005_male.wav,output/phone_00005_male.wav,제 전화번호는 공일공 칠육사구 공칠일구입니다.,010-7649-0719,male,ko-KR-InJoonNeural,1
phone_00006_male.wav,output/phone_00006_male.wav,문의는 공일공 공삼사공 일구칠구으로 주세요.,010-0340-1979,male,ko-KR-HyunsuMultilingualNeural,1
phone_00007_male.wav,output/phone_00007_male.wav,전화는 공일공 일공일일 일이삼일으로 주시면 됩니다.,010-1011-1231,male,ko-KR-HyunsuMultilingualNeural,1
phone_00008_male.wav,output/phone_00008_male.wav,연락 가능 번호는 공일공 일오칠구 구오이육입니다.,010-1579-9526,male,ko-KR-HyunsuMultilingualNeural,1
phone_00009_male.wav,output/phone_00009_male.wav,제 전화번호는 공일공 사이일일 칠육삼오입니다.,010-4211-7635,male,ko-KR-InJoonNeural,1
phone_00010_male.wav,output/phone_00010_male.wav,제 전화번호는 공일공 구이삼육 이삼일공입니다.,010-9236-2310,male,ko-KR-HyunsuMultilingualNeural,1
phone_00011_male.wav,output/phone_00011_male.wav,휴대폰 번호는 공일공 오육칠삼 구칠공팔입니다.,010-5673-9708,male,ko-KR-HyunsuMultilingualNeural,1
phone_00012_male.wav,output/phone_00012_male.wav,휴대폰 번호는 공일공 일삼공팔 칠육삼구입니다.,010-1308-7639,male,ko-KR-InJoonNeural,1
phone_00013_female.wav,output/phone_00013_female.wav,제 전화번호는 공일공 사육일일 일팔일칠입니다.,010-4611-1817,female,ko-KR-SunHiNeural,1
phone_00014_male.wav,output/phone_00014_male.wav,전화번호는 공일공 육사이칠 일이사일이에요.,010-6427-1241,male,ko-KR-InJoonNeural,1
phone_00015_male.wav,output/phone_00015_male.wav,연락 가능 번호는 공일공 공육칠팔 구구오육입니다.,010-0678-9956,male,ko-KR-HyunsuMultilingualNeural,1
phone_00016_male.wav,output/phone_00016_male.wav,연락 가능 번호는 공일공 공구이삼 구팔사팔입니다.,010-0923-9848,male,ko-KR-InJoonNeural,1
phone_00017_male.wav,output/phone_00017_male.wav,제 번호는 공일공 공팔구사 사육삼이입니다.,010-0894-4632,male,ko-KR-InJoonNeural,1
phone_00018_male.wav,output/phone_00018_male.wav,전화번호는 공일공 사구칠칠 공사칠사이에요.,010-4977-0474,male,ko-KR-HyunsuMultilingualNeural,1
phone_00019_male.wav,output/phone_00019_male.wav,전화는 공일공 이공오삼 육공구팔으로 주시면 됩니다.,010-2053-6098,male,ko-KR-InJoonNeural,1
phone_00020_male.wav,output/phone_00020_male.wav,전화는 공일공 육이오일 사팔구공으로 주시면 됩니다.,010-6251-4890,male,ko-KR-HyunsuMultilingualNeural,1
phone_00021_male.wav,output/phone_00021_male.wav,전화는 공일공 삼오칠구 육삼일일으로 주시면 됩니다.,010-3579-6311,male,ko-KR-InJoonNeural,1
phone_00022_female.wav,output/phone_00022_female.wav,문의는 공일공 공이팔공 오사공삼으로 주세요.,010-0280-5403,female,ko-KR-SunHiNeural,1
phone_00023_female.wav,output/phone_00023_female.wav,제 전화번호는 공일공 사이일공 사구팔칠입니다.,010-4210-4987,female,ko-KR-SunHiNeural,1
phone_00024_male.wav,output/phone_00024_male.wav,연락처는 공일공 오삼구팔 칠칠팔사입니다.,010-5398-7784,male,ko-KR-HyunsuMultilingualNeural,1
phone_00025_male.wav,output/phone_00025_male.wav,연락처는 공일공 칠사일오 이삼공공입니다.,010-7415-2300,male,ko-KR-HyunsuMultilingualNeural,1
phone_00026_male.wav,output/phone_00026_male.wav,제 전화번호는 공일공 구오사칠 사공사이입니다.,010-9547-4042,male,ko-KR-InJoonNeural,1
phone_00027_male.wav,output/phone_00027_male.wav,전화번호는 공일공 삼사오공 이오일칠이에요.,010-3450-2517,male,ko-KR-HyunsuMultilingualNeural,1
phone_00028_male.wav,output/phone_00028_male.wav,연락 가능 번호는 공일공 이일일오 이구구구입니다.,010-2115-2999,male,ko-KR-InJoonNeural,1
phone_00029_male.wav,output/phone_00029_male.wav,번호 알려드릴게요. 공일공 구칠오일 삼사칠이입니다.,010-9751-3472,male,ko-KR-InJoonNeural,1
phone_00030_male.wav,output/phone_00030_male.wav,연락처는 공일공 이육육일 이공칠사입니다.,010-2661-2074,male,ko-KR-InJoonNeural,1
phone_00031_female.wav,output/phone_00031_female.wav,문의는 공일공 일칠오삼 칠칠이오으로 주세요.,010-1753-7725,female,ko-KR-SunHiNeural,1
phone_00032_male.wav,output/phone_00032_male.wav,전화번호는 공일공 삼사일사 육구삼오이에요.,010-3414-6935,male,ko-KR-HyunsuMultilingualNeural,1
phone_00033_male.wav,output/phone_00033_male.wav,전화번호는 공일공 육일육공 육팔팔구이에요.,010-6160-6889,male,ko-KR-HyunsuMultilingualNeural,1
phone_00034_male.wav,output/phone_00034_male.wav,전화번호는 공일공 일칠팔삼 오일구구이에요.,010-1783-5199,male,ko-KR-InJoonNeural,1
phone_00035_female.wav,output/phone_00035_female.wav,연락처는 공일공 삼사삼이 공사칠이입니다.,010-3432-0472,female,ko-KR-SunHiNeural,1
phone_00036_female.wav,output/phone_00036_female.wav,연락처는 공일공 일구삼팔 칠구오오입니다.,010-1938-7955,female,ko-KR-SunHiNeural,1
phone_00037_female.wav,output/phone_00037_female.wav,전화번호는 공일공 육칠칠구 칠오사칠이에요.,010-6779-7547,female,ko-KR-SunHiNeural,1
phone_00038_male.wav,output/phone_00038_male.wav,문자 주실 번호는 공일공 오사구팔 칠오오일입니다.,010-5498-7551,male,ko-KR-InJoonNeural,1
phone_00039_female.wav,output/phone_00039_female.wav,번호 알려드릴게요. 공일공 육오삼일 팔사이육입니다.,010-6531-8426,female,ko-KR-SunHiNeural,1
phone_00040_female.wav,output/phone_00040_female.wav,문의는 공일공 일구칠이 공삼칠구으로 주세요.,010-1972-0379,female,ko-KR-SunHiNeural,1
phone_00041_female.wav,output/phone_00041_female.wav,번호 알려드릴게요. 공일공 팔공구공 일칠육팔입니다.,010-8090-1768,female,ko-KR-SunHiNeural,1
phone_00042_female.wav,output/phone_00042_female.wav,전화번호는 공일공 공칠칠일 사구팔구이에요.,010-0771-4989,female,ko-KR-SunHiNeural,1
phone_00043_female.wav,output/phone_00043_female.wav,문자 주실 번호는 공일공 이삼팔구 공칠구오입니다.,010-2389-0795,female,ko-KR-SunHiNeural,1
phone_00044_male.wav,output/phone_00044_male.wav,제 전화번호는 공일공 구공삼사 이일일사입니다.,010-9034-2114,male,ko-KR-InJoonNeural,1
phone_00045_male.wav,output/phone_00045_male.wav,문의는 공일공 칠육공사 삼사구칠으로 주세요.,010-7604-3497,male,ko-KR-HyunsuMultilingualNeural,1
phone_00046_male.wav,output/phone_00046_male.wav,연락 가능 번호는 공일공 팔공공구 칠육팔삼입니다.,010-8009-7683,male,ko-KR-HyunsuMultilingualNeural,1
phone_00047_female.wav,output/phone_00047_female.wav,전화번호는 공일공 일육구사 사삼사공이에요.,010-1694-4340,female,ko-KR-SunHiNeural,1
phone_00048_female.wav,output/phone_00048_female.wav,연락 가능 번호는 공일공 이칠공구 삼구공사입니다.,010-2709-3904,female,ko-KR-SunHiNeural,1
phone_00049_male.wav,output/phone_00049_male.wav,문의는 공일공 일육오팔 사이삼이으로 주세요.,010-1658-4232,male,ko-KR-HyunsuMultilingualNeural,1
phone_00050_male.wav,output/phone_00050_male.wav,제 전화번호는 공일공 공이사사 삼이삼공입니다.,010-0244-3230,male,ko-KR-HyunsuMultilingualNeural,1
phone_00051_female.wav,output/phone_00051_female.wav,문의는 공일공 오공공칠 육일칠오으로 주세요.,010-5007-6175,female,ko-KR-SunHiNeural,1
phone_00052_male.wav,output/phone_00052_male.wav,제 전화번호는 공일공 오오공오 이육오칠입니다.,010-5505-2657,male,ko-KR-InJoonNeural,1
phone_00053_female.wav,output/phone_00053_female.wav,제 번호는 공일공 일공구일 일오공이입니다.,010-1091-1502,female,ko-KR-SunHiNeural,1
phone_00054_male.wav,output/phone_00054_male.wav,제 번호는 공일공 공삼팔공 오공육사입니다.,010-0380-5064,male,ko-KR-InJoonNeural,1
phone_00055_female.wav,output/phone_00055_female.wav,연락 가능 번호는 공일공 칠공이칠 이사공육입니다.,010-7027-2406,female,ko-KR-SunHiNeural,1
phone_00056_male.wav,output/phone_00056_male.wav,제 전화번호는 공일공 이오구일 칠삼이사입니다.,010-2591-7324,male,ko-KR-InJoonNeural,1
phone_00057_female.wav,output/phone_00057_female.wav,번호 알려드릴게요. 공일공 일육공육 오사오육입니다.,010-1606-5456,female,ko-KR-SunHiNeural,1
phone_00058_female.wav,output/phone_00058_female.wav,제 번호는 공일공 팔삼팔이 칠오사공입니다.,010-8382-7540,female,ko-KR-SunHiNeural,1
phone_00059_female.wav,output/phone_00059_female.wav,연락 가능 번호는 공일공 육삼일이 오일팔일입니다.,010-6312-5181,female,ko-KR-SunHiNeural,1
phone_00060_male.wav,output/phone_00060_male.wav,연락처는 공일공 오이팔이 오육칠구입니다.,010-5282-5679,male,ko-KR-InJoonNeural,1
phone_00061_female.wav,output/phone_00061_female.wav,문의는 공일공 이이일일 공이오팔으로 주세요.,010-2211-0258,female,ko-KR-SunHiNeural,1
phone_00062_male.wav,output/phone_00062_male.wav,휴대폰 번호는 공일공 삼이오사 육팔삼일입니다.,010-3254-6831,male,ko-KR-HyunsuMultilingualNeural,1
phone_00063_male.wav,output/phone_00063_male.wav,번호 알려드릴게요. 공일공 이공구사 일육삼육입니다.,010-2094-1636,male,ko-KR-InJoonNeural,1
phone_00064_female.wav,output/phone_00064_female.wav,휴대폰 번호는 공일공 일일오구 삼일육공입니다.,010-1159-3160,female,ko-KR-SunHiNeural,1
phone_00065_male.wav,output/phone_00065_male.wav,전화는 공일공 일사일공 육칠사칠으로 주시면 됩니다.,010-1410-6747,male,ko-KR-HyunsuMultilingualNeural,1
phone_00066_female.wav,output/phone_00066_female.wav,문의는 공일공 이팔팔사 삼칠육팔으로 주세요.,010-2884-3768,female,ko-KR-SunHiNeural,1
phone_00067_female.wav,output/phone_00067_female.wav,문의는 공일공 팔칠팔일 오이팔오으로 주세요.,010-8781-5285,female,ko-KR-SunHiNeural,1
phone_00068_female.wav,output/phone_00068_female.wav,휴대폰 번호는 공일공 삼공팔오 사구일칠입니다.,010-3085-4917,female,ko-KR-SunHiNeural,1
phone_00069_male.wav,output/phone_00069_male.wav,제 전화번호는 공일공 삼구칠공 육공이육입니다.,010-3970-6026,male,ko-KR-HyunsuMultilingualNeural,1
phone_00070_male.wav,output/phone_00070_male.wav,전화는 공일공 팔오일삼 사일삼이으로 주시면 됩니다.,010-8513-4132,male,ko-KR-InJoonNeural,1
phone_00071_female.wav,output/phone_00071_female.wav,제 번호는 공일공 이공칠사 구일육공입니다.,010-2074-9160,female,ko-KR-SunHiNeural,1
phone_00072_male.wav,output/phone_00072_male.wav,문자 주실 번호는 공일공 일공삼삼 구구삼칠입니다.,010-1033-9937,male,ko-KR-InJoonNeural,1
phone_00073_female.wav,output/phone_00073_female.wav,연락처는 공일공 오오사공 구칠팔구입니다.,010-5540-9789,female,ko-KR-SunHiNeural,1
phone_00074_male.wav,output/phone_00074_male.wav,문자 주실 번호는 공일공 이사칠팔 육일삼구입니다.,010-2478-6139,male,ko-KR-InJoonNeural,1
phone_00075_female.wav,output/phone_00075_female.wav,전화는 공일공 공오칠팔 사팔삼일으로 주시면 됩니다.,010-0578-4831,female,ko-KR-SunHiNeural,1
phone_00076_male.wav,output/phone_00076_male.wav,전화는 공일공 팔구사구 칠일사공으로 주시면 됩니다.,010-8949-7140,male,ko-KR-InJoonNeural,1
phone_00077_female.wav,output/phone_00077_female.wav,연락 가능 번호는 공일공 삼이이일 삼구삼팔입니다.,010-3221-3938,female,ko-KR-SunHiNeural,1
phone_00078_male.wav,output/phone_00078_male.wav,문자 주실 번호는 공일공 칠육삼일 구삼일이입니다.,010-7631-9312,male,ko-KR-InJoonNeural,1
phone_00079_male.wav,output/phone_00079_male.wav,제 번호는 공일공 육이오공 이사육공입니다.,010-6250-2460,male,ko-KR-HyunsuMultilingualNeural,1
phone_00080_male.wav,output/phone_00080_male.wav,전화는 공일공 삼육삼팔 공구일팔으로 주시면 됩니다.,010-3638-0918,male,ko-KR-HyunsuMultilingualNeural,1
phone_00081_male.wav,output/phone_00081_male.wav,휴대폰 번호는 공일공 삼구삼팔 육팔이공입니다.,010-3938-6820,male,ko-KR-InJoonNeural,1
phone_00082_female.wav,output/phone_00082_female.wav,번호 알려드릴게요. 공일공 팔팔사구 구사오칠입니다.,010-8849-9457,female,ko-KR-SunHiNeural,1
phone_00083_female.wav,output/phone_00083_female.wav,번호 알려드릴게요. 공일공 오삼팔일 삼삼오칠입니다.,010-5381-3357,female,ko-KR-SunHiNeural,1
phone_00084_male.wav,output/phone_00084_male.wav,제 전화번호는 공일공 이팔칠사 팔이구공입니다.,010-2874-8290,male,ko-KR-HyunsuMultilingualNeural,1
phone_00085_female.wav,output/phone_00085_female.wav,제 번호는 공일공 육일육일 사공구공입니다.,010-6161-4090,female,ko-KR-SunHiNeural,1
phone_00086_female.wav,output/phone_00086_female.wav,휴대폰 번호는 공일공 이육사이 이사칠칠입니다.,010-2642-2477,female,ko-KR-SunHiNeural,1
phone_00087_male.wav,output/phone_00087_male.wav,번호 알려드릴게요. 공일공 육사사삼 삼오오구입니다.,010-6443-3559,male,ko-KR-HyunsuMultilingualNeural,1
phone_00088_male.wav,output/phone_00088_male.wav,문자 주실 번호는 공일공 육팔공일 일오이삼입니다.,010-6801-1523,male,ko-KR-InJoonNeural,1
phone_00089_male.wav,output/phone_00089_male.wav,문의는 공일공 오팔육구 사팔팔오으로 주세요.,010-5869-4885,male,ko-KR-InJoonNeural,1
phone_00090_male.wav,output/phone_00090_male.wav,전화는 공일공 공삼공이 이삼칠칠으로 주시면 됩니다.,010-0302-2377,male,ko-KR-HyunsuMultilingualNeural,1
phone_00091_male.wav,output/phone_00091_male.wav,번호 알려드릴게요. 공일공 팔오칠이 공팔일일입니다.,010-8572-0811,male,ko-KR-HyunsuMultilingualNeural,1
phone_00092_female.wav,output/phone_00092_female.wav,휴대폰 번호는 공일공 구공사삼 공사일사입니다.,010-9043-0414,female,ko-KR-SunHiNeural,1
phone_00093_male.wav,output/phone_00093_male.wav,제 전화번호는 공일공 칠일칠공 공구이오입니다.,010-7170-0925,male,ko-KR-HyunsuMultilingualNeural,1
phone_00094_male.wav,output/phone_00094_male.wav,연락 가능 번호는 공일공 이오일이 공육공칠입니다.,010-2512-0607,male,ko-KR-InJoonNeural,1
phone_00095_female.wav,output/phone_00095_female.wav,문자 주실 번호는 공일공 공구오공 일사칠육입니다.,010-0950-1476,female,ko-KR-SunHiNeural,1
phone_00096_male.wav,output/phone_00096_male.wav,전화번호는 공일공 이이칠팔 오일육육이에요.,010-2278-5166,male,ko-KR-HyunsuMultilingualNeural,1
phone_00097_female.wav,output/phone_00097_female.wav,연락 가능 번호는 공일공 사삼삼팔 구삼오칠입니다.,010-4338-9357,female,ko-KR-SunHiNeural,1
phone_00098_male.wav,output/phone_00098_male.wav,제 전화번호는 공일공 공삼사육 칠육삼이입니다.,010-0346-7632,male,ko-KR-HyunsuMultilingualNeural,1
phone_00099_male.wav,output/phone_00099_male.wav,제 번호는 공일공 오이일공 오칠삼오입니다.,010-5210-5735,male,ko-KR-HyunsuMultilingualNeural,1
phone_00100_male.wav,output/phone_00100_male.wav,전화번호는 공일공 팔삼공공 팔일사공이에요.,010-8300-8140,male,ko-KR-HyunsuMultilingualNeural,1
phone_00101_female.wav,output/phone_00101_female.wav,제 전화번호는 공일공 이팔육구 구이삼구입니다.,010-2869-9239,female,ko-KR-SunHiNeural,1
phone_00102_male.wav,output/phone_00102_male.wav,연락처는 공일공 오일이공 삼삼일오입니다.,010-5120-3315,male,ko-KR-HyunsuMultilingualNeural,1
phone_00103_male.wav,output/phone_00103_male.wav,문자 주실 번호는 공일공 구일일이 이사구일입니다.,010-9112-2491,male,ko-KR-HyunsuMultilingualNeural,1
phone_00104_male.wav,output/phone_00104_male.wav,연락 가능 번호는 공일공 팔칠오사 오공팔오입니다.,010-8754-5085,male,ko-KR-InJoonNeural,1
phone_00105_male.wav,output/phone_00105_male.wav,제 번호는 공일공 칠칠팔구 칠삼사공입니다.,010-7789-7340,male,ko-KR-HyunsuMultilingualNeural,1
phone_00106_male.wav,output/phone_00106_male.wav,연락처는 공일공 사사이공 칠구육이입니다.,010-4420-7962,male,ko-KR-HyunsuMultilingualNeural,1
phone_00107_male.wav,output/phone_00107_male.wav,전화는 공일공 오사삼구 사칠칠팔으로 주시면 됩니다.,010-5439-4778,male,ko-KR-HyunsuMultilingualNeural,1
phone_00108_male.wav,output/phone_00108_male.wav,전화번호는 공일공 공공구팔 삼일공육이에요.,010-0098-3106,male,ko-KR-HyunsuMultilingualNeural,1
phone_00109_female.wav,output/phone_00109_female.wav,제 전화번호는 공일공 이삼사이 칠이이이입니다.,010-2342-7222,female,ko-KR-SunHiNeural,1
phone_00110_male.wav,output/phone_00110_male.wav,문의는 공일공 오팔구팔 팔이일일으로 주세요.,010-5898-8211,male,ko-KR-InJoonNeural,1
phone_00111_female.wav,output/phone_00111_female.wav,전화는 공일공 공삼이구 삼구팔오으로 주시면 됩니다.,010-0329-3985,female,ko-KR-SunHiNeural,1
phone_00112_male.wav,output/phone_00112_male.wav,번호 알려드릴게요. 공일공 오사오육 일구육삼입니다.,010-5456-1963,male,ko-KR-InJoonNeural,1
phone_00113_female.wav,output/phone_00113_female.wav,전화는 공일공 구사공이 사칠이이으로 주시면 됩니다.,010-9402-4722,female,ko-KR-SunHiNeural,1
phone_00114_female.wav,output/phone_00114_female.wav,문자 주실 번호는 공일공 구공팔구 공공오사입니다.,010-9089-0054,female,ko-KR-SunHiNeural,1
phone_00115_male.wav,output/phone_00115_male.wav,연락 가능 번호는 공일공 팔오팔일 일공일사입니다.,010-8581-1014,male,ko-KR-HyunsuMultilingualNeural,1
phone_00116_male.wav,output/phone_00116_male.wav,제 전화번호는 공일공 이오칠구 육공팔육입니다.,010-2579-6086,male,ko-KR-HyunsuMultilingualNeural,1
phone_00117_female.wav,output/phone_00117_female.wav,문자 주실 번호는 공일공 구공일이 오사칠일입니다.,010-9012-5471,female,ko-KR-SunHiNeural,1
phone_00118_male.wav,output/phone_00118_male.wav,연락처는 공일공 공사삼일 팔삼오구입니다.,010-0431-8359,male,ko-KR-InJoonNeural,1
phone_00119_female.wav,output/phone_00119_female.wav,전화번호는 공일공 공칠이오 칠사일삼이에요.,010-0725-7413,female,ko-KR-SunHiNeural,1
phone_00120_male.wav,output/phone_00120_male.wav,휴대폰 번호는 공일공 일팔육이 일팔팔육입니다.,010-1862-1886,male,ko-KR-HyunsuMultilingualNeural,1
phone_00121_male.wav,output/phone_00121_male.wav,연락 가능 번호는 공일공 칠삼오사 육공구공입니다.,010-7354-6090,male,ko-KR-HyunsuMultilingualNeural,1
phone_00122_female.wav,output/phone_00122_female.wav,제 전화번호는 공일공 팔삼이삼 사공삼삼입니다.,010-8323-4033,female,ko-KR-SunHiNeural,1
phone_00123_male.wav,output/phone_00123_male.wav,전화번호는 공일공 삼오구삼 공이공육이에요.,010-3593-0206,male,ko-KR-HyunsuMultilingualNeural,1
phone_00124_male.wav,output/phone_00124_male.wav,전화번호는 공일공 사공삼구 삼칠칠오이에요.,010-4039-3775,male,ko-KR-HyunsuMultilingualNeural,1
phone_00125_male.wav,output/phone_00125_male.wav,휴대폰 번호는 공일공 일오이사 구삼칠칠입니다.,010-1524-9377,male,ko-KR-InJoonNeural,1
phone_00126_male.wav,output/phone_00126_male.wav,휴대폰 번호는 공일공 이육오칠 팔오칠공입니다.,010-2657-8570,male,ko-KR-HyunsuMultilingualNeural,1
phone_00127_female.wav,output/phone_00127_female.wav,전화는 공일공 구이공오 구공구사으로 주시면 됩니다.,010-9205-9094,female,ko-KR-SunHiNeural,1
phone_00128_male.wav,output/phone_00128_male.wav,전화번호는 공일공 오육공이 팔오삼일이에요.,010-5602-8531,male,ko-KR-HyunsuMultilingualNeural,1
phone_00129_male.wav,output/phone_00129_male.wav,휴대폰 번호는 공일공 팔팔삼칠 육사이칠입니다.,010-8837-6427,male,ko-KR-HyunsuMultilingualNeural,1
phone_00130_male.wav,output/phone_00130_male.wav,제 번호는 공일공 육이공육 육구사오입니다.,010-6206-6945,male,ko-KR-InJoonNeural,1
phone_00131_male.wav,output/phone_00131_male.wav,번호 알려드릴게요. 공일공 팔사칠사 삼구일육입니다.,010-8474-3916,male,ko-KR-InJoonNeural,1
phone_00132_male.wav,output/phone_00132_male.wav,번호 알려드릴게요. 공일공 이일이팔 삼칠사삼입니다.,010-2128-3743,male,ko-KR-InJoonNeural,1
phone_00133_male.wav,output/phone_00133_male.wav,연락처는 공일공 구오구팔 이칠일삼입니다.,010-9598-2713,male,ko-KR-InJoonNeural,1
phone_00134_female.wav,output/phone_00134_female.wav,전화번호는 공일공 이일구오 사오육구이에요.,010-2195-4569,female,ko-KR-SunHiNeural,1
phone_00135_male.wav,output/phone_00135_male.wav,제 전화번호는 공일공 이사이일 육구칠사입니다.,010-2421-6974,male,ko-KR-HyunsuMultilingualNeural,1
phone_00136_male.wav,output/phone_00136_male.wav,제 번호는 공일공 육오육사 오칠육삼입니다.,010-6564-5763,male,ko-KR-InJoonNeural,1
phone_00137_male.wav,output/phone_00137_male.wav,연락처는 공일공 이사삼일 오오삼육입니다.,010-2431-5536,male,ko-KR-InJoonNeural,1
phone_00138_female.wav,output/phone_00138_female.wav,전화번호는 공일공 삼팔육육 공공삼공이에요.,010-3866-0030,female,ko-KR-SunHiNeural,1
phone_00139_male.wav,output/phone_00139_male.wav,번호 알려드릴게요. 공일공 칠사공육 일사칠삼입니다.,010-7406-1473,male,ko-KR-InJoonNeural,1
phone_00140_female.wav,output/phone_00140_female.wav,제 전화번호는 공일공 일삼공사 팔칠오육입니다.,010-1304-8756,female,ko-KR-SunHiNeural,1
phone_00141_male.wav,output/phone_00141_male.wav,문의는 공일공 오오육사 팔이공이으로 주세요.,010-5564-8202,male,ko-KR-InJoonNeural,1
phone_00142_female.wav,output/phone_00142_female.wav,전화번호는 공일공 오사오이 칠삼팔이이에요.,010-5452-7382,female,ko-KR-SunHiNeural,1
phone_00143_female.wav,output/phone_00143_female.wav,연락처는 공일공 삼육이팔 팔칠일일입니다.,010-3628-8711,female,ko-KR-SunHiNeural,1
phone_00144_male.wav,output/phone_00144_male.wav,제 번호는 공일공 칠구이구 구팔공삼입니다.,010-7929-9803,male,ko-KR-HyunsuMultilingualNeural,1
phone_00145_female.wav,output/phone_00145_female.wav,번호 알려드릴게요. 공일공 육이공오 일일육이입니다.,010-6205-1162,female,ko-KR-SunHiNeural,1
phone_00146_female.wav,output/phone_00146_female.wav,전화는 공일공 오공팔육 공이육삼으로 주시면 됩니다.,010-5086-0263,female,ko-KR-SunHiNeural,1
phone_00147_female.wav,output/phone_00147_female.wav,휴대폰 번호는 공일공 칠삼구일 사삼팔구입니다.,010-7391-4389,female,ko-KR-SunHiNeural,1
phone_00148_male.wav,output/phone_00148_male.wav,전화는 공일공 오오이일 육삼팔삼으로 주시면 됩니다.,010-5521-6383,male,ko-KR-HyunsuMultilingualNeural,1
phone_00149_female.wav,output/phone_00149_female.wav,전화번호는 공일공 칠이구칠 팔삼구삼이에요.,010-7297-8393,female,ko-KR-SunHiNeural,1
phone_00150_female.wav,output/phone_00150_female.wav,연락 가능 번호는 공일공 공일삼오 오칠팔사입니다.,010-0135-5784,female,ko-KR-SunHiNeural,1
phone_00151_female.wav,output/phone_00151_female.wav,전화번호는 공일공 오칠공오 삼이팔이이에요.,010-5705-3282,female,ko-KR-SunHiNeural,1
phone_00152_male.wav,output/phone_00152_male.wav,휴대폰 번호는 공일공 오일삼공 일팔이칠입니다.,010-5130-1827,male,ko-KR-InJoonNeural,1
phone_00153_male.wav,output/phone_00153_male.wav,전화는 공일공 구사팔육 팔공삼칠으로 주시면 됩니다.,010-9486-8037,male,ko-KR-InJoonNeural,1
phone_00154_male.wav,output/phone_00154_male.wav,연락처는 공일공 육이육공 사삼공삼입니다.,010-6260-4303,male,ko-KR-HyunsuMultilingualNeural,1
phone_00155_male.wav,output/phone_00155_male.wav,제 전화번호는 공일공 팔오이삼 칠일구일입니다.,010-8523-7191,male,ko-KR-HyunsuMultilingualNeural,1
phone_00156_male.wav,output/phone_00156_male.wav,문자 주실 번호는 공일공 일공칠공 공일구일입니다.,010-1070-0191,male,ko-KR-InJoonNeural,1
phone_00157_male.wav,output/phone_00157_male.wav,전화는 공일공 구팔삼칠 삼삼육공으로 주시면 됩니다.,010-9837-3360,male,ko-KR-HyunsuMultilingualNeural,1
phone_00158_male.wav,output/phone_00158_male.wav,문자 주실 번호는 공일공 이이일구 구삼이칠입니다.,010-2219-9327,male,ko-KR-InJoonNeural,1
phone_00159_male.wav,output/phone_00159_male.wav,번호 알려드릴게요. 공일공 삼이오일 칠이칠삼입니다.,010-3251-7273,male,ko-KR-HyunsuMultilingualNeural,1
phone_00160_female.wav,output/phone_00160_female.wav,번호 알려드릴게요. 공일공 구삼구칠 칠공팔일입니다.,010-9397-7081,female,ko-KR-SunHiNeural,1
phone_00161_male.wav,output/phone_00161_male.wav,문자 주실 번호는 공일공 육육삼육 팔일구칠입니다.,010-6636-8197,male,ko-KR-InJoonNeural,1
phone_00162_female.wav,output/phone_00162_female.wav,전화는 공일공 사사팔구 구이오일으로 주시면 됩니다.,010-4489-9251,female,ko-KR-SunHiNeural,1
phone_00163_male.wav,output/phone_00163_male.wav,번호 알려드릴게요. 공일공 팔사팔육 삼오구공입니다.,010-8486-3590,male,ko-KR-InJoonNeural,1
phone_00164_female.wav,output/phone_00164_female.wav,제 전화번호는 공일공 일이구구 칠공구삼입니다.,010-1299-7093,female,ko-KR-SunHiNeural,1
phone_00165_female.wav,output/phone_00165_female.wav,문자 주실 번호는 공일공 사오오이 일일사공입니다.,010-4552-1140,female,ko-KR-SunHiNeural,1
phone_00166_male.wav,output/phone_00166_male.wav,휴대폰 번호는 공일공 사사오이 팔칠공육입니다.,010-4452-8706,male,ko-KR-InJoonNeural,1
phone_00167_female.wav,output/phone_00167_female.wav,휴대폰 번호는 공일공 구육구공 구오오육입니다.,010-9690-9556,female,ko-KR-SunHiNeural,1
phone_00168_female.wav,output/phone_00168_female.wav,제 번호는 공일공 이구삼팔 육칠칠공입니다.,010-2938-6770,female,ko-KR-SunHiNeural,1
phone_00169_female.wav,output/phone_00169_female.wav,연락처는 공일공 삼공칠사 구팔육삼입니다.,010-3074-9863,female,ko-KR-SunHiNeural,1
phone_00170_male.wav,output/phone_00170_male.wav,번호 알려드릴게요. 공일공 사사일팔 팔이오공입니다.,010-4418-8250,male,ko-KR-InJoonNeural,1
phone_00171_male.wav,output/phone_00171_male.wav,연락처는 공일공 육팔오사 일육공오입니다.,010-6854-1605,male,ko-KR-InJoonNeural,1
phone_00172_female.wav,output/phone_00172_female.wav,전화번호는 공일공 이삼칠삼 이공팔일이에요.,010-2373-2081,female,ko-KR-SunHiNeural,1
phone_00173_female.wav,output/phone_00173_female.wav,연락처는 공일공 사이육팔 칠구사사입니다.,010-4268-7944,female,ko-KR-SunHiNeural,1
phone_00174_male.wav,output/phone_00174_male.wav,제 전화번호는 공일공 사이칠사 사이삼이입니다.,010-4274-4232,male,ko-KR-HyunsuMultilingualNeural,1
phone_00175_male.wav,output/phone_00175_male.wav,연락 가능 번호는 공일공 칠오육일 삼사팔사입니다.,010-7561-3484,male,ko-KR-HyunsuMultilingualNeural,1
phone_00176_male.wav,output/phone_00176_male.wav,전화는 공일공 삼육사팔 일삼일오으로 주시면 됩니다.,010-3648-1315,male,ko-KR-HyunsuMultilingualNeural,1
phone_00177_male.wav,output/phone_00177_male.wav,연락처는 공일공 구팔삼오 칠팔사팔입니다.,010-9835-7848,male,ko-KR-HyunsuMultilingualNeural,1
phone_00178_male.wav,output/phone_00178_male.wav,연락처는 공일공 공공사이 구일공이입니다.,010-0042-9102,male,ko-KR-InJoonNeural,1
phone_00179_male.wav,output/phone_00179_male.wav,제 전화번호는 공일공 팔육삼이 일공팔삼입니다.,010-8632-1083,male,ko-KR-HyunsuMultilingualNeural,1
phone_00180_female.wav,output/phone_00180_female.wav,제 전화번호는 공일공 구육사팔 육구칠구입니다.,010-9648-6979,female,ko-KR-SunHiNeural,1
phone_00181_male.wav,output/phone_00181_male.wav,연락 가능 번호는 공일공 공사공칠 오칠삼오입니다.,010-0407-5735,male,ko-KR-HyunsuMultilingualNeural,1
phone_00182_male.wav,output/phone_00182_male.wav,연락 가능 번호는 공일공 공육오오 육이사육입니다.,010-0655-6246,male,ko-KR-InJoonNeural,1
phone_00183_male.wav,output/phone_00183_male.wav,휴대폰 번호는 공일공 이오팔삼 이오오삼입니다.,010-2583-2553,male,ko-KR-InJoonNeural,1
phone_00184_male.wav,output/phone_00184_male.wav,번호 알려드릴게요. 공일공 오팔오오 공칠이팔입니다.,010-5855-0728,male,ko-KR-InJoonNeural,1
phone_00185_male.wav,output/phone_00185_male.wav,전화는 공일공 삼육사일 구사사육으로 주시면 됩니다.,010-3641-9446,male,ko-KR-HyunsuMultilingualNeural,1
phone_00186_male.wav,output/phone_00186_male.wav,문자 주실 번호는 공일공 육삼칠구 이팔공삼입니다.,010-6379-2803,male,ko-KR-InJoonNeural,1
phone_00187_female.wav,output/phone_00187_female.wav,문의는 공일공 이일오삼 삼팔육오으로 주세요.,010-2153-3865,female,ko-KR-SunHiNeural,1
phone_00188_male.wav,output/phone_00188_male.wav,문자 주실 번호는 공일공 팔팔이구 이칠이일입니다.,010-8829-2721,male,ko-KR-HyunsuMultilingualNeural,1
phone_00189_female.wav,output/phone_00189_female.wav,전화번호는 공일공 구이이일 팔오칠육이에요.,010-9221-8576,female,ko-KR-SunHiNeural,1
phone_00190_male.wav,output/phone_00190_male.wav,휴대폰 번호는 공일공 오오팔구 사칠칠삼입니다.,010-5589-4773,male,ko-KR-InJoonNeural,1
phone_00191_female.wav,output/phone_00191_female.wav,제 전화번호는 공일공 육이구팔 칠이일삼입니다.,010-6298-7213,female,ko-KR-SunHiNeural,1
phone_00192_male.wav,output/phone_00192_male.wav,전화번호는 공일공 삼오구일 삼이공삼이에요.,010-3591-3203,male,ko-KR-InJoonNeural,1
phone_00193_male.wav,output/phone_00193_male.wav,전화는 공일공 이사팔공 일공팔팔으로 주시면 됩니다.,010-2480-1088,male,ko-KR-InJoonNeural,1
phone_00194_male.wav,output/phone_00194_male.wav,연락 가능 번호는 공일공 오육이육 육사팔육입니다.,010-5626-6486,male,ko-KR-HyunsuMultilingualNeural,1
phone_00195_female.wav,output/phone_00195_female.wav,문자 주실 번호는 공일공 육팔육칠 일일팔구입니다.,010-6867-1189,female,ko-KR-SunHiNeural,1
phone_00196_female.wav,output/phone_00196_female.wav,연락 가능 번호는 공일공 칠칠칠칠 칠칠구일입니다.,010-7777-7791,female,ko-KR-SunHiNeural,1
phone_00197_female.wav,output/phone_00197_female.wav,문자 주실 번호는 공일공 공칠공사 사구칠삼입니다.,010-0704-4973,female,ko-KR-SunHiNeural,1
phone_00198_male.wav,output/phone_00198_male.wav,문의는 공일공 삼구팔오 일이이육으로 주세요.,010-3985-1226,male,ko-KR-HyunsuMultilingualNeural,1
phone_00199_male.wav,output/phone_00199_male.wav,연락 가능 번호는 공일공 일육육공 육칠팔일입니다.,010-1660-6781,male,ko-KR-HyunsuMultilingualNeural,1
phone_00200_male.wav,output/phone_00200_male.wav,제 전화번호는 공일공 사육팔육 육구오일입니다.,010-4686-6951,male,ko-KR-HyunsuMultilingualNeural,1
phone_00201_female.wav,output/phone_00201_female.wav,연락 가능 번호는 공일공 공삼구이 구칠사삼입니다.,010-0392-9743,female,ko-KR-SunHiNeural,1
phone_00202_male.wav,output/phone_00202_male.wav,문의는 공일공 일오구육 사사오팔으로 주세요.,010-1596-4458,male,ko-KR-HyunsuMultilingualNeural,1
phone_00203_male.wav,output/phone_00203_male.wav,문자 주실 번호는 공일공 일이육팔 공오이오입니다.,010-1268-0525,male,ko-KR-HyunsuMultilingualNeural,1
phone_00204_male.wav,output/phone_00204_male.wav,연락처는 공일공 삼구이오 일사일일입니다.,010-3925-1411,male,ko-KR-InJoonNeural,1
phone_00205_female.wav,output/phone_00205_female.wav,연락처는 공일공 삼육칠팔 오사육오입니다.,010-3678-5465,female,ko-KR-SunHiNeural,1
phone_00206_male.wav,output/phone_00206_male.wav,제 번호는 공일공 팔일구오 육육공팔입니다.,010-8195-6608,male,ko-KR-HyunsuMultilingualNeural,1
phone_00207_male.wav,output/phone_00207_male.wav,전화번호는 공일공 오구이이 일이구사이에요.,010-5922-1294,male,ko-KR-HyunsuMultilingualNeural,1
phone_00208_female.wav,output/phone_00208_female.wav,연락 가능 번호는 공일공 칠팔공칠 팔공삼일입니다.,010-7807-8031,female,ko-KR-SunHiNeural,1
phone_00209_male.wav,output/phone_00209_male.wav,연락처는 공일공 공사오구 사팔오이입니다.,010-0459-4852,male,ko-KR-InJoonNeural,1
phone_00210_male.wav,output/phone_00210_male.wav,휴대폰 번호는 공일공 사구일칠 육오오육입니다.,010-4917-6556,male,ko-KR-HyunsuMultilingualNeural,1
phone_00211_male.wav,output/phone_00211_male.wav,전화는 공일공 삼오구사 팔사이공으로 주시면 됩니다.,010-3594-8420,male,ko-KR-InJoonNeural,1
phone_00212_female.wav,output/phone_00212_female.wav,문자 주실 번호는 공일공 오이사사 팔칠삼일입니다.,010-5244-8731,female,ko-KR-SunHiNeural,1
phone_00213_female.wav,output/phone_00213_female.wav,제 전화번호는 공일공 이구사삼 삼오오구입니다.,010-2943-3559,female,ko-KR-SunHiNeural,1
phone_00214_male.wav,output/phone_00214_male.wav,연락처는 공일공 일팔구이 팔육공칠입니다.,010-1892-8607,male,ko-KR-HyunsuMultilingualNeural,1
phone_00215_male.wav,output/phone_00215_male.wav,연락처는 공일공 삼공팔삼 육사삼일입니다.,010-3083-6431,male,ko-KR-HyunsuMultilingualNeural,1
phone_00216_female.wav,output/phone_00216_female.wav,번호 알려드릴게요. 공일공 삼사공팔 칠칠이삼입니다.,010-3408-7723,female,ko-KR-SunHiNeural,1
phone_00217_female.wav,output/phone_00217_female.wav,번호 알려드릴게요. 공일공 칠이사삼 육육이칠입니다.,010-7243-6627,female,ko-KR-SunHiNeural,1
phone_00218_female.wav,output/phone_00218_female.wav,연락처는 공일공 이육칠구 육육공팔입니다.,010-2679-6608,female,ko-KR-SunHiNeural,1
phone_00219_male.wav,output/phone_00219_male.wav,제 전화번호는 공일공 이구육오 일구일칠입니다.,010-2965-1917,male,ko-KR-HyunsuMultilingualNeural,1
phone_00220_female.wav,output/phone_00220_female.wav,제 전화번호는 공일공 일삼공구 오육삼삼입니다.,010-1309-5633,female,ko-KR-SunHiNeural,1
phone_00221_male.wav,output/phone_00221_male.wav,제 전화번호는 공일공 삼오오칠 사오오일입니다.,010-3557-4551,male,ko-KR-InJoonNeural,1
phone_00222_female.wav,output/phone_00222_female.wav,연락 가능 번호는 공일공 오육팔사 이칠팔사입니다.,010-5684-2784,female,ko-KR-SunHiNeural,1
phone_00223_male.wav,output/phone_00223_male.wav,휴대폰 번호는 공일공 공일구칠 사이구육입니다.,010-0197-4296,male,ko-KR-HyunsuMultilingualNeural,1
phone_00224_male.wav,output/phone_00224_male.wav,제 번호는 공일공 이공일사 삼이삼이입니다.,010-2014-3232,male,ko-KR-InJoonNeural,1
phone_00225_female.wav,output/phone_00225_female.wav,전화는 공일공 삼공일칠 구육이이으로 주시면 됩니다.,010-3017-9622,female,ko-KR-SunHiNeural,1
phone_00226_male.wav,output/phone_00226_male.wav,연락 가능 번호는 공일공 육오육삼 오일구팔입니다.,010-6563-5198,male,ko-KR-InJoonNeural,1
phone_00227_female.wav,output/phone_00227_female.wav,전화번호는 공일공 육일공팔 오일구사이에요.,010-6108-5194,female,ko-KR-SunHiNeural,1
phone_00228_female.wav,output/phone_00228_female.wav,문의는 공일공 공구팔육 삼팔칠사으로 주세요.,010-0986-3874,female,ko-KR-SunHiNeural,1
phone_00229_male.wav,output/phone_00229_male.wav,휴대폰 번호는 공일공 이팔오사 구육팔오입니다.,010-2854-9685,male,ko-KR-HyunsuMultilingualNeural,1
phone_00230_male.wav,output/phone_00230_male.wav,문자 주실 번호는 공일공 공오일삼 팔이일일입니다.,010-0513-8211,male,ko-KR-InJoonNeural,1
phone_00231_male.wav,output/phone_00231_male.wav,제 번호는 공일공 오공일칠 사공칠삼입니다.,010-5017-4073,male,ko-KR-HyunsuMultilingualNeural,1
phone_00232_male.wav,output/phone_00232_male.wav,연락 가능 번호는 공일공 삼이육오 구육구일입니다.,010-3265-9691,male,ko-KR-InJoonNeural,1
phone_00233_female.wav,output/phone_00233_female.wav,제 번호는 공일공 구구공구 구이일칠입니다.,010-9909-9217,female,ko-KR-SunHiNeural,1
phone_00234_female.wav,output/phone_00234_female.wav,문의는 공일공 팔공공구 칠공육삼으로 주세요.,010-8009-7063,female,ko-KR-SunHiNeural,1
phone_00235_male.wav,output/phone_00235_male.wav,문자 주실 번호는 공일공 일공공구 오구삼구입니다.,010-1009-5939,male,ko-KR-HyunsuMultilingualNeural,1
phone_00236_male.wav,output/phone_00236_male.wav,연락 가능 번호는 공일공 팔일구칠 사이팔공입니다.,010-8197-4280,male,ko-KR-InJoonNeural,1
phone_00237_male.wav,output/phone_00237_male.wav,제 전화번호는 공일공 이이공사 공구일구입니다.,010-2204-0919,male,ko-KR-InJoonNeural,1
phone_00238_female.wav,output/phone_00238_female.wav,문의는 공일공 사팔사공 오공구구으로 주세요.,010-4840-5099,female,ko-KR-SunHiNeural,1
phone_00239_male.wav,output/phone_00239_male.wav,문의는 공일공 일삼삼칠 구칠칠사으로 주세요.,010-1337-9774,male,ko-KR-InJoonNeural,1
phone_00240_male.wav,output/phone_00240_male.wav,전화번호는 공일공 구일육삼 일일오삼이에요.,010-9163-1153,male,ko-KR-HyunsuMultilingualNeural,1
phone_00241_male.wav,output/phone_00241_male.wav,제 전화번호는 공일공 구일오사 구이팔구입니다.,010-9154-9289,male,ko-KR-HyunsuMultilingualNeural,1
phone_00242_male.wav,output/phone_00242_male.wav,제 전화번호는 공일공 삼오공칠 삼육오구입니다.,010-3507-3659,male,ko-KR-InJoonNeural,1
phone_00243_female.wav,output/phone_00243_female.wav,번호 알려드릴게요. 공일공 일팔팔구 이사칠사입니다.,010-1889-2474,female,ko-KR-SunHiNeural,1
phone_00244_male.wav,output/phone_00244_male.wav,제 번호는 공일공 육팔삼이 삼팔오이입니다.,010-6832-3852,male,ko-KR-HyunsuMultilingualNeural,1
phone_00245_male.wav,output/phone_00245_male.wav,휴대폰 번호는 공일공 공구구사 사구삼팔입니다.,010-0994-4938,male,ko-KR-InJoonNeural,1
phone_00246_female.wav,output/phone_00246_female.wav,제 전화번호는 공일공 구공오구 사칠사일입니다.,010-9059-4741,female,ko-KR-SunHiNeural,1
phone_00247_female.wav,output/phone_00247_female.wav,전화번호는 공일공 칠일공칠 사구팔이이에요.,010-7107-4982,female,ko-KR-SunHiNeural,1
phone_00248_male.wav,output/phone_00248_male.wav,번호 알려드릴게요. 공일공 칠팔팔오 오삼일일입니다.,010-7885-5311,male,ko-KR-HyunsuMultilingualNeural,1
phone_00249_male.wav,output/phone_00249_male.wav,문자 주실 번호는 공일공 오이칠육 공삼구이입니다.,010-5276-0392,male,ko-KR-HyunsuMultilingualNeural,1
phone_00250_female.wav,output/phone_00250_female.wav,연락처는 공일공 공사일오 오일일구입니다.,010-0415-5119,female,ko-KR-SunHiNeural,1
phone_00251_male.wav,output/phone_00251_male.wav,문의는 공일공 구사육사 팔오오공으로 주세요.,010-9464-8550,male,ko-KR-HyunsuMultilingualNeural,1
phone_00252_male.wav,output/phone_00252_male.wav,번호 알려드릴게요. 공일공 팔공육삼 일팔구팔입니다.,010-8063-1898,male,ko-KR-HyunsuMultilingualNeural,1
phone_00253_female.wav,output/phone_00253_female.wav,문의는 공일공 사팔이칠 사삼공이으로 주세요.,010-4827-4302,female,ko-KR-SunHiNeural,1
phone_00254_male.wav,output/phone_00254_male.wav,문자 주실 번호는 공일공 오사이사 오팔오팔입니다.,010-5424-5858,male,ko-KR-HyunsuMultilingualNeural,1
phone_00255_female.wav,output/phone_00255_female.wav,연락처는 공일공 삼팔공이 칠팔구삼입니다.,010-3802-7893,female,ko-KR-SunHiNeural,1
phone_00256_male.wav,output/phone_00256_male.wav,전화는 공일공 삼오이일 공육칠육으로 주시면 됩니다.,010-3521-0676,male,ko-KR-InJoonNeural,1
phone_00257_female.wav,output/phone_00257_female.wav,번호 알려드릴게요. 공일공 삼팔이구 칠공오이입니다.,010-3829-7052,female,ko-KR-SunHiNeural,1
phone_00258_male.wav,output/phone_00258_male.wav,제 번호는 공일공 이팔육일 구육오팔입니다.,010-2861-9658,male,ko-KR-InJoonNeural,1
phone_00259_male.wav,output/phone_00259_male.wav,제 전화번호는 공일공 이일삼오 이이삼오입니다.,010-2135-2235,male,ko-KR-InJoonNeural,1
phone_00260_male.wav,output/phone_00260_male.wav,전화는 공일공 구일이육 사구삼공으로 주시면 됩니다.,010-9126-4930,male,ko-KR-InJoonNeural,1
phone_00261_female.wav,output/phone_00261_female.wav,휴대폰 번호는 공일공 사이팔공 육육사칠입니다.,010-4280-6647,female,ko-KR-SunHiNeural,1
phone_00262_male.wav,output/phone_00262_male.wav,제 번호는 공일공 사칠오이 일육일육입니다.,010-4752-1616,male,ko-KR-HyunsuMultilingualNeural,1
phone_00263_male.wav,output/phone_00263_male.wav,번호 알려드릴게요. 공일공 오사오공 육칠사육입니다.,010-5450-6746,male,ko-KR-HyunsuMultilingualNeural,1
phone_00264_male.wav,output/phone_00264_male.wav,휴대폰 번호는 공일공 육일삼사 육육구이입니다.,010-6134-6692,male,ko-KR-HyunsuMultilingualNeural,1
phone_00265_female.wav,output/phone_00265_female.wav,제 전화번호는 공일공 일오칠오 일일삼일입니다.,010-1575-1131,female,ko-KR-SunHiNeural,1
phone_00266_male.wav,output/phone_00266_male.wav,연락처는 공일공 일칠칠팔 팔칠오팔입니다.,010-1778-8758,male,ko-KR-HyunsuMultilingualNeural,1
phone_00267_female.wav,output/phone_00267_female.wav,문의는 공일공 육사이공 사이팔육으로 주세요.,010-6420-4286,female,ko-KR-SunHiNeural,1
phone_00268_female.wav,output/phone_00268_female.wav,연락처는 공일공 육삼구이 삼팔공이입니다.,010-6392-3802,female,ko-KR-SunHiNeural,1
phone_00269_female.wav,output/phone_00269_female.wav,전화번호는 공일공 칠이육삼 사사이오이에요.,010-7263-4425,female,ko-KR-SunHiNeural,1
phone_00270_male.wav,output/phone_00270_male.wav,제 번호는 공일공 육사구삼 삼오칠공입니다.,010-6493-3570,male,ko-KR-HyunsuMultilingualNeural,1
phone_00271_male.wav,output/phone_00271_male.wav,휴대폰 번호는 공일공 칠공사사 사사사삼입니다.,010-7044-4443,male,ko-KR-InJoonNeural,1
phone_00272_male.wav,output/phone_00272_male.wav,번호 알려드릴게요. 공일공 일이일오 공구일칠입니다.,010-1215-0917,male,ko-KR-InJoonNeural,1
phone_00273_male.wav,output/phone_00273_male.wav,전화번호는 공일공 오사사삼 칠구사육이에요.,010-5443-7946,male,ko-KR-HyunsuMultilingualNeural,1
phone_00274_male.wav,output/phone_00274_male.wav,연락처는 공일공 칠팔이팔 구삼육팔입니다.,010-7828-9368,male,ko-KR-HyunsuMultilingualNeural,1
phone_00275_male.wav,output/phone_00275_male.wav,연락 가능 번호는 공일공 사공칠사 칠삼칠구입니다.,010-4074-7379,male,ko-KR-InJoonNeural,1
phone_00276_male.wav,output/phone_00276_male.wav,번호 알려드릴게요. 공일공 공일이사 구이육칠입니다.,010-0124-9267,male,ko-KR-HyunsuMultilingualNeural,1
phone_00277_male.wav,output/phone_00277_male.wav,문자 주실 번호는 공일공 사이오이 이공이일입니다.,010-4252-2021,male,ko-KR-HyunsuMultilingualNeural,1
phone_00278_male.wav,output/phone_00278_male.wav,연락 가능 번호는 공일공 사공공공 삼팔구이입니다.,010-4000-3892,male,ko-KR-HyunsuMultilingualNeural,1
phone_00279_male.wav,output/phone_00279_male.wav,문자 주실 번호는 공일공 구공일칠 오칠삼구입니다.,010-9017-5739,male,ko-KR-HyunsuMultilingualNeural,1
phone_00280_male.wav,output/phone_00280_male.wav,전화번호는 공일공 사칠팔칠 삼이칠팔이에요.,010-4787-3278,male,ko-KR-HyunsuMultilingualNeural,1
phone_00281_male.wav,output/phone_00281_male.wav,문의는 공일공 이공삼이 육공육팔으로 주세요.,010-2032-6068,male,ko-KR-HyunsuMultilingualNeural,1
phone_00282_female.wav,output/phone_00282_female.wav,전화는 공일공 육칠오육 오오오오으로 주시면 됩니다.,010-6756-5555,female,ko-KR-SunHiNeural,1
phone_00283_female.wav,output/phone_00283_female.wav,연락 가능 번호는 공일공 칠오오이 육이구사입니다.,010-7552-6294,female,ko-KR-SunHiNeural,1
phone_00284_male.wav,output/phone_00284_male.wav,문자 주실 번호는 공일공 일공육일 팔공사공입니다.,010-1061-8040,male,ko-KR-HyunsuMultilingualNeural,1
phone_00285_female.wav,output/phone_00285_female.wav,문자 주실 번호는 공일공 공삼사삼 이공육오입니다.,010-0343-2065,female,ko-KR-SunHiNeural,1
phone_00286_male.wav,output/phone_00286_male.wav,번호 알려드릴게요. 공일공 사공팔삼 칠칠팔칠입니다.,010-4083-7787,male,ko-KR-InJoonNeural,1
phone_00287_male.wav,output/phone_00287_male.wav,문의는 공일공 구일삼삼 삼일공이으로 주세요.,010-9133-3102,male,ko-KR-HyunsuMultilingualNeural,1
phone_00288_female.wav,output/phone_00288_female.wav,문의는 공일공 이일칠일 구칠칠오으로 주세요.,010-2171-9775,female,ko-KR-SunHiNeural,1
phone_00289_male.wav,output/phone_00289_male.wav,제 전화번호는 공일공 삼공오팔 칠팔칠공입니다.,010-3058-7870,male,ko-KR-InJoonNeural,1
phone_00290_male.wav,output/phone_00290_male.wav,전화는 공일공 팔팔오육 일이구이으로 주시면 됩니다.,010-8856-1292,male,ko-KR-HyunsuMultilingualNeural,1
phone_00291_female.wav,output/phone_00291_female.wav,제 전화번호는 공일공 육육육삼 일공오오입니다.,010-6663-1055,female,ko-KR-SunHiNeural,1
phone_00292_male.wav,output/phone_00292_male.wav,제 번호는 공일공 이오이구 오일오이입니다.,010-2529-5152,male,ko-KR-HyunsuMultilingualNeural,1
phone_00293_male.wav,output/phone_00293_male.wav,제 번호는 공일공 칠삼오일 공오팔사입니다.,010-7351-0584,male,ko-KR-InJoonNeural,1
phone_00294_male.wav,output/phone_00294_male.wav,전화번호는 공일공 공공일오 칠육사육이에요.,010-0015-7646,male,ko-KR-HyunsuMultilingualNeural,1
phone_00295_male.wav,output/phone_00295_male.wav,전화는 공일공 칠오오사 공팔구일으로 주시면 됩니다.,010-7554-0891,male,ko-KR-InJoonNeural,1
phone_00296_male.wav,output/phone_00296_male.wav,휴대폰 번호는 공일공 사구구육 공공육이입니다.,010-4996-0062,male,ko-KR-InJoonNeural,1
phone_00297_male.wav,output/phone_00297_male.wav,휴대폰 번호는 공일공 사사일오 일칠사오입니다.,010-4415-1745,male,ko-KR-InJoonNeural,1
phone_00298_female.wav,output/phone_00298_female.wav,연락처는 공일공 일칠칠이 육일공오입니다.,010-1772-6105,female,ko-KR-SunHiNeural,1
phone_00299_male.wav,output/phone_00299_male.wav,문의는 공일공 칠삼구칠 사육육오으로 주세요.,010-7397-4665,male,ko-KR-HyunsuMultilingualNeural,1
phone_00300_male.wav,output/phone_00300_male.wav,제 전화번호는 공일공 팔칠칠사 이공삼육입니다.,010-8774-2036,male,ko-KR-HyunsuMultilingualNeural,1
phone_00301_male.wav,output/phone_00301_male.wav,문자 주실 번호는 공일공 육팔사오 오일일팔입니다.,010-6845-5118,male,ko-KR-HyunsuMultilingualNeural,1
phone_00302_male.wav,output/phone_00302_male.wav,연락처는 공일공 이일이사 오삼육오입니다.,010-2124-5365,male,ko-KR-HyunsuMultilingualNeural,1
phone_00303_male.wav,output/phone_00303_male.wav,연락 가능 번호는 공일공 구사팔칠 삼일칠구입니다.,010-9487-3179,male,ko-KR-InJoonNeural,1
phone_00304_male.wav,output/phone_00304_male.wav,제 전화번호는 공일공 이사구오 일구육육입니다.,010-2495-1966,male,ko-KR-HyunsuMultilingualNeural,1
phone_00305_male.wav,output/phone_00305_male.wav,휴대폰 번호는 공일공 삼공구칠 공육육육입니다.,010-3097-0666,male,ko-KR-InJoonNeural,1
phone_00306_male.wav,output/phone_00306_male.wav,전화는 공일공 공공육팔 오일칠삼으로 주시면 됩니다.,010-0068-5173,male,ko-KR-HyunsuMultilingualNeural,1
phone_00307_male.wav,output/phone_00307_male.wav,전화는 공일공 오육구칠 일칠삼오으로 주시면 됩니다.,010-5697-1735,male,ko-KR-InJoonNeural,1
phone_00308_male.wav,output/phone_00308_male.wav,연락 가능 번호는 공일공 육육구이 오사팔공입니다.,010-6692-5480,male,ko-KR-HyunsuMultilingualNeural,1
phone_00309_male.wav,output/phone_00309_male.wav,제 전화번호는 공일공 이오오삼 육일삼삼입니다.,010-2553-6133,male,ko-KR-HyunsuMultilingualNeural,1
phone_00310_male.wav,output/phone_00310_male.wav,연락처는 공일공 구이일일 일삼육삼입니다.,010-9211-1363,male,ko-KR-HyunsuMultilingualNeural,1
phone_00311_male.wav,output/phone_00311_male.wav,휴대폰 번호는 공일공 일팔일육 팔칠사사입니다.,010-1816-8744,male,ko-KR-InJoonNeural,1
phone_00312_male.wav,output/phone_00312_male.wav,제 전화번호는 공일공 일팔육삼 구오일칠입니다.,010-1863-9517,male,ko-KR-InJoonNeural,1
phone_00313_male.wav,output/phone_00313_male.wav,문의는 공일공 팔일사이 사사이육으로 주세요.,010-8142-4426,male,ko-KR-InJoonNeural,1
phone_00314_female.wav,output/phone_00314_female.wav,문자 주실 번호는 공일공 일삼칠일 사일공이입니다.,010-1371-4102,female,ko-KR-SunHiNeural,1
phone_00315_male.wav,output/phone_00315_male.wav,번호 알려드릴게요. 공일공 공칠삼이 구일이공입니다.,010-0732-9120,male,ko-KR-InJoonNeural,1
phone_00316_female.wav,output/phone_00316_female.wav,전화번호는 공일공 칠삼일육 구오팔이이에요.,010-7316-9582,female,ko-KR-SunHiNeural,1
phone_00317_female.wav,output/phone_00317_female.wav,연락처는 공일공 일사일삼 삼칠오사입니다.,010-1413-3754,female,ko-KR-SunHiNeural,1
phone_00318_female.wav,output/phone_00318_female.wav,휴대폰 번호는 공일공 사일육오 육삼칠육입니다.,010-4165-6376,female,ko-KR-SunHiNeural,1
phone_00319_male.wav,output/phone_00319_male.wav,문의는 공일공 이사삼육 이칠칠오으로 주세요.,010-2436-2775,male,ko-KR-HyunsuMultilingualNeural,1
phone_00320_male.wav,output/phone_00320_male.wav,제 전화번호는 공일공 공일오일 삼일일팔입니다.,010-0151-3118,male,ko-KR-HyunsuMultilingualNeural,1
phone_00321_female.wav,output/phone_00321_female.wav,문의는 공일공 공구공팔 칠구팔오으로 주세요.,010-0908-7985,female,ko-KR-SunHiNeural,1
phone_00322_male.wav,output/phone_00322_male.wav,전화번호는 공일공 이공육구 칠오사구이에요.,010-2069-7549,male,ko-KR-InJoonNeural,1
phone_00323_male.wav,output/phone_00323_male.wav,휴대폰 번호는 공일공 사공공구 칠육사삼입니다.,010-4009-7643,male,ko-KR-HyunsuMultilingualNeural,1
phone_00324_male.wav,output/phone_00324_male.wav,문의는 공일공 육일사육 팔칠팔육으로 주세요.,010-6146-8786,male,ko-KR-HyunsuMultilingualNeural,1
phone_00325_male.wav,output/phone_00325_male.wav,문자 주실 번호는 공일공 오사사이 육공오사입니다.,010-5442-6054,male,ko-KR-InJoonNeural,1
phone_00326_male.wav,output/phone_00326_male.wav,제 전화번호는 공일공 칠구공공 이공칠이입니다.,010-7900-2072,male,ko-KR-HyunsuMultilingualNeural,1
phone_00327_male.wav,output/phone_00327_male.wav,문자 주실 번호는 공일공 일구칠이 육공칠오입니다.,010-1972-6075,male,ko-KR-HyunsuMultilingualNeural,1
phone_00328_male.wav,output/phone_00328_male.wav,연락 가능 번호는 공일공 공공칠육 일오삼공입니다.,010-0076-1530,male,ko-KR-InJoonNeural,1
phone_00329_male.wav,output/phone_00329_male.wav,제 전화번호는 공일공 이육구팔 육팔오칠입니다.,010-2698-6857,male,ko-KR-HyunsuMultilingualNeural,1
phone_00330_female.wav,output/phone_00330_female.wav,휴대폰 번호는 공일공 공일칠구 사공이칠입니다.,010-0179-4027,female,ko-KR-SunHiNeural,1
phone_00331_female.wav,output/phone_00331_female.wav,휴대폰 번호는 공일공 팔구삼삼 오칠일오입니다.,010-8933-5715,female,ko-KR-SunHiNeural,1
phone_00332_male.wav,output/phone_00332_male.wav,전화는 공일공 이이삼공 칠사구육으로 주시면 됩니다.,010-2230-7496,male,ko-KR-HyunsuMultilingualNeural,1
phone_00333_male.wav,output/phone_00333_male.wav,연락처는 공일공 삼오오일 삼공공육입니다.,010-3551-3006,male,ko-KR-InJoonNeural,1
phone_00334_female.wav,output/phone_00334_female.wav,번호 알려드릴게요. 공일공 공구구공 이공사삼입니다.,010-0990-2043,female,ko-KR-SunHiNeural,1
phone_00335_male.wav,output/phone_00335_male.wav,휴대폰 번호는 공일공 칠팔팔팔 일사구삼입니다.,010-7888-1493,male,ko-KR-HyunsuMultilingualNeural,1
phone_00336_female.wav,output/phone_00336_female.wav,제 번호는 공일공 오육이육 육오일이입니다.,010-5626-6512,female,ko-KR-SunHiNeural,1
phone_00337_male.wav,output/phone_00337_male.wav,제 번호는 공일공 팔육이삼 일사칠일입니다.,010-8623-1471,male,ko-KR-HyunsuMultilingualNeural,1
phone_00338_female.wav,output/phone_00338_female.wav,번호 알려드릴게요. 공일공 사삼공구 삼오이팔입니다.,010-4309-3528,female,ko-KR-SunHiNeural,1
phone_00339_female.wav,output/phone_00339_female.wav,전화번호는 공일공 사육칠사 이사육오이에요.,010-4674-2465,female,ko-KR-SunHiNeural,1
phone_00340_male.wav,output/phone_00340_male.wav,번호 알려드릴게요. 공일공 공팔팔이 삼팔팔삼입니다.,010-0882-3883,male,ko-KR-HyunsuMultilingualNeural,1
phone_00341_male.wav,output/phone_00341_male.wav,휴대폰 번호는 공일공 구육육팔 사공구공입니다.,010-9668-4090,male,ko-KR-InJoonNeural,1
phone_00342_female.wav,output/phone_00342_female.wav,연락처는 공일공 일사이칠 육육오칠입니다.,010-1427-6657,female,ko-KR-SunHiNeural,1
phone_00343_female.wav,output/phone_00343_female.wav,제 번호는 공일공 오육오삼 사사공구입니다.,010-5653-4409,female,ko-KR-SunHiNeural,1
phone_00344_female.wav,output/phone_00344_female.wav,문자 주실 번호는 공일공 이이이일 공일사이입니다.,010-2221-0142,female,ko-KR-SunHiNeural,1
phone_00345_male.wav,output/phone_00345_male.wav,휴대폰 번호는 공일공 팔공육구 삼구육팔입니다.,010-8069-3968,male,ko-KR-HyunsuMultilingualNeural,1
phone_00346_male.wav,output/phone_00346_male.wav,번호 알려드릴게요. 공일공 오사이팔 오육일팔입니다.,010-5428-5618,male,ko-KR-HyunsuMultilingualNeural,1
phone_00347_female.wav,output/phone_00347_female.wav,연락처는 공일공 사오이이 삼오육이입니다.,010-4522-3562,female,ko-KR-SunHiNeural,1
phone_00348_female.wav,output/phone_00348_female.wav,문의는 공일공 일사일칠 이사육구으로 주세요.,010-1417-2469,female,ko-KR-SunHiNeural,1
phone_00349_male.wav,output/phone_00349_male.wav,번호 알려드릴게요. 공일공 구일육팔 팔일팔이입니다.,010-9168-8182,male,ko-KR-InJoonNeural,1
phone_00350_male.wav,output/phone_00350_male.wav,휴대폰 번호는 공일공 공구육육 삼칠육육입니다.,010-0966-3766,male,ko-KR-InJoonNeural,1
phone_00351_male.wav,output/phone_00351_male.wav,번호 알려드릴게요. 공일공 오사칠오 삼팔일팔입니다.,010-5475-3818,male,ko-KR-HyunsuMultilingualNeural,1
phone_00352_female.wav,output/phone_00352_female.wav,연락처는 공일공 팔구구육 육육사공입니다.,010-8996-6640,female,ko-KR-SunHiNeural,1
phone_00353_male.wav,output/phone_00353_male.wav,문자 주실 번호는 공일공 육사삼일 이팔육일입니다.,010-6431-2861,male,ko-KR-HyunsuMultilingualNeural,1
phone_00354_male.wav,output/phone_00354_male.wav,번호 알려드릴게요. 공일공 공삼사팔 구삼일오입니다.,010-0348-9315,male,ko-KR-InJoonNeural,1
phone_00355_male.wav,output/phone_00355_male.wav,전화는 공일공 공삼사구 삼공오육으로 주시면 됩니다.,010-0349-3056,male,ko-KR-InJoonNeural,1
phone_00356_male.wav,output/phone_00356_male.wav,전화는 공일공 칠삼팔칠 팔이이오으로 주시면 됩니다.,010-7387-8225,male,ko-KR-InJoonNeural,1
phone_00357_female.wav,output/phone_00357_female.wav,번호 알려드릴게요. 공일공 오팔사오 공일팔삼입니다.,010-5845-0183,female,ko-KR-SunHiNeural,1
phone_00358_male.wav,output/phone_00358_male.wav,연락 가능 번호는 공일공 팔오팔사 공사오공입니다.,010-8584-0450,male,ko-KR-InJoonNeural,1
phone_00359_male.wav,output/phone_00359_male.wav,전화번호는 공일공 칠팔육이 칠팔일사이에요.,010-7862-7814,male,ko-KR-HyunsuMultilingualNeural,1
phone_00360_female.wav,output/phone_00360_female.wav,전화번호는 공일공 사칠일칠 삼오팔오이에요.,010-4717-3585,female,ko-KR-SunHiNeural,1
phone_00361_male.wav,output/phone_00361_male.wav,연락처는 공일공 공팔육오 삼일육일입니다.,010-0865-3161,male,ko-KR-HyunsuMultilingualNeural,1
phone_00362_male.wav,output/phone_00362_male.wav,전화번호는 공일공 삼팔일구 이팔공칠이에요.,010-3819-2807,male,ko-KR-HyunsuMultilingualNeural,1
phone_00363_male.wav,output/phone_00363_male.wav,문자 주실 번호는 공일공 일구칠칠 이오이공입니다.,010-1977-2520,male,ko-KR-HyunsuMultilingualNeural,1
phone_00364_male.wav,output/phone_00364_male.wav,제 번호는 공일공 육육삼삼 오일사육입니다.,010-6633-5146,male,ko-KR-InJoonNeural,1
phone_00365_male.wav,output/phone_00365_male.wav,연락처는 공일공 공구오구 이팔구육입니다.,010-0959-2896,male,ko-KR-HyunsuMultilingualNeural,1
phone_00366_male.wav,output/phone_00366_male.wav,연락 가능 번호는 공일공 삼사이이 팔육칠오입니다.,010-3422-8675,male,ko-KR-InJoonNeural,1
phone_00367_male.wav,output/phone_00367_male.wav,문자 주실 번호는 공일공 삼칠공육 팔공칠칠입니다.,010-3706-8077,male,ko-KR-InJoonNeural,1
phone_00368_male.wav,output/phone_00368_male.wav,연락처는 공일공 오삼육삼 칠공사구입니다.,010-5363-7049,male,ko-KR-HyunsuMultilingualNeural,1
phone_00369_male.wav,output/phone_00369_male.wav,문자 주실 번호는 공일공 오일육오 오오칠구입니다.,010-5165-5579,male,ko-KR-HyunsuMultilingualNeural,1
phone_00370_male.wav,output/phone_00370_male.wav,제 번호는 공일공 육사칠공 육구구삼입니다.,010-6470-6993,male,ko-KR-HyunsuMultilingualNeural,1
phone_00371_male.wav,output/phone_00371_male.wav,제 번호는 공일공 이이팔팔 칠일육이입니다.,010-2288-7162,male,ko-KR-HyunsuMultilingualNeural,1
phone_00372_male.wav,output/phone_00372_male.wav,문의는 공일공 공육공사 공구삼육으로 주세요.,010-0604-0936,male,ko-KR-HyunsuMultilingualNeural,1
phone_00373_male.wav,output/phone_00373_male.wav,문자 주실 번호는 공일공 오사팔이 삼팔팔삼입니다.,010-5482-3883,male,ko-KR-InJoonNeural,1
phone_00374_male.wav,output/phone_00374_male.wav,제 전화번호는 공일공 삼육구공 육오공공입니다.,010-3690-6500,male,ko-KR-HyunsuMultilingualNeural,1
phone_00375_male.wav,output/phone_00375_male.wav,휴대폰 번호는 공일공 칠구팔구 이공이사입니다.,010-7989-2024,male,ko-KR-InJoonNeural,1
phone_00376_male.wav,output/phone_00376_male.wav,문의는 공일공 육구구팔 오사사일으로 주세요.,010-6998-5441,male,ko-KR-InJoonNeural,1
phone_00377_male.wav,output/phone_00377_male.wav,전화번호는 공일공 칠사오칠 구오팔육이에요.,010-7457-9586,male,ko-KR-HyunsuMultilingualNeural,1
phone_00378_male.wav,output/phone_00378_male.wav,문자 주실 번호는 공일공 공공구사 일일공이입니다.,010-0094-1102,male,ko-KR-InJoonNeural,1
phone_00379_male.wav,output/phone_00379_male.wav,전화번호는 공일공 삼이팔오 공칠공구이에요.,010-3285-0709,male,ko-KR-InJoonNeural,1
phone_00380_female.wav,output/phone_00380_female.wav,제 전화번호는 공일공 일오구칠 사칠육공입니다.,010-1597-4760,female,ko-KR-SunHiNeural,1
phone_00381_male.wav,output/phone_00381_male.wav,연락 가능 번호는 공일공 구사팔삼 사일일삼입니다.,010-9483-4113,male,ko-KR-HyunsuMultilingualNeural,1
phone_00382_male.wav,output/phone_00382_male.wav,전화번호는 공일공 칠팔공구 삼사구공이에요.,010-7809-3490,male,ko-KR-HyunsuMultilingualNeural,1
phone_00383_male.wav,output/phone_00383_male.wav,문자 주실 번호는 공일공 칠칠팔이 칠오이이입니다.,010-7782-7522,male,ko-KR-HyunsuMultilingualNeural,1
phone_00384_male.wav,output/phone_00384_male.wav,연락처는 공일공 오일팔일 육구팔이입니다.,010-5181-6982,male,ko-KR-InJoonNeural,1
phone_00385_male.wav,output/phone_00385_male.wav,제 번호는 공일공 팔삼구칠 구일팔이입니다.,010-8397-9182,male,ko-KR-HyunsuMultilingualNeural,1
phone_00386_male.wav,output/phone_00386_male.wav,전화번호는 공일공 팔사육사 오칠오칠이에요.,010-8464-5757,male,ko-KR-HyunsuMultilingualNeural,1
phone_00387_female.wav,output/phone_00387_female.wav,제 번호는 공일공 팔칠이이 칠구이일입니다.,010-8722-7921,female,ko-KR-SunHiNeural,1
phone_00388_male.wav,output/phone_00388_male.wav,제 전화번호는 공일공 일오공사 공삼삼구입니다.,010-1504-0339,male,ko-KR-InJoonNeural,1
phone_00389_male.wav,output/phone_00389_male.wav,번호 알려드릴게요. 공일공 사육사오 팔삼구오입니다.,010-4645-8395,male,ko-KR-InJoonNeural,1
phone_00390_female.wav,output/phone_00390_female.wav,번호 알려드릴게요. 공일공 오육오공 이팔오공입니다.,010-5650-2850,female,ko-KR-SunHiNeural,1
phone_00391_female.wav,output/phone_00391_female.wav,전화는 공일공 공구칠오 육일공이으로 주시면 됩니다.,010-0975-6102,female,ko-KR-SunHiNeural,1
phone_00392_female.wav,output/phone_00392_female.wav,제 전화번호는 공일공 사구육구 일오삼팔입니다.,010-4969-1538,female,ko-KR-SunHiNeural,1
phone_00393_male.wav,output/phone_00393_male.wav,휴대폰 번호는 공일공 사구사오 이팔육칠입니다.,010-4945-2867,male,ko-KR-InJoonNeural,1
phone_00394_female.wav,output/phone_00394_female.wav,연락 가능 번호는 공일공 삼오오사 팔팔이팔입니다.,010-3554-8828,female,ko-KR-SunHiNeural,1
phone_00395_male.wav,output/phone_00395_male.wav,제 전화번호는 공일공 일공오사 팔구칠사입니다.,010-1054-8974,male,ko-KR-InJoonNeural,1
phone_00396_male.wav,output/phone_00396_male.wav,연락 가능 번호는 공일공 이일삼구 팔이사칠입니다.,010-2139-8247,male,ko-KR-InJoonNeural,1
phone_00397_female.wav,output/phone_00397_female.wav,전화번호는 공일공 칠구구구 삼삼이오이에요.,010-7999-3325,female,ko-KR-SunHiNeural,1
phone_00398_male.wav,output/phone_00398_male.wav,번호 알려드릴게요. 공일공 삼일공칠 오삼육이입니다.,010-3107-5362,male,ko-KR-HyunsuMultilingualNeural,1
phone_00399_male.wav,output/phone_00399_male.wav,전화번호는 공일공 구육사육 구삼사구이에요.,010-9646-9349,male,ko-KR-HyunsuMultilingualNeural,1
phone_00400_female.wav,output/phone_00400_female.wav,문의는 공일공 오일삼일 칠사일이으로 주세요.,010-5131-7412,female,ko-KR-SunHiNeural,1
phone_00401_male.wav,output/phone_00401_male.wav,제 번호는 공일공 공일칠육 사삼사일입니다.,010-0176-4341,male,ko-KR-InJoonNeural,1
phone_00402_male.wav,output/phone_00402_male.wav,전화번호는 공일공 사사오오 오오이공이에요.,010-4455-5520,male,ko-KR-HyunsuMultilingualNeural,1
phone_00403_male.wav,output/phone_00403_male.wav,제 번호는 공일공 삼삼일오 이구팔구입니다.,010-3315-2989,male,ko-KR-InJoonNeural,1
phone_00404_female.wav,output/phone_00404_female.wav,제 전화번호는 공일공 일구일팔 일칠일이입니다.,010-1918-1712,female,ko-KR-SunHiNeural,1
phone_00405_male.wav,output/phone_00405_male.wav,전화는 공일공 이팔이공 팔칠구공으로 주시면 됩니다.,010-2820-8790,male,ko-KR-InJoonNeural,1
phone_00406_male.wav,output/phone_00406_male.wav,전화번호는 공일공 일칠이삼 일오칠구이에요.,010-1723-1579,male,ko-KR-InJoonNeural,1
phone_00407_male.wav,output/phone_00407_male.wav,전화번호는 공일공 사칠칠일 구삼오육이에요.,010-4771-9356,male,ko-KR-InJoonNeural,1
phone_00408_male.wav,output/phone_00408_male.wav,전화는 공일공 오이이이 구팔육공으로 주시면 됩니다.,010-5222-9860,male,ko-KR-InJoonNeural,1
phone_00409_male.wav,output/phone_00409_male.wav,휴대폰 번호는 공일공 육공오이 일구사공입니다.,010-6052-1940,male,ko-KR-HyunsuMultilingualNeural,1
phone_00410_male.wav,output/phone_00410_male.wav,연락처는 공일공 사오오사 팔팔팔구입니다.,010-4554-8889,male,ko-KR-HyunsuMultilingualNeural,1
phone_00411_female.wav,output/phone_00411_female.wav,번호 알려드릴게요. 공일공 공팔삼구 육팔오오입니다.,010-0839-6855,female,ko-KR-SunHiNeural,1
phone_00412_female.wav,output/phone_00412_female.wav,연락 가능 번호는 공일공 팔일이육 공일팔구입니다.,010-8126-0189,female,ko-KR-SunHiNeural,1
phone_00413_male.wav,output/phone_00413_male.wav,문의는 공일공 육공팔칠 구칠공사으로 주세요.,010-6087-9704,male,ko-KR-HyunsuMultilingualNeural,1
phone_00414_male.wav,output/phone_00414_male.wav,제 전화번호는 공일공 이칠사구 이오사공입니다.,010-2749-2540,male,ko-KR-InJoonNeural,1
phone_00415_male.wav,output/phone_00415_male.wav,문의는 공일공 사구사팔 구사육공으로 주세요.,010-4948-9460,male,ko-KR-HyunsuMultilingualNeural,1
phone_00416_male.wav,output/phone_00416_male.wav,연락 가능 번호는 공일공 이공사사 구육팔일입니다.,010-2044-9681,male,ko-KR-HyunsuMultilingualNeural,1
phone_00417_male.wav,output/phone_00417_male.wav,전화번호는 공일공 구칠삼삼 사이팔팔이에요.,010-9733-4288,male,ko-KR-HyunsuMultilingualNeural,1
phone_00418_male.wav,output/phone_00418_male.wav,제 번호는 공일공 오구육팔 구공사칠입니다.,010-5968-9047,male,ko-KR-InJoonNeural,1
phone_00419_male.wav,output/phone_00419_male.wav,번호 알려드릴게요. 공일공 공이육사 팔공일구입니다.,010-0264-8019,male,ko-KR-InJoonNeural,1
phone_00420_female.wav,output/phone_00420_female.wav,제 전화번호는 공일공 사구육일 이공사일입니다.,010-4961-2041,female,ko-KR-SunHiNeural,1
phone_00421_female.wav,output/phone_00421_female.wav,번호 알려드릴게요. 공일공 공육육이 사칠이공입니다.,010-0662-4720,female,ko-KR-SunHiNeural,1
phone_00422_female.wav,output/phone_00422_female.wav,제 전화번호는 공일공 육사팔칠 팔육육이입니다.,010-6487-8662,female,ko-KR-SunHiNeural,1
phone_00423_male.wav,output/phone_00423_male.wav,제 번호는 공일공 삼칠공칠 사오칠삼입니다.,010-3707-4573,male,ko-KR-InJoonNeural,1
phone_00424_male.wav,output/phone_00424_male.wav,제 번호는 공일공 팔육팔오 이칠삼일입니다.,010-8685-2731,male,ko-KR-InJoonNeural,1
phone_00425_female.wav,output/phone_00425_female.wav,제 번호는 공일공 구일팔이 이사삼칠입니다.,010-9182-2437,female,ko-KR-SunHiNeural,1
phone_00426_male.wav,output/phone_00426_male.wav,문의는 공일공 육사삼구 팔팔오구으로 주세요.,010-6439-8859,male,ko-KR-InJoonNeural,1
phone_00427_male.wav,output/phone_00427_male.wav,연락처는 공일공 삼사오육 오일삼팔입니다.,010-3456-5138,male,ko-KR-InJoonNeural,1
phone_00428_female.wav,output/phone_00428_female.wav,제 전화번호는 공일공 팔이육오 사칠공삼입니다.,010-8265-4703,female,ko-KR-SunHiNeural,1
phone_00429_male.wav,output/phone_00429_male.wav,번호 알려드릴게요. 공일공 삼칠구이 구공오삼입니다.,010-3792-9053,male,ko-KR-HyunsuMultilingualNeural,1
phone_00430_male.wav,output/phone_00430_male.wav,전화는 공일공 공육일이 사사구일으로 주시면 됩니다.,010-0612-4491,male,ko-KR-InJoonNeural,1
phone_00431_male.wav,output/phone_00431_male.wav,전화는 공일공 사팔사일 육팔일칠으로 주시면 됩니다.,010-4841-6817,male,ko-KR-InJoonNeural,1
phone_00432_male.wav,output/phone_00432_male.wav,제 전화번호는 공일공 일이육육 사이삼오입니다.,010-1266-4235,male,ko-KR-HyunsuMultilingualNeural,1
phone_00433_female.wav,output/phone_00433_female.wav,휴대폰 번호는 공일공 이일팔공 이일일이입니다.,010-2180-2112,female,ko-KR-SunHiNeural,1
phone_00434_male.wav,output/phone_00434_male.wav,제 번호는 공일공 삼칠오육 오일오사입니다.,010-3756-5154,male,ko-KR-HyunsuMultilingualNeural,1
phone_00435_male.wav,output/phone_00435_male.wav,전화는 공일공 구사구이 사팔이팔으로 주시면 됩니다.,010-9492-4828,male,ko-KR-HyunsuMultilingualNeural,1
phone_00436_male.wav,output/phone_00436_male.wav,번호 알려드릴게요. 공일공 오칠칠구 칠공일육입니다.,010-5779-7016,male,ko-KR-InJoonNeural,1
phone_00437_female.wav,output/phone_00437_female.wav,전화번호는 공일공 구육오구 구공구이이에요.,010-9659-9092,female,ko-KR-SunHiNeural,1
phone_00438_male.wav,output/phone_00438_male.wav,휴대폰 번호는 공일공 육공공일 오삼삼구입니다.,010-6001-5339,male,ko-KR-HyunsuMultilingualNeural,1
phone_00439_male.wav,output/phone_00439_male.wav,연락처는 공일공 팔오팔이 오사칠사입니다.,010-8582-5474,male,ko-KR-InJoonNeural,1
phone_00440_male.wav,output/phone_00440_male.wav,문자 주실 번호는 공일공 육삼팔칠 공일육삼입니다.,010-6387-0163,male,ko-KR-HyunsuMultilingualNeural,1
phone_00441_female.wav,output/phone_00441_female.wav,문자 주실 번호는 공일공 팔일사공 육이삼일입니다.,010-8140-6231,female,ko-KR-SunHiNeural,1
phone_00442_male.wav,output/phone_00442_male.wav,연락처는 공일공 팔오사팔 이오사공입니다.,010-8548-2540,male,ko-KR-InJoonNeural,1
phone_00443_male.wav,output/phone_00443_male.wav,제 번호는 공일공 사사사구 칠일육팔입니다.,010-4449-7168,male,ko-KR-HyunsuMultilingualNeural,1
phone_00444_male.wav,output/phone_00444_male.wav,제 번호는 공일공 이오팔사 오육구사입니다.,010-2584-5694,male,ko-KR-HyunsuMultilingualNeural,1
phone_00445_male.wav,output/phone_00445_male.wav,문자 주실 번호는 공일공 칠구공공 공공사일입니다.,010-7900-0041,male,ko-KR-HyunsuMultilingualNeural,1
phone_00446_male.wav,output/phone_00446_male.wav,연락처는 공일공 구공삼오 오일팔이입니다.,010-9035-5182,male,ko-KR-InJoonNeural,1
phone_00447_male.wav,output/phone_00447_male.wav,제 번호는 공일공 일사팔팔 일오육칠입니다.,010-1488-1567,male,ko-KR-HyunsuMultilingualNeural,1
phone_00448_male.wav,output/phone_00448_male.wav,제 번호는 공일공 삼삼삼이 일공일팔입니다.,010-3332-1018,male,ko-KR-HyunsuMultilingualNeural,1
phone_00449_male.wav,output/phone_00449_male.wav,번호 알려드릴게요. 공일공 구팔오오 공구구구입니다.,010-9855-0999,male,ko-KR-InJoonNeural,1
phone_00450_male.wav,output/phone_00450_male.wav,전화번호는 공일공 사육육구 육칠오칠이에요.,010-4669-6757,male,ko-KR-HyunsuMultilingualNeural,1
phone_00451_female.wav,output/phone_00451_female.wav,전화는 공일공 삼삼오사 육삼구이으로 주시면 됩니다.,010-3354-6392,female,ko-KR-SunHiNeural,1
phone_00452_female.wav,output/phone_00452_female.wav,제 전화번호는 공일공 일이삼삼 이이구삼입니다.,010-1233-2293,female,ko-KR-SunHiNeural,1
phone_00453_male.wav,output/phone_00453_male.wav,제 번호는 공일공 육구육일 오칠오일입니다.,010-6961-5751,male,ko-KR-HyunsuMultilingualNeural,1
phone_00454_male.wav,output/phone_00454_male.wav,문의는 공일공 사이육일 오구공팔으로 주세요.,010-4261-5908,male,ko-KR-InJoonNeural,1
phone_00455_female.wav,output/phone_00455_female.wav,전화번호는 공일공 구삼삼육 구공삼공이에요.,010-9336-9030,female,ko-KR-SunHiNeural,1
phone_00456_male.wav,output/phone_00456_male.wav,연락 가능 번호는 공일공 육일이팔 칠오구구입니다.,010-6128-7599,male,ko-KR-InJoonNeural,1
phone_00457_male.wav,output/phone_00457_male.wav,문의는 공일공 팔사오팔 공오육삼으로 주세요.,010-8458-0563,male,ko-KR-HyunsuMultilingualNeural,1
phone_00458_female.wav,output/phone_00458_female.wav,연락 가능 번호는 공일공 삼육일팔 삼칠오팔입니다.,010-3618-3758,female,ko-KR-SunHiNeural,1
phone_00459_female.wav,output/phone_00459_female.wav,문자 주실 번호는 공일공 이공오육 일팔이오입니다.,010-2056-1825,female,ko-KR-SunHiNeural,1
phone_00460_male.wav,output/phone_00460_male.wav,전화는 공일공 오육일구 일칠이일으로 주시면 됩니다.,010-5619-1721,male,ko-KR-HyunsuMultilingualNeural,1
phone_00461_female.wav,output/phone_00461_female.wav,제 전화번호는 공일공 이삼일사 육칠칠사입니다.,010-2314-6774,female,ko-KR-SunHiNeural,1
phone_00462_male.wav,output/phone_00462_male.wav,휴대폰 번호는 공일공 팔구육오 오삼삼팔입니다.,010-8965-5338,male,ko-KR-InJoonNeural,1
phone_00463_male.wav,output/phone_00463_male.wav,문자 주실 번호는 공일공 사이사오 이사오칠입니다.,010-4245-2457,male,ko-KR-HyunsuMultilingualNeural,1
phone_00464_male.wav,output/phone_00464_male.wav,전화는 공일공 팔오공일 이사일공으로 주시면 됩니다.,010-8501-2410,male,ko-KR-InJoonNeural,1
phone_00465_male.wav,output/phone_00465_male.wav,휴대폰 번호는 공일공 공삼이구 칠일공팔입니다.,010-0329-7108,male,ko-KR-HyunsuMultilingualNeural,1
phone_00466_male.wav,output/phone_00466_male.wav,연락처는 공일공 팔오사공 삼육팔칠입니다.,010-8540-3687,male,ko-KR-HyunsuMultilingualNeural,1
phone_00467_female.wav,output/phone_00467_female.wav,휴대폰 번호는 공일공 삼일삼일 삼일오오입니다.,010-3131-3155,female,ko-KR-SunHiNeural,1
phone_00468_female.wav,output/phone_00468_female.wav,제 번호는 공일공 삼육오공 칠칠오이입니다.,010-3650-7752,female,ko-KR-SunHiNeural,1
phone_00469_male.wav,output/phone_00469_male.wav,제 전화번호는 공일공 육이삼공 사이이육입니다.,010-6230-4226,male,ko-KR-HyunsuMultilingualNeural,1
phone_00470_male.wav,output/phone_00470_male.wav,휴대폰 번호는 공일공 사칠오사 일이일공입니다.,010-4754-1210,male,ko-KR-InJoonNeural,1
phone_00471_male.wav,output/phone_00471_male.wav,제 번호는 공일공 칠오오삼 공이팔일입니다.,010-7553-0281,male,ko-KR-HyunsuMultilingualNeural,1
phone_00472_male.wav,output/phone_00472_male.wav,전화번호는 공일공 삼이팔오 삼사칠팔이에요.,010-3285-3478,male,ko-KR-InJoonNeural,1
phone_00473_female.wav,output/phone_00473_female.wav,제 번호는 공일공 육삼칠사 이육일공입니다.,010-6374-2610,female,ko-KR-SunHiNeural,1
phone_00474_male.wav,output/phone_00474_male.wav,전화는 공일공 육오구구 구일공오으로 주시면 됩니다.,010-6599-9105,male,ko-KR-HyunsuMultilingualNeural,1
phone_00475_male.wav,output/phone_00475_male.wav,전화는 공일공 사삼오삼 공팔일일으로 주시면 됩니다.,010-4353-0811,male,ko-KR-InJoonNeural,1
phone_00476_male.wav,output/phone_00476_male.wav,휴대폰 번호는 공일공 팔구칠일 삼구일칠입니다.,010-8971-3917,male,ko-KR-HyunsuMultilingualNeural,1
phone_00477_male.wav,output/phone_00477_male.wav,제 번호는 공일공 칠구오삼 공구팔팔입니다.,010-7953-0988,male,ko-KR-InJoonNeural,1
phone_00478_male.wav,output/phone_00478_male.wav,제 번호는 공일공 구일삼일 칠일오사입니다.,010-9131-7154,male,ko-KR-InJoonNeural,1
phone_00479_male.wav,output/phone_00479_male.wav,연락 가능 번호는 공일공 팔삼이일 이팔일칠입니다.,010-8321-2817,male,ko-KR-HyunsuMultilingualNeural,1
phone_00480_male.wav,output/phone_00480_male.wav,전화번호는 공일공 칠오사이 이사사오이에요.,010-7542-2445,male,ko-KR-HyunsuMultilingualNeural,1
phone_00481_female.wav,output/phone_00481_female.wav,문자 주실 번호는 공일공 삼삼삼삼 삼사공육입니다.,010-3333-3406,female,ko-KR-SunHiNeural,1
phone_00482_female.wav,output/phone_00482_female.wav,전화번호는 공일공 오구오오 팔공칠오이에요.,010-5955-8075,female,ko-KR-SunHiNeural,1
phone_00483_male.wav,output/phone_00483_male.wav,제 번호는 공일공 일칠팔일 육칠이이입니다.,010-1781-6722,male,ko-KR-HyunsuMultilingualNeural,1
phone_00484_male.wav,output/phone_00484_male.wav,전화는 공일공 이육팔일 공팔팔사으로 주시면 됩니다.,010-2681-0884,male,ko-KR-InJoonNeural,1
phone_00485_female.wav,output/phone_00485_female.wav,전화번호는 공일공 공삼칠이 일일오팔이에요.,010-0372-1158,female,ko-KR-SunHiNeural,1
phone_00486_male.wav,output/phone_00486_male.wav,문자 주실 번호는 공일공 구공오삼 삼일칠일입니다.,010-9053-3171,male,ko-KR-InJoonNeural,1
phone_00487_female.wav,output/phone_00487_female.wav,문자 주실 번호는 공일공 이오이육 팔사오구입니다.,010-2526-8459,female,ko-KR-SunHiNeural,1
phone_00488_male.wav,output/phone_00488_male.wav,연락 가능 번호는 공일공 삼육이사 구구일육입니다.,010-3624-9916,male,ko-KR-InJoonNeural,1
phone_00489_female.wav,output/phone_00489_female.wav,전화는 공일공 공사팔공 팔오육사으로 주시면 됩니다.,010-0480-8564,female,ko-KR-SunHiNeural,1
phone_00490_female.wav,output/phone_00490_female.wav,제 번호는 공일공 사칠구오 공칠사팔입니다.,010-4795-0748,female,ko-KR-SunHiNeural,1
phone_00491_female.wav,output/phone_00491_female.wav,제 번호는 공일공 공칠팔공 공공삼육입니다.,010-0780-0036,female,ko-KR-SunHiNeural,1
phone_00492_female.wav,output/phone_00492_female.wav,제 번호는 공일공 삼구팔구 팔공칠일입니다.,010-3989-8071,female,ko-KR-SunHiNeural,1
phone_00493_female.wav,output/phone_00493_female.wav,연락처는 공일공 공칠일이 칠일일육입니다.,010-0712-7116,female,ko-KR-SunHiNeural,1
phone_00494_male.wav,output/phone_00494_male.wav,번호 알려드릴게요. 공일공 오오일육 삼팔이육입니다.,010-5516-3826,male,ko-KR-InJoonNeural,1
phone_00495_male.wav,output/phone_00495_male.wav,전화번호는 공일공 사일육일 이사이오이에요.,010-4161-2425,male,ko-KR-InJoonNeural,1
phone_00496_female.wav,output/phone_00496_female.wav,번호 알려드릴게요. 공일공 구구사칠 사사삼칠입니다.,010-9947-4437,female,ko-KR-SunHiNeural,1
phone_00497_male.wav,output/phone_00497_male.wav,전화번호는 공일공 칠일이오 오이이이이에요.,010-7125-5222,male,ko-KR-InJoonNeural,1
phone_00498_male.wav,output/phone_00498_male.wav,번호 알려드릴게요. 공일공 삼일칠공 이칠육오입니다.,010-3170-2765,male,ko-KR-HyunsuMultilingualNeural,1
phone_00499_male.wav,output/phone_00499_male.wav,제 번호는 공일공 팔칠오일 팔일팔일입니다.,010-8751-8181,male,ko-KR-InJoonNeural,1
phone_00500_male.wav,output/phone_00500_male.wav,전화번호는 공일공 육구오팔 삼일공이이에요.,010-6958-3102,male,ko-KR-InJoonNeural,1
phone_00501_male.wav,output/phone_00501_male.wav,연락 가능 번호는 공일공 칠사삼공 일육공오입니다.,010-7430-1605,male,ko-KR-HyunsuMultilingualNeural,1
phone_00502_male.wav,output/phone_00502_male.wav,연락처는 공일공 육칠일공 삼칠오팔입니다.,010-6710-3758,male,ko-KR-InJoonNeural,1
phone_00503_female.wav,output/phone_00503_female.wav,전화번호는 공일공 오오이일 사공사일이에요.,010-5521-4041,female,ko-KR-SunHiNeural,1
phone_00504_male.wav,output/phone_00504_male.wav,번호 알려드릴게요. 공일공 구칠삼팔 사공육칠입니다.,010-9738-4067,male,ko-KR-HyunsuMultilingualNeural,1
phone_00505_male.wav,output/phone_00505_male.wav,휴대폰 번호는 공일공 오공사육 이일사이입니다.,010-5046-2142,male,ko-KR-HyunsuMultilingualNeural,1
phone_00506_male.wav,output/phone_00506_male.wav,문의는 공일공 육사오오 칠삼팔구으로 주세요.,010-6455-7389,male,ko-KR-HyunsuMultilingualNeural,1
phone_00507_male.wav,output/phone_00507_male.wav,문자 주실 번호는 공일공 일구삼사 팔일구육입니다.,010-1934-8196,male,ko-KR-InJoonNeural,1
phone_00508_female.wav,output/phone_00508_female.wav,연락처는 공일공 공사사육 사사육공입니다.,010-0446-4460,female,ko-KR-SunHiNeural,1
phone_00509_male.wav,output/phone_00509_male.wav,문자 주실 번호는 공일공 육삼이일 구오사이입니다.,010-6321-9542,male,ko-KR-HyunsuMultilingualNeural,1
phone_00510_female.wav,output/phone_00510_female.wav,문자 주실 번호는 공일공 구삼일사 사팔오이입니다.,010-9314-4852,female,ko-KR-SunHiNeural,1
phone_00511_female.wav,output/phone_00511_female.wav,번호 알려드릴게요. 공일공 육오이사 공이육육입니다.,010-6524-0266,female,ko-KR-SunHiNeural,1
phone_00512_female.wav,output/phone_00512_female.wav,제 번호는 공일공 오삼오일 오육일삼입니다.,010-5351-5613,female,ko-KR-SunHiNeural,1
phone_00513_female.wav,output/phone_00513_female.wav,번호 알려드릴게요. 공일공 사공육육 팔구공삼입니다.,010-4066-8903,female,ko-KR-SunHiNeural,1
phone_00514_female.wav,output/phone_00514_female.wav,전화는 공일공 사팔일사 오삼사구으로 주시면 됩니다.,010-4814-5349,female,ko-KR-SunHiNeural,1
phone_00515_male.wav,output/phone_00515_male.wav,전화번호는 공일공 팔육사삼 사육구팔이에요.,010-8643-4698,male,ko-KR-InJoonNeural,1
phone_00516_male.wav,output/phone_00516_male.wav,제 전화번호는 공일공 이구칠일 구공일육입니다.,010-2971-9016,male,ko-KR-HyunsuMultilingualNeural,1
phone_00517_male.wav,output/phone_00517_male.wav,문자 주실 번호는 공일공 사이칠일 이오칠오입니다.,010-4271-2575,male,ko-KR-HyunsuMultilingualNeural,1
phone_00518_male.wav,output/phone_00518_male.wav,문의는 공일공 이구삼삼 사오일칠으로 주세요.,010-2933-4517,male,ko-KR-HyunsuMultilingualNeural,1
phone_00519_male.wav,output/phone_00519_male.wav,문자 주실 번호는 공일공 공팔팔이 공육사육입니다.,010-0882-0646,male,ko-KR-InJoonNeural,1
phone_00520_male.wav,output/phone_00520_male.wav,연락 가능 번호는 공일공 구오삼구 일칠사육입니다.,010-9539-1746,male,ko-KR-InJoonNeural,1
phone_00521_male.wav,output/phone_00521_male.wav,연락 가능 번호는 공일공 사오공팔 육사공이입니다.,010-4508-6402,male,ko-KR-HyunsuMultilingualNeural,1
phone_00522_female.wav,output/phone_00522_female.wav,제 번호는 공일공 오팔오팔 구공구구입니다.,010-5858-9099,female,ko-KR-SunHiNeural,1
phone_00523_female.wav,output/phone_00523_female.wav,휴대폰 번호는 공일공 공팔팔일 공일팔일입니다.,010-0881-0181,female,ko-KR-SunHiNeural,1
phone_00524_female.wav,output/phone_00524_female.wav,전화는 공일공 일칠칠팔 팔공팔이으로 주시면 됩니다.,010-1778-8082,female,ko-KR-SunHiNeural,1
phone_00525_male.wav,output/phone_00525_male.wav,전화는 공일공 삼공칠일 이육오공으로 주시면 됩니다.,010-3071-2650,male,ko-KR-InJoonNeural,1
phone_00526_male.wav,output/phone_00526_male.wav,전화는 공일공 팔육공일 육오칠사으로 주시면 됩니다.,010-8601-6574,male,ko-KR-HyunsuMultilingualNeural,1
phone_00527_male.wav,output/phone_00527_male.wav,제 번호는 공일공 칠사공구 육팔오칠입니다.,010-7409-6857,male,ko-KR-InJoonNeural,1
phone_00528_female.wav,output/phone_00528_female.wav,휴대폰 번호는 공일공 삼오칠구 삼구오팔입니다.,010-3579-3958,female,ko-KR-SunHiNeural,1
phone_00529_female.wav,output/phone_00529_female.wav,제 전화번호는 공일공 구팔사오 구사삼칠입니다.,010-9845-9437,female,ko-KR-SunHiNeural,1
phone_00530_female.wav,output/phone_00530_female.wav,번호 알려드릴게요. 공일공 사칠육공 공팔공공입니다.,010-4760-0800,female,ko-KR-SunHiNeural,1
phone_00531_female.wav,output/phone_00531_female.wav,제 전화번호는 공일공 삼삼구일 구구일공입니다.,010-3391-9910,female,ko-KR-SunHiNeural,1
phone_00532_male.wav,output/phone_00532_male.wav,연락처는 공일공 이팔육구 구사일사입니다.,010-2869-9414,male,ko-KR-HyunsuMultilingualNeural,1
phone_00533_male.wav,output/phone_00533_male.wav,휴대폰 번호는 공일공 사칠이삼 공사사팔입니다.,010-4723-0448,male,ko-KR-HyunsuMultilingualNeural,1
phone_00534_male.wav,output/phone_00534_male.wav,문자 주실 번호는 공일공 칠이일칠 팔육삼공입니다.,010-7217-8630,male,ko-KR-HyunsuMultilingualNeural,1
phone_00535_male.wav,output/phone_00535_male.wav,전화번호는 공일공 사칠오일 구삼삼사이에요.,010-4751-9334,male,ko-KR-HyunsuMultilingualNeural,1
phone_00536_male.wav,output/phone_00536_male.wav,전화번호는 공일공 사오일삼 사육삼칠이에요.,010-4513-4637,male,ko-KR-HyunsuMultilingualNeural,1
phone_00537_male.wav,output/phone_00537_male.wav,제 번호는 공일공 일일일공 일일구이입니다.,010-1110-1192,male,ko-KR-HyunsuMultilingualNeural,1
phone_00538_male.wav,output/phone_00538_male.wav,문의는 공일공 일공팔팔 공오오육으로 주세요.,010-1088-0556,male,ko-KR-InJoonNeural,1
phone_00539_male.wav,output/phone_00539_male.wav,전화는 공일공 사삼사팔 삼칠사오으로 주시면 됩니다.,010-4348-3745,male,ko-KR-InJoonNeural,1
phone_00540_male.wav,output/phone_00540_male.wav,제 전화번호는 공일공 삼사사칠 사공공오입니다.,010-3447-4005,male,ko-KR-HyunsuMultilingualNeural,1
phone_00541_female.wav,output/phone_00541_female.wav,전화는 공일공 이사팔사 삼이팔삼으로 주시면 됩니다.,010-2484-3283,female,ko-KR-SunHiNeural,1
phone_00542_male.wav,output/phone_00542_male.wav,제 번호는 공일공 일구육삼 육사이공입니다.,010-1963-6420,male,ko-KR-HyunsuMultilingualNeural,1
phone_00543_male.wav,output/phone_00543_male.wav,문의는 공일공 사이이일 구이일사으로 주세요.,010-4221-9214,male,ko-KR-HyunsuMultilingualNeural,1
phone_00544_female.wav,output/phone_00544_female.wav,전화번호는 공일공 팔칠오공 칠오오삼이에요.,010-8750-7553,female,ko-KR-SunHiNeural,1
phone_00545_male.wav,output/phone_00545_male.wav,문자 주실 번호는 공일공 삼사팔구 오사사사입니다.,010-3489-5444,male,ko-KR-HyunsuMultilingualNeural,1
phone_00546_male.wav,output/phone_00546_male.wav,연락 가능 번호는 공일공 팔팔육육 육이공구입니다.,010-8866-6209,male,ko-KR-InJoonNeural,1
phone_00547_male.wav,output/phone_00547_male.wav,전화번호는 공일공 구이이사 삼이이오이에요.,010-9224-3225,male,ko-KR-InJoonNeural,1
phone_00548_female.wav,output/phone_00548_female.wav,전화는 공일공 팔육칠오 사삼육오으로 주시면 됩니다.,010-8675-4365,female,ko-KR-SunHiNeural,1
phone_00549_female.wav,output/phone_00549_female.wav,제 번호는 공일공 칠삼오구 칠이칠오입니다.,010-7359-7275,female,ko-KR-SunHiNeural,1
phone_00550_female.wav,output/phone_00550_female.wav,연락 가능 번호는 공일공 오공삼팔 팔삼삼일입니다.,010-5038-8331,female,ko-KR-SunHiNeural,1
phone_00551_male.wav,output/phone_00551_male.wav,휴대폰 번호는 공일공 일이공오 공일사칠입니다.,010-1205-0147,male,ko-KR-HyunsuMultilingualNeural,1
phone_00552_female.wav,output/phone_00552_female.wav,문의는 공일공 공사삼칠 구일팔팔으로 주세요.,010-0437-9188,female,ko-KR-SunHiNeural,1
phone_00553_male.wav,output/phone_00553_male.wav,전화는 공일공 사육육칠 오육삼팔으로 주시면 됩니다.,010-4667-5638,male,ko-KR-HyunsuMultilingualNeural,1
phone_00554_male.wav,output/phone_00554_male.wav,전화번호는 공일공 오이공팔 팔이팔칠이에요.,010-5208-8287,male,ko-KR-InJoonNeural,1
phone_00555_male.wav,output/phone_00555_male.wav,휴대폰 번호는 공일공 일일삼일 사칠구공입니다.,010-1131-4790,male,ko-KR-HyunsuMultilingualNeural,1
phone_00556_female.wav,output/phone_00556_female.wav,전화는 공일공 삼구팔공 팔구육삼으로 주시면 됩니다.,010-3980-8963,female,ko-KR-SunHiNeural,1
phone_00557_male.wav,output/phone_00557_male.wav,번호 알려드릴게요. 공일공 이구칠공 이이구육입니다.,010-2970-2296,male,ko-KR-HyunsuMultilingualNeural,1
phone_00558_female.wav,output/phone_00558_female.wav,연락처는 공일공 공구구사 일삼공오입니다.,010-0994-1305,female,ko-KR-SunHiNeural,1
phone_00559_female.wav,output/phone_00559_female.wav,문의는 공일공 육칠삼육 사오사팔으로 주세요.,010-6736-4548,female,ko-KR-SunHiNeural,1
phone_00560_male.wav,output/phone_00560_male.wav,휴대폰 번호는 공일공 이칠사칠 칠팔삼오입니다.,010-2747-7835,male,ko-KR-InJoonNeural,1
phone_00561_male.wav,output/phone_00561_male.wav,연락처는 공일공 구오칠이 삼공칠삼입니다.,010-9572-3073,male,ko-KR-HyunsuMultilingualNeural,1
phone_00562_female.wav,output/phone_00562_female.wav,문의는 공일공 이오팔이 오일사공으로 주세요.,010-2582-5140,female,ko-KR-SunHiNeural,1
phone_00563_male.wav,output/phone_00563_male.wav,문자 주실 번호는 공일공 사이공일 이칠이팔입니다.,010-4201-2728,male,ko-KR-InJoonNeural,1
phone_00564_male.wav,output/phone_00564_male.wav,문자 주실 번호는 공일공 삼공삼공 칠오일삼입니다.,010-3030-7513,male,ko-KR-HyunsuMultilingualNeural,1
phone_00565_female.wav,output/phone_00565_female.wav,전화는 공일공 사사칠칠 오공구육으로 주시면 됩니다.,010-4477-5096,female,ko-KR-SunHiNeural,1
phone_00566_male.wav,output/phone_00566_male.wav,전화는 공일공 사사사팔 일육공공으로 주시면 됩니다.,010-4448-1600,male,ko-KR-InJoonNeural,1
phone_00567_male.wav,output/phone_00567_male.wav,문자 주실 번호는 공일공 구구팔이 오사사이입니다.,010-9982-5442,male,ko-KR-HyunsuMultilingualNeural,1
phone_00568_male.wav,output/phone_00568_male.wav,번호 알려드릴게요. 공일공 사삼팔이 팔일사구입니다.,010-4382-8149,male,ko-KR-HyunsuMultilingualNeural,1
phone_00569_male.wav,output/phone_00569_male.wav,문의는 공일공 일칠오이 이팔육공으로 주세요.,010-1752-2860,male,ko-KR-HyunsuMultilingualNeural,1
phone_00570_female.wav,output/phone_00570_female.wav,전화번호는 공일공 육사삼사 사삼공구이에요.,010-6434-4309,female,ko-KR-SunHiNeural,1
phone_00571_female.wav,output/phone_00571_female.wav,문자 주실 번호는 공일공 이육삼사 삼사이삼입니다.,010-2634-3423,female,ko-KR-SunHiNeural,1
phone_00572_male.wav,output/phone_00572_male.wav,제 번호는 공일공 일이이공 이이팔구입니다.,010-1220-2289,male,ko-KR-InJoonNeural,1
phone_00573_male.wav,output/phone_00573_male.wav,번호 알려드릴게요. 공일공 팔구오구 공칠사구입니다.,010-8959-0749,male,ko-KR-HyunsuMultilingualNeural,1
phone_00574_female.wav,output/phone_00574_female.wav,문의는 공일공 이삼칠팔 이삼팔이으로 주세요.,010-2378-2382,female,ko-KR-SunHiNeural,1
phone_00575_female.wav,output/phone_00575_female.wav,문자 주실 번호는 공일공 칠팔일삼 오칠일사입니다.,010-7813-5714,female,ko-KR-SunHiNeural,1
phone_00576_male.wav,output/phone_00576_male.wav,번호 알려드릴게요. 공일공 이이삼이 칠구삼삼입니다.,010-2232-7933,male,ko-KR-InJoonNeural,1
phone_00577_female.wav,output/phone_00577_female.wav,번호 알려드릴게요. 공일공 공오오칠 육이이삼입니다.,010-0557-6223,female,ko-KR-SunHiNeural,1
phone_00578_male.wav,output/phone_00578_male.wav,연락처는 공일공 사사팔육 구일삼사입니다.,010-4486-9134,male,ko-KR-HyunsuMultilingualNeural,1
phone_00579_male.wav,output/phone_00579_male.wav,문자 주실 번호는 공일공 사육구오 이공팔오입니다.,010-4695-2085,male,ko-KR-HyunsuMultilingualNeural,1
phone_00580_female.wav,output/phone_00580_female.wav,휴대폰 번호는 공일공 일오일이 팔칠구팔입니다.,010-1512-8798,female,ko-KR-SunHiNeural,1
phone_00581_male.wav,output/phone_00581_male.wav,문자 주실 번호는 공일공 칠구삼사 공사칠팔입니다.,010-7934-0478,male,ko-KR-InJoonNeural,1
phone_00582_male.wav,output/phone_00582_male.wav,제 번호는 공일공 구팔육삼 구공육공입니다.,010-9863-9060,male,ko-KR-HyunsuMultilingualNeural,1
phone_00583_male.wav,output/phone_00583_male.wav,전화는 공일공 육삼팔칠 일삼칠오으로 주시면 됩니다.,010-6387-1375,male,ko-KR-InJoonNeural,1
phone_00584_male.wav,output/phone_00584_male.wav,제 번호는 공일공 구삼오구 육오오구입니다.,010-9359-6559,male,ko-KR-HyunsuMultilingualNeural,1
phone_00585_male.wav,output/phone_00585_male.wav,번호 알려드릴게요. 공일공 공구삼사 칠삼일팔입니다.,010-0934-7318,male,ko-KR-InJoonNeural,1
phone_00586_male.wav,output/phone_00586_male.wav,제 전화번호는 공일공 팔칠팔팔 칠사팔칠입니다.,010-8788-7487,male,ko-KR-InJoonNeural,1
phone_00587_male.wav,output/phone_00587_male.wav,전화는 공일공 이일구삼 육일삼이으로 주시면 됩니다.,010-2193-6132,male,ko-KR-InJoonNeural,1
phone_00588_female.wav,output/phone_00588_female.wav,번호 알려드릴게요. 공일공 칠육이오 구칠오일입니다.,010-7625-9751,female,ko-KR-SunHiNeural,1
phone_00589_male.wav,output/phone_00589_male.wav,휴대폰 번호는 공일공 오공일삼 이육공팔입니다.,010-5013-2608,male,ko-KR-HyunsuMultilingualNeural,1
phone_00590_female.wav,output/phone_00590_female.wav,연락 가능 번호는 공일공 삼사이구 육삼육오입니다.,010-3429-6365,female,ko-KR-SunHiNeural,1
phone_00591_male.wav,output/phone_00591_male.wav,전화는 공일공 사공일육 육육구칠으로 주시면 됩니다.,010-4016-6697,male,ko-KR-HyunsuMultilingualNeural,1
phone_00592_female.wav,output/phone_00592_female.wav,문의는 공일공 칠팔일이 육팔삼칠으로 주세요.,010-7812-6837,female,ko-KR-SunHiNeural,1
phone_00593_male.wav,output/phone_00593_male.wav,전화는 공일공 공사오육 오칠삼칠으로 주시면 됩니다.,010-0456-5737,male,ko-KR-HyunsuMultilingualNeural,1
phone_00594_male.wav,output/phone_00594_male.wav,제 전화번호는 공일공 공이공구 구오일팔입니다.,010-0209-9518,male,ko-KR-InJoonNeural,1
phone_00595_male.wav,output/phone_00595_male.wav,문의는 공일공 팔팔육육 일사공오으로 주세요.,010-8866-1405,male,ko-KR-InJoonNeural,1
phone_00596_male.wav,output/phone_00596_male.wav,전화번호는 공일공 오일삼일 팔육일오이에요.,010-5131-8615,male,ko-KR-HyunsuMultilingualNeural,1
phone_00597_male.wav,output/phone_00597_male.wav,번호 알려드릴게요. 공일공 칠오칠오 이육육삼입니다.,010-7575-2663,male,ko-KR-HyunsuMultilingualNeural,1
phone_00598_male.wav,output/phone_00598_male.wav,문자 주실 번호는 공일공 육이칠오 사육공팔입니다.,010-6275-4608,male,ko-KR-InJoonNeural,1
phone_00599_female.wav,output/phone_00599_female.wav,제 번호는 공일공 구이일팔 칠육팔공입니다.,010-9218-7680,female,ko-KR-SunHiNeural,1
phone_00600_female.wav,output/phone_00600_female.wav,제 번호는 공일공 오칠공공 칠구이육입니다.,010-5700-7926,female,ko-KR-SunHiNeural,1
phone_00601_female.wav,output/phone_00601_female.wav,제 전화번호는 공일공 오일구공 칠구구삼입니다.,010-5190-7993,female,ko-KR-SunHiNeural,1
phone_00602_male.wav,output/phone_00602_male.wav,휴대폰 번호는 공일공 삼육칠일 육이공공입니다.,010-3671-6200,male,ko-KR-HyunsuMultilingualNeural,1
phone_00603_male.wav,output/phone_00603_male.wav,제 번호는 공일공 삼팔칠팔 오삼일공입니다.,010-3878-5310,male,ko-KR-InJoonNeural,1
phone_00604_female.wav,output/phone_00604_female.wav,전화번호는 공일공 칠칠구이 육구육구이에요.,010-7792-6969,female,ko-KR-SunHiNeural,1
phone_00605_male.wav,output/phone_00605_male.wav,제 전화번호는 공일공 공구오일 팔구육일입니다.,010-0951-8961,male,ko-KR-HyunsuMultilingualNeural,1
phone_00606_female.wav,output/phone_00606_female.wav,전화는 공일공 공공이공 일공팔이으로 주시면 됩니다.,010-0020-1082,female,ko-KR-SunHiNeural,1
phone_00607_female.wav,output/phone_00607_female.wav,번호 알려드릴게요. 공일공 칠육오오 일사육사입니다.,010-7655-1464,female,ko-KR-SunHiNeural,1
phone_00608_female.wav,output/phone_00608_female.wav,전화는 공일공 팔공삼사 이오구일으로 주시면 됩니다.,010-8034-2591,female,ko-KR-SunHiNeural,1
phone_00609_female.wav,output/phone_00609_female.wav,연락처는 공일공 오공육구 일칠공사입니다.,010-5069-1704,female,ko-KR-SunHiNeural,1
phone_00610_male.wav,output/phone_00610_male.wav,연락처는 공일공 이육육사 공사칠일입니다.,010-2664-0471,male,ko-KR-HyunsuMultilingualNeural,1
phone_00611_male.wav,output/phone_00611_male.wav,문자 주실 번호는 공일공 일오육칠 구일구오입니다.,010-1567-9195,male,ko-KR-InJoonNeural,1
phone_00612_male.wav,output/phone_00612_male.wav,제 번호는 공일공 일삼이사 일일구구입니다.,010-1324-1199,male,ko-KR-InJoonNeural,1
phone_00613_female.wav,output/phone_00613_female.wav,문의는 공일공 칠구삼공 공오칠이으로 주세요.,010-7930-0572,female,ko-KR-SunHiNeural,1
phone_00614_female.wav,output/phone_00614_female.wav,연락 가능 번호는 공일공 구칠사이 일이육삼입니다.,010-9742-1263,female,ko-KR-SunHiNeural,1
phone_00615_male.wav,output/phone_00615_male.wav,번호 알려드릴게요. 공일공 사칠일육 구사이공입니다.,010-4716-9420,male,ko-KR-HyunsuMultilingualNeural,1
phone_00616_male.wav,output/phone_00616_male.wav,문의는 공일공 팔이육오 공구삼칠으로 주세요.,010-8265-0937,male,ko-KR-HyunsuMultilingualNeural,1
phone_00617_female.wav,output/phone_00617_female.wav,휴대폰 번호는 공일공 오육일육 구삼일삼입니다.,010-5616-9313,female,ko-KR-SunHiNeural,1
phone_00618_male.wav,output/phone_00618_male.wav,제 전화번호는 공일공 공오구칠 일팔사팔입니다.,010-0597-1848,male,ko-KR-HyunsuMultilingualNeural,1
phone_00619_male.wav,output/phone_00619_male.wav,문의는 공일공 육육사이 팔오칠일으로 주세요.,010-6642-8571,male,ko-KR-HyunsuMultilingualNeural,1
phone_00620_male.wav,output/phone_00620_male.wav,제 전화번호는 공일공 구사사이 구구이사입니다.,010-9442-9924,male,ko-KR-HyunsuMultilingualNeural,1
phone_00621_female.wav,output/phone_00621_female.wav,연락 가능 번호는 공일공 칠구팔일 삼칠구이입니다.,010-7981-3792,female,ko-KR-SunHiNeural,1
phone_00622_female.wav,output/phone_00622_female.wav,전화번호는 공일공 삼일구구 오이육오이에요.,010-3199-5265,female,ko-KR-SunHiNeural,1
phone_00623_male.wav,output/phone_00623_male.wav,휴대폰 번호는 공일공 팔구오이 이오팔육입니다.,010-8952-2586,male,ko-KR-InJoonNeural,1
phone_00624_female.wav,output/phone_00624_female.wav,휴대폰 번호는 공일공 팔일오이 공칠사이입니다.,010-8152-0742,female,ko-KR-SunHiNeural,1
phone_00625_female.wav,output/phone_00625_female.wav,연락처는 공일공 오오구삼 사일오공입니다.,010-5593-4150,female,ko-KR-SunHiNeural,1
phone_00626_male.wav,output/phone_00626_male.wav,제 번호는 공일공 삼오칠공 칠삼이칠입니다.,010-3570-7327,male,ko-KR-InJoonNeural,1
phone_00627_male.wav,output/phone_00627_male.wav,전화번호는 공일공 삼육오오 공일오팔이에요.,010-3655-0158,male,ko-KR-HyunsuMultilingualNeural,1
phone_00628_male.wav,output/phone_00628_male.wav,연락 가능 번호는 공일공 오일칠칠 이팔공육입니다.,010-5177-2806,male,ko-KR-InJoonNeural,1
phone_00629_female.wav,output/phone_00629_female.wav,전화번호는 공일공 이사구오 칠팔육칠이에요.,010-2495-7867,female,ko-KR-SunHiNeural,1
phone_00630_male.wav,output/phone_00630_male.wav,연락처는 공일공 팔일이오 공이팔이입니다.,010-8125-0282,male,ko-KR-InJoonNeural,1
phone_00631_female.wav,output/phone_00631_female.wav,문의는 공일공 사공육공 사사삼이으로 주세요.,010-4060-4432,female,ko-KR-SunHiNeural,1
phone_00632_male.wav,output/phone_00632_male.wav,휴대폰 번호는 공일공 삼사이육 사팔이일입니다.,010-3426-4821,male,ko-KR-HyunsuMultilingualNeural,1
phone_00633_male.wav,output/phone_00633_male.wav,제 전화번호는 공일공 이칠삼구 사팔사육입니다.,010-2739-4846,male,ko-KR-InJoonNeural,1
phone_00634_female.wav,output/phone_00634_female.wav,문의는 공일공 사오오일 일팔칠사으로 주세요.,010-4551-1874,female,ko-KR-SunHiNeural,1
phone_00635_female.wav,output/phone_00635_female.wav,번호 알려드릴게요. 공일공 구팔구팔 칠삼구구입니다.,010-9898-7399,female,ko-KR-SunHiNeural,1
phone_00636_female.wav,output/phone_00636_female.wav,전화는 공일공 구사일삼 사칠이일으로 주시면 됩니다.,010-9413-4721,female,ko-KR-SunHiNeural,1
phone_00637_female.wav,output/phone_00637_female.wav,전화는 공일공 육일일이 일팔이오으로 주시면 됩니다.,010-6112-1825,female,ko-KR-SunHiNeural,1
phone_00638_male.wav,output/phone_00638_male.wav,휴대폰 번호는 공일공 이이일사 오팔칠삼입니다.,010-2214-5873,male,ko-KR-InJoonNeural,1
phone_00639_female.wav,output/phone_00639_female.wav,휴대폰 번호는 공일공 이사일공 구이공일입니다.,010-2410-9201,female,ko-KR-SunHiNeural,1
phone_00640_female.wav,output/phone_00640_female.wav,연락처는 공일공 사오삼구 사일오삼입니다.,010-4539-4153,female,ko-KR-SunHiNeural,1
phone_00641_male.wav,output/phone_00641_male.wav,연락 가능 번호는 공일공 칠구육공 삼이구오입니다.,010-7960-3295,male,ko-KR-HyunsuMultilingualNeural,1
phone_00642_male.wav,output/phone_00642_male.wav,제 전화번호는 공일공 일칠육육 팔구구삼입니다.,010-1766-8993,male,ko-KR-HyunsuMultilingualNeural,1
phone_00643_male.wav,output/phone_00643_male.wav,연락 가능 번호는 공일공 팔오육육 이팔일칠입니다.,010-8566-2817,male,ko-KR-InJoonNeural,1
phone_00644_female.wav,output/phone_00644_female.wav,제 번호는 공일공 사구이오 사일팔삼입니다.,010-4925-4183,female,ko-KR-SunHiNeural,1
phone_00645_female.wav,output/phone_00645_female.wav,제 전화번호는 공일공 칠일사팔 삼공육삼입니다.,010-7148-3063,female,ko-KR-SunHiNeural,1
phone_00646_female.wav,output/phone_00646_female.wav,연락처는 공일공 삼이삼삼 팔칠공칠입니다.,010-3233-8707,female,ko-KR-SunHiNeural,1
phone_00647_female.wav,output/phone_00647_female.wav,문의는 공일공 이공삼구 삼사오구으로 주세요.,010-2039-3459,female,ko-KR-SunHiNeural,1
phone_00648_female.wav,output/phone_00648_female.wav,제 전화번호는 공일공 일칠육팔 일팔사구입니다.,010-1768-1849,female,ko-KR-SunHiNeural,1
phone_00649_female.wav,output/phone_00649_female.wav,문자 주실 번호는 공일공 육공구팔 삼구공육입니다.,010-6098-3906,female,ko-KR-SunHiNeural,1
phone_00650_male.wav,output/phone_00650_male.wav,문의는 공일공 사오팔팔 공팔일이으로 주세요.,010-4588-0812,male,ko-KR-InJoonNeural,1
phone_00651_male.wav,output/phone_00651_male.wav,문의는 공일공 이오삼칠 사팔공칠으로 주세요.,010-2537-4807,male,ko-KR-InJoonNeural,1
phone_00652_male.wav,output/phone_00652_male.wav,제 번호는 공일공 육사이구 구칠사팔입니다.,010-6429-9748,male,ko-KR-InJoonNeural,1
phone_00653_male.wav,output/phone_00653_male.wav,제 전화번호는 공일공 이구팔팔 오이구일입니다.,010-2988-5291,male,ko-KR-HyunsuMultilingualNeural,1
phone_00654_female.wav,output/phone_00654_female.wav,전화는 공일공 칠육칠일 구사구육으로 주시면 됩니다.,010-7671-9496,female,ko-KR-SunHiNeural,1
phone_00655_male.wav,output/phone_00655_male.wav,휴대폰 번호는 공일공 팔일팔일 삼이삼삼입니다.,010-8181-3233,male,ko-KR-InJoonNeural,1
phone_00656_male.wav,output/phone_00656_male.wav,문자 주실 번호는 공일공 삼일공사 사오육일입니다.,010-3104-4561,male,ko-KR-InJoonNeural,1
phone_00657_male.wav,output/phone_00657_male.wav,제 전화번호는 공일공 팔공사사 이팔팔육입니다.,010-8044-2886,male,ko-KR-HyunsuMultilingualNeural,1
phone_00658_male.wav,output/phone_00658_male.wav,제 전화번호는 공일공 사공이오 사팔육칠입니다.,010-4025-4867,male,ko-KR-InJoonNeural,1
phone_00659_male.wav,output/phone_00659_male.wav,제 번호는 공일공 이삼육이 사팔공오입니다.,010-2362-4805,male,ko-KR-InJoonNeural,1
phone_00660_male.wav,output/phone_00660_male.wav,휴대폰 번호는 공일공 일육삼사 오오공이입니다.,010-1634-5502,male,ko-KR-InJoonNeural,1
phone_00661_male.wav,output/phone_00661_male.wav,연락 가능 번호는 공일공 이삼구공 이사이팔입니다.,010-2390-2428,male,ko-KR-HyunsuMultilingualNeural,1
phone_00662_male.wav,output/phone_00662_male.wav,제 번호는 공일공 구칠사칠 사팔일구입니다.,010-9747-4819,male,ko-KR-InJoonNeural,1
phone_00663_male.wav,output/phone_00663_male.wav,전화번호는 공일공 칠이일오 칠삼팔육이에요.,010-7215-7386,male,ko-KR-HyunsuMultilingualNeural,1
phone_00664_male.wav,output/phone_00664_male.wav,전화번호는 공일공 사구사이 팔오칠구이에요.,010-4942-8579,male,ko-KR-InJoonNeural,1
phone_00665_female.wav,output/phone_00665_female.wav,휴대폰 번호는 공일공 공공삼팔 이육공사입니다.,010-0038-2604,female,ko-KR-SunHiNeural,1
phone_00666_male.wav,output/phone_00666_male.wav,번호 알려드릴게요. 공일공 구칠일사 오사일사입니다.,010-9714-5414,male,ko-KR-HyunsuMultilingualNeural,1
phone_00667_male.wav,output/phone_00667_male.wav,전화번호는 공일공 일칠삼오 사육칠이이에요.,010-1735-4672,male,ko-KR-HyunsuMultilingualNeural,1
phone_00668_male.wav,output/phone_00668_male.wav,번호 알려드릴게요. 공일공 구사공공 삼오팔육입니다.,010-9400-3586,male,ko-KR-HyunsuMultilingualNeural,1
phone_00669_male.wav,output/phone_00669_male.wav,문자 주실 번호는 공일공 사팔이구 사오일팔입니다.,010-4829-4518,male,ko-KR-InJoonNeural,1
phone_00670_male.wav,output/phone_00670_male.wav,문의는 공일공 이오팔일 이이구구으로 주세요.,010-2581-2299,male,ko-KR-InJoonNeural,1
phone_00671_male.wav,output/phone_00671_male.wav,번호 알려드릴게요. 공일공 구육오삼 오삼구육입니다.,010-9653-5396,male,ko-KR-HyunsuMultilingualNeural,1
phone_00672_male.wav,output/phone_00672_male.wav,번호 알려드릴게요. 공일공 칠일삼삼 팔일팔사입니다.,010-7133-8184,male,ko-KR-HyunsuMultilingualNeural,1
phone_00673_male.wav,output/phone_00673_male.wav,전화번호는 공일공 공삼오구 오팔구삼이에요.,010-0359-5893,male,ko-KR-HyunsuMultilingualNeural,1
phone_00674_female.wav,output/phone_00674_female.wav,휴대폰 번호는 공일공 공이공사 오팔팔칠입니다.,010-0204-5887,female,ko-KR-SunHiNeural,1
phone_00675_female.wav,output/phone_00675_female.wav,제 번호는 공일공 구공구사 공팔오삼입니다.,010-9094-0853,female,ko-KR-SunHiNeural,1
phone_00676_male.wav,output/phone_00676_male.wav,번호 알려드릴게요. 공일공 삼이일팔 칠사오이입니다.,010-3218-7452,male,ko-KR-InJoonNeural,1
phone_00677_male.wav,output/phone_00677_male.wav,전화번호는 공일공 오육오일 구사구공이에요.,010-5651-9490,male,ko-KR-HyunsuMultilingualNeural,1
phone_00678_male.wav,output/phone_00678_male.wav,연락처는 공일공 칠일삼구 사팔사삼입니다.,010-7139-4843,male,ko-KR-HyunsuMultilingualNeural,1
phone_00679_male.wav,output/phone_00679_male.wav,번호 알려드릴게요. 공일공 삼육공육 육사이오입니다.,010-3606-6425,male,ko-KR-HyunsuMultilingualNeural,1
phone_00680_female.wav,output/phone_00680_female.wav,제 전화번호는 공일공 이육구일 사일칠칠입니다.,010-2691-4177,female,ko-KR-SunHiNeural,1
phone_00681_male.wav,output/phone_00681_male.wav,휴대폰 번호는 공일공 이사칠공 구삼일오입니다.,010-2470-9315,male,ko-KR-InJoonNeural,1
phone_00682_male.wav,output/phone_00682_male.wav,번호 알려드릴게요. 공일공 칠오일이 구일사팔입니다.,010-7512-9148,male,ko-KR-HyunsuMultilingualNeural,1
phone_00683_male.wav,output/phone_00683_male.wav,전화번호는 공일공 공이삼사 칠육팔구이에요.,010-0234-7689,male,ko-KR-InJoonNeural,1
phone_00684_female.wav,output/phone_00684_female.wav,연락처는 공일공 육칠칠구 사삼구사입니다.,010-6779-4394,female,ko-KR-SunHiNeural,1
phone_00685_male.wav,output/phone_00685_male.wav,문자 주실 번호는 공일공 육이공이 육칠육오입니다.,010-6202-6765,male,ko-KR-HyunsuMultilingualNeural,1
phone_00686_female.wav,output/phone_00686_female.wav,연락처는 공일공 칠삼사오 육일삼사입니다.,010-7345-6134,female,ko-KR-SunHiNeural,1
phone_00687_female.wav,output/phone_00687_female.wav,연락 가능 번호는 공일공 일공오육 구칠이오입니다.,010-1056-9725,female,ko-KR-SunHiNeural,1
phone_00688_male.wav,output/phone_00688_male.wav,문자 주실 번호는 공일공 칠일공삼 구팔일오입니다.,010-7103-9815,male,ko-KR-InJoonNeural,1
phone_00689_male.wav,output/phone_00689_male.wav,제 전화번호는 공일공 오육오구 팔공팔사입니다.,010-5659-8084,male,ko-KR-HyunsuMultilingualNeural,1
phone_00690_female.wav,output/phone_00690_female.wav,전화번호는 공일공 일육공구 팔사칠칠이에요.,010-1609-8477,female,ko-KR-SunHiNeural,1
phone_00691_male.wav,output/phone_00691_male.wav,문의는 공일공 구육팔육 팔칠팔육으로 주세요.,010-9686-8786,male,ko-KR-HyunsuMultilingualNeural,1
phone_00692_male.wav,output/phone_00692_male.wav,전화는 공일공 구칠구칠 칠칠칠사으로 주시면 됩니다.,010-9797-7774,male,ko-KR-InJoonNeural,1
phone_00693_male.wav,output/phone_00693_male.wav,번호 알려드릴게요. 공일공 오삼구육 칠육칠구입니다.,010-5396-7679,male,ko-KR-InJoonNeural,1
phone_00694_female.wav,output/phone_00694_female.wav,문자 주실 번호는 공일공 일삼이공 사육구공입니다.,010-1320-4690,female,ko-KR-SunHiNeural,1
phone_00695_female.wav,output/phone_00695_female.wav,연락처는 공일공 이팔육팔 공팔이육입니다.,010-2868-0826,female,ko-KR-SunHiNeural,1
phone_00696_female.wav,output/phone_00696_female.wav,문자 주실 번호는 공일공 삼공사육 구팔사삼입니다.,010-3046-9843,female,ko-KR-SunHiNeural,1
phone_00697_female.wav,output/phone_00697_female.wav,연락처는 공일공 삼오일삼 사공이이입니다.,010-3513-4022,female,ko-KR-SunHiNeural,1
phone_00698_female.wav,output/phone_00698_female.wav,연락 가능 번호는 공일공 일공공오 육사칠팔입니다.,010-1005-6478,female,ko-KR-SunHiNeural,1
phone_00699_male.wav,output/phone_00699_male.wav,제 번호는 공일공 오팔팔사 이육오사입니다.,010-5884-2654,male,ko-KR-InJoonNeural,1
phone_00700_female.wav,output/phone_00700_female.wav,연락처는 공일공 오육칠삼 이팔이오입니다.,010-5673-2825,female,ko-KR-SunHiNeural,1
phone_00701_male.wav,output/phone_00701_male.wav,번호 알려드릴게요. 공일공 공팔공일 육일삼칠입니다.,010-0801-6137,male,ko-KR-HyunsuMultilingualNeural,1
phone_00702_male.wav,output/phone_00702_male.wav,제 전화번호는 공일공 오칠칠사 육일공이입니다.,010-5774-6102,male,ko-KR-HyunsuMultilingualNeural,1
phone_00703_female.wav,output/phone_00703_female.wav,제 번호는 공일공 일일이칠 구구칠이입니다.,010-1127-9972,female,ko-KR-SunHiNeural,1
phone_00704_female.wav,output/phone_00704_female.wav,문자 주실 번호는 공일공 오구구일 칠육칠칠입니다.,010-5991-7677,female,ko-KR-SunHiNeural,1
phone_00705_male.wav,output/phone_00705_male.wav,연락 가능 번호는 공일공 삼공육공 팔이삼일입니다.,010-3060-8231,male,ko-KR-InJoonNeural,1
phone_00706_male.wav,output/phone_00706_male.wav,번호 알려드릴게요. 공일공 이팔육일 공일사공입니다.,010-2861-0140,male,ko-KR-HyunsuMultilingualNeural,1
phone_00707_male.wav,output/phone_00707_male.wav,문의는 공일공 삼육오팔 육사칠이으로 주세요.,010-3658-6472,male,ko-KR-InJoonNeural,1
phone_00708_female.wav,output/phone_00708_female.wav,휴대폰 번호는 공일공 공삼일팔 팔팔이팔입니다.,010-0318-8828,female,ko-KR-SunHiNeural,1
phone_00709_male.wav,output/phone_00709_male.wav,전화번호는 공일공 사사공삼 일구이사이에요.,010-4403-1924,male,ko-KR-InJoonNeural,1
phone_00710_male.wav,output/phone_00710_male.wav,연락 가능 번호는 공일공 팔구육삼 이일일오입니다.,010-8963-2115,male,ko-KR-HyunsuMultilingualNeural,1
phone_00711_female.wav,output/phone_00711_female.wav,문의는 공일공 공팔육이 육삼오팔으로 주세요.,010-0862-6358,female,ko-KR-SunHiNeural,1
phone_00712_male.wav,output/phone_00712_male.wav,제 전화번호는 공일공 팔육팔육 팔칠일팔입니다.,010-8686-8718,male,ko-KR-InJoonNeural,1
phone_00713_male.wav,output/phone_00713_male.wav,전화는 공일공 삼팔공이 사구구팔으로 주시면 됩니다.,010-3802-4998,male,ko-KR-InJoonNeural,1
phone_00714_male.wav,output/phone_00714_male.wav,전화는 공일공 팔팔칠육 팔칠구팔으로 주시면 됩니다.,010-8876-8798,male,ko-KR-InJoonNeural,1
phone_00715_male.wav,output/phone_00715_male.wav,연락 가능 번호는 공일공 삼일팔팔 오사사삼입니다.,010-3188-5443,male,ko-KR-InJoonNeural,1
phone_00716_male.wav,output/phone_00716_male.wav,휴대폰 번호는 공일공 팔일일칠 구공사삼입니다.,010-8117-9043,male,ko-KR-HyunsuMultilingualNeural,1
phone_00717_male.wav,output/phone_00717_male.wav,연락 가능 번호는 공일공 삼오이팔 이구사팔입니다.,010-3528-2948,male,ko-KR-HyunsuMultilingualNeural,1
phone_00718_female.wav,output/phone_00718_female.wav,번호 알려드릴게요. 공일공 이구칠공 공구일공입니다.,010-2970-0910,female,ko-KR-SunHiNeural,1
phone_00719_male.wav,output/phone_00719_male.wav,제 번호는 공일공 이오칠팔 오칠이일입니다.,010-2578-5721,male,ko-KR-InJoonNeural,1
phone_00720_male.wav,output/phone_00720_male.wav,제 번호는 공일공 칠칠삼공 구삼일팔입니다.,010-7730-9318,male,ko-KR-HyunsuMultilingualNeural,1
phone_00721_female.wav,output/phone_00721_female.wav,제 전화번호는 공일공 삼일육육 이오육오입니다.,010-3166-2565,female,ko-KR-SunHiNeural,1
phone_00722_female.wav,output/phone_00722_female.wav,연락 가능 번호는 공일공 이사칠오 이오육팔입니다.,010-2475-2568,female,ko-KR-SunHiNeural,1
phone_00723_male.wav,output/phone_00723_male.wav,제 전화번호는 공일공 오육공공 이육삼일입니다.,010-5600-2631,male,ko-KR-InJoonNeural,1
phone_00724_male.wav,output/phone_00724_male.wav,휴대폰 번호는 공일공 이일오일 구칠공구입니다.,010-2151-9709,male,ko-KR-HyunsuMultilingualNeural,1
phone_00725_male.wav,output/phone_00725_male.wav,전화번호는 공일공 육오칠팔 오사칠이이에요.,010-6578-5472,male,ko-KR-InJoonNeural,1
phone_00726_male.wav,output/phone_00726_male.wav,제 전화번호는 공일공 육육삼일 공일칠구입니다.,010-6631-0179,male,ko-KR-InJoonNeural,1
phone_00727_male.wav,output/phone_00727_male.wav,연락 가능 번호는 공일공 구사일공 오구사팔입니다.,010-9410-5948,male,ko-KR-InJoonNeural,1
phone_00728_female.wav,output/phone_00728_female.wav,제 전화번호는 공일공 팔삼일오 사팔일육입니다.,010-8315-4816,female,ko-KR-SunHiNeural,1
phone_00729_female.wav,output/phone_00729_female.wav,전화는 공일공 삼칠삼구 삼공삼육으로 주시면 됩니다.,010-3739-3036,female,ko-KR-SunHiNeural,1
phone_00730_male.wav,output/phone_00730_male.wav,휴대폰 번호는 공일공 일이육오 일오공오입니다.,010-1265-1505,male,ko-KR-InJoonNeural,1
phone_00731_male.wav,output/phone_00731_male.wav,문자 주실 번호는 공일공 육오칠오 칠일사사입니다.,010-6575-7144,male,ko-KR-HyunsuMultilingualNeural,1
phone_00732_female.wav,output/phone_00732_female.wav,문자 주실 번호는 공일공 구일사공 육사사육입니다.,010-9140-6446,female,ko-KR-SunHiNeural,1
phone_00733_male.wav,output/phone_00733_male.wav,휴대폰 번호는 공일공 사삼일공 삼이칠육입니다.,010-4310-3276,male,ko-KR-InJoonNeural,1
phone_00734_male.wav,output/phone_00734_male.wav,연락 가능 번호는 공일공 칠칠삼오 구칠사육입니다.,010-7735-9746,male,ko-KR-InJoonNeural,1
phone_00735_female.wav,output/phone_00735_female.wav,제 전화번호는 공일공 삼이이오 공이칠육입니다.,010-3225-0276,female,ko-KR-SunHiNeural,1
phone_00736_female.wav,output/phone_00736_female.wav,제 전화번호는 공일공 오이사팔 삼공일칠입니다.,010-5248-3017,female,ko-KR-SunHiNeural,1
phone_00737_female.wav,output/phone_00737_female.wav,전화는 공일공 팔오육이 이팔오칠으로 주시면 됩니다.,010-8562-2857,female,ko-KR-SunHiNeural,1
phone_00738_female.wav,output/phone_00738_female.wav,제 전화번호는 공일공 삼일일이 팔팔오구입니다.,010-3112-8859,female,ko-KR-SunHiNeural,1
phone_00739_male.wav,output/phone_00739_male.wav,전화는 공일공 구일팔구 구삼육사으로 주시면 됩니다.,010-9189-9364,male,ko-KR-InJoonNeural,1
phone_00740_male.wav,output/phone_00740_male.wav,전화는 공일공 공팔구삼 오이일사으로 주시면 됩니다.,010-0893-5214,male,ko-KR-InJoonNeural,1
phone_00741_female.wav,output/phone_00741_female.wav,문의는 공일공 공삼삼일 공일칠일으로 주세요.,010-0331-0171,female,ko-KR-SunHiNeural,1
phone_00742_male.wav,output/phone_00742_male.wav,휴대폰 번호는 공일공 일일사공 구오이일입니다.,010-1140-9521,male,ko-KR-InJoonNeural,1
phone_00743_male.wav,output/phone_00743_male.wav,문의는 공일공 공삼일오 공일일구으로 주세요.,010-0315-0119,male,ko-KR-InJoonNeural,1
phone_00744_female.wav,output/phone_00744_female.wav,전화는 공일공 이팔오일 공이사칠으로 주시면 됩니다.,010-2851-0247,female,ko-KR-SunHiNeural,1
phone_00745_male.wav,output/phone_00745_male.wav,휴대폰 번호는 공일공 구공사삼 일공구이입니다.,010-9043-1092,male,ko-KR-HyunsuMultilingualNeural,1
phone_00746_male.wav,output/phone_00746_male.wav,전화번호는 공일공 구사칠삼 공오공구이에요.,010-9473-0509,male,ko-KR-InJoonNeural,1
phone_00747_female.wav,output/phone_00747_female.wav,번호 알려드릴게요. 공일공 사팔칠오 사사구일입니다.,010-4875-4491,female,ko-KR-SunHiNeural,1
phone_00748_male.wav,output/phone_00748_male.wav,제 번호는 공일공 육구오구 사삼삼육입니다.,010-6959-4336,male,ko-KR-HyunsuMultilingualNeural,1
phone_00749_male.wav,output/phone_00749_male.wav,휴대폰 번호는 공일공 칠오칠오 육일오일입니다.,010-7575-6151,male,ko-KR-InJoonNeural,1
phone_00750_male.wav,output/phone_00750_male.wav,전화번호는 공일공 일구이구 팔공구팔이에요.,010-1929-8098,male,ko-KR-InJoonNeural,1
phone_00751_male.wav,output/phone_00751_male.wav,문의는 공일공 오오칠일 구일사삼으로 주세요.,010-5571-9143,male,ko-KR-HyunsuMultilingualNeural,1
phone_00752_male.wav,output/phone_00752_male.wav,전화번호는 공일공 삼삼공육 육사육공이에요.,010-3306-6460,male,ko-KR-HyunsuMultilingualNeural,1
phone_00753_male.wav,output/phone_00753_male.wav,연락 가능 번호는 공일공 팔구구사 삼칠공육입니다.,010-8994-3706,male,ko-KR-HyunsuMultilingualNeural,1
phone_00754_male.wav,output/phone_00754_male.wav,전화번호는 공일공 구이오삼 칠팔구칠이에요.,010-9253-7897,male,ko-KR-HyunsuMultilingualNeural,1
phone_00755_female.wav,output/phone_00755_female.wav,연락처는 공일공 공구공삼 육구공이입니다.,010-0903-6902,female,ko-KR-SunHiNeural,1
phone_00756_female.wav,output/phone_00756_female.wav,제 번호는 공일공 육공공이 이오사칠입니다.,010-6002-2547,female,ko-KR-SunHiNeural,1
phone_00757_female.wav,output/phone_00757_female.wav,문자 주실 번호는 공일공 육육일칠 오오육육입니다.,010-6617-5566,female,ko-KR-SunHiNeural,1
phone_00758_male.wav,output/phone_00758_male.wav,제 전화번호는 공일공 이구삼사 오구이사입니다.,010-2934-5924,male,ko-KR-InJoonNeural,1
phone_00759_male.wav,output/phone_00759_male.wav,연락처는 공일공 오삼구오 공삼팔칠입니다.,010-5395-0387,male,ko-KR-InJoonNeural,1
phone_00760_female.wav,output/phone_00760_female.wav,번호 알려드릴게요. 공일공 육공삼삼 사오사사입니다.,010-6033-4544,female,ko-KR-SunHiNeural,1
phone_00761_male.wav,output/phone_00761_male.wav,휴대폰 번호는 공일공 칠삼칠팔 일팔일칠입니다.,010-7378-1817,male,ko-KR-HyunsuMultilingualNeural,1
phone_00762_male.wav,output/phone_00762_male.wav,번호 알려드릴게요. 공일공 칠팔일오 구칠이일입니다.,010-7815-9721,male,ko-KR-HyunsuMultilingualNeural,1
phone_00763_female.wav,output/phone_00763_female.wav,전화번호는 공일공 구칠육사 육구육팔이에요.,010-9764-6968,female,ko-KR-SunHiNeural,1
phone_00764_male.wav,output/phone_00764_male.wav,전화번호는 공일공 오일오육 삼삼공일이에요.,010-5156-3301,male,ko-KR-HyunsuMultilingualNeural,1
phone_00765_female.wav,output/phone_00765_female.wav,전화번호는 공일공 이일구육 구구일공이에요.,010-2196-9910,female,ko-KR-SunHiNeural,1
phone_00766_female.wav,output/phone_00766_female.wav,연락 가능 번호는 공일공 구사팔사 사이오육입니다.,010-9484-4256,female,ko-KR-SunHiNeural,1
phone_00767_male.wav,output/phone_00767_male.wav,문의는 공일공 오삼구일 오이사삼으로 주세요.,010-5391-5243,male,ko-KR-HyunsuMultilingualNeural,1
phone_00768_male.wav,output/phone_00768_male.wav,문의는 공일공 구삼구삼 일일사공으로 주세요.,010-9393-1140,male,ko-KR-HyunsuMultilingualNeural,1
phone_00769_female.wav,output/phone_00769_female.wav,번호 알려드릴게요. 공일공 사구구구 이팔팔일입니다.,010-4999-2881,female,ko-KR-SunHiNeural,1
phone_00770_female.wav,output/phone_00770_female.wav,제 전화번호는 공일공 삼이이일 오이팔사입니다.,010-3221-5284,female,ko-KR-SunHiNeural,1
phone_00771_male.wav,output/phone_00771_male.wav,번호 알려드릴게요. 공일공 육칠사일 사구삼이입니다.,010-6741-4932,male,ko-KR-HyunsuMultilingualNeural,1
phone_00772_female.wav,output/phone_00772_female.wav,휴대폰 번호는 공일공 사공공구 칠일이사입니다.,010-4009-7124,female,ko-KR-SunHiNeural,1
phone_00773_female.wav,output/phone_00773_female.wav,문자 주실 번호는 공일공 공사공공 일사구구입니다.,010-0400-1499,female,ko-KR-SunHiNeural,1
phone_00774_female.wav,output/phone_00774_female.wav,휴대폰 번호는 공일공 구사공오 일삼이오입니다.,010-9405-1325,female,ko-KR-SunHiNeural,1
phone_00775_male.wav,output/phone_00775_male.wav,전화번호는 공일공 칠사사팔 삼칠이팔이에요.,010-7448-3728,male,ko-KR-InJoonNeural,1
phone_00776_male.wav,output/phone_00776_male.wav,연락 가능 번호는 공일공 팔구오사 일구일육입니다.,010-8954-1916,male,ko-KR-HyunsuMultilingualNeural,1
phone_00777_female.wav,output/phone_00777_female.wav,전화번호는 공일공 이구사팔 일팔삼사이에요.,010-2948-1834,female,ko-KR-SunHiNeural,1
phone_00778_female.wav,output/phone_00778_female.wav,연락처는 공일공 공칠사사 이이삼팔입니다.,010-0744-2238,female,ko-KR-SunHiNeural,1
phone_00779_female.wav,output/phone_00779_female.wav,휴대폰 번호는 공일공 육구공팔 공칠오오입니다.,010-6908-0755,female,ko-KR-SunHiNeural,1
phone_00780_male.wav,output/phone_00780_male.wav,문자 주실 번호는 공일공 육일사구 이팔일육입니다.,010-6149-2816,male,ko-KR-InJoonNeural,1
phone_00781_male.wav,output/phone_00781_male.wav,번호 알려드릴게요. 공일공 사공오구 일삼팔팔입니다.,010-4059-1388,male,ko-KR-HyunsuMultilingualNeural,1
phone_00782_female.wav,output/phone_00782_female.wav,연락 가능 번호는 공일공 일사공오 칠구육팔입니다.,010-1405-7968,female,ko-KR-SunHiNeural,1
phone_00783_female.wav,output/phone_00783_female.wav,연락 가능 번호는 공일공 일칠오삼 칠이팔일입니다.,010-1753-7281,female,ko-KR-SunHiNeural,1
phone_00784_male.wav,output/phone_00784_male.wav,휴대폰 번호는 공일공 육삼일공 사팔팔육입니다.,010-6310-4886,male,ko-KR-HyunsuMultilingualNeural,1
phone_00785_female.wav,output/phone_00785_female.wav,연락처는 공일공 일팔구구 팔팔사일입니다.,010-1899-8841,female,ko-KR-SunHiNeural,1
phone_00786_male.wav,output/phone_00786_male.wav,연락처는 공일공 육육칠육 구일오오입니다.,010-6676-9155,male,ko-KR-InJoonNeural,1
phone_00787_male.wav,output/phone_00787_male.wav,연락처는 공일공 공일육이 팔일육오입니다.,010-0162-8165,male,ko-KR-HyunsuMultilingualNeural,1
phone_00788_male.wav,output/phone_00788_male.wav,문자 주실 번호는 공일공 오오사공 팔이팔구입니다.,010-5540-8289,male,ko-KR-InJoonNeural,1
phone_00789_male.wav,output/phone_00789_male.wav,휴대폰 번호는 공일공 팔팔삼오 일일구공입니다.,010-8835-1190,male,ko-KR-HyunsuMultilingualNeural,1
phone_00790_male.wav,output/phone_00790_male.wav,연락처는 공일공 오팔팔육 구공사이입니다.,010-5886-9042,male,ko-KR-HyunsuMultilingualNeural,1
phone_00791_male.wav,output/phone_00791_male.wav,제 전화번호는 공일공 육삼팔일 칠오삼사입니다.,010-6381-7534,male,ko-KR-InJoonNeural,1
phone_00792_female.wav,output/phone_00792_female.wav,휴대폰 번호는 공일공 사공일사 삼공일오입니다.,010-4014-3015,female,ko-KR-SunHiNeural,1
phone_00793_male.wav,output/phone_00793_male.wav,문자 주실 번호는 공일공 사삼오공 팔공이팔입니다.,010-4350-8028,male,ko-KR-HyunsuMultilingualNeural,1
phone_00794_male.wav,output/phone_00794_male.wav,연락 가능 번호는 공일공 사삼오오 일오육사입니다.,010-4355-1564,male,ko-KR-HyunsuMultilingualNeural,1
phone_00795_female.wav,output/phone_00795_female.wav,제 전화번호는 공일공 사칠공이 구칠공오입니다.,010-4702-9705,female,ko-KR-SunHiNeural,1
phone_00796_male.wav,output/phone_00796_male.wav,전화번호는 공일공 사팔육칠 일이구삼이에요.,010-4867-1293,male,ko-KR-HyunsuMultilingualNeural,1
phone_00797_male.wav,output/phone_00797_male.wav,문자 주실 번호는 공일공 사육공일 구칠오칠입니다.,010-4601-9757,male,ko-KR-InJoonNeural,1
phone_00798_male.wav,output/phone_00798_male.wav,제 전화번호는 공일공 일칠사일 구일팔공입니다.,010-1741-9180,male,ko-KR-HyunsuMultilingualNeural,1
phone_00799_female.wav,output/phone_00799_female.wav,문의는 공일공 구일이공 오육팔공으로 주세요.,010-9120-5680,female,ko-KR-SunHiNeural,1
phone_00800_female.wav,output/phone_00800_female.wav,문자 주실 번호는 공일공 팔칠구삼 이구구삼입니다.,010-8793-2993,female,ko-KR-SunHiNeural,1
phone_00801_female.wav,output/phone_00801_female.wav,번호 알려드릴게요. 공일공 삼팔삼육 구공구사입니다.,010-3836-9094,female,ko-KR-SunHiNeural,1
phone_00802_male.wav,output/phone_00802_male.wav,제 전화번호는 공일공 구공오삼 삼이육오입니다.,010-9053-3265,male,ko-KR-HyunsuMultilingualNeural,1
phone_00803_male.wav,output/phone_00803_male.wav,전화는 공일공 구삼일삼 칠이오육으로 주시면 됩니다.,010-9313-7256,male,ko-KR-InJoonNeural,1
phone_00804_male.wav,output/phone_00804_male.wav,제 번호는 공일공 오구이삼 삼구칠공입니다.,010-5923-3970,male,ko-KR-InJoonNeural,1
phone_00805_female.wav,output/phone_00805_female.wav,문의는 공일공 공오육삼 칠공칠육으로 주세요.,010-0563-7076,female,ko-KR-SunHiNeural,1
phone_00806_male.wav,output/phone_00806_male.wav,제 번호는 공일공 공삼육구 육공오사입니다.,010-0369-6054,male,ko-KR-HyunsuMultilingualNeural,1
phone_00807_male.wav,output/phone_00807_male.wav,번호 알려드릴게요. 공일공 육공공육 일구삼구입니다.,010-6006-1939,male,ko-KR-InJoonNeural,1
phone_00808_male.wav,output/phone_00808_male.wav,문의는 공일공 일공일팔 오팔오팔으로 주세요.,010-1018-5858,male,ko-KR-HyunsuMultilingualNeural,1
phone_00809_male.wav,output/phone_00809_male.wav,제 번호는 공일공 삼일공팔 오오팔육입니다.,010-3108-5586,male,ko-KR-HyunsuMultilingualNeural,1
phone_00810_male.wav,output/phone_00810_male.wav,문의는 공일공 구이오육 이오육구으로 주세요.,010-9256-2569,male,ko-KR-HyunsuMultilingualNeural,1
phone_00811_female.wav,output/phone_00811_female.wav,연락 가능 번호는 공일공 이일구일 칠육이칠입니다.,010-2191-7627,female,ko-KR-SunHiNeural,1
phone_00812_male.wav,output/phone_00812_male.wav,연락처는 공일공 육사사공 오오오사입니다.,010-6440-5554,male,ko-KR-InJoonNeural,1
phone_00813_female.wav,output/phone_00813_female.wav,휴대폰 번호는 공일공 공오삼이 일이일삼입니다.,010-0532-1213,female,ko-KR-SunHiNeural,1
phone_00814_male.wav,output/phone_00814_male.wav,문자 주실 번호는 공일공 칠삼이칠 육오이육입니다.,010-7327-6526,male,ko-KR-InJoonNeural,1
phone_00815_female.wav,output/phone_00815_female.wav,문자 주실 번호는 공일공 육사삼칠 팔육공칠입니다.,010-6437-8607,female,ko-KR-SunHiNeural,1
phone_00816_male.wav,output/phone_00816_male.wav,전화는 공일공 칠삼육공 공사오사으로 주시면 됩니다.,010-7360-0454,male,ko-KR-HyunsuMultilingualNeural,1
phone_00817_male.wav,output/phone_00817_male.wav,제 전화번호는 공일공 이삼삼구 일이팔구입니다.,010-2339-1289,male,ko-KR-InJoonNeural,1
phone_00818_male.wav,output/phone_00818_male.wav,문의는 공일공 사구팔삼 사육팔팔으로 주세요.,010-4983-4688,male,ko-KR-HyunsuMultilingualNeural,1
phone_00819_male.wav,output/phone_00819_male.wav,문의는 공일공 사삼이이 오삼육사으로 주세요.,010-4322-5364,male,ko-KR-HyunsuMultilingualNeural,1
phone_00820_female.wav,output/phone_00820_female.wav,휴대폰 번호는 공일공 이오구육 삼육구오입니다.,010-2596-3695,female,ko-KR-SunHiNeural,1
phone_00821_male.wav,output/phone_00821_male.wav,번호 알려드릴게요. 공일공 공사삼일 삼육사구입니다.,010-0431-3649,male,ko-KR-HyunsuMultilingualNeural,1
phone_00822_female.wav,output/phone_00822_female.wav,전화는 공일공 일칠칠공 구삼일오으로 주시면 됩니다.,010-1770-9315,female,ko-KR-SunHiNeural,1
phone_00823_male.wav,output/phone_00823_male.wav,휴대폰 번호는 공일공 육사구오 삼칠삼오입니다.,010-6495-3735,male,ko-KR-HyunsuMultilingualNeural,1
phone_00824_male.wav,output/phone_00824_male.wav,전화번호는 공일공 삼사이오 삼구일육이에요.,010-3425-3916,male,ko-KR-InJoonNeural,1
phone_00825_male.wav,output/phone_00825_male.wav,번호 알려드릴게요. 공일공 삼삼이공 삼육이일입니다.,010-3320-3621,male,ko-KR-HyunsuMultilingualNeural,1
phone_00826_female.wav,output/phone_00826_female.wav,제 전화번호는 공일공 삼오칠이 이육육삼입니다.,010-3572-2663,female,ko-KR-SunHiNeural,1
phone_00827_male.wav,output/phone_00827_male.wav,문자 주실 번호는 공일공 사칠육오 칠이공칠입니다.,010-4765-7207,male,ko-KR-InJoonNeural,1
phone_00828_male.wav,output/phone_00828_male.wav,휴대폰 번호는 공일공 육공칠일 공삼오삼입니다.,010-6071-0353,male,ko-KR-HyunsuMultilingualNeural,1
phone_00829_male.wav,output/phone_00829_male.wav,휴대폰 번호는 공일공 사일사구 삼이구육입니다.,010-4149-3296,male,ko-KR-InJoonNeural,1
phone_00830_male.wav,output/phone_00830_male.wav,제 번호는 공일공 구사삼삼 삼사일오입니다.,010-9433-3415,male,ko-KR-InJoonNeural,1
phone_00831_male.wav,output/phone_00831_male.wav,제 번호는 공일공 육삼사팔 삼사사공입니다.,010-6348-3440,male,ko-KR-InJoonNeural,1
phone_00832_male.wav,output/phone_00832_male.wav,문의는 공일공 육삼팔사 팔오칠팔으로 주세요.,010-6384-8578,male,ko-KR-HyunsuMultilingualNeural,1
phone_00833_male.wav,output/phone_00833_male.wav,문의는 공일공 오공일사 칠오팔오으로 주세요.,010-5014-7585,male,ko-KR-HyunsuMultilingualNeural,1
phone_00834_male.wav,output/phone_00834_male.wav,문의는 공일공 구일구구 오칠사오으로 주세요.,010-9199-5745,male,ko-KR-InJoonNeural,1
phone_00835_male.wav,output/phone_00835_male.wav,문의는 공일공 이구이일 육육일오으로 주세요.,010-2921-6615,male,ko-KR-HyunsuMultilingualNeural,1
phone_00836_female.wav,output/phone_00836_female.wav,번호 알려드릴게요. 공일공 육오구오 삼이일이입니다.,010-6595-3212,female,ko-KR-SunHiNeural,1
phone_00837_male.wav,output/phone_00837_male.wav,전화번호는 공일공 일구칠공 일육팔사이에요.,010-1970-1684,male,ko-KR-HyunsuMultilingualNeural,1
phone_00838_male.wav,output/phone_00838_male.wav,연락 가능 번호는 공일공 일육삼칠 이일일이입니다.,010-1637-2112,male,ko-KR-HyunsuMultilingualNeural,1
phone_00839_female.wav,output/phone_00839_female.wav,문자 주실 번호는 공일공 일삼공일 오공공구입니다.,010-1301-5009,female,ko-KR-SunHiNeural,1
phone_00840_male.wav,output/phone_00840_male.wav,문자 주실 번호는 공일공 사일팔구 칠공오육입니다.,010-4189-7056,male,ko-KR-HyunsuMultilingualNeural,1
phone_00841_male.wav,output/phone_00841_male.wav,제 전화번호는 공일공 오일구육 삼칠사사입니다.,010-5196-3744,male,ko-KR-InJoonNeural,1
phone_00842_male.wav,output/phone_00842_male.wav,문자 주실 번호는 공일공 사오삼삼 오오오구입니다.,010-4533-5559,male,ko-KR-InJoonNeural,1
phone_00843_male.wav,output/phone_00843_male.wav,번호 알려드릴게요. 공일공 공육삼구 육이팔삼입니다.,010-0639-6283,male,ko-KR-InJoonNeural,1
phone_00844_female.wav,output/phone_00844_female.wav,연락처는 공일공 오사일오 사사팔오입니다.,010-5415-4485,female,ko-KR-SunHiNeural,1
phone_00845_male.wav,output/phone_00845_male.wav,휴대폰 번호는 공일공 칠삼일칠 육일육육입니다.,010-7317-6166,male,ko-KR-HyunsuMultilingualNeural,1
phone_00846_male.wav,output/phone_00846_male.wav,제 번호는 공일공 팔칠오육 삼오구삼입니다.,010-8756-3593,male,ko-KR-InJoonNeural,1
phone_00847_female.wav,output/phone_00847_female.wav,연락 가능 번호는 공일공 팔이오오 팔삼사육입니다.,010-8255-8346,female,ko-KR-SunHiNeural,1
phone_00848_male.wav,output/phone_00848_male.wav,전화번호는 공일공 칠공팔구 오공공팔이에요.,010-7089-5008,male,ko-KR-InJoonNeural,1
phone_00849_male.wav,output/phone_00849_male.wav,연락 가능 번호는 공일공 공삼오칠 공팔칠칠입니다.,010-0357-0877,male,ko-KR-InJoonNeural,1
phone_00850_male.wav,output/phone_00850_male.wav,문자 주실 번호는 공일공 공팔오공 구팔공구입니다.,010-0850-9809,male,ko-KR-InJoonNeural,1
phone_00851_female.wav,output/phone_00851_female.wav,번호 알려드릴게요. 공일공 삼팔팔공 구일사사입니다.,010-3880-9144,female,ko-KR-SunHiNeural,1
phone_00852_male.wav,output/phone_00852_male.wav,휴대폰 번호는 공일공 오이사공 사오구육입니다.,010-5240-4596,male,ko-KR-InJoonNeural,1
phone_00853_female.wav,output/phone_00853_female.wav,문의는 공일공 칠삼오삼 육일팔팔으로 주세요.,010-7353-6188,female,ko-KR-SunHiNeural,1
phone_00854_male.wav,output/phone_00854_male.wav,전화번호는 공일공 사오사육 공공팔육이에요.,010-4546-0086,male,ko-KR-InJoonNeural,1
phone_00855_male.wav,output/phone_00855_male.wav,제 전화번호는 공일공 구육팔구 사구육칠입니다.,010-9689-4967,male,ko-KR-HyunsuMultilingualNeural,1
phone_00856_male.wav,output/phone_00856_male.wav,휴대폰 번호는 공일공 사칠일칠 사오일일입니다.,010-4717-4511,male,ko-KR-HyunsuMultilingualNeural,1
phone_00857_male.wav,output/phone_00857_male.wav,연락처는 공일공 일이이칠 삼일공공입니다.,010-1227-3100,male,ko-KR-HyunsuMultilingualNeural,1
phone_00858_male.wav,output/phone_00858_male.wav,제 전화번호는 공일공 공팔육구 칠사구육입니다.,010-0869-7496,male,ko-KR-InJoonNeural,1
phone_00859_male.wav,output/phone_00859_male.wav,연락처는 공일공 오사칠오 육일일칠입니다.,010-5475-6117,male,ko-KR-HyunsuMultilingualNeural,1
phone_00860_male.wav,output/phone_00860_male.wav,휴대폰 번호는 공일공 육공구일 칠육이일입니다.,010-6091-7621,male,ko-KR-InJoonNeural,1
phone_00861_male.wav,output/phone_00861_male.wav,전화는 공일공 칠구이오 팔육팔이으로 주시면 됩니다.,010-7925-8682,male,ko-KR-InJoonNeural,1
phone_00862_female.wav,output/phone_00862_female.wav,문자 주실 번호는 공일공 이구칠구 사육삼일입니다.,010-2979-4631,female,ko-KR-SunHiNeural,1
phone_00863_male.wav,output/phone_00863_male.wav,문의는 공일공 일육육이 이오일팔으로 주세요.,010-1662-2518,male,ko-KR-HyunsuMultilingualNeural,1
phone_00864_male.wav,output/phone_00864_male.wav,전화번호는 공일공 공이공이 팔칠일일이에요.,010-0202-8711,male,ko-KR-HyunsuMultilingualNeural,1
phone_00865_male.wav,output/phone_00865_male.wav,전화는 공일공 이공이이 이오칠팔으로 주시면 됩니다.,010-2022-2578,male,ko-KR-HyunsuMultilingualNeural,1
phone_00866_male.wav,output/phone_00866_male.wav,문자 주실 번호는 공일공 팔일공이 육구공이입니다.,010-8102-6902,male,ko-KR-HyunsuMultilingualNeural,1
phone_00867_male.wav,output/phone_00867_male.wav,제 전화번호는 공일공 이육사칠 일칠일육입니다.,010-2647-1716,male,ko-KR-InJoonNeural,1
phone_00868_male.wav,output/phone_00868_male.wav,휴대폰 번호는 공일공 팔육팔구 이칠이팔입니다.,010-8689-2728,male,ko-KR-InJoonNeural,1
phone_00869_male.wav,output/phone_00869_male.wav,연락 가능 번호는 공일공 삼팔삼이 삼이육팔입니다.,010-3832-3268,male,ko-KR-InJoonNeural,1
phone_00870_female.wav,output/phone_00870_female.wav,전화번호는 공일공 삼칠삼오 일사오육이에요.,010-3735-1456,female,ko-KR-SunHiNeural,1
phone_00871_male.wav,output/phone_00871_male.wav,번호 알려드릴게요. 공일공 육칠공구 공구육삼입니다.,010-6709-0963,male,ko-KR-HyunsuMultilingualNeural,1
phone_00872_male.wav,output/phone_00872_male.wav,전화번호는 공일공 공공공일 사이오칠이에요.,010-0001-4257,male,ko-KR-InJoonNeural,1
phone_00873_female.wav,output/phone_00873_female.wav,제 전화번호는 공일공 팔칠일육 삼공칠팔입니다.,010-8716-3078,female,ko-KR-SunHiNeural,1
phone_00874_female.wav,output/phone_00874_female.wav,제 전화번호는 공일공 삼이육삼 일육사사입니다.,010-3263-1644,female,ko-KR-SunHiNeural,1
phone_00875_female.wav,output/phone_00875_female.wav,연락 가능 번호는 공일공 구삼사사 이사육이입니다.,010-9344-2462,female,ko-KR-SunHiNeural,1
phone_00876_male.wav,output/phone_00876_male.wav,제 전화번호는 공일공 팔사공오 사공구이입니다.,010-8405-4092,male,ko-KR-InJoonNeural,1
phone_00877_male.wav,output/phone_00877_male.wav,연락처는 공일공 일팔일구 육사구공입니다.,010-1819-6490,male,ko-KR-InJoonNeural,1
phone_00878_female.wav,output/phone_00878_female.wav,전화는 공일공 팔사팔공 공공팔오으로 주시면 됩니다.,010-8480-0085,female,ko-KR-SunHiNeural,1
phone_00879_female.wav,output/phone_00879_female.wav,휴대폰 번호는 공일공 팔일구육 사육삼삼입니다.,010-8196-4633,female,ko-KR-SunHiNeural,1
phone_00880_male.wav,output/phone_00880_male.wav,번호 알려드릴게요. 공일공 공공오삼 팔팔이이입니다.,010-0053-8822,male,ko-KR-HyunsuMultilingualNeural,1
phone_00881_female.wav,output/phone_00881_female.wav,휴대폰 번호는 공일공 사이삼오 육팔일구입니다.,010-4235-6819,female,ko-KR-SunHiNeural,1
phone_00882_female.wav,output/phone_00882_female.wav,문의는 공일공 팔사팔사 공육일팔으로 주세요.,010-8484-0618,female,ko-KR-SunHiNeural,1
phone_00883_female.wav,output/phone_00883_female.wav,문의는 공일공 구칠구일 팔사이공으로 주세요.,010-9791-8420,female,ko-KR-SunHiNeural,1
phone_00884_male.wav,output/phone_00884_male.wav,번호 알려드릴게요. 공일공 사구칠사 이칠이이입니다.,010-4974-2722,male,ko-KR-InJoonNeural,1
phone_00885_male.wav,output/phone_00885_male.wav,제 전화번호는 공일공 사공구오 칠칠일공입니다.,010-4095-7710,male,ko-KR-HyunsuMultilingualNeural,1
phone_00886_male.wav,output/phone_00886_male.wav,문자 주실 번호는 공일공 공사이구 삼오공이입니다.,010-0429-3502,male,ko-KR-InJoonNeural,1
phone_00887_male.wav,output/phone_00887_male.wav,문자 주실 번호는 공일공 이육오육 육일팔칠입니다.,010-2656-6187,male,ko-KR-InJoonNeural,1
phone_00888_male.wav,output/phone_00888_male.wav,번호 알려드릴게요. 공일공 팔공칠이 팔사육공입니다.,010-8072-8460,male,ko-KR-HyunsuMultilingualNeural,1
phone_00889_male.wav,output/phone_00889_male.wav,번호 알려드릴게요. 공일공 이육팔구 이공구육입니다.,010-2689-2096,male,ko-KR-HyunsuMultilingualNeural,1
phone_00890_female.wav,output/phone_00890_female.wav,문의는 공일공 구이팔칠 삼삼사팔으로 주세요.,010-9287-3348,female,ko-KR-SunHiNeural,1
phone_00891_male.wav,output/phone_00891_male.wav,연락처는 공일공 칠사칠육 구이일오입니다.,010-7476-9215,male,ko-KR-InJoonNeural,1
phone_00892_male.wav,output/phone_00892_male.wav,제 전화번호는 공일공 구칠이육 사이육삼입니다.,010-9726-4263,male,ko-KR-HyunsuMultilingualNeural,1
phone_00893_female.wav,output/phone_00893_female.wav,제 전화번호는 공일공 구육육구 오삼일일입니다.,010-9669-5311,female,ko-KR-SunHiNeural,1
phone_00894_male.wav,output/phone_00894_male.wav,전화번호는 공일공 오삼공칠 육공삼일이에요.,010-5307-6031,male,ko-KR-HyunsuMultilingualNeural,1
phone_00895_female.wav,output/phone_00895_female.wav,문의는 공일공 이칠이구 팔공이삼으로 주세요.,010-2729-8023,female,ko-KR-SunHiNeural,1
phone_00896_male.wav,output/phone_00896_male.wav,전화는 공일공 칠이육팔 구구구칠으로 주시면 됩니다.,010-7268-9997,male,ko-KR-HyunsuMultilingualNeural,1
phone_00897_female.wav,output/phone_00897_female.wav,문자 주실 번호는 공일공 사구이팔 이공사오입니다.,010-4928-2045,female,ko-KR-SunHiNeural,1
phone_00898_male.wav,output/phone_00898_male.wav,제 번호는 공일공 일삼사육 일이삼육입니다.,010-1346-1236,male,ko-KR-InJoonNeural,1
phone_00899_female.wav,output/phone_00899_female.wav,휴대폰 번호는 공일공 공구육칠 구칠일이입니다.,010-0967-9712,female,ko-KR-SunHiNeural,1
phone_00900_female.wav,output/phone_00900_female.wav,전화번호는 공일공 구일칠삼 육구이삼이에요.,010-9173-6923,female,ko-KR-SunHiNeural,1
phone_00901_male.wav,output/phone_00901_male.wav,번호 알려드릴게요. 공일공 칠육공삼 사일팔육입니다.,010-7603-4186,male,ko-KR-HyunsuMultilingualNeural,1
phone_00902_male.wav,output/phone_00902_male.wav,연락처는 공일공 팔팔사팔 일삼육이입니다.,010-8848-1362,male,ko-KR-InJoonNeural,1
phone_00903_male.wav,output/phone_00903_male.wav,연락 가능 번호는 공일공 팔공이팔 이팔칠공입니다.,010-8028-2870,male,ko-KR-InJoonNeural,1
phone_00904_male.wav,output/phone_00904_male.wav,제 번호는 공일공 육구오공 이공일일입니다.,010-6950-2011,male,ko-KR-InJoonNeural,1
phone_00905_male.wav,output/phone_00905_male.wav,제 번호는 공일공 팔팔공이 육삼사오입니다.,010-8802-6345,male,ko-KR-HyunsuMultilingualNeural,1
phone_00906_male.wav,output/phone_00906_male.wav,연락 가능 번호는 공일공 팔공일구 구삼육오입니다.,010-8019-9365,male,ko-KR-HyunsuMultilingualNeural,1
phone_00907_male.wav,output/phone_00907_male.wav,연락처는 공일공 육오일사 공삼육칠입니다.,010-6514-0367,male,ko-KR-HyunsuMultilingualNeural,1
phone_00908_male.wav,output/phone_00908_male.wav,휴대폰 번호는 공일공 삼육삼구 일공삼이입니다.,010-3639-1032,male,ko-KR-HyunsuMultilingualNeural,1
phone_00909_male.wav,output/phone_00909_male.wav,문자 주실 번호는 공일공 이칠칠이 오이사일입니다.,010-2772-5241,male,ko-KR-HyunsuMultilingualNeural,1
phone_00910_male.wav,output/phone_00910_male.wav,휴대폰 번호는 공일공 구육삼삼 팔오칠공입니다.,010-9633-8570,male,ko-KR-InJoonNeural,1
phone_00911_male.wav,output/phone_00911_male.wav,제 번호는 공일공 오이육일 구이삼오입니다.,010-5261-9235,male,ko-KR-HyunsuMultilingualNeural,1
phone_00912_male.wav,output/phone_00912_male.wav,전화는 공일공 공사공사 육일오육으로 주시면 됩니다.,010-0404-6156,male,ko-KR-InJoonNeural,1
phone_00913_male.wav,output/phone_00913_male.wav,문의는 공일공 칠구팔공 사공오육으로 주세요.,010-7980-4056,male,ko-KR-InJoonNeural,1
phone_00914_male.wav,output/phone_00914_male.wav,휴대폰 번호는 공일공 팔팔칠삼 이공사공입니다.,010-8873-2040,male,ko-KR-HyunsuMultilingualNeural,1
phone_00915_male.wav,output/phone_00915_male.wav,휴대폰 번호는 공일공 칠팔사오 이오오사입니다.,010-7845-2554,male,ko-KR-InJoonNeural,1
phone_00916_male.wav,output/phone_00916_male.wav,제 전화번호는 공일공 칠삼공삼 육팔삼일입니다.,010-7303-6831,male,ko-KR-HyunsuMultilingualNeural,1
phone_00917_male.wav,output/phone_00917_male.wav,제 번호는 공일공 이오일이 일구오사입니다.,010-2512-1954,male,ko-KR-HyunsuMultilingualNeural,1
phone_00918_female.wav,output/phone_00918_female.wav,문자 주실 번호는 공일공 오팔일이 팔구삼팔입니다.,010-5812-8938,female,ko-KR-SunHiNeural,1
phone_00919_female.wav,output/phone_00919_female.wav,전화는 공일공 팔이공삼 칠공오구으로 주시면 됩니다.,010-8203-7059,female,ko-KR-SunHiNeural,1
phone_00920_male.wav,output/phone_00920_male.wav,제 번호는 공일공 공칠팔삼 칠육팔삼입니다.,010-0783-7683,male,ko-KR-InJoonNeural,1
phone_00921_female.wav,output/phone_00921_female.wav,문의는 공일공 칠육팔오 삼구이육으로 주세요.,010-7685-3926,female,ko-KR-SunHiNeural,1
phone_00922_male.wav,output/phone_00922_male.wav,제 번호는 공일공 오공일육 육칠이구입니다.,010-5016-6729,male,ko-KR-InJoonNeural,1
phone_00923_male.wav,output/phone_00923_male.wav,제 전화번호는 공일공 사칠칠삼 오일이칠입니다.,010-4773-5127,male,ko-KR-HyunsuMultilingualNeural,1
phone_00924_female.wav,output/phone_00924_female.wav,문의는 공일공 일오팔오 구일팔육으로 주세요.,010-1585-9186,female,ko-KR-SunHiNeural,1
phone_00925_male.wav,output/phone_00925_male.wav,연락처는 공일공 육공일구 팔구오사입니다.,010-6019-8954,male,ko-KR-InJoonNeural,1
phone_00926_female.wav,output/phone_00926_female.wav,문의는 공일공 삼이칠일 팔팔구오으로 주세요.,010-3271-8895,female,ko-KR-SunHiNeural,1
phone_00927_male.wav,output/phone_00927_male.wav,전화는 공일공 일팔구팔 공팔사팔으로 주시면 됩니다.,010-1898-0848,male,ko-KR-InJoonNeural,1
phone_00928_female.wav,output/phone_00928_female.wav,제 번호는 공일공 오팔구공 사육이오입니다.,010-5890-4625,female,ko-KR-SunHiNeural,1
phone_00929_male.wav,output/phone_00929_male.wav,연락처는 공일공 일사구육 오이육육입니다.,010-1496-5266,male,ko-KR-InJoonNeural,1
phone_00930_male.wav,output/phone_00930_male.wav,제 전화번호는 공일공 구구사사 구오공칠입니다.,010-9944-9507,male,ko-KR-HyunsuMultilingualNeural,1
phone_00931_male.wav,output/phone_00931_male.wav,전화번호는 공일공 사칠칠구 팔삼이이이에요.,010-4779-8322,male,ko-KR-InJoonNeural,1
phone_00932_male.wav,output/phone_00932_male.wav,번호 알려드릴게요. 공일공 구이사공 삼팔구삼입니다.,010-9240-3893,male,ko-KR-HyunsuMultilingualNeural,1
phone_00933_male.wav,output/phone_00933_male.wav,번호 알려드릴게요. 공일공 삼일육육 사공오사입니다.,010-3166-4054,male,ko-KR-HyunsuMultilingualNeural,1
phone_00934_male.wav,output/phone_00934_male.wav,연락 가능 번호는 공일공 육일육일 구삼삼육입니다.,010-6161-9336,male,ko-KR-InJoonNeural,1
phone_00935_female.wav,output/phone_00935_female.wav,제 번호는 공일공 칠오일팔 오일이칠입니다.,010-7518-5127,female,ko-KR-SunHiNeural,1
phone_00936_female.wav,output/phone_00936_female.wav,전화는 공일공 삼오팔칠 공칠오오으로 주시면 됩니다.,010-3587-0755,female,ko-KR-SunHiNeural,1
phone_00937_male.wav,output/phone_00937_male.wav,연락처는 공일공 이사삼칠 공육삼이입니다.,010-2437-0632,male,ko-KR-HyunsuMultilingualNeural,1
phone_00938_male.wav,output/phone_00938_male.wav,연락 가능 번호는 공일공 오칠육일 칠칠일사입니다.,010-5761-7714,male,ko-KR-InJoonNeural,1
phone_00939_male.wav,output/phone_00939_male.wav,문자 주실 번호는 공일공 사칠구육 일팔공칠입니다.,010-4796-1807,male,ko-KR-InJoonNeural,1
phone_00940_female.wav,output/phone_00940_female.wav,제 번호는 공일공 사팔육육 공삼일삼입니다.,010-4866-0313,female,ko-KR-SunHiNeural,1
phone_00941_male.wav,output/phone_00941_male.wav,연락 가능 번호는 공일공 오삼사팔 육구오팔입니다.,010-5348-6958,male,ko-KR-HyunsuMultilingualNeural,1
phone_00942_female.wav,output/phone_00942_female.wav,연락처는 공일공 팔공오공 이구육사입니다.,010-8050-2964,female,ko-KR-SunHiNeural,1
phone_00943_female.wav,output/phone_00943_female.wav,제 전화번호는 공일공 구오일육 구팔사일입니다.,010-9516-9841,female,ko-KR-SunHiNeural,1
phone_00944_male.wav,output/phone_00944_male.wav,제 전화번호는 공일공 삼삼칠이 구일사일입니다.,010-3372-9141,male,ko-KR-InJoonNeural,1
phone_00945_male.wav,output/phone_00945_male.wav,문자 주실 번호는 공일공 육칠오이 이공팔공입니다.,010-6752-2080,male,ko-KR-InJoonNeural,1
phone_00946_male.wav,output/phone_00946_male.wav,문자 주실 번호는 공일공 구오육삼 육삼오칠입니다.,010-9563-6357,male,ko-KR-HyunsuMultilingualNeural,1
phone_00947_female.wav,output/phone_00947_female.wav,번호 알려드릴게요. 공일공 구공구육 공일구삼입니다.,010-9096-0193,female,ko-KR-SunHiNeural,1
phone_00948_male.wav,output/phone_00948_male.wav,연락 가능 번호는 공일공 이팔칠육 팔팔육팔입니다.,010-2876-8868,male,ko-KR-HyunsuMultilingualNeural,1
phone_00949_male.wav,output/phone_00949_male.wav,전화번호는 공일공 오이공육 칠일공오이에요.,010-5206-7105,male,ko-KR-InJoonNeural,1
phone_00950_male.wav,output/phone_00950_male.wav,연락처는 공일공 이일사팔 육오공오입니다.,010-2148-6505,male,ko-KR-InJoonNeural,1
phone_00951_male.wav,output/phone_00951_male.wav,휴대폰 번호는 공일공 이이오구 공칠칠일입니다.,010-2259-0771,male,ko-KR-HyunsuMultilingualNeural,1
phone_00952_male.wav,output/phone_00952_male.wav,문자 주실 번호는 공일공 오공칠팔 구이이삼입니다.,010-5078-9223,male,ko-KR-InJoonNeural,1
phone_00953_male.wav,output/phone_00953_male.wav,번호 알려드릴게요. 공일공 칠구이팔 공일칠사입니다.,010-7928-0174,male,ko-KR-HyunsuMultilingualNeural,1
phone_00954_male.wav,output/phone_00954_male.wav,전화는 공일공 오사공일 오팔일사으로 주시면 됩니다.,010-5401-5814,male,ko-KR-InJoonNeural,1
phone_00955_female.wav,output/phone_00955_female.wav,제 전화번호는 공일공 삼팔공구 팔삼팔칠입니다.,010-3809-8387,female,ko-KR-SunHiNeural,1
phone_00956_male.wav,output/phone_00956_male.wav,연락 가능 번호는 공일공 팔육육공 공사사칠입니다.,010-8660-0447,male,ko-KR-HyunsuMultilingualNeural,1
phone_00957_female.wav,output/phone_00957_female.wav,휴대폰 번호는 공일공 팔팔일삼 구구삼구입니다.,010-8813-9939,female,ko-KR-SunHiNeural,1
phone_00958_male.wav,output/phone_00958_male.wav,제 번호는 공일공 오구일오 팔삼공사입니다.,010-5915-8304,male,ko-KR-HyunsuMultilingualNeural,1
phone_00959_female.wav,output/phone_00959_female.wav,휴대폰 번호는 공일공 오구일사 칠칠일칠입니다.,010-5914-7717,female,ko-KR-SunHiNeural,1
phone_00960_female.wav,output/phone_00960_female.wav,문자 주실 번호는 공일공 일이공팔 오구공칠입니다.,010-1208-5907,female,ko-KR-SunHiNeural,1
phone_00961_male.wav,output/phone_00961_male.wav,제 전화번호는 공일공 육오일육 일삼이팔입니다.,010-6516-1328,male,ko-KR-HyunsuMultilingualNeural,1
phone_00962_female.wav,output/phone_00962_female.wav,전화는 공일공 오이삼육 육일팔삼으로 주시면 됩니다.,010-5236-6183,female,ko-KR-SunHiNeural,1
phone_00963_female.wav,output/phone_00963_female.wav,문자 주실 번호는 공일공 삼공일육 칠칠오오입니다.,010-3016-7755,female,ko-KR-SunHiNeural,1
phone_00964_female.wav,output/phone_00964_female.wav,번호 알려드릴게요. 공일공 공이사일 삼이삼육입니다.,010-0241-3236,female,ko-KR-SunHiNeural,1
phone_00965_male.wav,output/phone_00965_male.wav,제 번호는 공일공 이공삼팔 삼사구칠입니다.,010-2038-3497,male,ko-KR-HyunsuMultilingualNeural,1
phone_00966_male.wav,output/phone_00966_male.wav,제 번호는 공일공 공팔칠이 사오일구입니다.,010-0872-4519,male,ko-KR-HyunsuMultilingualNeural,1
phone_00967_male.wav,output/phone_00967_male.wav,연락 가능 번호는 공일공 구구오삼 일사이삼입니다.,010-9953-1423,male,ko-KR-HyunsuMultilingualNeural,1
phone_00968_male.wav,output/phone_00968_male.wav,연락 가능 번호는 공일공 구팔칠일 공칠오오입니다.,010-9871-0755,male,ko-KR-HyunsuMultilingualNeural,1
phone_00969_male.wav,output/phone_00969_male.wav,제 번호는 공일공 팔오이공 일오팔공입니다.,010-8520-1580,male,ko-KR-InJoonNeural,1
phone_00970_female.wav,output/phone_00970_female.wav,전화번호는 공일공 육삼오삼 구오이팔이에요.,010-6353-9528,female,ko-KR-SunHiNeural,1
phone_00971_female.wav,output/phone_00971_female.wav,문자 주실 번호는 공일공 팔칠팔칠 이오사육입니다.,010-8787-2546,female,ko-KR-SunHiNeural,1
phone_00972_male.wav,output/phone_00972_male.wav,제 전화번호는 공일공 칠일공칠 칠칠이삼입니다.,010-7107-7723,male,ko-KR-InJoonNeural,1
phone_00973_male.wav,output/phone_00973_male.wav,번호 알려드릴게요. 공일공 구일오육 육팔오오입니다.,010-9156-6855,male,ko-KR-InJoonNeural,1
phone_00974_female.wav,output/phone_00974_female.wav,연락 가능 번호는 공일공 칠오칠일 육구삼공입니다.,010-7571-6930,female,ko-KR-SunHiNeural,1
phone_00975_female.wav,output/phone_00975_female.wav,번호 알려드릴게요. 공일공 육이칠오 오구이팔입니다.,010-6275-5928,female,ko-KR-SunHiNeural,1
phone_00976_female.wav,output/phone_00976_female.wav,연락 가능 번호는 공일공 육사이일 육이칠오입니다.,010-6421-6275,female,ko-KR-SunHiNeural,1
phone_00977_male.wav,output/phone_00977_male.wav,전화번호는 공일공 구삼오이 오일칠공이에요.,010-9352-5170,male,ko-KR-InJoonNeural,1
phone_00978_female.wav,output/phone_00978_female.wav,문자 주실 번호는 공일공 팔이육이 팔삼일사입니다.,010-8262-8314,female,ko-KR-SunHiNeural,1
phone_00979_male.wav,output/phone_00979_male.wav,연락 가능 번호는 공일공 이일삼구 칠육오삼입니다.,010-2139-7653,male,ko-KR-InJoonNeural,1
phone_00980_female.wav,output/phone_00980_female.wav,문자 주실 번호는 공일공 사오사삼 사공오이입니다.,010-4543-4052,female,ko-KR-SunHiNeural,1
phone_00981_male.wav,output/phone_00981_male.wav,전화는 공일공 구일구팔 칠삼이오으로 주시면 됩니다.,010-9198-7325,male,ko-KR-HyunsuMultilingualNeural,1
phone_00982_female.wav,output/phone_00982_female.wav,문의는 공일공 육구구육 구삼육이으로 주세요.,010-6996-9362,female,ko-KR-SunHiNeural,1
phone_00983_female.wav,output/phone_00983_female.wav,문의는 공일공 오삼삼팔 육육삼이으로 주세요.,010-5338-6632,female,ko-KR-SunHiNeural,1
phone_00984_female.wav,output/phone_00984_female.wav,연락처는 공일공 사공구이 삼육팔팔입니다.,010-4092-3688,female,ko-KR-SunHiNeural,1
phone_00985_female.wav,output/phone_00985_female.wav,휴대폰 번호는 공일공 구사육오 칠육공삼입니다.,010-9465-7603,female,ko-KR-SunHiNeural,1
phone_00986_female.wav,output/phone_00986_female.wav,번호 알려드릴게요. 공일공 오칠삼칠 칠공칠공입니다.,010-5737-7070,female,ko-KR-SunHiNeural,1
phone_00987_male.wav,output/phone_00987_male.wav,연락처는 공일공 사오칠칠 팔칠팔구입니다.,010-4577-8789,male,ko-KR-InJoonNeural,1
phone_00988_male.wav,output/phone_00988_male.wav,연락처는 공일공 일이칠이 육오구칠입니다.,010-1272-6597,male,ko-KR-HyunsuMultilingualNeural,1
phone_00989_male.wav,output/phone_00989_male.wav,제 전화번호는 공일공 팔사사공 육칠공오입니다.,010-8440-6705,male,ko-KR-InJoonNeural,1
phone_00990_male.wav,output/phone_00990_male.wav,연락처는 공일공 일일일공 사사사삼입니다.,010-1110-4443,male,ko-KR-HyunsuMultilingualNeural,1
phone_00991_male.wav,output/phone_00991_male.wav,전화는 공일공 이일오구 팔삼사사으로 주시면 됩니다.,010-2159-8344,male,ko-KR-HyunsuMultilingualNeural,1
phone_00992_female.wav,output/phone_00992_female.wav,문의는 공일공 사오오구 칠사이오으로 주세요.,010-4559-7425,female,ko-KR-SunHiNeural,1
phone_00993_female.wav,output/phone_00993_female.wav,연락 가능 번호는 공일공 육칠팔팔 구사오사입니다.,010-6788-9454,female,ko-KR-SunHiNeural,1
phone_00994_male.wav,output/phone_00994_male.wav,번호 알려드릴게요. 공일공 공사오오 일이공삼입니다.,010-0455-1203,male,ko-KR-HyunsuMultilingualNeural,1
phone_00995_male.wav,output/phone_00995_male.wav,전화번호는 공일공 공삼삼칠 공이칠칠이에요.,010-0337-0277,male,ko-KR-HyunsuMultilingualNeural,1
phone_00996_male.wav,output/phone_00996_male.wav,연락처는 공일공 팔이구일 일공사육입니다.,010-8291-1046,male,ko-KR-HyunsuMultilingualNeural,1
phone_00997_female.wav,output/phone_00997_female.wav,번호 알려드릴게요. 공일공 이육일일 칠팔사구입니다.,010-2611-7849,female,ko-KR-SunHiNeural,1
phone_00998_female.wav,output/phone_00998_female.wav,번호 알려드릴게요. 공일공 오삼육팔 사삼오일입니다.,010-5368-4351,female,ko-KR-SunHiNeural,1
phone_00999_female.wav,output/phone_00999_female.wav,전화번호는 공일공 칠육일공 일일일사이에요.,010-7610-1114,female,ko-KR-SunHiNeural,1
