filename,filepath,text,phone,gender,voice,detect
phone_00000_female.wav,output/phone_00000_female.wav,전화번호는 공일공 이공오사 팔삼칠육이에요.,010-2054-8376,female,ko-KR-SunHiNeural,1
phone_00001_male.wav,output/phone_00001_male.wav,연락처는 공일공 구구팔삼 칠오이구입니다.,010-9983-7529,male,ko-KR-HyunsuMultilingualNeural,1
phone_00002_female.wav,output/phone_00002_female.wav,전화번호는 공일공 팔공일팔 칠일삼오이에요.,010-8018-7135,female,ko-KR-SunHiNeural,1
phone_00003_female.wav,output/phone_00003_female.wav,문의는 공일공 팔구구칠 공사오공으로 주세요.,010-8997-0450,female,ko-KR-SunHiNeural,1
phone_00004_female.wav,output/phone_00004_female.wav,연락 가능 번호는 공일공 이일육팔 삼이오일입니다.,010-2168-3251,female,ko-KR-SunHiNeural,1
phone_00005_male.wav,output/phone_00005_male.wav,문자 주실 번호는 공일공 오삼삼구 공공삼육입니다.,010-5339-0036,male,ko-KR-InJoonNeural,1
phone_00006_male.wav,output/phone_00006_male.wav,전화는 공일공 팔오삼팔 공칠삼팔으로 주시면 됩니다.,010-8538-0738,male,ko-KR-HyunsuMultilingualNeural,1
phone_00007_male.wav,output/phone_00007_male.wav,연락 가능 번호는 공일공 구구구일 팔이칠칠입니다.,010-9991-8277,male,ko-KR-HyunsuMultilingualNeural,1
phone_00008_female.wav,output/phone_00008_female.wav,문의는 공일공 칠삼이일 육공칠삼으로 주세요.,010-7321-6073,female,ko-KR-SunHiNeural,1
phone_00009_male.wav,output/phone_00009_male.wav,제 번호는 공일공 팔일삼오 오이구육입니다.,010-8135-5296,male,ko-KR-InJoonNeural,1
phone_00010_male.wav,output/phone_00010_male.wav,연락 가능 번호는 공일공 칠육사사 일공이팔입니다.,010-7644-1028,male,ko-KR-InJoonNeural,1
phone_00011_male.wav,output/phone_00011_male.wav,제 전화번호는 공일공 이이이이 구일공팔입니다.,010-2222-9108,male,ko-KR-HyunsuMultilingualNeural,1
phone_00012_male.wav,output/phone_00012_male.wav,휴대폰 번호는 공일공 일칠칠육 일칠칠삼입니다.,010-1776-1773,male,ko-KR-InJoonNeural,1
phone_00013_male.wav,output/phone_00013_male.wav,전화번호는 공일공 칠육팔공 공구칠구이에요.,010-7680-0979,male,ko-KR-HyunsuMultilingualNeural,1
phone_00014_male.wav,output/phone_00014_male.wav,문자 주실 번호는 공일공 구일팔일 팔구오육입니다.,010-9181-8956,male,ko-KR-HyunsuMultilingualNeural,1
phone_00015_female.wav,output/phone_00015_female.wav,휴대폰 번호는 공일공 구사공오 이팔이이입니다.,010-9405-2822,female,ko-KR-SunHiNeural,1
phone_00016_male.wav,output/phone_00016_male.wav,전화는 공일공 삼구육육 육오팔구으로 주시면 됩니다.,010-3966-6589,male,ko-KR-InJoonNeural,1
phone_00017_female.wav,output/phone_00017_female.wav,번호 알려드릴게요. 공일공 팔일공이 공이칠이입니다.,010-8102-0272,female,ko-KR-SunHiNeural,1
phone_00018_male.wav,output/phone_00018_male.wav,문자 주실 번호는 공일공 오일공공 오공사사입니다.,010-5100-5044,male,ko-KR-InJoonNeural,1
phone_00019_male.wav,output/phone_00019_male.wav,문의는 공일공 오삼칠이 팔사오이으로 주세요.,010-5372-8452,male,ko-KR-HyunsuMultilingualNeural,1
phone_00020_female.wav,output/phone_00020_female.wav,번호 알려드릴게요. 공일공 오삼삼사 삼사구오입니다.,010-5334-3495,female,ko-KR-SunHiNeural,1
phone_00021_female.wav,output/phone_00021_female.wav,휴대폰 번호는 공일공 육사구팔 오팔사구입니다.,010-6498-5849,female,ko-KR-SunHiNeural,1
phone_00022_male.wav,output/phone_00022_male.wav,문자 주실 번호는 공일공 일육육공 삼육육오입니다.,010-1660-3665,male,ko-KR-HyunsuMultilingualNeural,1
phone_00023_male.wav,output/phone_00023_male.wav,번호 알려드릴게요. 공일공 육육육삼 오일공칠입니다.,010-6663-5107,male,ko-KR-InJoonNeural,1
phone_00024_female.wav,output/phone_00024_female.wav,휴대폰 번호는 공일공 구오일팔 구공이육입니다.,010-9518-9026,female,ko-KR-SunHiNeural,1
phone_00025_female.wav,output/phone_00025_female.wav,문자 주실 번호는 공일공 이칠공공 일삼육사입니다.,010-2700-1364,female,ko-KR-SunHiNeural,1
phone_00026_male.wav,output/phone_00026_male.wav,제 번호는 공일공 삼팔삼육 오일공사입니다.,010-3836-5104,male,ko-KR-InJoonNeural,1
phone_00027_male.wav,output/phone_00027_male.wav,제 번호는 공일공 오이구일 이사칠이입니다.,010-5291-2472,male,ko-KR-InJoonNeural,1
phone_00028_female.wav,output/phone_00028_female.wav,전화번호는 공일공 공구팔삼 공공칠공이에요.,010-0983-0070,female,ko-KR-SunHiNeural,1
phone_00029_female.wav,output/phone_00029_female.wav,문자 주실 번호는 공일공 칠칠삼칠 칠삼칠사입니다.,010-7737-7374,female,ko-KR-SunHiNeural,1
phone_00030_male.wav,output/phone_00030_male.wav,문의는 공일공 일육팔공 일칠이이으로 주세요.,010-1680-1722,male,ko-KR-InJoonNeural,1
phone_00031_male.wav,output/phone_00031_male.wav,전화번호는 공일공 구구공사 삼육사삼이에요.,010-9904-3643,male,ko-KR-InJoonNeural,1
phone_00032_female.wav,output/phone_00032_female.wav,전화는 공일공 공삼일공 공오공공으로 주시면 됩니다.,010-0310-0500,female,ko-KR-SunHiNeural,1
phone_00033_male.wav,output/phone_00033_male.wav,휴대폰 번호는 공일공 오일공칠 구오팔공입니다.,010-5107-9580,male,ko-KR-HyunsuMultilingualNeural,1
phone_00034_male.wav,output/phone_00034_male.wav,제 번호는 공일공 일공오칠 공구이공입니다.,010-1057-0920,male,ko-KR-InJoonNeural,1
phone_00035_male.wav,output/phone_00035_male.wav,연락 가능 번호는 공일공 사구구이 일일공사입니다.,010-4992-1104,male,ko-KR-HyunsuMultilingualNeural,1
phone_00036_male.wav,output/phone_00036_male.wav,휴대폰 번호는 공일공 팔팔칠구 구일칠구입니다.,010-8879-9179,male,ko-KR-InJoonNeural,1
phone_00037_male.wav,output/phone_00037_male.wav,문자 주실 번호는 공일공 육사육삼 삼사이공입니다.,010-6463-3420,male,ko-KR-HyunsuMultilingualNeural,1
phone_00038_female.wav,output/phone_00038_female.wav,연락처는 공일공 팔삼일팔 오사일구입니다.,010-8318-5419,female,ko-KR-SunHiNeural,1
phone_00039_male.wav,output/phone_00039_male.wav,문자 주실 번호는 공일공 공이공육 사사육팔입니다.,010-0206-4468,male,ko-KR-HyunsuMultilingualNeural,1
phone_00040_female.wav,output/phone_00040_female.wav,연락처는 공일공 오오육칠 일일이팔입니다.,010-5567-1128,female,ko-KR-SunHiNeural,1
phone_00041_male.wav,output/phone_00041_male.wav,전화는 공일공 사이구삼 팔공사구으로 주시면 됩니다.,010-4293-8049,male,ko-KR-HyunsuMultilingualNeural,1
phone_00042_male.wav,output/phone_00042_male.wav,전화는 공일공 칠구일일 팔육삼사으로 주시면 됩니다.,010-7911-8634,male,ko-KR-HyunsuMultilingualNeural,1
phone_00043_male.wav,output/phone_00043_male.wav,연락처는 공일공 오팔구오 공구공칠입니다.,010-5895-0907,male,ko-KR-HyunsuMultilingualNeural,1
phone_00044_male.wav,output/phone_00044_male.wav,전화번호는 공일공 육삼삼공 이일공오이에요.,010-6330-2105,male,ko-KR-InJoonNeural,1
phone_00045_male.wav,output/phone_00045_male.wav,문자 주실 번호는 공일공 삼칠구사 팔일구사입니다.,010-3794-8194,male,ko-KR-HyunsuMultilingualNeural,1
phone_00046_female.wav,output/phone_00046_female.wav,연락처는 공일공 오칠육공 구팔이구입니다.,010-5760-9829,female,ko-KR-SunHiNeural,1
phone_00047_male.wav,output/phone_00047_male.wav,제 번호는 공일공 칠삼구구 사이팔팔입니다.,010-7399-4288,male,ko-KR-HyunsuMultilingualNeural,1
phone_00048_male.wav,output/phone_00048_male.wav,제 전화번호는 공일공 공육구오 오일오삼입니다.,010-0695-5153,male,ko-KR-HyunsuMultilingualNeural,1
phone_00049_male.wav,output/phone_00049_male.wav,전화는 공일공 일사삼일 오구구사으로 주시면 됩니다.,010-1431-5994,male,ko-KR-HyunsuMultilingualNeural,1
phone_00050_male.wav,output/phone_00050_male.wav,문자 주실 번호는 공일공 육사구칠 칠이사칠입니다.,010-6497-7247,male,ko-KR-HyunsuMultilingualNeural,1
phone_00051_male.wav,output/phone_00051_male.wav,제 번호는 공일공 공팔이구 팔구육구입니다.,010-0829-8969,male,ko-KR-InJoonNeural,1
phone_00052_female.wav,output/phone_00052_female.wav,문의는 공일공 칠구사이 오공구공으로 주세요.,010-7942-5090,female,ko-KR-SunHiNeural,1
phone_00053_male.wav,output/phone_00053_male.wav,제 번호는 공일공 구팔공이 공구칠삼입니다.,010-9802-0973,male,ko-KR-HyunsuMultilingualNeural,1
phone_00054_male.wav,output/phone_00054_male.wav,연락처는 공일공 팔팔오오 구일사삼입니다.,010-8855-9143,male,ko-KR-InJoonNeural,1
phone_00055_male.wav,output/phone_00055_male.wav,문의는 공일공 육사이사 육팔일삼으로 주세요.,010-6424-6813,male,ko-KR-InJoonNeural,1
phone_00056_female.wav,output/phone_00056_female.wav,연락처는 공일공 구이이구 육일칠육입니다.,010-9229-6176,female,ko-KR-SunHiNeural,1
phone_00057_male.wav,output/phone_00057_male.wav,번호 알려드릴게요. 공일공 일구이일 공사이오입니다.,010-1921-0425,male,ko-KR-InJoonNeural,1
phone_00058_male.wav,output/phone_00058_male.wav,연락 가능 번호는 공일공 육일오일 팔오이사입니다.,010-6151-8524,male,ko-KR-HyunsuMultilingualNeural,1
phone_00059_female.wav,output/phone_00059_female.wav,전화번호는 공일공 이오일삼 삼육팔오이에요.,010-2513-3685,female,ko-KR-SunHiNeural,1
phone_00060_male.wav,output/phone_00060_male.wav,문의는 공일공 육삼오육 육구공구으로 주세요.,010-6356-6909,male,ko-KR-InJoonNeural,1
phone_00061_female.wav,output/phone_00061_female.wav,제 번호는 공일공 공구오육 팔공사육입니다.,010-0956-8046,female,ko-KR-SunHiNeural,1
phone_00062_female.wav,output/phone_00062_female.wav,번호 알려드릴게요. 공일공 팔이일오 칠팔삼이입니다.,010-8215-7832,female,ko-KR-SunHiNeural,1
phone_00063_female.wav,output/phone_00063_female.wav,전화는 공일공 육이이육 구삼공사으로 주시면 됩니다.,010-6226-9304,female,ko-KR-SunHiNeural,1
phone_00064_male.wav,output/phone_00064_male.wav,휴대폰 번호는 공일공 이사이일 칠구사사입니다.,010-2421-7944,male,ko-KR-InJoonNeural,1
phone_00065_male.wav,output/phone_00065_male.wav,전화번호는 공일공 이구구육 오칠삼공이에요.,010-2996-5730,male,ko-KR-HyunsuMultilingualNeural,1
phone_00066_female.wav,output/phone_00066_female.wav,문자 주실 번호는 공일공 구삼일사 사칠삼칠입니다.,010-9314-4737,female,ko-KR-SunHiNeural,1
phone_00067_male.wav,output/phone_00067_male.wav,휴대폰 번호는 공일공 사칠팔구 일사이팔입니다.,010-4789-1428,male,ko-KR-InJoonNeural,1
phone_00068_male.wav,output/phone_00068_male.wav,제 번호는 공일공 팔구육삼 이팔팔사입니다.,010-8963-2884,male,ko-KR-InJoonNeural,1
phone_00069_female.wav,output/phone_00069_female.wav,제 번호는 공일공 구사공구 일일이육입니다.,010-9409-1126,female,ko-KR-SunHiNeural,1
phone_00070_male.wav,output/phone_00070_male.wav,문자 주실 번호는 공일공 칠일공사 구이육팔입니다.,010-7104-9268,male,ko-KR-HyunsuMultilingualNeural,1
phone_00071_female.wav,output/phone_00071_female.wav,제 전화번호는 공일공 이이팔삼 이육육삼입니다.,010-2283-2663,female,ko-KR-SunHiNeural,1
phone_00072_male.wav,output/phone_00072_male.wav,전화번호는 공일공 오이공공 팔일구구이에요.,010-5200-8199,male,ko-KR-HyunsuMultilingualNeural,1
phone_00073_male.wav,output/phone_00073_male.wav,전화번호는 공일공 육구이이 오칠오일이에요.,010-6922-5751,male,ko-KR-HyunsuMultilingualNeural,1
phone_00074_female.wav,output/phone_00074_female.wav,전화는 공일공 사오팔육 오육삼구으로 주시면 됩니다.,010-4586-5639,female,ko-KR-SunHiNeural,1
phone_00075_male.wav,output/phone_00075_male.wav,휴대폰 번호는 공일공 사팔일오 육육일공입니다.,010-4815-6610,male,ko-KR-HyunsuMultilingualNeural,1
phone_00076_male.wav,output/phone_00076_male.wav,전화는 공일공 일이팔이 육오칠오으로 주시면 됩니다.,010-1282-6575,male,ko-KR-HyunsuMultilingualNeural,1
phone_00077_male.wav,output/phone_00077_male.wav,전화번호는 공일공 일육공칠 팔오구사이에요.,010-1607-8594,male,ko-KR-HyunsuMultilingualNeural,1
phone_00078_female.wav,output/phone_00078_female.wav,전화번호는 공일공 이팔이공 이삼오칠이에요.,010-2820-2357,female,ko-KR-SunHiNeural,1
phone_00079_male.wav,output/phone_00079_male.wav,문의는 공일공 사이칠구 사팔공일으로 주세요.,010-4279-4801,male,ko-KR-HyunsuMultilingualNeural,1
phone_00080_male.wav,output/phone_00080_male.wav,번호 알려드릴게요. 공일공 구삼공육 공사구칠입니다.,010-9306-0497,male,ko-KR-InJoonNeural,1
phone_00081_female.wav,output/phone_00081_female.wav,휴대폰 번호는 공일공 육오공칠 삼팔사삼입니다.,010-6507-3843,female,ko-KR-SunHiNeural,1
phone_00082_male.wav,output/phone_00082_male.wav,제 번호는 공일공 사팔육육 팔삼삼삼입니다.,010-4866-8333,male,ko-KR-InJoonNeural,1
phone_00083_female.wav,output/phone_00083_female.wav,제 번호는 공일공 팔오오오 일공이육입니다.,010-8555-1026,female,ko-KR-SunHiNeural,1
phone_00084_male.wav,output/phone_00084_male.wav,휴대폰 번호는 공일공 구칠육사 공사공일입니다.,010-9764-0401,male,ko-KR-InJoonNeural,1
phone_00085_male.wav,output/phone_00085_male.wav,전화번호는 공일공 삼오일이 삼삼오사이에요.,010-3512-3354,male,ko-KR-HyunsuMultilingualNeural,1
phone_00086_female.wav,output/phone_00086_female.wav,전화번호는 공일공 이일사오 팔오육구이에요.,010-2145-8569,female,ko-KR-SunHiNeural,1
phone_00087_male.wav,output/phone_00087_male.wav,연락 가능 번호는 공일공 이구칠이 사칠오삼입니다.,010-2972-4753,male,ko-KR-HyunsuMultilingualNeural,1
phone_00088_female.wav,output/phone_00088_female.wav,문의는 공일공 공팔공공 이오칠이으로 주세요.,010-0800-2572,female,ko-KR-SunHiNeural,1
phone_00089_female.wav,output/phone_00089_female.wav,제 전화번호는 공일공 공칠사칠 공팔공칠입니다.,010-0747-0807,female,ko-KR-SunHiNeural,1
phone_00090_male.wav,output/phone_00090_male.wav,연락처는 공일공 일공구육 삼삼사일입니다.,010-1096-3341,male,ko-KR-HyunsuMultilingualNeural,1
phone_00091_female.wav,output/phone_00091_female.wav,번호 알려드릴게요. 공일공 팔구육사 칠칠육팔입니다.,010-8964-7768,female,ko-KR-SunHiNeural,1
phone_00092_female.wav,output/phone_00092_female.wav,문자 주실 번호는 공일공 오공팔일 삼공이칠입니다.,010-5081-3027,female,ko-KR-SunHiNeural,1
phone_00093_female.wav,output/phone_00093_female.wav,문의는 공일공 이삼사구 오칠삼구으로 주세요.,010-2349-5739,female,ko-KR-SunHiNeural,1
phone_00094_male.wav,output/phone_00094_male.wav,번호 알려드릴게요. 공일공 삼공공사 오구이일입니다.,010-3004-5921,male,ko-KR-HyunsuMultilingualNeural,1
phone_00095_male.wav,output/phone_00095_male.wav,제 전화번호는 공일공 이일팔공 육이공팔입니다.,010-2180-6208,male,ko-KR-HyunsuMultilingualNeural,1
phone_00096_male.wav,output/phone_00096_male.wav,제 번호는 공일공 이일구일 육공육오입니다.,010-2191-6065,male,ko-KR-InJoonNeural,1
phone_00097_male.wav,output/phone_00097_male.wav,문자 주실 번호는 공일공 공일이공 육사공이입니다.,010-0120-6402,male,ko-KR-InJoonNeural,1
phone_00098_male.wav,output/phone_00098_male.wav,문의는 공일공 칠팔삼일 팔삼칠구으로 주세요.,010-7831-8379,male,ko-KR-HyunsuMultilingualNeural,1
phone_00099_female.wav,output/phone_00099_female.wav,문자 주실 번호는 공일공 삼사오사 칠일이오입니다.,010-3454-7125,female,ko-KR-SunHiNeural,1
phone_00100_male.wav,output/phone_00100_male.wav,문자 주실 번호는 공일공 오구팔공 팔오사구입니다.,010-5980-8549,male,ko-KR-HyunsuMultilingualNeural,1
phone_00101_male.wav,output/phone_00101_male.wav,제 전화번호는 공일공 구삼이육 삼공삼일입니다.,010-9326-3031,male,ko-KR-InJoonNeural,1
phone_00102_male.wav,output/phone_00102_male.wav,휴대폰 번호는 공일공 삼사공육 오육육일입니다.,010-3406-5661,male,ko-KR-HyunsuMultilingualNeural,1
phone_00103_male.wav,output/phone_00103_male.wav,제 번호는 공일공 오팔공오 일육구공입니다.,010-5805-1690,male,ko-KR-InJoonNeural,1
phone_00104_female.wav,output/phone_00104_female.wav,전화번호는 공일공 삼팔구칠 사칠공오이에요.,010-3897-4705,female,ko-KR-SunHiNeural,1
phone_00105_female.wav,output/phone_00105_female.wav,연락 가능 번호는 공일공 이팔구구 공팔일오입니다.,010-2899-0815,female,ko-KR-SunHiNeural,1
phone_00106_female.wav,output/phone_00106_female.wav,연락처는 공일공 사일공삼 일육삼오입니다.,010-4103-1635,female,ko-KR-SunHiNeural,1
phone_00107_female.wav,output/phone_00107_female.wav,제 번호는 공일공 이팔삼구 삼구육공입니다.,010-2839-3960,female,ko-KR-SunHiNeural,1
phone_00108_female.wav,output/phone_00108_female.wav,제 번호는 공일공 칠육오오 사공칠육입니다.,010-7655-4076,female,ko-KR-SunHiNeural,1
phone_00109_male.wav,output/phone_00109_male.wav,문의는 공일공 팔육육삼 삼공팔사으로 주세요.,010-8663-3084,male,ko-KR-HyunsuMultilingualNeural,1
phone_00110_male.wav,output/phone_00110_male.wav,전화는 공일공 칠육사구 사구공공으로 주시면 됩니다.,010-7649-4900,male,ko-KR-InJoonNeural,1
phone_00111_male.wav,output/phone_00111_male.wav,연락 가능 번호는 공일공 삼육육공 육일육일입니다.,010-3660-6161,male,ko-KR-HyunsuMultilingualNeural,1
phone_00112_male.wav,output/phone_00112_male.wav,전화는 공일공 칠이삼오 이공육사으로 주시면 됩니다.,010-7235-2064,male,ko-KR-HyunsuMultilingualNeural,1
phone_00113_male.wav,output/phone_00113_male.wav,연락 가능 번호는 공일공 공공사칠 육구삼일입니다.,010-0047-6931,male,ko-KR-InJoonNeural,1
phone_00114_female.wav,output/phone_00114_female.wav,번호 알려드릴게요. 공일공 삼칠삼삼 공일칠구입니다.,010-3733-0179,female,ko-KR-SunHiNeural,1
phone_00115_male.wav,output/phone_00115_male.wav,제 번호는 공일공 육육구삼 육팔이팔입니다.,010-6693-6828,male,ko-KR-HyunsuMultilingualNeural,1
phone_00116_female.wav,output/phone_00116_female.wav,제 번호는 공일공 팔구삼육 구칠삼일입니다.,010-8936-9731,female,ko-KR-SunHiNeural,1
phone_00117_male.wav,output/phone_00117_male.wav,휴대폰 번호는 공일공 오육일이 사일사이입니다.,010-5612-4142,male,ko-KR-HyunsuMultilingualNeural,1
phone_00118_male.wav,output/phone_00118_male.wav,연락처는 공일공 이오공일 육칠칠육입니다.,010-2501-6776,male,ko-KR-InJoonNeural,1
phone_00119_male.wav,output/phone_00119_male.wav,문자 주실 번호는 공일공 사오이이 삼오일구입니다.,010-4522-3519,male,ko-KR-InJoonNeural,1
phone_00120_male.wav,output/phone_00120_male.wav,연락 가능 번호는 공일공 팔일삼이 삼공팔구입니다.,010-8132-3089,male,ko-KR-InJoonNeural,1
phone_00121_male.wav,output/phone_00121_male.wav,문의는 공일공 일삼오팔 삼공구칠으로 주세요.,010-1358-3097,male,ko-KR-InJoonNeural,1
phone_00122_female.wav,output/phone_00122_female.wav,전화는 공일공 공일이사 일칠육사으로 주시면 됩니다.,010-0124-1764,female,ko-KR-SunHiNeural,1
phone_00123_male.wav,output/phone_00123_male.wav,번호 알려드릴게요. 공일공 공사육팔 이구팔오입니다.,010-0468-2985,male,ko-KR-HyunsuMultilingualNeural,1
phone_00124_male.wav,output/phone_00124_male.wav,제 전화번호는 공일공 육구이삼 삼구삼일입니다.,010-6923-3931,male,ko-KR-HyunsuMultilingualNeural,1
phone_00125_male.wav,output/phone_00125_male.wav,전화는 공일공 삼삼이육 오이육공으로 주시면 됩니다.,010-3326-5260,male,ko-KR-HyunsuMultilingualNeural,1
phone_00126_female.wav,output/phone_00126_female.wav,제 번호는 공일공 오칠삼이 팔일일이입니다.,010-5732-8112,female,ko-KR-SunHiNeural,1
phone_00127_male.wav,output/phone_00127_male.wav,전화번호는 공일공 사공육육 오삼공이이에요.,010-4066-5302,male,ko-KR-HyunsuMultilingualNeural,1
phone_00128_male.wav,output/phone_00128_male.wav,문자 주실 번호는 공일공 육사오일 구이육칠입니다.,010-6451-9267,male,ko-KR-HyunsuMultilingualNeural,1
phone_00129_female.wav,output/phone_00129_female.wav,문의는 공일공 칠삼일삼 육일오팔으로 주세요.,010-7313-6158,female,ko-KR-SunHiNeural,1
phone_00130_male.wav,output/phone_00130_male.wav,문의는 공일공 공팔공삼 구칠이이으로 주세요.,010-0803-9722,male,ko-KR-InJoonNeural,1
phone_00131_male.wav,output/phone_00131_male.wav,제 전화번호는 공일공 오이팔팔 일오사사입니다.,010-5288-1544,male,ko-KR-HyunsuMultilingualNeural,1
phone_00132_male.wav,output/phone_00132_male.wav,전화번호는 공일공 공오팔구 칠칠일공이에요.,010-0589-7710,male,ko-KR-InJoonNeural,1
phone_00133_male.wav,output/phone_00133_male.wav,문자 주실 번호는 공일공 칠공일일 공구구삼입니다.,010-7011-0993,male,ko-KR-InJoonNeural,1
phone_00134_male.wav,output/phone_00134_male.wav,문의는 공일공 팔육육칠 칠일팔일으로 주세요.,010-8667-7181,male,ko-KR-InJoonNeural,1
phone_00135_male.wav,output/phone_00135_male.wav,연락 가능 번호는 공일공 일사오사 구공구구입니다.,010-1454-9099,male,ko-KR-HyunsuMultilingualNeural,1
phone_00136_male.wav,output/phone_00136_male.wav,문의는 공일공 구육공일 공구공일으로 주세요.,010-9601-0901,male,ko-KR-HyunsuMultilingualNeural,1
phone_00137_male.wav,output/phone_00137_male.wav,번호 알려드릴게요. 공일공 이이육육 구공오일입니다.,010-2266-9051,male,ko-KR-InJoonNeural,1
phone_00138_male.wav,output/phone_00138_male.wav,문자 주실 번호는 공일공 육칠공오 오삼팔칠입니다.,010-6705-5387,male,ko-KR-InJoonNeural,1
phone_00139_male.wav,output/phone_00139_male.wav,제 전화번호는 공일공 공팔사일 사팔삼일입니다.,010-0841-4831,male,ko-KR-InJoonNeural,1
phone_00140_male.wav,output/phone_00140_male.wav,전화번호는 공일공 팔오오칠 육팔칠육이에요.,010-8557-6876,male,ko-KR-HyunsuMultilingualNeural,1
phone_00141_female.wav,output/phone_00141_female.wav,연락 가능 번호는 공일공 육사이칠 삼공구삼입니다.,010-6427-3093,female,ko-KR-SunHiNeural,1
phone_00142_male.wav,output/phone_00142_male.wav,연락처는 공일공 일일공팔 일칠육이입니다.,010-1108-1762,male,ko-KR-InJoonNeural,1
phone_00143_male.wav,output/phone_00143_male.wav,전화번호는 공일공 오팔사육 삼구사구이에요.,010-5846-3949,male,ko-KR-HyunsuMultilingualNeural,1
phone_00144_male.wav,output/phone_00144_male.wav,문자 주실 번호는 공일공 사육삼오 공칠공팔입니다.,010-4635-0708,male,ko-KR-HyunsuMultilingualNeural,1
phone_00145_male.wav,output/phone_00145_male.wav,문의는 공일공 팔사오삼 육구이일으로 주세요.,010-8453-6921,male,ko-KR-HyunsuMultilingualNeural,1
phone_00146_male.wav,output/phone_00146_male.wav,전화는 공일공 육삼사오 구일사공으로 주시면 됩니다.,010-6345-9140,male,ko-KR-HyunsuMultilingualNeural,1
phone_00147_male.wav,output/phone_00147_male.wav,제 전화번호는 공일공 오팔팔사 팔칠이공입니다.,010-5884-8720,male,ko-KR-HyunsuMultilingualNeural,1
phone_00148_male.wav,output/phone_00148_male.wav,연락처는 공일공 칠이공사 공사오구입니다.,010-7204-0459,male,ko-KR-HyunsuMultilingualNeural,1
phone_00149_male.wav,output/phone_00149_male.wav,연락처는 공일공 삼일오이 구일사사입니다.,010-3152-9144,male,ko-KR-HyunsuMultilingualNeural,1
phone_00150_female.wav,output/phone_00150_female.wav,번호 알려드릴게요. 공일공 이오팔구 이일공구입니다.,010-2589-2109,female,ko-KR-SunHiNeural,1
phone_00151_male.wav,output/phone_00151_male.wav,휴대폰 번호는 공일공 칠사육칠 이공삼구입니다.,010-7467-2039,male,ko-KR-InJoonNeural,1
phone_00152_female.wav,output/phone_00152_female.wav,연락 가능 번호는 공일공 구팔구팔 일구육오입니다.,010-9898-1965,female,ko-KR-SunHiNeural,1
phone_00153_male.wav,output/phone_00153_male.wav,연락 가능 번호는 공일공 사삼칠이 팔육사오입니다.,010-4372-8645,male,ko-KR-InJoonNeural,1
phone_00154_male.wav,output/phone_00154_male.wav,제 전화번호는 공일공 공구이칠 사구일팔입니다.,010-0927-4918,male,ko-KR-HyunsuMultilingualNeural,1
phone_00155_female.wav,output/phone_00155_female.wav,제 전화번호는 공일공 일삼구공 칠공일칠입니다.,010-1390-7017,female,ko-KR-SunHiNeural,1
phone_00156_male.wav,output/phone_00156_male.wav,번호 알려드릴게요. 공일공 공팔이공 이이육이입니다.,010-0820-2262,male,ko-KR-InJoonNeural,1
phone_00157_male.wav,output/phone_00157_male.wav,휴대폰 번호는 공일공 삼일공이 공삼삼이입니다.,010-3102-0332,male,ko-KR-InJoonNeural,1
phone_00158_female.wav,output/phone_00158_female.wav,문의는 공일공 팔육삼이 구사공육으로 주세요.,010-8632-9406,female,ko-KR-SunHiNeural,1
phone_00159_male.wav,output/phone_00159_male.wav,연락 가능 번호는 공일공 육칠구육 사구칠오입니다.,010-6796-4975,male,ko-KR-InJoonNeural,1
phone_00160_male.wav,output/phone_00160_male.wav,전화번호는 공일공 칠일공삼 육칠삼육이에요.,010-7103-6736,male,ko-KR-InJoonNeural,1
phone_00161_male.wav,output/phone_00161_male.wav,휴대폰 번호는 공일공 육사이삼 삼오칠칠입니다.,010-6423-3577,male,ko-KR-InJoonNeural,1
phone_00162_male.wav,output/phone_00162_male.wav,문자 주실 번호는 공일공 팔오칠이 이사육사입니다.,010-8572-2464,male,ko-KR-HyunsuMultilingualNeural,1
phone_00163_male.wav,output/phone_00163_male.wav,연락처는 공일공 이공육팔 구육사구입니다.,010-2068-9649,male,ko-KR-InJoonNeural,1
phone_00164_male.wav,output/phone_00164_male.wav,연락처는 공일공 칠육이육 삼구일삼입니다.,010-7626-3913,male,ko-KR-HyunsuMultilingualNeural,1
phone_00165_male.wav,output/phone_00165_male.wav,전화번호는 공일공 사칠사공 공오칠육이에요.,010-4740-0576,male,ko-KR-InJoonNeural,1
phone_00166_male.wav,output/phone_00166_male.wav,번호 알려드릴게요. 공일공 일이팔팔 칠사이팔입니다.,010-1288-7428,male,ko-KR-InJoonNeural,1
phone_00167_male.wav,output/phone_00167_male.wav,문자 주실 번호는 공일공 공일육삼 사팔삼일입니다.,010-0163-4831,male,ko-KR-InJoonNeural,1
phone_00168_male.wav,output/phone_00168_male.wav,연락 가능 번호는 공일공 칠이팔육 오이이오입니다.,010-7286-5225,male,ko-KR-InJoonNeural,1
phone_00169_female.wav,output/phone_00169_female.wav,문의는 공일공 공구오칠 팔이삼칠으로 주세요.,010-0957-8237,female,ko-KR-SunHiNeural,1
phone_00170_male.wav,output/phone_00170_male.wav,전화는 공일공 삼칠사오 구사구이으로 주시면 됩니다.,010-3745-9492,male,ko-KR-HyunsuMultilingualNeural,1
phone_00171_male.wav,output/phone_00171_male.wav,전화는 공일공 팔오이이 육육육삼으로 주시면 됩니다.,010-8522-6663,male,ko-KR-InJoonNeural,1
phone_00172_female.wav,output/phone_00172_female.wav,제 전화번호는 공일공 칠오팔구 육이일육입니다.,010-7589-6216,female,ko-KR-SunHiNeural,1
phone_00173_male.wav,output/phone_00173_male.wav,휴대폰 번호는 공일공 공오일사 사구팔칠입니다.,010-0514-4987,male,ko-KR-InJoonNeural,1
phone_00174_male.wav,output/phone_00174_male.wav,연락 가능 번호는 공일공 사일육사 일오팔육입니다.,010-4164-1586,male,ko-KR-HyunsuMultilingualNeural,1
phone_00175_female.wav,output/phone_00175_female.wav,연락처는 공일공 삼팔팔구 오이구팔입니다.,010-3889-5298,female,ko-KR-SunHiNeural,1
phone_00176_female.wav,output/phone_00176_female.wav,문자 주실 번호는 공일공 공칠사육 팔이이칠입니다.,010-0746-8227,female,ko-KR-SunHiNeural,1
phone_00177_female.wav,output/phone_00177_female.wav,전화번호는 공일공 팔일공구 사삼삼구이에요.,010-8109-4339,female,ko-KR-SunHiNeural,1
phone_00178_male.wav,output/phone_00178_male.wav,번호 알려드릴게요. 공일공 오오육일 이팔일구입니다.,010-5561-2819,male,ko-KR-HyunsuMultilingualNeural,1
phone_00179_male.wav,output/phone_00179_male.wav,연락처는 공일공 삼일이일 구일삼칠입니다.,010-3121-9137,male,ko-KR-InJoonNeural,1
phone_00180_female.wav,output/phone_00180_female.wav,제 전화번호는 공일공 오삼칠일 공일칠일입니다.,010-5371-0171,female,ko-KR-SunHiNeural,1
phone_00181_female.wav,output/phone_00181_female.wav,제 전화번호는 공일공 구구공일 오구사팔입니다.,010-9901-5948,female,ko-KR-SunHiNeural,1
phone_00182_male.wav,output/phone_00182_male.wav,연락 가능 번호는 공일공 육육공팔 칠팔구팔입니다.,010-6608-7898,male,ko-KR-HyunsuMultilingualNeural,1
phone_00183_female.wav,output/phone_00183_female.wav,번호 알려드릴게요. 공일공 오이오칠 팔공육일입니다.,010-5257-8061,female,ko-KR-SunHiNeural,1
phone_00184_male.wav,output/phone_00184_male.wav,연락 가능 번호는 공일공 팔삼칠육 칠구일이입니다.,010-8376-7912,male,ko-KR-HyunsuMultilingualNeural,1
phone_00185_female.wav,output/phone_00185_female.wav,문자 주실 번호는 공일공 육삼구일 공삼사팔입니다.,010-6391-0348,female,ko-KR-SunHiNeural,1
phone_00186_female.wav,output/phone_00186_female.wav,휴대폰 번호는 공일공 구팔삼이 육공팔구입니다.,010-9832-6089,female,ko-KR-SunHiNeural,1
phone_00187_female.wav,output/phone_00187_female.wav,번호 알려드릴게요. 공일공 육팔칠일 공육칠팔입니다.,010-6871-0678,female,ko-KR-SunHiNeural,1
phone_00188_male.wav,output/phone_00188_male.wav,문자 주실 번호는 공일공 삼사일구 이팔공팔입니다.,010-3419-2808,male,ko-KR-InJoonNeural,1
phone_00189_male.wav,output/phone_00189_male.wav,전화번호는 공일공 오육이오 공삼일삼이에요.,010-5625-0313,male,ko-KR-InJoonNeural,1
phone_00190_female.wav,output/phone_00190_female.wav,제 번호는 공일공 오사일삼 구이육사입니다.,010-5413-9264,female,ko-KR-SunHiNeural,1
phone_00191_female.wav,output/phone_00191_female.wav,제 번호는 공일공 일사이칠 육칠구이입니다.,010-1427-6792,female,ko-KR-SunHiNeural,1
phone_00192_female.wav,output/phone_00192_female.wav,번호 알려드릴게요. 공일공 팔사일칠 오삼오오입니다.,010-8417-5355,female,ko-KR-SunHiNeural,1
phone_00193_male.wav,output/phone_00193_male.wav,제 전화번호는 공일공 구육팔오 공오공삼입니다.,010-9685-0503,male,ko-KR-InJoonNeural,1
phone_00194_male.wav,output/phone_00194_male.wav,연락처는 공일공 육일사구 이삼육공입니다.,010-6149-2360,male,ko-KR-HyunsuMultilingualNeural,1
phone_00195_male.wav,output/phone_00195_male.wav,번호 알려드릴게요. 공일공 오이사삼 칠사사사입니다.,010-5243-7444,male,ko-KR-InJoonNeural,1
phone_00196_male.wav,output/phone_00196_male.wav,연락처는 공일공 사팔팔삼 이삼칠사입니다.,010-4883-2374,male,ko-KR-HyunsuMultilingualNeural,1
phone_00197_female.wav,output/phone_00197_female.wav,전화번호는 공일공 구육구육 일구오육이에요.,010-9696-1956,female,ko-KR-SunHiNeural,1
phone_00198_male.wav,output/phone_00198_male.wav,휴대폰 번호는 공일공 공팔칠육 팔이팔칠입니다.,010-0876-8287,male,ko-KR-HyunsuMultilingualNeural,1
phone_00199_male.wav,output/phone_00199_male.wav,제 번호는 공일공 사공삼이 이이육육입니다.,010-4032-2266,male,ko-KR-InJoonNeural,1
phone_00200_male.wav,output/phone_00200_male.wav,전화는 공일공 일공삼공 일오이삼으로 주시면 됩니다.,010-1030-1523,male,ko-KR-HyunsuMultilingualNeural,1
phone_00201_male.wav,output/phone_00201_male.wav,문자 주실 번호는 공일공 일공칠일 오일육공입니다.,010-1071-5160,male,ko-KR-HyunsuMultilingualNeural,1
phone_00202_male.wav,output/phone_00202_male.wav,휴대폰 번호는 공일공 육팔팔공 팔칠사이입니다.,010-6880-8742,male,ko-KR-HyunsuMultilingualNeural,1
phone_00203_male.wav,output/phone_00203_male.wav,문의는 공일공 육일공일 일공사구으로 주세요.,010-6101-1049,male,ko-KR-InJoonNeural,1
phone_00204_male.wav,output/phone_00204_male.wav,번호 알려드릴게요. 공일공 삼팔팔사 삼육이칠입니다.,010-3884-3627,male,ko-KR-HyunsuMultilingualNeural,1
phone_00205_male.wav,output/phone_00205_male.wav,전화번호는 공일공 이사이사 일칠칠팔이에요.,010-2424-1778,male,ko-KR-InJoonNeural,1
phone_00206_male.wav,output/phone_00206_male.wav,문의는 공일공 육육칠사 일팔이일으로 주세요.,010-6674-1821,male,ko-KR-HyunsuMultilingualNeural,1
phone_00207_male.wav,output/phone_00207_male.wav,제 번호는 공일공 사오공삼 이오칠육입니다.,010-4503-2576,male,ko-KR-HyunsuMultilingualNeural,1
phone_00208_male.wav,output/phone_00208_male.wav,문자 주실 번호는 공일공 오육오사 칠삼삼이입니다.,010-5654-7332,male,ko-KR-InJoonNeural,1
phone_00209_male.wav,output/phone_00209_male.wav,연락처는 공일공 육삼육칠 일팔공공입니다.,010-6367-1800,male,ko-KR-InJoonNeural,1
phone_00210_female.wav,output/phone_00210_female.wav,연락처는 공일공 공일사삼 일구구팔입니다.,010-0143-1998,female,ko-KR-SunHiNeural,1
phone_00211_male.wav,output/phone_00211_male.wav,번호 알려드릴게요. 공일공 삼팔이육 구일이사입니다.,010-3826-9124,male,ko-KR-HyunsuMultilingualNeural,1
phone_00212_male.wav,output/phone_00212_male.wav,제 번호는 공일공 사육이칠 일일사팔입니다.,010-4627-1148,male,ko-KR-HyunsuMultilingualNeural,1
phone_00213_male.wav,output/phone_00213_male.wav,휴대폰 번호는 공일공 이삼공이 오삼일공입니다.,010-2302-5310,male,ko-KR-HyunsuMultilingualNeural,1
phone_00214_male.wav,output/phone_00214_male.wav,전화번호는 공일공 사구삼육 삼구오공이에요.,010-4936-3950,male,ko-KR-HyunsuMultilingualNeural,1
phone_00215_male.wav,output/phone_00215_male.wav,문자 주실 번호는 공일공 육오이사 공구팔삼입니다.,010-6524-0983,male,ko-KR-HyunsuMultilingualNeural,1
phone_00216_male.wav,output/phone_00216_male.wav,문의는 공일공 삼육이육 팔육팔삼으로 주세요.,010-3626-8683,male,ko-KR-HyunsuMultilingualNeural,1
phone_00217_female.wav,output/phone_00217_female.wav,문자 주실 번호는 공일공 칠팔사구 팔칠오육입니다.,010-7849-8756,female,ko-KR-SunHiNeural,1
phone_00218_male.wav,output/phone_00218_male.wav,제 전화번호는 공일공 팔육오구 칠삼일구입니다.,010-8659-7319,male,ko-KR-HyunsuMultilingualNeural,1
phone_00219_male.wav,output/phone_00219_male.wav,번호 알려드릴게요. 공일공 구육이칠 일육이칠입니다.,010-9627-1627,male,ko-KR-InJoonNeural,1
phone_00220_female.wav,output/phone_00220_female.wav,연락처는 공일공 공이팔공 삼삼팔칠입니다.,010-0280-3387,female,ko-KR-SunHiNeural,1
phone_00221_female.wav,output/phone_00221_female.wav,연락처는 공일공 육오구삼 칠구이이입니다.,010-6593-7922,female,ko-KR-SunHiNeural,1
phone_00222_male.wav,output/phone_00222_male.wav,연락처는 공일공 사삼일구 구칠삼이입니다.,010-4319-9732,male,ko-KR-HyunsuMultilingualNeural,1
phone_00223_male.wav,output/phone_00223_male.wav,제 번호는 공일공 삼공일칠 일팔사공입니다.,010-3017-1840,male,ko-KR-InJoonNeural,1
phone_00224_male.wav,output/phone_00224_male.wav,문자 주실 번호는 공일공 일오오일 사육구삼입니다.,010-1551-4693,male,ko-KR-InJoonNeural,1
phone_00225_male.wav,output/phone_00225_male.wav,연락 가능 번호는 공일공 오삼사공 칠팔구육입니다.,010-5340-7896,male,ko-KR-HyunsuMultilingualNeural,1
phone_00226_male.wav,output/phone_00226_male.wav,문자 주실 번호는 공일공 공오이팔 오이오칠입니다.,010-0528-5257,male,ko-KR-InJoonNeural,1
phone_00227_female.wav,output/phone_00227_female.wav,제 번호는 공일공 공칠공육 구육삼삼입니다.,010-0706-9633,female,ko-KR-SunHiNeural,1
phone_00228_female.wav,output/phone_00228_female.wav,연락 가능 번호는 공일공 일사육사 칠공일이입니다.,010-1464-7012,female,ko-KR-SunHiNeural,1
phone_00229_male.wav,output/phone_00229_male.wav,전화는 공일공 이삼팔오 삼삼사오으로 주시면 됩니다.,010-2385-3345,male,ko-KR-InJoonNeural,1
phone_00230_male.wav,output/phone_00230_male.wav,문의는 공일공 육육팔칠 삼팔삼육으로 주세요.,010-6687-3836,male,ko-KR-InJoonNeural,1
phone_00231_male.wav,output/phone_00231_male.wav,제 전화번호는 공일공 팔구육오 사사일이입니다.,010-8965-4412,male,ko-KR-InJoonNeural,1
phone_00232_male.wav,output/phone_00232_male.wav,전화번호는 공일공 오팔삼공 사구육공이에요.,010-5830-4960,male,ko-KR-InJoonNeural,1
phone_00233_male.wav,output/phone_00233_male.wav,제 번호는 공일공 이일칠사 육공육이입니다.,010-2174-6062,male,ko-KR-HyunsuMultilingualNeural,1
phone_00234_female.wav,output/phone_00234_female.wav,번호 알려드릴게요. 공일공 칠육오오 사삼공일입니다.,010-7655-4301,female,ko-KR-SunHiNeural,1
phone_00235_male.wav,output/phone_00235_male.wav,문자 주실 번호는 공일공 일팔일일 공사칠공입니다.,010-1811-0470,male,ko-KR-HyunsuMultilingualNeural,1
phone_00236_female.wav,output/phone_00236_female.wav,문자 주실 번호는 공일공 구공구오 사일육구입니다.,010-9095-4169,female,ko-KR-SunHiNeural,1
phone_00237_male.wav,output/phone_00237_male.wav,제 번호는 공일공 육팔육오 사육육오입니다.,010-6865-4665,male,ko-KR-InJoonNeural,1
phone_00238_male.wav,output/phone_00238_male.wav,문자 주실 번호는 공일공 일구공이 육팔이삼입니다.,010-1902-6823,male,ko-KR-HyunsuMultilingualNeural,1
phone_00239_female.wav,output/phone_00239_female.wav,문의는 공일공 일공공칠 구일팔팔으로 주세요.,010-1007-9188,female,ko-KR-SunHiNeural,1
phone_00240_male.wav,output/phone_00240_male.wav,연락 가능 번호는 공일공 구구구구 사일공일입니다.,010-9999-4101,male,ko-KR-InJoonNeural,1
phone_00241_female.wav,output/phone_00241_female.wav,번호 알려드릴게요. 공일공 칠삼사오 팔사오팔입니다.,010-7345-8458,female,ko-KR-SunHiNeural,1
phone_00242_male.wav,output/phone_00242_male.wav,제 번호는 공일공 육칠오공 일팔팔칠입니다.,010-6750-1887,male,ko-KR-HyunsuMultilingualNeural,1
phone_00243_female.wav,output/phone_00243_female.wav,연락 가능 번호는 공일공 공칠구구 사팔이이입니다.,010-0799-4822,female,ko-KR-SunHiNeural,1
phone_00244_male.wav,output/phone_00244_male.wav,문자 주실 번호는 공일공 오일구일 공삼구공입니다.,010-5191-0390,male,ko-KR-InJoonNeural,1
phone_00245_female.wav,output/phone_00245_female.wav,제 번호는 공일공 칠팔이육 오오칠일입니다.,010-7826-5571,female,ko-KR-SunHiNeural,1
phone_00246_male.wav,output/phone_00246_male.wav,번호 알려드릴게요. 공일공 일구일육 이팔팔구입니다.,010-1916-2889,male,ko-KR-InJoonNeural,1
phone_00247_female.wav,output/phone_00247_female.wav,제 전화번호는 공일공 사일일육 팔오구삼입니다.,010-4116-8593,female,ko-KR-SunHiNeural,1
phone_00248_female.wav,output/phone_00248_female.wav,번호 알려드릴게요. 공일공 이이육사 칠공이이입니다.,010-2264-7022,female,ko-KR-SunHiNeural,1
phone_00249_male.wav,output/phone_00249_male.wav,제 전화번호는 공일공 오공일칠 사칠사사입니다.,010-5017-4744,male,ko-KR-HyunsuMultilingualNeural,1
phone_00250_female.wav,output/phone_00250_female.wav,전화는 공일공 이일이사 삼오칠일으로 주시면 됩니다.,010-2124-3571,female,ko-KR-SunHiNeural,1
phone_00251_female.wav,output/phone_00251_female.wav,제 전화번호는 공일공 육칠육이 일일칠일입니다.,010-6762-1171,female,ko-KR-SunHiNeural,1
phone_00252_female.wav,output/phone_00252_female.wav,제 전화번호는 공일공 사오칠삼 육육공삼입니다.,010-4573-6603,female,ko-KR-SunHiNeural,1
phone_00253_male.wav,output/phone_00253_male.wav,문자 주실 번호는 공일공 사팔공공 삼공구오입니다.,010-4800-3095,male,ko-KR-InJoonNeural,1
phone_00254_male.wav,output/phone_00254_male.wav,제 번호는 공일공 이이이구 이육칠일입니다.,010-2229-2671,male,ko-KR-InJoonNeural,1
phone_00255_female.wav,output/phone_00255_female.wav,휴대폰 번호는 공일공 공육사구 사팔이칠입니다.,010-0649-4827,female,ko-KR-SunHiNeural,1
phone_00256_female.wav,output/phone_00256_female.wav,제 전화번호는 공일공 팔육육칠 칠구삼칠입니다.,010-8667-7937,female,ko-KR-SunHiNeural,1
phone_00257_male.wav,output/phone_00257_male.wav,연락처는 공일공 오삼칠공 오오오구입니다.,010-5370-5559,male,ko-KR-InJoonNeural,1
phone_00258_female.wav,output/phone_00258_female.wav,연락처는 공일공 육사구오 팔칠구팔입니다.,010-6495-8798,female,ko-KR-SunHiNeural,1
phone_00259_female.wav,output/phone_00259_female.wav,휴대폰 번호는 공일공 공칠구오 오사사구입니다.,010-0795-5449,female,ko-KR-SunHiNeural,1
phone_00260_male.wav,output/phone_00260_male.wav,제 전화번호는 공일공 구공사팔 삼삼팔구입니다.,010-9048-3389,male,ko-KR-HyunsuMultilingualNeural,1
phone_00261_male.wav,output/phone_00261_male.wav,전화번호는 공일공 삼육육이 칠삼칠사이에요.,010-3662-7374,male,ko-KR-HyunsuMultilingualNeural,1
phone_00262_male.wav,output/phone_00262_male.wav,문의는 공일공 오구팔일 공공칠팔으로 주세요.,010-5981-0078,male,ko-KR-InJoonNeural,1
phone_00263_female.wav,output/phone_00263_female.wav,제 번호는 공일공 일구사이 이칠오칠입니다.,010-1942-2757,female,ko-KR-SunHiNeural,1
phone_00264_female.wav,output/phone_00264_female.wav,문의는 공일공 일이팔오 공칠오구으로 주세요.,010-1285-0759,female,ko-KR-SunHiNeural,1
phone_00265_male.wav,output/phone_00265_male.wav,연락 가능 번호는 공일공 칠구이사 일이이팔입니다.,010-7924-1228,male,ko-KR-InJoonNeural,1
phone_00266_female.wav,output/phone_00266_female.wav,연락처는 공일공 삼칠구일 오팔삼일입니다.,010-3791-5831,female,ko-KR-SunHiNeural,1
phone_00267_male.wav,output/phone_00267_male.wav,연락처는 공일공 공사삼사 삼육육오입니다.,010-0434-3665,male,ko-KR-InJoonNeural,1
phone_00268_female.wav,output/phone_00268_female.wav,연락처는 공일공 오사팔일 사팔삼일입니다.,010-5481-4831,female,ko-KR-SunHiNeural,1
phone_00269_male.wav,output/phone_00269_male.wav,전화는 공일공 팔이구사 오이삼일으로 주시면 됩니다.,010-8294-5231,male,ko-KR-InJoonNeural,1
phone_00270_female.wav,output/phone_00270_female.wav,연락처는 공일공 오팔이오 이사구칠입니다.,010-5825-2497,female,ko-KR-SunHiNeural,1
phone_00271_male.wav,output/phone_00271_male.wav,제 번호는 공일공 육이이칠 이일구일입니다.,010-6227-2191,male,ko-KR-HyunsuMultilingualNeural,1
phone_00272_female.wav,output/phone_00272_female.wav,연락 가능 번호는 공일공 사칠일오 육팔오칠입니다.,010-4715-6857,female,ko-KR-SunHiNeural,1
phone_00273_male.wav,output/phone_00273_male.wav,연락처는 공일공 육육삼공 공구칠구입니다.,010-6630-0979,male,ko-KR-InJoonNeural,1
phone_00274_female.wav,output/phone_00274_female.wav,제 번호는 공일공 육사공사 칠이이육입니다.,010-6404-7226,female,ko-KR-SunHiNeural,1
phone_00275_female.wav,output/phone_00275_female.wav,연락 가능 번호는 공일공 삼공공칠 오팔오구입니다.,010-3007-5859,female,ko-KR-SunHiNeural,1
phone_00276_male.wav,output/phone_00276_male.wav,전화는 공일공 일삼구이 칠이오공으로 주시면 됩니다.,010-1392-7250,male,ko-KR-HyunsuMultilingualNeural,1
phone_00277_male.wav,output/phone_00277_male.wav,휴대폰 번호는 공일공 구칠구오 이육사구입니다.,010-9795-2649,male,ko-KR-HyunsuMultilingualNeural,1
phone_00278_male.wav,output/phone_00278_male.wav,전화번호는 공일공 구사공사 일팔사일이에요.,010-9404-1841,male,ko-KR-HyunsuMultilingualNeural,1
phone_00279_male.wav,output/phone_00279_male.wav,전화는 공일공 칠오삼사 칠오육육으로 주시면 됩니다.,010-7534-7566,male,ko-KR-InJoonNeural,1
phone_00280_female.wav,output/phone_00280_female.wav,연락처는 공일공 사일이삼 이팔이칠입니다.,010-4123-2827,female,ko-KR-SunHiNeural,1
phone_00281_male.wav,output/phone_00281_male.wav,문자 주실 번호는 공일공 팔사일오 일칠공삼입니다.,010-8415-1703,male,ko-KR-InJoonNeural,1
phone_00282_female.wav,output/phone_00282_female.wav,번호 알려드릴게요. 공일공 팔일육칠 삼구팔공입니다.,010-8167-3980,female,ko-KR-SunHiNeural,1
phone_00283_female.wav,output/phone_00283_female.wav,문자 주실 번호는 공일공 육팔공삼 일일오육입니다.,010-6803-1156,female,ko-KR-SunHiNeural,1
phone_00284_male.wav,output/phone_00284_male.wav,연락처는 공일공 이이이칠 사삼칠이입니다.,010-2227-4372,male,ko-KR-HyunsuMultilingualNeural,1
phone_00285_female.wav,output/phone_00285_female.wav,문자 주실 번호는 공일공 사일삼사 구팔육일입니다.,010-4134-9861,female,ko-KR-SunHiNeural,1
phone_00286_male.wav,output/phone_00286_male.wav,휴대폰 번호는 공일공 일일오사 구공구삼입니다.,010-1154-9093,male,ko-KR-InJoonNeural,1
phone_00287_male.wav,output/phone_00287_male.wav,연락 가능 번호는 공일공 팔칠구오 삼칠삼오입니다.,010-8795-3735,male,ko-KR-HyunsuMultilingualNeural,1
phone_00288_male.wav,output/phone_00288_male.wav,번호 알려드릴게요. 공일공 사팔일오 이삼구공입니다.,010-4815-2390,male,ko-KR-InJoonNeural,1
phone_00289_male.wav,output/phone_00289_male.wav,번호 알려드릴게요. 공일공 구오오팔 이이사일입니다.,010-9558-2241,male,ko-KR-InJoonNeural,1
phone_00290_female.wav,output/phone_00290_female.wav,전화는 공일공 사팔삼이 구팔칠구으로 주시면 됩니다.,010-4832-9879,female,ko-KR-SunHiNeural,1
phone_00291_female.wav,output/phone_00291_female.wav,연락 가능 번호는 공일공 오구오사 삼육사칠입니다.,010-5954-3647,female,ko-KR-SunHiNeural,1
phone_00292_female.wav,output/phone_00292_female.wav,문자 주실 번호는 공일공 구사칠오 일공오공입니다.,010-9475-1050,female,ko-KR-SunHiNeural,1
phone_00293_female.wav,output/phone_00293_female.wav,문의는 공일공 오사삼공 삼사구삼으로 주세요.,010-5430-3493,female,ko-KR-SunHiNeural,1
phone_00294_female.wav,output/phone_00294_female.wav,제 전화번호는 공일공 육오이일 오오삼삼입니다.,010-6521-5533,female,ko-KR-SunHiNeural,1
phone_00295_male.wav,output/phone_00295_male.wav,연락처는 공일공 삼사구삼 칠오공삼입니다.,010-3493-7503,male,ko-KR-HyunsuMultilingualNeural,1
phone_00296_female.wav,output/phone_00296_female.wav,휴대폰 번호는 공일공 팔구오공 오구사오입니다.,010-8950-5945,female,ko-KR-SunHiNeural,1
phone_00297_female.wav,output/phone_00297_female.wav,연락 가능 번호는 공일공 육사오이 칠구구칠입니다.,010-6452-7997,female,ko-KR-SunHiNeural,1
phone_00298_male.wav,output/phone_00298_male.wav,전화번호는 공일공 사공일삼 구사오삼이에요.,010-4013-9453,male,ko-KR-HyunsuMultilingualNeural,1
phone_00299_male.wav,output/phone_00299_male.wav,제 전화번호는 공일공 이이사삼 오공팔칠입니다.,010-2243-5087,male,ko-KR-InJoonNeural,1
phone_00300_male.wav,output/phone_00300_male.wav,문자 주실 번호는 공일공 육오일육 오칠칠공입니다.,010-6516-5770,male,ko-KR-HyunsuMultilingualNeural,1
phone_00301_male.wav,output/phone_00301_male.wav,제 번호는 공일공 사일팔육 팔구사오입니다.,010-4186-8945,male,ko-KR-InJoonNeural,1
phone_00302_male.wav,output/phone_00302_male.wav,제 번호는 공일공 육팔삼이 공육육육입니다.,010-6832-0666,male,ko-KR-InJoonNeural,1
phone_00303_male.wav,output/phone_00303_male.wav,전화는 공일공 오공사사 칠공구오으로 주시면 됩니다.,010-5044-7095,male,ko-KR-InJoonNeural,1
phone_00304_male.wav,output/phone_00304_male.wav,번호 알려드릴게요. 공일공 칠칠오팔 삼칠구이입니다.,010-7758-3792,male,ko-KR-InJoonNeural,1
phone_00305_male.wav,output/phone_00305_male.wav,전화는 공일공 삼팔칠오 공사삼오으로 주시면 됩니다.,010-3875-0435,male,ko-KR-HyunsuMultilingualNeural,1
phone_00306_female.wav,output/phone_00306_female.wav,문의는 공일공 일공공팔 사이일공으로 주세요.,010-1008-4210,female,ko-KR-SunHiNeural,1
phone_00307_male.wav,output/phone_00307_male.wav,문의는 공일공 육칠오오 팔일칠칠으로 주세요.,010-6755-8177,male,ko-KR-InJoonNeural,1
phone_00308_male.wav,output/phone_00308_male.wav,제 전화번호는 공일공 칠이이오 이오삼팔입니다.,010-7225-2538,male,ko-KR-InJoonNeural,1
phone_00309_male.wav,output/phone_00309_male.wav,연락처는 공일공 삼삼구칠 공공칠이입니다.,010-3397-0072,male,ko-KR-HyunsuMultilingualNeural,1
phone_00310_male.wav,output/phone_00310_male.wav,문의는 공일공 이일삼구 사이삼육으로 주세요.,010-2139-4236,male,ko-KR-InJoonNeural,1
phone_00311_female.wav,output/phone_00311_female.wav,제 전화번호는 공일공 팔이삼육 공삼일삼입니다.,010-8236-0313,female,ko-KR-SunHiNeural,1
phone_00312_male.wav,output/phone_00312_male.wav,연락처는 공일공 칠이공육 이공삼이입니다.,010-7206-2032,male,ko-KR-HyunsuMultilingualNeural,1
phone_00313_male.wav,output/phone_00313_male.wav,번호 알려드릴게요. 공일공 이공공공 오삼팔삼입니다.,010-2000-5383,male,ko-KR-InJoonNeural,1
phone_00314_male.wav,output/phone_00314_male.wav,연락 가능 번호는 공일공 사사사공 공구일육입니다.,010-4440-0916,male,ko-KR-HyunsuMultilingualNeural,1
phone_00315_female.wav,output/phone_00315_female.wav,전화번호는 공일공 칠구오팔 팔육오오이에요.,010-7958-8655,female,ko-KR-SunHiNeural,1
phone_00316_male.wav,output/phone_00316_male.wav,번호 알려드릴게요. 공일공 오일일삼 공삼삼팔입니다.,010-5113-0338,male,ko-KR-HyunsuMultilingualNeural,1
phone_00317_female.wav,output/phone_00317_female.wav,전화번호는 공일공 구칠구일 육칠육육이에요.,010-9791-6766,female,ko-KR-SunHiNeural,1
phone_00318_male.wav,output/phone_00318_male.wav,연락 가능 번호는 공일공 육삼사오 육육오일입니다.,010-6345-6651,male,ko-KR-InJoonNeural,1
phone_00319_male.wav,output/phone_00319_male.wav,문의는 공일공 육육오이 팔공팔일으로 주세요.,010-6652-8081,male,ko-KR-HyunsuMultilingualNeural,1
phone_00320_female.wav,output/phone_00320_female.wav,휴대폰 번호는 공일공 이공육오 팔삼사일입니다.,010-2065-8341,female,ko-KR-SunHiNeural,1
phone_00321_female.wav,output/phone_00321_female.wav,문자 주실 번호는 공일공 구공오삼 이팔사삼입니다.,010-9053-2843,female,ko-KR-SunHiNeural,1
phone_00322_male.wav,output/phone_00322_male.wav,연락 가능 번호는 공일공 사일구일 칠사이칠입니다.,010-4191-7427,male,ko-KR-HyunsuMultilingualNeural,1
phone_00323_male.wav,output/phone_00323_male.wav,연락 가능 번호는 공일공 사공공삼 삼팔칠삼입니다.,010-4003-3873,male,ko-KR-HyunsuMultilingualNeural,1
phone_00324_male.wav,output/phone_00324_male.wav,번호 알려드릴게요. 공일공 칠사이공 삼사공공입니다.,010-7420-3400,male,ko-KR-InJoonNeural,1
phone_00325_male.wav,output/phone_00325_male.wav,연락처는 공일공 칠오사구 일구사팔입니다.,010-7549-1948,male,ko-KR-InJoonNeural,1
phone_00326_male.wav,output/phone_00326_male.wav,연락처는 공일공 육팔사사 오이오삼입니다.,010-6844-5253,male,ko-KR-HyunsuMultilingualNeural,1
phone_00327_female.wav,output/phone_00327_female.wav,문의는 공일공 육공삼육 육공육육으로 주세요.,010-6036-6066,female,ko-KR-SunHiNeural,1
phone_00328_male.wav,output/phone_00328_male.wav,연락처는 공일공 이팔구육 이이삼사입니다.,010-2896-2234,male,ko-KR-HyunsuMultilingualNeural,1
phone_00329_male.wav,output/phone_00329_male.wav,연락 가능 번호는 공일공 칠육공이 칠팔육오입니다.,010-7602-7865,male,ko-KR-HyunsuMultilingualNeural,1
phone_00330_male.wav,output/phone_00330_male.wav,문의는 공일공 팔사공육 일구칠일으로 주세요.,010-8406-1971,male,ko-KR-HyunsuMultilingualNeural,1
phone_00331_male.wav,output/phone_00331_male.wav,문자 주실 번호는 공일공 육오칠일 오육육삼입니다.,010-6571-5663,male,ko-KR-HyunsuMultilingualNeural,1
phone_00332_male.wav,output/phone_00332_male.wav,문자 주실 번호는 공일공 공사일팔 일육삼삼입니다.,010-0418-1633,male,ko-KR-InJoonNeural,1
phone_00333_female.wav,output/phone_00333_female.wav,제 전화번호는 공일공 삼일육이 구구삼일입니다.,010-3162-9931,female,ko-KR-SunHiNeural,1
phone_00334_male.wav,output/phone_00334_male.wav,전화는 공일공 칠사오팔 칠오칠팔으로 주시면 됩니다.,010-7458-7578,male,ko-KR-InJoonNeural,1
phone_00335_male.wav,output/phone_00335_male.wav,문의는 공일공 오칠칠이 구오팔구으로 주세요.,010-5772-9589,male,ko-KR-InJoonNeural,1
phone_00336_male.wav,output/phone_00336_male.wav,연락처는 공일공 구일삼이 사일공일입니다.,010-9132-4101,male,ko-KR-HyunsuMultilingualNeural,1
phone_00337_male.wav,output/phone_00337_male.wav,전화는 공일공 칠육일육 팔삼칠오으로 주시면 됩니다.,010-7616-8375,male,ko-KR-HyunsuMultilingualNeural,1
phone_00338_female.wav,output/phone_00338_female.wav,번호 알려드릴게요. 공일공 팔팔구이 칠사육사입니다.,010-8892-7464,female,ko-KR-SunHiNeural,1
phone_00339_male.wav,output/phone_00339_male.wav,전화번호는 공일공 팔이팔오 구구일팔이에요.,010-8285-9918,male,ko-KR-InJoonNeural,1
phone_00340_female.wav,output/phone_00340_female.wav,제 번호는 공일공 오오일사 이공삼공입니다.,010-5514-2030,female,ko-KR-SunHiNeural,1
phone_00341_female.wav,output/phone_00341_female.wav,연락 가능 번호는 공일공 칠육구육 일이구구입니다.,010-7696-1299,female,ko-KR-SunHiNeural,1
phone_00342_male.wav,output/phone_00342_male.wav,번호 알려드릴게요. 공일공 이공칠공 삼팔오공입니다.,010-2070-3850,male,ko-KR-InJoonNeural,1
phone_00343_male.wav,output/phone_00343_male.wav,번호 알려드릴게요. 공일공 구칠이이 사삼사공입니다.,010-9722-4340,male,ko-KR-InJoonNeural,1
phone_00344_female.wav,output/phone_00344_female.wav,연락처는 공일공 사사육사 이이삼사입니다.,010-4464-2234,female,ko-KR-SunHiNeural,1
phone_00345_male.wav,output/phone_00345_male.wav,문의는 공일공 오일팔일 팔사공오으로 주세요.,010-5181-8405,male,ko-KR-HyunsuMultilingualNeural,1
phone_00346_female.wav,output/phone_00346_female.wav,연락 가능 번호는 공일공 구구일사 일팔일공입니다.,010-9914-1810,female,ko-KR-SunHiNeural,1
phone_00347_male.wav,output/phone_00347_male.wav,문의는 공일공 팔사육삼 사이공사으로 주세요.,010-8463-4204,male,ko-KR-HyunsuMultilingualNeural,1
phone_00348_male.wav,output/phone_00348_male.wav,휴대폰 번호는 공일공 사공사사 오일사육입니다.,010-4044-5146,male,ko-KR-HyunsuMultilingualNeural,1
phone_00349_male.wav,output/phone_00349_male.wav,전화는 공일공 육육일이 공육오구으로 주시면 됩니다.,010-6612-0659,male,ko-KR-HyunsuMultilingualNeural,1
phone_00350_male.wav,output/phone_00350_male.wav,전화는 공일공 칠팔사육 일구구구으로 주시면 됩니다.,010-7846-1999,male,ko-KR-HyunsuMultilingualNeural,1
phone_00351_female.wav,output/phone_00351_female.wav,휴대폰 번호는 공일공 칠이육공 일칠칠삼입니다.,010-7260-1773,female,ko-KR-SunHiNeural,1
phone_00352_male.wav,output/phone_00352_male.wav,문자 주실 번호는 공일공 이공삼삼 팔구육육입니다.,010-2033-8966,male,ko-KR-HyunsuMultilingualNeural,1
phone_00353_female.wav,output/phone_00353_female.wav,전화는 공일공 칠삼구구 이구일이으로 주시면 됩니다.,010-7399-2912,female,ko-KR-SunHiNeural,1
phone_00354_male.wav,output/phone_00354_male.wav,전화는 공일공 오팔삼팔 삼육공칠으로 주시면 됩니다.,010-5838-3607,male,ko-KR-HyunsuMultilingualNeural,1
phone_00355_male.wav,output/phone_00355_male.wav,번호 알려드릴게요. 공일공 이공오육 팔삼칠오입니다.,010-2056-8375,male,ko-KR-HyunsuMultilingualNeural,1
phone_00356_male.wav,output/phone_00356_male.wav,전화는 공일공 일일칠팔 오삼육공으로 주시면 됩니다.,010-1178-5360,male,ko-KR-InJoonNeural,1
phone_00357_male.wav,output/phone_00357_male.wav,문의는 공일공 칠팔오칠 팔공이이으로 주세요.,010-7857-8022,male,ko-KR-HyunsuMultilingualNeural,1
phone_00358_male.wav,output/phone_00358_male.wav,문자 주실 번호는 공일공 삼공사이 이구공오입니다.,010-3042-2905,male,ko-KR-InJoonNeural,1
phone_00359_male.wav,output/phone_00359_male.wav,문자 주실 번호는 공일공 오사팔칠 이일구이입니다.,010-5487-2192,male,ko-KR-InJoonNeural,1
phone_00360_male.wav,output/phone_00360_male.wav,휴대폰 번호는 공일공 사팔사일 팔팔사오입니다.,010-4841-8845,male,ko-KR-HyunsuMultilingualNeural,1
phone_00361_female.wav,output/phone_00361_female.wav,번호 알려드릴게요. 공일공 이이팔칠 구이오칠입니다.,010-2287-9257,female,ko-KR-SunHiNeural,1
phone_00362_female.wav,output/phone_00362_female.wav,전화번호는 공일공 일사일칠 공구일일이에요.,010-1417-0911,female,ko-KR-SunHiNeural,1
phone_00363_female.wav,output/phone_00363_female.wav,제 번호는 공일공 공구육이 오구일오입니다.,010-0962-5915,female,ko-KR-SunHiNeural,1
phone_00364_male.wav,output/phone_00364_male.wav,제 번호는 공일공 팔이이칠 공삼이육입니다.,010-8227-0326,male,ko-KR-HyunsuMultilingualNeural,1
phone_00365_female.wav,output/phone_00365_female.wav,연락처는 공일공 공구사칠 구공이오입니다.,010-0947-9025,female,ko-KR-SunHiNeural,1
phone_00366_female.wav,output/phone_00366_female.wav,제 전화번호는 공일공 삼구일칠 일사이삼입니다.,010-3917-1423,female,ko-KR-SunHiNeural,1
phone_00367_female.wav,output/phone_00367_female.wav,전화번호는 공일공 육일오구 삼이육일이에요.,010-6159-3261,female,ko-KR-SunHiNeural,1
phone_00368_male.wav,output/phone_00368_male.wav,전화번호는 공일공 칠사육구 공오이이이에요.,010-7469-0522,male,ko-KR-HyunsuMultilingualNeural,1
phone_00369_female.wav,output/phone_00369_female.wav,전화는 공일공 오구오팔 구공구이으로 주시면 됩니다.,010-5958-9092,female,ko-KR-SunHiNeural,1
phone_00370_male.wav,output/phone_00370_male.wav,제 번호는 공일공 육육오공 오이칠이입니다.,010-6650-5272,male,ko-KR-HyunsuMultilingualNeural,1
phone_00371_male.wav,output/phone_00371_male.wav,문자 주실 번호는 공일공 일육일공 팔이육이입니다.,010-1610-8262,male,ko-KR-HyunsuMultilingualNeural,1
phone_00372_male.wav,output/phone_00372_male.wav,번호 알려드릴게요. 공일공 오오팔공 사오공칠입니다.,010-5580-4507,male,ko-KR-InJoonNeural,1
phone_00373_female.wav,output/phone_00373_female.wav,번호 알려드릴게요. 공일공 삼이공삼 칠삼팔이입니다.,010-3203-7382,female,ko-KR-SunHiNeural,1
phone_00374_female.wav,output/phone_00374_female.wav,문자 주실 번호는 공일공 칠구일일 구삼팔팔입니다.,010-7911-9388,female,ko-KR-SunHiNeural,1
phone_00375_male.wav,output/phone_00375_male.wav,휴대폰 번호는 공일공 이공오육 공공일이입니다.,010-2056-0012,male,ko-KR-InJoonNeural,1
phone_00376_female.wav,output/phone_00376_female.wav,제 번호는 공일공 사사사일 일삼이사입니다.,010-4441-1324,female,ko-KR-SunHiNeural,1
phone_00377_male.wav,output/phone_00377_male.wav,문의는 공일공 칠칠육구 칠이공오으로 주세요.,010-7769-7205,male,ko-KR-HyunsuMultilingualNeural,1
phone_00378_male.wav,output/phone_00378_male.wav,연락 가능 번호는 공일공 일일일육 구일일삼입니다.,010-1116-9113,male,ko-KR-HyunsuMultilingualNeural,1
phone_00379_male.wav,output/phone_00379_male.wav,연락처는 공일공 일오육육 칠육구오입니다.,010-1566-7695,male,ko-KR-InJoonNeural,1
phone_00380_male.wav,output/phone_00380_male.wav,번호 알려드릴게요. 공일공 이이칠육 삼육일공입니다.,010-2276-3610,male,ko-KR-InJoonNeural,1
phone_00381_male.wav,output/phone_00381_male.wav,전화번호는 공일공 구구사이 칠팔구일이에요.,010-9942-7891,male,ko-KR-InJoonNeural,1
phone_00382_female.wav,output/phone_00382_female.wav,전화는 공일공 일사육육 일구팔사으로 주시면 됩니다.,010-1466-1984,female,ko-KR-SunHiNeural,1
phone_00383_male.wav,output/phone_00383_male.wav,제 전화번호는 공일공 팔육삼일 구칠삼삼입니다.,010-8631-9733,male,ko-KR-InJoonNeural,1
phone_00384_female.wav,output/phone_00384_female.wav,제 번호는 공일공 오이삼구 육이육육입니다.,010-5239-6266,female,ko-KR-SunHiNeural,1
phone_00385_female.wav,output/phone_00385_female.wav,제 전화번호는 공일공 구칠오육 이사삼일입니다.,010-9756-2431,female,ko-KR-SunHiNeural,1
phone_00386_female.wav,output/phone_00386_female.wav,번호 알려드릴게요. 공일공 이공칠칠 삼일구오입니다.,010-2077-3195,female,ko-KR-SunHiNeural,1
phone_00387_male.wav,output/phone_00387_male.wav,문자 주실 번호는 공일공 이팔삼오 사이칠칠입니다.,010-2835-4277,male,ko-KR-HyunsuMultilingualNeural,1
phone_00388_female.wav,output/phone_00388_female.wav,번호 알려드릴게요. 공일공 일공육육 오칠이팔입니다.,010-1066-5728,female,ko-KR-SunHiNeural,1
phone_00389_male.wav,output/phone_00389_male.wav,연락 가능 번호는 공일공 구공일칠 칠구오칠입니다.,010-9017-7957,male,ko-KR-InJoonNeural,1
phone_00390_male.wav,output/phone_00390_male.wav,문의는 공일공 오사사사 사일팔사으로 주세요.,010-5444-4184,male,ko-KR-InJoonNeural,1
phone_00391_male.wav,output/phone_00391_male.wav,전화는 공일공 공팔사육 팔일공오으로 주시면 됩니다.,010-0846-8105,male,ko-KR-HyunsuMultilingualNeural,1
phone_00392_male.wav,output/phone_00392_male.wav,문자 주실 번호는 공일공 팔이구공 이일칠팔입니다.,010-8290-2178,male,ko-KR-InJoonNeural,1
phone_00393_female.wav,output/phone_00393_female.wav,제 번호는 공일공 사이칠칠 이오사구입니다.,010-4277-2549,female,ko-KR-SunHiNeural,1
phone_00394_male.wav,output/phone_00394_male.wav,문자 주실 번호는 공일공 오공이일 팔칠칠삼입니다.,010-5021-8773,male,ko-KR-InJoonNeural,1
phone_00395_male.wav,output/phone_00395_male.wav,제 전화번호는 공일공 삼공구팔 사일사팔입니다.,010-3098-4148,male,ko-KR-InJoonNeural,1
phone_00396_male.wav,output/phone_00396_male.wav,전화번호는 공일공 이구삼사 사칠공일이에요.,010-2934-4701,male,ko-KR-InJoonNeural,1
phone_00397_male.wav,output/phone_00397_male.wav,전화번호는 공일공 삼사구일 사사구구이에요.,010-3491-4499,male,ko-KR-InJoonNeural,1
phone_00398_male.wav,output/phone_00398_male.wav,제 번호는 공일공 칠팔오공 삼칠사일입니다.,010-7850-3741,male,ko-KR-HyunsuMultilingualNeural,1
phone_00399_male.wav,output/phone_00399_male.wav,번호 알려드릴게요. 공일공 삼일이구 공사팔육입니다.,010-3129-0486,male,ko-KR-HyunsuMultilingualNeural,1
phone_00400_male.wav,output/phone_00400_male.wav,연락처는 공일공 팔구사사 오일일이입니다.,010-8944-5112,male,ko-KR-HyunsuMultilingualNeural,1
phone_00401_male.wav,output/phone_00401_male.wav,전화번호는 공일공 삼칠오육 사공팔팔이에요.,010-3756-4088,male,ko-KR-HyunsuMultilingualNeural,1
phone_00402_male.wav,output/phone_00402_male.wav,휴대폰 번호는 공일공 육일공삼 이오구사입니다.,010-6103-2594,male,ko-KR-HyunsuMultilingualNeural,1
phone_00403_male.wav,output/phone_00403_male.wav,번호 알려드릴게요. 공일공 육일팔일 구칠공구입니다.,010-6181-9709,male,ko-KR-HyunsuMultilingualNeural,1
phone_00404_male.wav,output/phone_00404_male.wav,번호 알려드릴게요. 공일공 구공사공 칠오팔육입니다.,010-9040-7586,male,ko-KR-InJoonNeural,1
phone_00405_male.wav,output/phone_00405_male.wav,전화번호는 공일공 오삼육팔 육일오육이에요.,010-5368-6156,male,ko-KR-InJoonNeural,1
phone_00406_male.wav,output/phone_00406_male.wav,휴대폰 번호는 공일공 팔이칠오 공사일칠입니다.,010-8275-0417,male,ko-KR-InJoonNeural,1
phone_00407_female.wav,output/phone_00407_female.wav,제 전화번호는 공일공 이육일삼 구사육일입니다.,010-2613-9461,female,ko-KR-SunHiNeural,1
phone_00408_male.wav,output/phone_00408_male.wav,문자 주실 번호는 공일공 일오공오 팔팔구팔입니다.,010-1505-8898,male,ko-KR-InJoonNeural,1
phone_00409_male.wav,output/phone_00409_male.wav,전화는 공일공 사공삼구 칠일오오으로 주시면 됩니다.,010-4039-7155,male,ko-KR-HyunsuMultilingualNeural,1
phone_00410_female.wav,output/phone_00410_female.wav,문자 주실 번호는 공일공 팔사공공 오공칠일입니다.,010-8400-5071,female,ko-KR-SunHiNeural,1
phone_00411_male.wav,output/phone_00411_male.wav,전화는 공일공 오구이육 구사삼일으로 주시면 됩니다.,010-5926-9431,male,ko-KR-HyunsuMultilingualNeural,1
phone_00412_male.wav,output/phone_00412_male.wav,제 전화번호는 공일공 육공구구 칠이칠공입니다.,010-6099-7270,male,ko-KR-HyunsuMultilingualNeural,1
phone_00413_male.wav,output/phone_00413_male.wav,제 전화번호는 공일공 오공오육 팔공사공입니다.,010-5056-8040,male,ko-KR-InJoonNeural,1
phone_00414_male.wav,output/phone_00414_male.wav,번호 알려드릴게요. 공일공 팔삼팔팔 칠공공팔입니다.,010-8388-7008,male,ko-KR-HyunsuMultilingualNeural,1
phone_00415_male.wav,output/phone_00415_male.wav,제 번호는 공일공 삼팔오육 구육삼삼입니다.,010-3856-9633,male,ko-KR-InJoonNeural,1
phone_00416_female.wav,output/phone_00416_female.wav,문자 주실 번호는 공일공 삼육일이 사구사일입니다.,010-3612-4941,female,ko-KR-SunHiNeural,1
phone_00417_female.wav,output/phone_00417_female.wav,연락처는 공일공 오육이이 사팔일이입니다.,010-5622-4812,female,ko-KR-SunHiNeural,1
phone_00418_male.wav,output/phone_00418_male.wav,연락처는 공일공 오사공일 이칠삼칠입니다.,010-5401-2737,male,ko-KR-HyunsuMultilingualNeural,1
phone_00419_male.wav,output/phone_00419_male.wav,문자 주실 번호는 공일공 칠공이사 일이삼구입니다.,010-7024-1239,male,ko-KR-InJoonNeural,1
phone_00420_female.wav,output/phone_00420_female.wav,제 전화번호는 공일공 오공이일 팔이사칠입니다.,010-5021-8247,female,ko-KR-SunHiNeural,1
phone_00421_male.wav,output/phone_00421_male.wav,문자 주실 번호는 공일공 육일사육 공공삼일입니다.,010-6146-0031,male,ko-KR-InJoonNeural,1
phone_00422_male.wav,output/phone_00422_male.wav,번호 알려드릴게요. 공일공 이구오오 육공육일입니다.,010-2955-6061,male,ko-KR-HyunsuMultilingualNeural,1
phone_00423_male.wav,output/phone_00423_male.wav,연락 가능 번호는 공일공 육삼오칠 오칠삼오입니다.,010-6357-5735,male,ko-KR-InJoonNeural,1
phone_00424_male.wav,output/phone_00424_male.wav,제 번호는 공일공 사구팔사 오이공공입니다.,010-4984-5200,male,ko-KR-InJoonNeural,1
phone_00425_female.wav,output/phone_00425_female.wav,제 번호는 공일공 육공육공 육이일팔입니다.,010-6060-6218,female,ko-KR-SunHiNeural,1
phone_00426_female.wav,output/phone_00426_female.wav,연락 가능 번호는 공일공 이팔삼공 육이육팔입니다.,010-2830-6268,female,ko-KR-SunHiNeural,1
phone_00427_male.wav,output/phone_00427_male.wav,전화번호는 공일공 사삼일구 일구육사이에요.,010-4319-1964,male,ko-KR-InJoonNeural,1
phone_00428_female.wav,output/phone_00428_female.wav,문의는 공일공 일일칠공 칠삼이사으로 주세요.,010-1170-7324,female,ko-KR-SunHiNeural,1
phone_00429_male.wav,output/phone_00429_male.wav,휴대폰 번호는 공일공 구이공구 이육이칠입니다.,010-9209-2627,male,ko-KR-HyunsuMultilingualNeural,1
phone_00430_male.wav,output/phone_00430_male.wav,문의는 공일공 공일삼이 오사일오으로 주세요.,010-0132-5415,male,ko-KR-InJoonNeural,1
phone_00431_female.wav,output/phone_00431_female.wav,제 전화번호는 공일공 삼삼사일 오육이팔입니다.,010-3341-5628,female,ko-KR-SunHiNeural,1
phone_00432_male.wav,output/phone_00432_male.wav,연락 가능 번호는 공일공 일육삼공 구이이일입니다.,010-1630-9221,male,ko-KR-InJoonNeural,1
phone_00433_male.wav,output/phone_00433_male.wav,전화번호는 공일공 육삼사칠 공육이삼이에요.,010-6347-0623,male,ko-KR-InJoonNeural,1
phone_00434_female.wav,output/phone_00434_female.wav,번호 알려드릴게요. 공일공 육이사칠 칠사육사입니다.,010-6247-7464,female,ko-KR-SunHiNeural,1
phone_00435_male.wav,output/phone_00435_male.wav,문의는 공일공 공이공칠 삼이오삼으로 주세요.,010-0207-3253,male,ko-KR-InJoonNeural,1
phone_00436_male.wav,output/phone_00436_male.wav,번호 알려드릴게요. 공일공 팔일칠오 오오사육입니다.,010-8175-5546,male,ko-KR-HyunsuMultilingualNeural,1
phone_00437_male.wav,output/phone_00437_male.wav,제 전화번호는 공일공 공팔공사 사칠삼삼입니다.,010-0804-4733,male,ko-KR-HyunsuMultilingualNeural,1
phone_00438_male.wav,output/phone_00438_male.wav,전화번호는 공일공 오일사일 공오칠팔이에요.,010-5141-0578,male,ko-KR-HyunsuMultilingualNeural,1
phone_00439_female.wav,output/phone_00439_female.wav,휴대폰 번호는 공일공 삼칠사육 이육칠육입니다.,010-3746-2676,female,ko-KR-SunHiNeural,1
phone_00440_male.wav,output/phone_00440_male.wav,문의는 공일공 일구사육 공일육삼으로 주세요.,010-1946-0163,male,ko-KR-HyunsuMultilingualNeural,1
phone_00441_male.wav,output/phone_00441_male.wav,번호 알려드릴게요. 공일공 육칠삼공 육사오이입니다.,010-6730-6452,male,ko-KR-InJoonNeural,1
phone_00442_female.wav,output/phone_00442_female.wav,휴대폰 번호는 공일공 삼육구삼 삼육오오입니다.,010-3693-3655,female,ko-KR-SunHiNeural,1
phone_00443_male.wav,output/phone_00443_male.wav,번호 알려드릴게요. 공일공 삼육팔구 오구팔공입니다.,010-3689-5980,male,ko-KR-HyunsuMultilingualNeural,1
phone_00444_female.wav,output/phone_00444_female.wav,전화는 공일공 이일칠사 이팔칠팔으로 주시면 됩니다.,010-2174-2878,female,ko-KR-SunHiNeural,1
phone_00445_male.wav,output/phone_00445_male.wav,문의는 공일공 이구팔육 공사사이으로 주세요.,010-2986-0442,male,ko-KR-InJoonNeural,1
phone_00446_male.wav,output/phone_00446_male.wav,문자 주실 번호는 공일공 칠이공구 삼사공팔입니다.,010-7209-3408,male,ko-KR-InJoonNeural,1
phone_00447_female.wav,output/phone_00447_female.wav,휴대폰 번호는 공일공 공공팔육 팔육삼삼입니다.,010-0086-8633,female,ko-KR-SunHiNeural,1
phone_00448_male.wav,output/phone_00448_male.wav,제 번호는 공일공 팔칠삼오 삼이구사입니다.,010-8735-3294,male,ko-KR-InJoonNeural,1
phone_00449_male.wav,output/phone_00449_male.wav,연락처는 공일공 오팔구사 이칠일일입니다.,010-5894-2711,male,ko-KR-HyunsuMultilingualNeural,1
phone_00450_male.wav,output/phone_00450_male.wav,전화번호는 공일공 공구공공 칠삼일육이에요.,010-0900-7316,male,ko-KR-HyunsuMultilingualNeural,1
phone_00451_male.wav,output/phone_00451_male.wav,휴대폰 번호는 공일공 공구이팔 구사오구입니다.,010-0928-9459,male,ko-KR-InJoonNeural,1
phone_00452_male.wav,output/phone_00452_male.wav,제 전화번호는 공일공 팔공사오 공오일칠입니다.,010-8045-0517,male,ko-KR-HyunsuMultilingualNeural,1
phone_00453_female.wav,output/phone_00453_female.wav,휴대폰 번호는 공일공 팔사일삼 삼칠오팔입니다.,010-8413-3758,female,ko-KR-SunHiNeural,1
phone_00454_male.wav,output/phone_00454_male.wav,휴대폰 번호는 공일공 사삼이공 이사칠팔입니다.,010-4320-2478,male,ko-KR-HyunsuMultilingualNeural,1
phone_00455_male.wav,output/phone_00455_male.wav,제 번호는 공일공 일구구사 이오구이입니다.,010-1994-2592,male,ko-KR-InJoonNeural,1
phone_00456_female.wav,output/phone_00456_female.wav,연락 가능 번호는 공일공 구구팔오 칠일육구입니다.,010-9985-7169,female,ko-KR-SunHiNeural,1
phone_00457_female.wav,output/phone_00457_female.wav,문의는 공일공 공오팔이 이삼팔공으로 주세요.,010-0582-2380,female,ko-KR-SunHiNeural,1
phone_00458_male.wav,output/phone_00458_male.wav,문자 주실 번호는 공일공 육삼이팔 팔육공육입니다.,010-6328-8606,male,ko-KR-InJoonNeural,1
phone_00459_female.wav,output/phone_00459_female.wav,제 전화번호는 공일공 사육공팔 육사오사입니다.,010-4608-6454,female,ko-KR-SunHiNeural,1
phone_00460_male.wav,output/phone_00460_male.wav,문의는 공일공 육구삼칠 사사일팔으로 주세요.,010-6937-4418,male,ko-KR-InJoonNeural,1
phone_00461_female.wav,output/phone_00461_female.wav,제 번호는 공일공 일오사사 육공팔일입니다.,010-1544-6081,female,ko-KR-SunHiNeural,1
phone_00462_female.wav,output/phone_00462_female.wav,제 번호는 공일공 칠팔오오 공오공육입니다.,010-7855-0506,female,ko-KR-SunHiNeural,1
phone_00463_male.wav,output/phone_00463_male.wav,제 번호는 공일공 삼칠사구 삼공일육입니다.,010-3749-3016,male,ko-KR-HyunsuMultilingualNeural,1
phone_00464_male.wav,output/phone_00464_male.wav,제 번호는 공일공 이칠사일 이오공육입니다.,010-2741-2506,male,ko-KR-HyunsuMultilingualNeural,1
phone_00465_male.wav,output/phone_00465_male.wav,전화는 공일공 팔오일육 삼칠육사으로 주시면 됩니다.,010-8516-3764,male,ko-KR-InJoonNeural,1
phone_00466_male.wav,output/phone_00466_male.wav,제 번호는 공일공 팔삼이일 사육팔팔입니다.,010-8321-4688,male,ko-KR-InJoonNeural,1
phone_00467_male.wav,output/phone_00467_male.wav,문자 주실 번호는 공일공 사칠팔오 이사사삼입니다.,010-4785-2443,male,ko-KR-HyunsuMultilingualNeural,1
phone_00468_male.wav,output/phone_00468_male.wav,제 전화번호는 공일공 공삼이일 삼사공팔입니다.,010-0321-3408,male,ko-KR-InJoonNeural,1
phone_00469_female.wav,output/phone_00469_female.wav,제 번호는 공일공 칠육이삼 삼사칠팔입니다.,010-7623-3478,female,ko-KR-SunHiNeural,1
phone_00470_male.wav,output/phone_00470_male.wav,연락처는 공일공 구오이이 육삼삼칠입니다.,010-9522-6337,male,ko-KR-HyunsuMultilingualNeural,1
phone_00471_male.wav,output/phone_00471_male.wav,연락처는 공일공 육사일팔 구이육삼입니다.,010-6418-9263,male,ko-KR-InJoonNeural,1
phone_00472_female.wav,output/phone_00472_female.wav,연락 가능 번호는 공일공 팔구일삼 오공공사입니다.,010-8913-5004,female,ko-KR-SunHiNeural,1
phone_00473_female.wav,output/phone_00473_female.wav,제 번호는 공일공 사구사삼 칠육삼삼입니다.,010-4943-7633,female,ko-KR-SunHiNeural,1
phone_00474_male.wav,output/phone_00474_male.wav,연락처는 공일공 구팔팔육 삼칠삼오입니다.,010-9886-3735,male,ko-KR-HyunsuMultilingualNeural,1
phone_00475_male.wav,output/phone_00475_male.wav,연락 가능 번호는 공일공 팔구일삼 공구칠삼입니다.,010-8913-0973,male,ko-KR-InJoonNeural,1
phone_00476_male.wav,output/phone_00476_male.wav,휴대폰 번호는 공일공 오이이이 이사이구입니다.,010-5222-2429,male,ko-KR-InJoonNeural,1
phone_00477_male.wav,output/phone_00477_male.wav,연락 가능 번호는 공일공 일오사삼 이일사칠입니다.,010-1543-2147,male,ko-KR-HyunsuMultilingualNeural,1
phone_00478_male.wav,output/phone_00478_male.wav,제 번호는 공일공 사육삼오 육구팔공입니다.,010-4635-6980,male,ko-KR-InJoonNeural,1
phone_00479_male.wav,output/phone_00479_male.wav,휴대폰 번호는 공일공 일공구오 육일육사입니다.,010-1095-6164,male,ko-KR-InJoonNeural,1
phone_00480_female.wav,output/phone_00480_female.wav,문의는 공일공 공삼칠오 칠일일일으로 주세요.,010-0375-7111,female,ko-KR-SunHiNeural,1
phone_00481_female.wav,output/phone_00481_female.wav,문의는 공일공 공팔이오 팔삼공구으로 주세요.,010-0825-8309,female,ko-KR-SunHiNeural,1
phone_00482_female.wav,output/phone_00482_female.wav,연락처는 공일공 칠오이삼 공이칠구입니다.,010-7523-0279,female,ko-KR-SunHiNeural,1
phone_00483_female.wav,output/phone_00483_female.wav,전화는 공일공 팔오팔구 육이구사으로 주시면 됩니다.,010-8589-6294,female,ko-KR-SunHiNeural,1
phone_00484_male.wav,output/phone_00484_male.wav,전화번호는 공일공 오육칠사 사육사삼이에요.,010-5674-4643,male,ko-KR-HyunsuMultilingualNeural,1
phone_00485_male.wav,output/phone_00485_male.wav,휴대폰 번호는 공일공 공삼팔오 삼사이구입니다.,010-0385-3429,male,ko-KR-InJoonNeural,1
phone_00486_male.wav,output/phone_00486_male.wav,연락처는 공일공 공공칠육 일오이팔입니다.,010-0076-1528,male,ko-KR-HyunsuMultilingualNeural,1
phone_00487_male.wav,output/phone_00487_male.wav,휴대폰 번호는 공일공 사삼일일 육구삼사입니다.,010-4311-6934,male,ko-KR-HyunsuMultilingualNeural,1
phone_00488_male.wav,output/phone_00488_male.wav,전화번호는 공일공 오팔일공 칠칠칠공이에요.,010-5810-7770,male,ko-KR-InJoonNeural,1
phone_00489_male.wav,output/phone_00489_male.wav,제 번호는 공일공 이이오공 사이이공입니다.,010-2250-4220,male,ko-KR-InJoonNeural,1
phone_00490_female.wav,output/phone_00490_female.wav,전화번호는 공일공 일공공이 육칠이사이에요.,010-1002-6724,female,ko-KR-SunHiNeural,1
phone_00491_male.wav,output/phone_00491_male.wav,전화번호는 공일공 삼공공일 구육이일이에요.,010-3001-9621,male,ko-KR-HyunsuMultilingualNeural,1
phone_00492_female.wav,output/phone_00492_female.wav,제 전화번호는 공일공 삼이칠공 사구사오입니다.,010-3270-4945,female,ko-KR-SunHiNeural,1
phone_00493_male.wav,output/phone_00493_male.wav,연락 가능 번호는 공일공 일이오이 칠육칠일입니다.,010-1252-7671,male,ko-KR-InJoonNeural,1
phone_00494_male.wav,output/phone_00494_male.wav,연락 가능 번호는 공일공 삼칠칠육 사팔이육입니다.,010-3776-4826,male,ko-KR-InJoonNeural,1
phone_00495_male.wav,output/phone_00495_male.wav,문자 주실 번호는 공일공 이일오칠 이삼육구입니다.,010-2157-2369,male,ko-KR-HyunsuMultilingualNeural,1
phone_00496_female.wav,output/phone_00496_female.wav,제 전화번호는 공일공 삼칠공이 삼팔일삼입니다.,010-3702-3813,female,ko-KR-SunHiNeural,1
phone_00497_female.wav,output/phone_00497_female.wav,전화는 공일공 오사사칠 공삼팔사으로 주시면 됩니다.,010-5447-0384,female,ko-KR-SunHiNeural,1
phone_00498_female.wav,output/phone_00498_female.wav,연락 가능 번호는 공일공 구공일구 사일칠일입니다.,010-9019-4171,female,ko-KR-SunHiNeural,1
phone_00499_male.wav,output/phone_00499_male.wav,연락처는 공일공 육사사이 육육이삼입니다.,010-6442-6623,male,ko-KR-HyunsuMultilingualNeural,1
phone_00500_male.wav,output/phone_00500_male.wav,문자 주실 번호는 공일공 이이일일 오사사이입니다.,010-2211-5442,male,ko-KR-InJoonNeural,1
phone_00501_female.wav,output/phone_00501_female.wav,휴대폰 번호는 공일공 육공육삼 삼삼오공입니다.,010-6063-3350,female,ko-KR-SunHiNeural,1
phone_00502_male.wav,output/phone_00502_male.wav,문자 주실 번호는 공일공 구이공일 오오팔삼입니다.,010-9201-5583,male,ko-KR-InJoonNeural,1
phone_00503_male.wav,output/phone_00503_male.wav,문의는 공일공 삼칠칠공 사사팔일으로 주세요.,010-3770-4481,male,ko-KR-InJoonNeural,1
phone_00504_male.wav,output/phone_00504_male.wav,전화번호는 공일공 일팔이삼 공삼칠공이에요.,010-1823-0370,male,ko-KR-InJoonNeural,1
phone_00505_male.wav,output/phone_00505_male.wav,제 전화번호는 공일공 육공오공 칠공칠일입니다.,010-6050-7071,male,ko-KR-HyunsuMultilingualNeural,1
phone_00506_male.wav,output/phone_00506_male.wav,제 전화번호는 공일공 오오칠구 팔공칠사입니다.,010-5579-8074,male,ko-KR-InJoonNeural,1
phone_00507_male.wav,output/phone_00507_male.wav,전화번호는 공일공 육구사칠 이사칠삼이에요.,010-6947-2473,male,ko-KR-InJoonNeural,1
phone_00508_male.wav,output/phone_00508_male.wav,연락 가능 번호는 공일공 이일삼팔 일오이사입니다.,010-2138-1524,male,ko-KR-HyunsuMultilingualNeural,1
phone_00509_male.wav,output/phone_00509_male.wav,제 번호는 공일공 팔사오육 오오오공입니다.,010-8456-5550,male,ko-KR-InJoonNeural,1
phone_00510_male.wav,output/phone_00510_male.wav,전화는 공일공 삼삼공칠 육공오팔으로 주시면 됩니다.,010-3307-6058,male,ko-KR-InJoonNeural,1
phone_00511_male.wav,output/phone_00511_male.wav,제 번호는 공일공 팔사구구 구오오오입니다.,010-8499-9555,male,ko-KR-InJoonNeural,1
phone_00512_male.wav,output/phone_00512_male.wav,제 전화번호는 공일공 오사팔구 육공공공입니다.,010-5489-6000,male,ko-KR-HyunsuMultilingualNeural,1
phone_00513_male.wav,output/phone_00513_male.wav,전화번호는 공일공 공오이이 삼이공구이에요.,010-0522-3209,male,ko-KR-InJoonNeural,1
phone_00514_male.wav,output/phone_00514_male.wav,휴대폰 번호는 공일공 오일사삼 오이팔사입니다.,010-5143-5284,male,ko-KR-HyunsuMultilingualNeural,1
phone_00515_male.wav,output/phone_00515_male.wav,연락 가능 번호는 공일공 일삼공삼 구일칠팔입니다.,010-1303-9178,male,ko-KR-HyunsuMultilingualNeural,1
phone_00516_male.wav,output/phone_00516_male.wav,연락처는 공일공 오사일오 구공오이입니다.,010-5415-9052,male,ko-KR-InJoonNeural,1
phone_00517_female.wav,output/phone_00517_female.wav,문자 주실 번호는 공일공 팔육일공 육칠육이입니다.,010-8610-6762,female,ko-KR-SunHiNeural,1
phone_00518_female.wav,output/phone_00518_female.wav,제 전화번호는 공일공 칠이팔육 공공이삼입니다.,010-7286-0023,female,ko-KR-SunHiNeural,1
phone_00519_female.wav,output/phone_00519_female.wav,전화는 공일공 사구칠사 공육이오으로 주시면 됩니다.,010-4974-0625,female,ko-KR-SunHiNeural,1
phone_00520_male.wav,output/phone_00520_male.wav,연락 가능 번호는 공일공 삼공사삼 오공칠삼입니다.,010-3043-5073,male,ko-KR-HyunsuMultilingualNeural,1
phone_00521_male.wav,output/phone_00521_male.wav,제 전화번호는 공일공 칠일육이 삼사칠구입니다.,010-7162-3479,male,ko-KR-HyunsuMultilingualNeural,1
phone_00522_male.wav,output/phone_00522_male.wav,연락 가능 번호는 공일공 팔팔사일 사육육일입니다.,010-8841-4661,male,ko-KR-HyunsuMultilingualNeural,1
phone_00523_male.wav,output/phone_00523_male.wav,문자 주실 번호는 공일공 일구이육 사사사팔입니다.,010-1926-4448,male,ko-KR-InJoonNeural,1
phone_00524_male.wav,output/phone_00524_male.wav,문의는 공일공 공공이일 팔육공삼으로 주세요.,010-0021-8603,male,ko-KR-HyunsuMultilingualNeural,1
phone_00525_male.wav,output/phone_00525_male.wav,전화는 공일공 이팔공삼 공구일오으로 주시면 됩니다.,010-2803-0915,male,ko-KR-HyunsuMultilingualNeural,1
phone_00526_male.wav,output/phone_00526_male.wav,번호 알려드릴게요. 공일공 이칠육육 삼이칠칠입니다.,010-2766-3277,male,ko-KR-HyunsuMultilingualNeural,1
phone_00527_male.wav,output/phone_00527_male.wav,제 번호는 공일공 칠오일이 팔사이일입니다.,010-7512-8421,male,ko-KR-InJoonNeural,1
phone_00528_male.wav,output/phone_00528_male.wav,전화번호는 공일공 육일일사 이삼육팔이에요.,010-6114-2368,male,ko-KR-InJoonNeural,1
phone_00529_female.wav,output/phone_00529_female.wav,제 전화번호는 공일공 공일일삼 팔육이이입니다.,010-0113-8622,female,ko-KR-SunHiNeural,1
phone_00530_male.wav,output/phone_00530_male.wav,제 번호는 공일공 팔육칠일 사육오육입니다.,010-8671-4656,male,ko-KR-HyunsuMultilingualNeural,1
phone_00531_male.wav,output/phone_00531_male.wav,휴대폰 번호는 공일공 일공오삼 이일칠육입니다.,010-1053-2176,male,ko-KR-InJoonNeural,1
phone_00532_male.wav,output/phone_00532_male.wav,전화번호는 공일공 구사육육 팔공오일이에요.,010-9466-8051,male,ko-KR-InJoonNeural,1
phone_00533_female.wav,output/phone_00533_female.wav,전화는 공일공 공이일육 오삼칠일으로 주시면 됩니다.,010-0216-5371,female,ko-KR-SunHiNeural,1
phone_00534_male.wav,output/phone_00534_male.wav,제 번호는 공일공 사일사구 구구공오입니다.,010-4149-9905,male,ko-KR-InJoonNeural,1
phone_00535_male.wav,output/phone_00535_male.wav,휴대폰 번호는 공일공 팔일팔오 공팔공오입니다.,010-8185-0805,male,ko-KR-InJoonNeural,1
phone_00536_male.wav,output/phone_00536_male.wav,문자 주실 번호는 공일공 이오구일 일공팔오입니다.,010-2591-1085,male,ko-KR-InJoonNeural,1
phone_00537_female.wav,output/phone_00537_female.wav,연락 가능 번호는 공일공 사이칠구 삼이칠공입니다.,010-4279-3270,female,ko-KR-SunHiNeural,1
phone_00538_female.wav,output/phone_00538_female.wav,번호 알려드릴게요. 공일공 팔팔삼칠 이육사이입니다.,010-8837-2642,female,ko-KR-SunHiNeural,1
phone_00539_male.wav,output/phone_00539_male.wav,전화번호는 공일공 사이공육 이공오삼이에요.,010-4206-2053,male,ko-KR-InJoonNeural,1
phone_00540_female.wav,output/phone_00540_female.wav,휴대폰 번호는 공일공 육팔칠칠 삼사이삼입니다.,010-6877-3423,female,ko-KR-SunHiNeural,1
phone_00541_female.wav,output/phone_00541_female.wav,번호 알려드릴게요. 공일공 삼삼공사 사일오오입니다.,010-3304-4155,female,ko-KR-SunHiNeural,1
phone_00542_female.wav,output/phone_00542_female.wav,연락처는 공일공 팔사칠구 육삼일오입니다.,010-8479-6315,female,ko-KR-SunHiNeural,1
phone_00543_male.wav,output/phone_00543_male.wav,문의는 공일공 사칠육구 칠일일이으로 주세요.,010-4769-7112,male,ko-KR-InJoonNeural,1
phone_00544_female.wav,output/phone_00544_female.wav,전화는 공일공 이이육구 공삼공육으로 주시면 됩니다.,010-2269-0306,female,ko-KR-SunHiNeural,1
phone_00545_male.wav,output/phone_00545_male.wav,연락처는 공일공 육일이일 삼공이공입니다.,010-6121-3020,male,ko-KR-InJoonNeural,1
phone_00546_male.wav,output/phone_00546_male.wav,연락 가능 번호는 공일공 팔칠오사 구삼일육입니다.,010-8754-9316,male,ko-KR-HyunsuMultilingualNeural,1
phone_00547_male.wav,output/phone_00547_male.wav,연락 가능 번호는 공일공 육팔구이 육공삼구입니다.,010-6892-6039,male,ko-KR-HyunsuMultilingualNeural,1
phone_00548_male.wav,output/phone_00548_male.wav,제 번호는 공일공 이육육칠 육칠구이입니다.,010-2667-6792,male,ko-KR-InJoonNeural,1
phone_00549_male.wav,output/phone_00549_male.wav,연락 가능 번호는 공일공 육칠오육 오구사팔입니다.,010-6756-5948,male,ko-KR-HyunsuMultilingualNeural,1
phone_00550_female.wav,output/phone_00550_female.wav,전화는 공일공 팔팔팔일 이구공삼으로 주시면 됩니다.,010-8881-2903,female,ko-KR-SunHiNeural,1
phone_00551_male.wav,output/phone_00551_male.wav,전화는 공일공 팔오이일 공공팔오으로 주시면 됩니다.,010-8521-0085,male,ko-KR-InJoonNeural,1
phone_00552_female.wav,output/phone_00552_female.wav,제 번호는 공일공 삼사사육 삼팔오공입니다.,010-3446-3850,female,ko-KR-SunHiNeural,1
phone_00553_female.wav,output/phone_00553_female.wav,연락 가능 번호는 공일공 칠칠육팔 팔삼삼이입니다.,010-7768-8332,female,ko-KR-SunHiNeural,1
phone_00554_male.wav,output/phone_00554_male.wav,문의는 공일공 팔구공칠 일삼일사으로 주세요.,010-8907-1314,male,ko-KR-HyunsuMultilingualNeural,1
phone_00555_female.wav,output/phone_00555_female.wav,제 전화번호는 공일공 구팔육칠 칠일육구입니다.,010-9867-7169,female,ko-KR-SunHiNeural,1
phone_00556_female.wav,output/phone_00556_female.wav,문자 주실 번호는 공일공 일구팔이 구구공오입니다.,010-1982-9905,female,ko-KR-SunHiNeural,1
phone_00557_male.wav,output/phone_00557_male.wav,제 번호는 공일공 팔사이사 사삼사육입니다.,010-8424-4346,male,ko-KR-InJoonNeural,1
phone_00558_female.wav,output/phone_00558_female.wav,번호 알려드릴게요. 공일공 구공팔사 칠구삼칠입니다.,010-9084-7937,female,ko-KR-SunHiNeural,1
phone_00559_female.wav,output/phone_00559_female.wav,번호 알려드릴게요. 공일공 오구사삼 칠오칠칠입니다.,010-5943-7577,female,ko-KR-SunHiNeural,1
phone_00560_male.wav,output/phone_00560_male.wav,제 번호는 공일공 팔오일육 사육삼삼입니다.,010-8516-4633,male,ko-KR-InJoonNeural,1
phone_00561_female.wav,output/phone_00561_female.wav,휴대폰 번호는 공일공 사구공사 팔오일육입니다.,010-4904-8516,female,ko-KR-SunHiNeural,1
phone_00562_male.wav,output/phone_00562_male.wav,제 전화번호는 공일공 칠사육삼 칠사삼이입니다.,010-7463-7432,male,ko-KR-InJoonNeural,1
phone_00563_female.wav,output/phone_00563_female.wav,전화는 공일공 사육구삼 공구이칠으로 주시면 됩니다.,010-4693-0927,female,ko-KR-SunHiNeural,1
phone_00564_male.wav,output/phone_00564_male.wav,제 번호는 공일공 팔육공육 사공오일입니다.,010-8606-4051,male,ko-KR-HyunsuMultilingualNeural,1
phone_00565_male.wav,output/phone_00565_male.wav,문의는 공일공 칠오칠공 오오일구으로 주세요.,010-7570-5519,male,ko-KR-InJoonNeural,1
phone_00566_female.wav,output/phone_00566_female.wav,전화는 공일공 오사공공 구일사팔으로 주시면 됩니다.,010-5400-9148,female,ko-KR-SunHiNeural,1
phone_00567_female.wav,output/phone_00567_female.wav,제 번호는 공일공 육팔오오 팔공사팔입니다.,010-6855-8048,female,ko-KR-SunHiNeural,1
phone_00568_male.wav,output/phone_00568_male.wav,연락 가능 번호는 공일공 삼일일구 구사사일입니다.,010-3119-9441,male,ko-KR-HyunsuMultilingualNeural,1
phone_00569_male.wav,output/phone_00569_male.wav,휴대폰 번호는 공일공 이이일육 사오오구입니다.,010-2216-4559,male,ko-KR-HyunsuMultilingualNeural,1
phone_00570_male.wav,output/phone_00570_male.wav,문자 주실 번호는 공일공 팔사구일 삼일팔삼입니다.,010-8491-3183,male,ko-KR-HyunsuMultilingualNeural,1
phone_00571_male.wav,output/phone_00571_male.wav,전화번호는 공일공 사팔육공 사사사칠이에요.,010-4860-4447,male,ko-KR-InJoonNeural,1
phone_00572_female.wav,output/phone_00572_female.wav,문의는 공일공 칠구구구 이오오이으로 주세요.,010-7999-2552,female,ko-KR-SunHiNeural,1
phone_00573_male.wav,output/phone_00573_male.wav,연락 가능 번호는 공일공 사팔삼공 사오구일입니다.,010-4830-4591,male,ko-KR-HyunsuMultilingualNeural,1
phone_00574_female.wav,output/phone_00574_female.wav,전화번호는 공일공 팔공공삼 팔사팔일이에요.,010-8003-8481,female,ko-KR-SunHiNeural,1
phone_00575_male.wav,output/phone_00575_male.wav,제 전화번호는 공일공 삼오구사 구오삼칠입니다.,010-3594-9537,male,ko-KR-HyunsuMultilingualNeural,1
phone_00576_female.wav,output/phone_00576_female.wav,전화번호는 공일공 공칠일이 공삼이육이에요.,010-0712-0326,female,ko-KR-SunHiNeural,1
phone_00577_male.wav,output/phone_00577_male.wav,제 전화번호는 공일공 이구팔사 사오구공입니다.,010-2984-4590,male,ko-KR-HyunsuMultilingualNeural,1
phone_00578_male.wav,output/phone_00578_male.wav,문자 주실 번호는 공일공 칠일칠칠 칠팔사삼입니다.,010-7177-7843,male,ko-KR-InJoonNeural,1
phone_00579_female.wav,output/phone_00579_female.wav,문의는 공일공 사팔칠이 칠사삼칠으로 주세요.,010-4872-7437,female,ko-KR-SunHiNeural,1
phone_00580_male.wav,output/phone_00580_male.wav,연락처는 공일공 팔삼공삼 팔칠공오입니다.,010-8303-8705,male,ko-KR-InJoonNeural,1
phone_00581_male.wav,output/phone_00581_male.wav,연락 가능 번호는 공일공 칠이오팔 육사구구입니다.,010-7258-6499,male,ko-KR-InJoonNeural,1
phone_00582_male.wav,output/phone_00582_male.wav,휴대폰 번호는 공일공 팔오일팔 칠일삼오입니다.,010-8518-7135,male,ko-KR-InJoonNeural,1
phone_00583_male.wav,output/phone_00583_male.wav,휴대폰 번호는 공일공 팔삼일팔 육삼구삼입니다.,010-8318-6393,male,ko-KR-InJoonNeural,1
phone_00584_female.wav,output/phone_00584_female.wav,제 번호는 공일공 오오일일 공공이공입니다.,010-5511-0020,female,ko-KR-SunHiNeural,1
phone_00585_female.wav,output/phone_00585_female.wav,연락 가능 번호는 공일공 일사사칠 오오이육입니다.,010-1447-5526,female,ko-KR-SunHiNeural,1
phone_00586_female.wav,output/phone_00586_female.wav,번호 알려드릴게요. 공일공 사팔공육 삼육팔칠입니다.,010-4806-3687,female,ko-KR-SunHiNeural,1
phone_00587_female.wav,output/phone_00587_female.wav,연락 가능 번호는 공일공 이팔육공 구일팔일입니다.,010-2860-9181,female,ko-KR-SunHiNeural,1
phone_00588_female.wav,output/phone_00588_female.wav,제 번호는 공일공 오오구삼 사구삼일입니다.,010-5593-4931,female,ko-KR-SunHiNeural,1
phone_00589_male.wav,output/phone_00589_male.wav,연락 가능 번호는 공일공 칠일칠칠 칠오구공입니다.,010-7177-7590,male,ko-KR-InJoonNeural,1
phone_00590_male.wav,output/phone_00590_male.wav,제 번호는 공일공 팔삼팔칠 오공사이입니다.,010-8387-5042,male,ko-KR-InJoonNeural,1
phone_00591_male.wav,output/phone_00591_male.wav,문자 주실 번호는 공일공 칠구삼칠 구공오오입니다.,010-7937-9055,male,ko-KR-HyunsuMultilingualNeural,1
phone_00592_male.wav,output/phone_00592_male.wav,전화는 공일공 사칠오구 공팔공구으로 주시면 됩니다.,010-4759-0809,male,ko-KR-InJoonNeural,1
phone_00593_male.wav,output/phone_00593_male.wav,전화번호는 공일공 육칠삼팔 이공공구이에요.,010-6738-2009,male,ko-KR-InJoonNeural,1
phone_00594_male.wav,output/phone_00594_male.wav,전화는 공일공 사육사삼 오삼칠사으로 주시면 됩니다.,010-4643-5374,male,ko-KR-InJoonNeural,1
phone_00595_male.wav,output/phone_00595_male.wav,연락처는 공일공 사오이육 일팔구칠입니다.,010-4526-1897,male,ko-KR-InJoonNeural,1
phone_00596_male.wav,output/phone_00596_male.wav,제 번호는 공일공 구육팔이 칠일오일입니다.,010-9682-7151,male,ko-KR-InJoonNeural,1
phone_00597_male.wav,output/phone_00597_male.wav,휴대폰 번호는 공일공 칠육구사 오공육공입니다.,010-7694-5060,male,ko-KR-HyunsuMultilingualNeural,1
phone_00598_male.wav,output/phone_00598_male.wav,연락 가능 번호는 공일공 팔일칠일 육삼칠사입니다.,010-8171-6374,male,ko-KR-HyunsuMultilingualNeural,1
phone_00599_male.wav,output/phone_00599_male.wav,전화번호는 공일공 구구칠공 오오이일이에요.,010-9970-5521,male,ko-KR-HyunsuMultilingualNeural,1
phone_00600_male.wav,output/phone_00600_male.wav,전화번호는 공일공 사사칠오 구팔삼삼이에요.,010-4475-9833,male,ko-KR-InJoonNeural,1
phone_00601_female.wav,output/phone_00601_female.wav,연락 가능 번호는 공일공 공팔이칠 육이구팔입니다.,010-0827-6298,female,ko-KR-SunHiNeural,1
phone_00602_female.wav,output/phone_00602_female.wav,휴대폰 번호는 공일공 사육공이 오칠사육입니다.,010-4602-5746,female,ko-KR-SunHiNeural,1
phone_00603_male.wav,output/phone_00603_male.wav,문의는 공일공 공일칠삼 칠칠칠사으로 주세요.,010-0173-7774,male,ko-KR-InJoonNeural,1
phone_00604_male.wav,output/phone_00604_male.wav,연락처는 공일공 팔팔칠사 일사일구입니다.,010-8874-1419,male,ko-KR-InJoonNeural,1
phone_00605_female.wav,output/phone_00605_female.wav,번호 알려드릴게요. 공일공 구구구삼 구구일사입니다.,010-9993-9914,female,ko-KR-SunHiNeural,1
phone_00606_male.wav,output/phone_00606_male.wav,문자 주실 번호는 공일공 이구이사 이팔공칠입니다.,010-2924-2807,male,ko-KR-HyunsuMultilingualNeural,1
phone_00607_female.wav,output/phone_00607_female.wav,연락처는 공일공 삼팔이이 일공일구입니다.,010-3822-1019,female,ko-KR-SunHiNeural,1
phone_00608_male.wav,output/phone_00608_male.wav,전화는 공일공 삼오공일 삼구오칠으로 주시면 됩니다.,010-3501-3957,male,ko-KR-HyunsuMultilingualNeural,1
phone_00609_female.wav,output/phone_00609_female.wav,문자 주실 번호는 공일공 구구오일 육사칠칠입니다.,010-9951-6477,female,ko-KR-SunHiNeural,1
phone_00610_male.wav,output/phone_00610_male.wav,제 전화번호는 공일공 삼칠삼이 사삼육일입니다.,010-3732-4361,male,ko-KR-InJoonNeural,1
phone_00611_male.wav,output/phone_00611_male.wav,휴대폰 번호는 공일공 칠오이팔 공사육이입니다.,010-7528-0462,male,ko-KR-InJoonNeural,1
phone_00612_female.wav,output/phone_00612_female.wav,전화는 공일공 오육육공 사구삼육으로 주시면 됩니다.,010-5660-4936,female,ko-KR-SunHiNeural,1
phone_00613_male.wav,output/phone_00613_male.wav,휴대폰 번호는 공일공 일구칠공 삼칠공오입니다.,010-1970-3705,male,ko-KR-InJoonNeural,1
phone_00614_male.wav,output/phone_00614_male.wav,전화번호는 공일공 일칠일이 사육이사이에요.,010-1712-4624,male,ko-KR-HyunsuMultilingualNeural,1
phone_00615_male.wav,output/phone_00615_male.wav,제 번호는 공일공 사삼육삼 오오칠육입니다.,010-4363-5576,male,ko-KR-HyunsuMultilingualNeural,1
phone_00616_female.wav,output/phone_00616_female.wav,전화번호는 공일공 구구오오 구일공공이에요.,010-9955-9100,female,ko-KR-SunHiNeural,1
phone_00617_female.wav,output/phone_00617_female.wav,제 전화번호는 공일공 구육칠삼 칠일일일입니다.,010-9673-7111,female,ko-KR-SunHiNeural,1
phone_00618_male.wav,output/phone_00618_male.wav,연락 가능 번호는 공일공 오공구육 공팔일오입니다.,010-5096-0815,male,ko-KR-InJoonNeural,1
phone_00619_female.wav,output/phone_00619_female.wav,문의는 공일공 구구일칠 육공일육으로 주세요.,010-9917-6016,female,ko-KR-SunHiNeural,1
phone_00620_male.wav,output/phone_00620_male.wav,연락 가능 번호는 공일공 칠육오칠 구삼팔사입니다.,010-7657-9384,male,ko-KR-HyunsuMultilingualNeural,1
phone_00621_female.wav,output/phone_00621_female.wav,제 번호는 공일공 삼팔육팔 이구구이입니다.,010-3868-2992,female,ko-KR-SunHiNeural,1
phone_00622_male.wav,output/phone_00622_male.wav,전화번호는 공일공 칠삼오팔 일공이공이에요.,010-7358-1020,male,ko-KR-InJoonNeural,1
phone_00623_male.wav,output/phone_00623_male.wav,문의는 공일공 오팔육오 이이사육으로 주세요.,010-5865-2246,male,ko-KR-InJoonNeural,1
phone_00624_male.wav,output/phone_00624_male.wav,연락 가능 번호는 공일공 공사육육 삼공일육입니다.,010-0466-3016,male,ko-KR-HyunsuMultilingualNeural,1
phone_00625_female.wav,output/phone_00625_female.wav,전화는 공일공 팔이육오 육오일팔으로 주시면 됩니다.,010-8265-6518,female,ko-KR-SunHiNeural,1
phone_00626_male.wav,output/phone_00626_male.wav,휴대폰 번호는 공일공 오일구구 일삼육구입니다.,010-5199-1369,male,ko-KR-HyunsuMultilingualNeural,1
phone_00627_female.wav,output/phone_00627_female.wav,전화는 공일공 사육사육 육공칠육으로 주시면 됩니다.,010-4646-6076,female,ko-KR-SunHiNeural,1
phone_00628_male.wav,output/phone_00628_male.wav,휴대폰 번호는 공일공 육오오오 일오공구입니다.,010-6555-1509,male,ko-KR-InJoonNeural,1
phone_00629_male.wav,output/phone_00629_male.wav,전화번호는 공일공 구사팔공 이오오일이에요.,010-9480-2551,male,ko-KR-HyunsuMultilingualNeural,1
phone_00630_female.wav,output/phone_00630_female.wav,연락 가능 번호는 공일공 공구삼육 공삼공오입니다.,010-0936-0305,female,ko-KR-SunHiNeural,1
phone_00631_male.wav,output/phone_00631_male.wav,문자 주실 번호는 공일공 육공육삼 칠칠일이입니다.,010-6063-7712,male,ko-KR-HyunsuMultilingualNeural,1
phone_00632_female.wav,output/phone_00632_female.wav,문자 주실 번호는 공일공 일칠육팔 구육팔사입니다.,010-1768-9684,female,ko-KR-SunHiNeural,1
phone_00633_male.wav,output/phone_00633_male.wav,연락 가능 번호는 공일공 일일이육 사칠구오입니다.,010-1126-4795,male,ko-KR-HyunsuMultilingualNeural,1
phone_00634_male.wav,output/phone_00634_male.wav,문자 주실 번호는 공일공 공사구삼 오공사삼입니다.,010-0493-5043,male,ko-KR-HyunsuMultilingualNeural,1
phone_00635_male.wav,output/phone_00635_male.wav,제 전화번호는 공일공 삼일삼공 이공육사입니다.,010-3130-2064,male,ko-KR-InJoonNeural,1
phone_00636_male.wav,output/phone_00636_male.wav,제 번호는 공일공 칠일공일 구사오공입니다.,010-7101-9450,male,ko-KR-InJoonNeural,1
phone_00637_male.wav,output/phone_00637_male.wav,연락 가능 번호는 공일공 팔오일육 구육구구입니다.,010-8516-9699,male,ko-KR-InJoonNeural,1
phone_00638_male.wav,output/phone_00638_male.wav,연락처는 공일공 칠일칠오 일이일이입니다.,010-7175-1212,male,ko-KR-HyunsuMultilingualNeural,1
phone_00639_male.wav,output/phone_00639_male.wav,제 전화번호는 공일공 이일육팔 삼오오삼입니다.,010-2168-3553,male,ko-KR-InJoonNeural,1
phone_00640_male.wav,output/phone_00640_male.wav,전화번호는 공일공 육오육육 오사공삼이에요.,010-6566-5403,male,ko-KR-HyunsuMultilingualNeural,1
phone_00641_male.wav,output/phone_00641_male.wav,번호 알려드릴게요. 공일공 칠오구오 팔육칠육입니다.,010-7595-8676,male,ko-KR-HyunsuMultilingualNeural,1
phone_00642_male.wav,output/phone_00642_male.wav,제 전화번호는 공일공 이이공일 구이오오입니다.,010-2201-9255,male,ko-KR-InJoonNeural,1
phone_00643_male.wav,output/phone_00643_male.wav,번호 알려드릴게요. 공일공 구오공삼 삼구오오입니다.,010-9503-3955,male,ko-KR-InJoonNeural,1
phone_00644_male.wav,output/phone_00644_male.wav,문의는 공일공 팔육팔구 공칠사팔으로 주세요.,010-8689-0748,male,ko-KR-HyunsuMultilingualNeural,1
phone_00645_male.wav,output/phone_00645_male.wav,연락 가능 번호는 공일공 칠공육공 이팔오삼입니다.,010-7060-2853,male,ko-KR-HyunsuMultilingualNeural,1
phone_00646_male.wav,output/phone_00646_male.wav,전화는 공일공 삼공이이 구삼칠구으로 주시면 됩니다.,010-3022-9379,male,ko-KR-InJoonNeural,1
phone_00647_male.wav,output/phone_00647_male.wav,휴대폰 번호는 공일공 이삼일삼 구육공구입니다.,010-2313-9609,male,ko-KR-InJoonNeural,1
phone_00648_female.wav,output/phone_00648_female.wav,전화번호는 공일공 공일공육 사이팔칠이에요.,010-0106-4287,female,ko-KR-SunHiNeural,1
phone_00649_male.wav,output/phone_00649_male.wav,제 전화번호는 공일공 일육공육 칠구이오입니다.,010-1606-7925,male,ko-KR-InJoonNeural,1
phone_00650_female.wav,output/phone_00650_female.wav,연락 가능 번호는 공일공 팔사공오 일육오오입니다.,010-8405-1655,female,ko-KR-SunHiNeural,1
phone_00651_male.wav,output/phone_00651_male.wav,휴대폰 번호는 공일공 공칠삼육 일팔오육입니다.,010-0736-1856,male,ko-KR-HyunsuMultilingualNeural,1
phone_00652_male.wav,output/phone_00652_male.wav,휴대폰 번호는 공일공 칠칠육오 사육구구입니다.,010-7765-4699,male,ko-KR-InJoonNeural,1
phone_00653_male.wav,output/phone_00653_male.wav,휴대폰 번호는 공일공 칠구사육 구이이삼입니다.,010-7946-9223,male,ko-KR-HyunsuMultilingualNeural,1
phone_00654_female.wav,output/phone_00654_female.wav,제 번호는 공일공 사이칠구 칠사팔팔입니다.,010-4279-7488,female,ko-KR-SunHiNeural,1
phone_00655_male.wav,output/phone_00655_male.wav,전화는 공일공 팔칠팔이 육오이팔으로 주시면 됩니다.,010-8782-6528,male,ko-KR-HyunsuMultilingualNeural,1
phone_00656_male.wav,output/phone_00656_male.wav,문자 주실 번호는 공일공 오이사오 공공칠오입니다.,010-5245-0075,male,ko-KR-HyunsuMultilingualNeural,1
phone_00657_male.wav,output/phone_00657_male.wav,문의는 공일공 삼일삼구 칠육오사으로 주세요.,010-3139-7654,male,ko-KR-HyunsuMultilingualNeural,1
phone_00658_male.wav,output/phone_00658_male.wav,연락처는 공일공 이공삼사 공팔삼팔입니다.,010-2034-0838,male,ko-KR-HyunsuMultilingualNeural,1
phone_00659_male.wav,output/phone_00659_male.wav,전화번호는 공일공 삼일일이 육칠육삼이에요.,010-3112-6763,male,ko-KR-InJoonNeural,1
phone_00660_male.wav,output/phone_00660_male.wav,문자 주실 번호는 공일공 팔구칠육 육칠삼칠입니다.,010-8976-6737,male,ko-KR-HyunsuMultilingualNeural,1
phone_00661_female.wav,output/phone_00661_female.wav,제 번호는 공일공 삼사일팔 팔공팔칠입니다.,010-3418-8087,female,ko-KR-SunHiNeural,1
phone_00662_female.wav,output/phone_00662_female.wav,번호 알려드릴게요. 공일공 팔구삼팔 오칠칠육입니다.,010-8938-5776,female,ko-KR-SunHiNeural,1
phone_00663_male.wav,output/phone_00663_male.wav,휴대폰 번호는 공일공 오이칠삼 팔이삼삼입니다.,010-5273-8233,male,ko-KR-HyunsuMultilingualNeural,1
phone_00664_male.wav,output/phone_00664_male.wav,제 전화번호는 공일공 육육오팔 구이이육입니다.,010-6658-9226,male,ko-KR-InJoonNeural,1
phone_00665_male.wav,output/phone_00665_male.wav,연락처는 공일공 이공이구 팔육공오입니다.,010-2029-8605,male,ko-KR-HyunsuMultilingualNeural,1
phone_00666_female.wav,output/phone_00666_female.wav,연락 가능 번호는 공일공 팔오구일 오구육사입니다.,010-8591-5964,female,ko-KR-SunHiNeural,1
phone_00667_male.wav,output/phone_00667_male.wav,전화는 공일공 삼공칠삼 일팔일공으로 주시면 됩니다.,010-3073-1810,male,ko-KR-HyunsuMultilingualNeural,1
phone_00668_male.wav,output/phone_00668_male.wav,연락 가능 번호는 공일공 팔육삼사 육구삼구입니다.,010-8634-6939,male,ko-KR-InJoonNeural,1
phone_00669_male.wav,output/phone_00669_male.wav,문자 주실 번호는 공일공 팔칠오이 이공삼구입니다.,010-8752-2039,male,ko-KR-InJoonNeural,1
phone_00670_male.wav,output/phone_00670_male.wav,연락 가능 번호는 공일공 일삼팔구 이육오삼입니다.,010-1389-2653,male,ko-KR-HyunsuMultilingualNeural,1
phone_00671_female.wav,output/phone_00671_female.wav,문의는 공일공 구팔공삼 공삼오칠으로 주세요.,010-9803-0357,female,ko-KR-SunHiNeural,1
phone_00672_female.wav,output/phone_00672_female.wav,문의는 공일공 구삼사팔 오이삼공으로 주세요.,010-9348-5230,female,ko-KR-SunHiNeural,1
phone_00673_male.wav,output/phone_00673_male.wav,제 전화번호는 공일공 팔사육이 삼일육육입니다.,010-8462-3166,male,ko-KR-InJoonNeural,1
phone_00674_male.wav,output/phone_00674_male.wav,전화는 공일공 육구구공 사육공일으로 주시면 됩니다.,010-6990-4601,male,ko-KR-InJoonNeural,1
phone_00675_male.wav,output/phone_00675_male.wav,전화번호는 공일공 육이칠삼 칠공공구이에요.,010-6273-7009,male,ko-KR-HyunsuMultilingualNeural,1
phone_00676_male.wav,output/phone_00676_male.wav,문의는 공일공 이이공육 일일사이으로 주세요.,010-2206-1142,male,ko-KR-HyunsuMultilingualNeural,1
phone_00677_male.wav,output/phone_00677_male.wav,제 전화번호는 공일공 육오팔오 칠삼삼삼입니다.,010-6585-7333,male,ko-KR-InJoonNeural,1
phone_00678_male.wav,output/phone_00678_male.wav,휴대폰 번호는 공일공 사이사팔 팔오구공입니다.,010-4248-8590,male,ko-KR-HyunsuMultilingualNeural,1
phone_00679_male.wav,output/phone_00679_male.wav,휴대폰 번호는 공일공 칠칠이칠 일삼사삼입니다.,010-7727-1343,male,ko-KR-InJoonNeural,1
phone_00680_male.wav,output/phone_00680_male.wav,전화번호는 공일공 사오구일 삼이구오이에요.,010-4591-3295,male,ko-KR-HyunsuMultilingualNeural,1
phone_00681_male.wav,output/phone_00681_male.wav,전화는 공일공 오팔일팔 오오이육으로 주시면 됩니다.,010-5818-5526,male,ko-KR-InJoonNeural,1
phone_00682_male.wav,output/phone_00682_male.wav,문의는 공일공 칠일사육 오삼사구으로 주세요.,010-7146-5349,male,ko-KR-InJoonNeural,1
phone_00683_male.wav,output/phone_00683_male.wav,문자 주실 번호는 공일공 팔삼구오 칠이칠구입니다.,010-8395-7279,male,ko-KR-InJoonNeural,1
phone_00684_male.wav,output/phone_00684_male.wav,문의는 공일공 팔일일사 이삼사오으로 주세요.,010-8114-2345,male,ko-KR-HyunsuMultilingualNeural,1
phone_00685_male.wav,output/phone_00685_male.wav,전화번호는 공일공 사삼일일 오육일칠이에요.,010-4311-5617,male,ko-KR-HyunsuMultilingualNeural,1
phone_00686_female.wav,output/phone_00686_female.wav,전화는 공일공 구오오공 육공이일으로 주시면 됩니다.,010-9550-6021,female,ko-KR-SunHiNeural,1
phone_00687_male.wav,output/phone_00687_male.wav,제 전화번호는 공일공 칠공삼일 칠삼구사입니다.,010-7031-7394,male,ko-KR-HyunsuMultilingualNeural,1
phone_00688_male.wav,output/phone_00688_male.wav,휴대폰 번호는 공일공 오사칠오 칠공일육입니다.,010-5475-7016,male,ko-KR-HyunsuMultilingualNeural,1
phone_00689_male.wav,output/phone_00689_male.wav,문의는 공일공 칠팔삼일 오일팔공으로 주세요.,010-7831-5180,male,ko-KR-HyunsuMultilingualNeural,1
phone_00690_male.wav,output/phone_00690_male.wav,연락처는 공일공 이구칠팔 공팔팔공입니다.,010-2978-0880,male,ko-KR-HyunsuMultilingualNeural,1
phone_00691_male.wav,output/phone_00691_male.wav,전화는 공일공 공오육사 삼구사이으로 주시면 됩니다.,010-0564-3942,male,ko-KR-InJoonNeural,1
phone_00692_female.wav,output/phone_00692_female.wav,전화는 공일공 공오구삼 사공이육으로 주시면 됩니다.,010-0593-4026,female,ko-KR-SunHiNeural,1
phone_00693_male.wav,output/phone_00693_male.wav,제 전화번호는 공일공 오공오칠 육이사구입니다.,010-5057-6249,male,ko-KR-HyunsuMultilingualNeural,1
phone_00694_male.wav,output/phone_00694_male.wav,문자 주실 번호는 공일공 이사구오 팔구이칠입니다.,010-2495-8927,male,ko-KR-HyunsuMultilingualNeural,1
phone_00695_female.wav,output/phone_00695_female.wav,제 전화번호는 공일공 일오이육 육팔구오입니다.,010-1526-6895,female,ko-KR-SunHiNeural,1
phone_00696_male.wav,output/phone_00696_male.wav,연락처는 공일공 칠칠이사 이육일삼입니다.,010-7724-2613,male,ko-KR-HyunsuMultilingualNeural,1
phone_00697_male.wav,output/phone_00697_male.wav,제 번호는 공일공 공구이오 구사공사입니다.,010-0925-9404,male,ko-KR-HyunsuMultilingualNeural,1
phone_00698_female.wav,output/phone_00698_female.wav,제 전화번호는 공일공 칠사육구 육사이팔입니다.,010-7469-6428,female,ko-KR-SunHiNeural,1
phone_00699_female.wav,output/phone_00699_female.wav,휴대폰 번호는 공일공 구사육공 삼사삼팔입니다.,010-9460-3438,female,ko-KR-SunHiNeural,1
phone_00700_male.wav,output/phone_00700_male.wav,문의는 공일공 사팔팔칠 육이삼이으로 주세요.,010-4887-6232,male,ko-KR-InJoonNeural,1
phone_00701_female.wav,output/phone_00701_female.wav,연락처는 공일공 육구팔이 육오오오입니다.,010-6982-6555,female,ko-KR-SunHiNeural,1
phone_00702_male.wav,output/phone_00702_male.wav,제 번호는 공일공 공칠칠사 구삼공이입니다.,010-0774-9302,male,ko-KR-InJoonNeural,1
phone_00703_male.wav,output/phone_00703_male.wav,제 전화번호는 공일공 구사일구 일일구사입니다.,010-9419-1194,male,ko-KR-HyunsuMultilingualNeural,1
phone_00704_male.wav,output/phone_00704_male.wav,전화번호는 공일공 팔공구칠 이구오구이에요.,010-8097-2959,male,ko-KR-InJoonNeural,1
phone_00705_female.wav,output/phone_00705_female.wav,전화는 공일공 칠육오공 이이사일으로 주시면 됩니다.,010-7650-2241,female,ko-KR-SunHiNeural,1
phone_00706_male.wav,output/phone_00706_male.wav,문자 주실 번호는 공일공 팔공팔육 이육이삼입니다.,010-8086-2623,male,ko-KR-HyunsuMultilingualNeural,1
phone_00707_male.wav,output/phone_00707_male.wav,제 번호는 공일공 육이육이 구공사칠입니다.,010-6262-9047,male,ko-KR-HyunsuMultilingualNeural,1
phone_00708_female.wav,output/phone_00708_female.wav,전화번호는 공일공 이구오공 공팔삼구이에요.,010-2950-0839,female,ko-KR-SunHiNeural,1
phone_00709_male.wav,output/phone_00709_male.wav,연락처는 공일공 일일일일 사육오삼입니다.,010-1111-4653,male,ko-KR-HyunsuMultilingualNeural,1
phone_00710_female.wav,output/phone_00710_female.wav,제 전화번호는 공일공 일사사공 사공삼칠입니다.,010-1440-4037,female,ko-KR-SunHiNeural,1
phone_00711_male.wav,output/phone_00711_male.wav,제 전화번호는 공일공 구육삼구 공칠오이입니다.,010-9639-0752,male,ko-KR-InJoonNeural,1
phone_00712_male.wav,output/phone_00712_male.wav,문자 주실 번호는 공일공 칠구칠오 사오육삼입니다.,010-7975-4563,male,ko-KR-HyunsuMultilingualNeural,1
phone_00713_male.wav,output/phone_00713_male.wav,제 전화번호는 공일공 팔칠구오 일일오구입니다.,010-8795-1159,male,ko-KR-InJoonNeural,1
phone_00714_male.wav,output/phone_00714_male.wav,제 번호는 공일공 구오육팔 오구사이입니다.,010-9568-5942,male,ko-KR-InJoonNeural,1
phone_00715_male.wav,output/phone_00715_male.wav,전화는 공일공 삼오일오 오육사구으로 주시면 됩니다.,010-3515-5649,male,ko-KR-InJoonNeural,1
phone_00716_male.wav,output/phone_00716_male.wav,문자 주실 번호는 공일공 육육공삼 삼공칠삼입니다.,010-6603-3073,male,ko-KR-HyunsuMultilingualNeural,1
phone_00717_male.wav,output/phone_00717_male.wav,연락처는 공일공 일육삼공 오이삼일입니다.,010-1630-5231,male,ko-KR-HyunsuMultilingualNeural,1
phone_00718_male.wav,output/phone_00718_male.wav,제 전화번호는 공일공 구일일이 오구구일입니다.,010-9112-5991,male,ko-KR-InJoonNeural,1
phone_00719_male.wav,output/phone_00719_male.wav,번호 알려드릴게요. 공일공 육공삼공 삼구공오입니다.,010-6030-3905,male,ko-KR-HyunsuMultilingualNeural,1
phone_00720_male.wav,output/phone_00720_male.wav,번호 알려드릴게요. 공일공 팔칠이육 공팔구팔입니다.,010-8726-0898,male,ko-KR-InJoonNeural,1
phone_00721_male.wav,output/phone_00721_male.wav,전화는 공일공 삼칠공공 삼팔공일으로 주시면 됩니다.,010-3700-3801,male,ko-KR-InJoonNeural,1
phone_00722_female.wav,output/phone_00722_female.wav,전화는 공일공 이사오오 이삼구칠으로 주시면 됩니다.,010-2455-2397,female,ko-KR-SunHiNeural,1
phone_00723_male.wav,output/phone_00723_male.wav,제 번호는 공일공 오육팔일 공칠오칠입니다.,010-5681-0757,male,ko-KR-HyunsuMultilingualNeural,1
phone_00724_male.wav,output/phone_00724_male.wav,연락 가능 번호는 공일공 이구공사 팔이구칠입니다.,010-2904-8297,male,ko-KR-InJoonNeural,1
phone_00725_male.wav,output/phone_00725_male.wav,연락처는 공일공 오오칠삼 공이일오입니다.,010-5573-0215,male,ko-KR-HyunsuMultilingualNeural,1
phone_00726_male.wav,output/phone_00726_male.wav,제 전화번호는 공일공 육칠육팔 육사일일입니다.,010-6768-6411,male,ko-KR-InJoonNeural,1
phone_00727_male.wav,output/phone_00727_male.wav,전화는 공일공 일삼삼구 칠일육삼으로 주시면 됩니다.,010-1339-7163,male,ko-KR-InJoonNeural,1
phone_00728_male.wav,output/phone_00728_male.wav,문의는 공일공 삼육공공 칠구공삼으로 주세요.,010-3600-7903,male,ko-KR-HyunsuMultilingualNeural,1
phone_00729_male.wav,output/phone_00729_male.wav,전화번호는 공일공 구칠사칠 오오구공이에요.,010-9747-5590,male,ko-KR-HyunsuMultilingualNeural,1
phone_00730_male.wav,output/phone_00730_male.wav,전화는 공일공 칠팔이팔 구구공공으로 주시면 됩니다.,010-7828-9900,male,ko-KR-InJoonNeural,1
phone_00731_male.wav,output/phone_00731_male.wav,전화번호는 공일공 오구이구 사이공육이에요.,010-5929-4206,male,ko-KR-InJoonNeural,1
phone_00732_male.wav,output/phone_00732_male.wav,문자 주실 번호는 공일공 팔팔삼팔 구공칠공입니다.,010-8838-9070,male,ko-KR-HyunsuMultilingualNeural,1
phone_00733_female.wav,output/phone_00733_female.wav,문의는 공일공 칠공오이 일사공사으로 주세요.,010-7052-1404,female,ko-KR-SunHiNeural,1
phone_00734_male.wav,output/phone_00734_male.wav,휴대폰 번호는 공일공 일삼삼삼 공이일일입니다.,010-1333-0211,male,ko-KR-HyunsuMultilingualNeural,1
phone_00735_male.wav,output/phone_00735_male.wav,휴대폰 번호는 공일공 칠오오일 사일이오입니다.,010-7551-4125,male,ko-KR-HyunsuMultilingualNeural,1
phone_00736_female.wav,output/phone_00736_female.wav,휴대폰 번호는 공일공 공구구오 이팔구일입니다.,010-0995-2891,female,ko-KR-SunHiNeural,1
phone_00737_male.wav,output/phone_00737_male.wav,휴대폰 번호는 공일공 육육삼일 공칠육칠입니다.,010-6631-0767,male,ko-KR-InJoonNeural,1
phone_00738_female.wav,output/phone_00738_female.wav,제 번호는 공일공 팔공사공 구칠공육입니다.,010-8040-9706,female,ko-KR-SunHiNeural,1
phone_00739_male.wav,output/phone_00739_male.wav,제 전화번호는 공일공 오일이공 칠육삼팔입니다.,010-5120-7638,male,ko-KR-HyunsuMultilingualNeural,1
phone_00740_male.wav,output/phone_00740_male.wav,전화번호는 공일공 공일칠이 팔사일팔이에요.,010-0172-8418,male,ko-KR-InJoonNeural,1
phone_00741_male.wav,output/phone_00741_male.wav,제 번호는 공일공 팔공공삼 삼팔팔구입니다.,010-8003-3889,male,ko-KR-InJoonNeural,1
phone_00742_female.wav,output/phone_00742_female.wav,연락처는 공일공 이이칠육 오사칠사입니다.,010-2276-5474,female,ko-KR-SunHiNeural,1
phone_00743_female.wav,output/phone_00743_female.wav,전화번호는 공일공 육이사삼 오구공삼이에요.,010-6243-5903,female,ko-KR-SunHiNeural,1
phone_00744_female.wav,output/phone_00744_female.wav,전화번호는 공일공 일칠칠육 일팔이오이에요.,010-1776-1825,female,ko-KR-SunHiNeural,1
phone_00745_male.wav,output/phone_00745_male.wav,문자 주실 번호는 공일공 사일공구 육공삼팔입니다.,010-4109-6038,male,ko-KR-HyunsuMultilingualNeural,1
phone_00746_male.wav,output/phone_00746_male.wav,휴대폰 번호는 공일공 칠구육사 칠팔팔일입니다.,010-7964-7881,male,ko-KR-InJoonNeural,1
phone_00747_female.wav,output/phone_00747_female.wav,연락 가능 번호는 공일공 칠구사사 팔일칠오입니다.,010-7944-8175,female,ko-KR-SunHiNeural,1
phone_00748_female.wav,output/phone_00748_female.wav,문의는 공일공 팔사팔칠 구사오구으로 주세요.,010-8487-9459,female,ko-KR-SunHiNeural,1
phone_00749_male.wav,output/phone_00749_male.wav,제 번호는 공일공 칠공일육 구일칠공입니다.,010-7016-9170,male,ko-KR-InJoonNeural,1
phone_00750_male.wav,output/phone_00750_male.wav,연락처는 공일공 칠삼팔팔 삼사칠공입니다.,010-7388-3470,male,ko-KR-InJoonNeural,1
phone_00751_male.wav,output/phone_00751_male.wav,제 전화번호는 공일공 구이오사 삼일오육입니다.,010-9254-3156,male,ko-KR-InJoonNeural,1
phone_00752_male.wav,output/phone_00752_male.wav,제 전화번호는 공일공 육칠오오 일일오사입니다.,010-6755-1154,male,ko-KR-InJoonNeural,1
phone_00753_male.wav,output/phone_00753_male.wav,연락 가능 번호는 공일공 이오공일 팔사오육입니다.,010-2501-8456,male,ko-KR-InJoonNeural,1
phone_00754_male.wav,output/phone_00754_male.wav,전화는 공일공 육공육일 이일팔사으로 주시면 됩니다.,010-6061-2184,male,ko-KR-HyunsuMultilingualNeural,1
phone_00755_female.wav,output/phone_00755_female.wav,문자 주실 번호는 공일공 오삼사일 삼오오칠입니다.,010-5341-3557,female,ko-KR-SunHiNeural,1
phone_00756_male.wav,output/phone_00756_male.wav,번호 알려드릴게요. 공일공 오오이공 칠사공팔입니다.,010-5520-7408,male,ko-KR-InJoonNeural,1
phone_00757_female.wav,output/phone_00757_female.wav,번호 알려드릴게요. 공일공 육이사공 칠구사육입니다.,010-6240-7946,female,ko-KR-SunHiNeural,1
phone_00758_male.wav,output/phone_00758_male.wav,번호 알려드릴게요. 공일공 오오삼이 구삼육팔입니다.,010-5532-9368,male,ko-KR-HyunsuMultilingualNeural,1
phone_00759_male.wav,output/phone_00759_male.wav,연락 가능 번호는 공일공 칠이사육 이육칠팔입니다.,010-7246-2678,male,ko-KR-HyunsuMultilingualNeural,1
phone_00760_female.wav,output/phone_00760_female.wav,휴대폰 번호는 공일공 일이구삼 육일일칠입니다.,010-1293-6117,female,ko-KR-SunHiNeural,1
phone_00761_female.wav,output/phone_00761_female.wav,제 번호는 공일공 공오팔일 공이삼오입니다.,010-0581-0235,female,ko-KR-SunHiNeural,1
phone_00762_male.wav,output/phone_00762_male.wav,휴대폰 번호는 공일공 사오오이 삼사오공입니다.,010-4552-3450,male,ko-KR-HyunsuMultilingualNeural,1
phone_00763_male.wav,output/phone_00763_male.wav,제 전화번호는 공일공 공오이칠 칠칠공일입니다.,010-0527-7701,male,ko-KR-HyunsuMultilingualNeural,1
phone_00764_female.wav,output/phone_00764_female.wav,연락처는 공일공 일공육구 일일공삼입니다.,010-1069-1103,female,ko-KR-SunHiNeural,1
phone_00765_male.wav,output/phone_00765_male.wav,문자 주실 번호는 공일공 이삼구이 칠사오육입니다.,010-2392-7456,male,ko-KR-InJoonNeural,1
phone_00766_female.wav,output/phone_00766_female.wav,문자 주실 번호는 공일공 오이육삼 육칠육사입니다.,010-5263-6764,female,ko-KR-SunHiNeural,1
phone_00767_male.wav,output/phone_00767_male.wav,번호 알려드릴게요. 공일공 팔공팔일 구공구일입니다.,010-8081-9091,male,ko-KR-InJoonNeural,1
phone_00768_male.wav,output/phone_00768_male.wav,전화는 공일공 육사오구 공팔공사으로 주시면 됩니다.,010-6459-0804,male,ko-KR-HyunsuMultilingualNeural,1
phone_00769_male.wav,output/phone_00769_male.wav,문의는 공일공 사이사칠 오일사일으로 주세요.,010-4247-5141,male,ko-KR-HyunsuMultilingualNeural,1
phone_00770_male.wav,output/phone_00770_male.wav,문자 주실 번호는 공일공 공삼팔이 일사사사입니다.,010-0382-1444,male,ko-KR-InJoonNeural,1
phone_00771_female.wav,output/phone_00771_female.wav,제 전화번호는 공일공 팔팔공구 구육공삼입니다.,010-8809-9603,female,ko-KR-SunHiNeural,1
phone_00772_male.wav,output/phone_00772_male.wav,번호 알려드릴게요. 공일공 사오사구 공육팔육입니다.,010-4549-0686,male,ko-KR-HyunsuMultilingualNeural,1
phone_00773_male.wav,output/phone_00773_male.wav,문의는 공일공 이칠이팔 칠팔사칠으로 주세요.,010-2728-7847,male,ko-KR-InJoonNeural,1
phone_00774_male.wav,output/phone_00774_male.wav,번호 알려드릴게요. 공일공 이팔이칠 오이오오입니다.,010-2827-5255,male,ko-KR-HyunsuMultilingualNeural,1
phone_00775_male.wav,output/phone_00775_male.wav,제 번호는 공일공 삼이육구 일오삼공입니다.,010-3269-1530,male,ko-KR-HyunsuMultilingualNeural,1
phone_00776_female.wav,output/phone_00776_female.wav,연락 가능 번호는 공일공 삼삼공칠 공일사팔입니다.,010-3307-0148,female,ko-KR-SunHiNeural,1
phone_00777_male.wav,output/phone_00777_male.wav,번호 알려드릴게요. 공일공 팔공구공 구구사삼입니다.,010-8090-9943,male,ko-KR-InJoonNeural,1
phone_00778_male.wav,output/phone_00778_male.wav,전화는 공일공 이오구구 구오오육으로 주시면 됩니다.,010-2599-9556,male,ko-KR-InJoonNeural,1
phone_00779_male.wav,output/phone_00779_male.wav,연락처는 공일공 사구구사 팔삼사삼입니다.,010-4994-8343,male,ko-KR-HyunsuMultilingualNeural,1
phone_00780_female.wav,output/phone_00780_female.wav,연락처는 공일공 공삼팔이 육사삼공입니다.,010-0382-6430,female,ko-KR-SunHiNeural,1
phone_00781_male.wav,output/phone_00781_male.wav,전화는 공일공 일삼구오 육구일칠으로 주시면 됩니다.,010-1395-6917,male,ko-KR-InJoonNeural,1
phone_00782_male.wav,output/phone_00782_male.wav,문자 주실 번호는 공일공 칠오칠칠 구공삼구입니다.,010-7577-9039,male,ko-KR-HyunsuMultilingualNeural,1
phone_00783_male.wav,output/phone_00783_male.wav,전화는 공일공 공공삼육 오이칠공으로 주시면 됩니다.,010-0036-5270,male,ko-KR-InJoonNeural,1
phone_00784_male.wav,output/phone_00784_male.wav,번호 알려드릴게요. 공일공 삼구육사 이이이이입니다.,010-3964-2222,male,ko-KR-HyunsuMultilingualNeural,1
phone_00785_male.wav,output/phone_00785_male.wav,전화번호는 공일공 사삼삼일 사육팔칠이에요.,010-4331-4687,male,ko-KR-HyunsuMultilingualNeural,1
phone_00786_male.wav,output/phone_00786_male.wav,문자 주실 번호는 공일공 팔삼구육 사삼공오입니다.,010-8396-4305,male,ko-KR-InJoonNeural,1
phone_00787_female.wav,output/phone_00787_female.wav,연락 가능 번호는 공일공 사칠일팔 칠공사오입니다.,010-4718-7045,female,ko-KR-SunHiNeural,1
phone_00788_male.wav,output/phone_00788_male.wav,연락 가능 번호는 공일공 일육팔이 일일이팔입니다.,010-1682-1128,male,ko-KR-InJoonNeural,1
phone_00789_male.wav,output/phone_00789_male.wav,번호 알려드릴게요. 공일공 이일구육 삼오구사입니다.,010-2196-3594,male,ko-KR-HyunsuMultilingualNeural,1
phone_00790_female.wav,output/phone_00790_female.wav,전화는 공일공 일육이공 육구팔삼으로 주시면 됩니다.,010-1620-6983,female,ko-KR-SunHiNeural,1
phone_00791_male.wav,output/phone_00791_male.wav,휴대폰 번호는 공일공 팔팔육삼 일사일오입니다.,010-8863-1415,male,ko-KR-InJoonNeural,1
phone_00792_female.wav,output/phone_00792_female.wav,제 번호는 공일공 일사공팔 팔이육칠입니다.,010-1408-8267,female,ko-KR-SunHiNeural,1
phone_00793_male.wav,output/phone_00793_male.wav,문의는 공일공 공이칠삼 칠오팔삼으로 주세요.,010-0273-7583,male,ko-KR-HyunsuMultilingualNeural,1
phone_00794_male.wav,output/phone_00794_male.wav,문자 주실 번호는 공일공 구이공칠 이칠팔일입니다.,010-9207-2781,male,ko-KR-HyunsuMultilingualNeural,1
phone_00795_male.wav,output/phone_00795_male.wav,제 번호는 공일공 이육일구 오일공공입니다.,010-2619-5100,male,ko-KR-InJoonNeural,1
phone_00796_male.wav,output/phone_00796_male.wav,전화는 공일공 육공삼사 구구오오으로 주시면 됩니다.,010-6034-9955,male,ko-KR-InJoonNeural,1
phone_00797_female.wav,output/phone_00797_female.wav,문자 주실 번호는 공일공 공육사육 팔이칠오입니다.,010-0646-8275,female,ko-KR-SunHiNeural,1
phone_00798_male.wav,output/phone_00798_male.wav,문자 주실 번호는 공일공 육팔삼팔 오사이칠입니다.,010-6838-5427,male,ko-KR-InJoonNeural,1
phone_00799_female.wav,output/phone_00799_female.wav,전화는 공일공 공오칠팔 삼팔공구으로 주시면 됩니다.,010-0578-3809,female,ko-KR-SunHiNeural,1
phone_00800_male.wav,output/phone_00800_male.wav,문의는 공일공 삼이일공 오삼육육으로 주세요.,010-3210-5366,male,ko-KR-InJoonNeural,1
phone_00801_female.wav,output/phone_00801_female.wav,제 번호는 공일공 오오팔칠 구육공육입니다.,010-5587-9606,female,ko-KR-SunHiNeural,1
phone_00802_male.wav,output/phone_00802_male.wav,전화는 공일공 칠사구이 오구팔사으로 주시면 됩니다.,010-7492-5984,male,ko-KR-InJoonNeural,1
phone_00803_male.wav,output/phone_00803_male.wav,전화번호는 공일공 삼오칠일 일일구사이에요.,010-3571-1194,male,ko-KR-HyunsuMultilingualNeural,1
phone_00804_female.wav,output/phone_00804_female.wav,번호 알려드릴게요. 공일공 이팔구팔 이칠삼오입니다.,010-2898-2735,female,ko-KR-SunHiNeural,1
phone_00805_male.wav,output/phone_00805_male.wav,번호 알려드릴게요. 공일공 칠구팔오 구공구일입니다.,010-7985-9091,male,ko-KR-HyunsuMultilingualNeural,1
phone_00806_male.wav,output/phone_00806_male.wav,제 번호는 공일공 이공이일 육이삼공입니다.,010-2021-6230,male,ko-KR-HyunsuMultilingualNeural,1
phone_00807_male.wav,output/phone_00807_male.wav,문자 주실 번호는 공일공 이공칠삼 사이칠칠입니다.,010-2073-4277,male,ko-KR-InJoonNeural,1
phone_00808_male.wav,output/phone_00808_male.wav,제 번호는 공일공 일사육사 오오육공입니다.,010-1464-5560,male,ko-KR-InJoonNeural,1
phone_00809_female.wav,output/phone_00809_female.wav,전화번호는 공일공 칠팔구일 삼이팔팔이에요.,010-7891-3288,female,ko-KR-SunHiNeural,1
phone_00810_male.wav,output/phone_00810_male.wav,제 번호는 공일공 팔팔오육 칠팔팔육입니다.,010-8856-7886,male,ko-KR-HyunsuMultilingualNeural,1
phone_00811_female.wav,output/phone_00811_female.wav,연락처는 공일공 공일팔팔 칠공오구입니다.,010-0188-7059,female,ko-KR-SunHiNeural,1
phone_00812_female.wav,output/phone_00812_female.wav,제 전화번호는 공일공 오사사팔 칠칠이삼입니다.,010-5448-7723,female,ko-KR-SunHiNeural,1
phone_00813_female.wav,output/phone_00813_female.wav,문의는 공일공 사삼구사 육오이구으로 주세요.,010-4394-6529,female,ko-KR-SunHiNeural,1
phone_00814_male.wav,output/phone_00814_male.wav,연락 가능 번호는 공일공 구사삼일 육구공구입니다.,010-9431-6909,male,ko-KR-HyunsuMultilingualNeural,1
phone_00815_male.wav,output/phone_00815_male.wav,휴대폰 번호는 공일공 이사오사 일이팔육입니다.,010-2454-1286,male,ko-KR-InJoonNeural,1
phone_00816_male.wav,output/phone_00816_male.wav,휴대폰 번호는 공일공 이육이삼 칠구사팔입니다.,010-2623-7948,male,ko-KR-InJoonNeural,1
phone_00817_male.wav,output/phone_00817_male.wav,번호 알려드릴게요. 공일공 구사삼삼 사구오이입니다.,010-9433-4952,male,ko-KR-HyunsuMultilingualNeural,1
phone_00818_male.wav,output/phone_00818_male.wav,제 전화번호는 공일공 사공칠이 사이일일입니다.,010-4072-4211,male,ko-KR-HyunsuMultilingualNeural,1
phone_00819_male.wav,output/phone_00819_male.wav,전화번호는 공일공 일육사육 칠구오일이에요.,010-1646-7951,male,ko-KR-InJoonNeural,1
phone_00820_male.wav,output/phone_00820_male.wav,연락처는 공일공 사칠오칠 일칠오오입니다.,010-4757-1755,male,ko-KR-InJoonNeural,1
phone_00821_male.wav,output/phone_00821_male.wav,제 번호는 공일공 육오구구 육공이팔입니다.,010-6599-6028,male,ko-KR-HyunsuMultilingualNeural,1
phone_00822_male.wav,output/phone_00822_male.wav,전화번호는 공일공 이삼사칠 삼오팔사이에요.,010-2347-3584,male,ko-KR-HyunsuMultilingualNeural,1
phone_00823_male.wav,output/phone_00823_male.wav,문의는 공일공 이팔오삼 팔구구육으로 주세요.,010-2853-8996,male,ko-KR-HyunsuMultilingualNeural,1
phone_00824_male.wav,output/phone_00824_male.wav,제 전화번호는 공일공 구칠구사 팔구오팔입니다.,010-9794-8958,male,ko-KR-InJoonNeural,1
phone_00825_female.wav,output/phone_00825_female.wav,번호 알려드릴게요. 공일공 육팔사이 오일이육입니다.,010-6842-5126,female,ko-KR-SunHiNeural,1
phone_00826_male.wav,output/phone_00826_male.wav,연락 가능 번호는 공일공 칠육팔공 공육이팔입니다.,010-7680-0628,male,ko-KR-HyunsuMultilingualNeural,1
phone_00827_male.wav,output/phone_00827_male.wav,연락 가능 번호는 공일공 이공삼오 일팔구일입니다.,010-2035-1891,male,ko-KR-HyunsuMultilingualNeural,1
phone_00828_male.wav,output/phone_00828_male.wav,전화번호는 공일공 육이이사 일이구육이에요.,010-6224-1296,male,ko-KR-HyunsuMultilingualNeural,1
phone_00829_female.wav,output/phone_00829_female.wav,제 전화번호는 공일공 이칠이이 사일이팔입니다.,010-2722-4128,female,ko-KR-SunHiNeural,1
phone_00830_female.wav,output/phone_00830_female.wav,연락처는 공일공 삼사구칠 삼이일공입니다.,010-3497-3210,female,ko-KR-SunHiNeural,1
phone_00831_female.wav,output/phone_00831_female.wav,휴대폰 번호는 공일공 이사칠공 삼육일팔입니다.,010-2470-3618,female,ko-KR-SunHiNeural,1
phone_00832_female.wav,output/phone_00832_female.wav,연락처는 공일공 칠칠구팔 일일오구입니다.,010-7798-1159,female,ko-KR-SunHiNeural,1
phone_00833_male.wav,output/phone_00833_male.wav,번호 알려드릴게요. 공일공 일구오삼 일오사사입니다.,010-1953-1544,male,ko-KR-HyunsuMultilingualNeural,1
phone_00834_female.wav,output/phone_00834_female.wav,전화번호는 공일공 이칠칠구 일공일삼이에요.,010-2779-1013,female,ko-KR-SunHiNeural,1
phone_00835_male.wav,output/phone_00835_male.wav,제 번호는 공일공 칠구육사 팔팔육이입니다.,010-7964-8862,male,ko-KR-InJoonNeural,1
phone_00836_male.wav,output/phone_00836_male.wav,제 번호는 공일공 팔사일구 육팔육공입니다.,010-8419-6860,male,ko-KR-InJoonNeural,1
phone_00837_female.wav,output/phone_00837_female.wav,전화번호는 공일공 오삼이일 칠육이육이에요.,010-5321-7626,female,ko-KR-SunHiNeural,1
phone_00838_male.wav,output/phone_00838_male.wav,전화는 공일공 육오팔팔 이칠칠공으로 주시면 됩니다.,010-6588-2770,male,ko-KR-InJoonNeural,1
phone_00839_male.wav,output/phone_00839_male.wav,연락처는 공일공 사구오공 이팔일칠입니다.,010-4950-2817,male,ko-KR-InJoonNeural,1
phone_00840_female.wav,output/phone_00840_female.wav,문자 주실 번호는 공일공 칠일팔구 이오삼팔입니다.,010-7189-2538,female,ko-KR-SunHiNeural,1
phone_00841_female.wav,output/phone_00841_female.wav,전화는 공일공 구육사구 칠팔육공으로 주시면 됩니다.,010-9649-7860,female,ko-KR-SunHiNeural,1
phone_00842_male.wav,output/phone_00842_male.wav,전화는 공일공 팔칠이공 일일삼일으로 주시면 됩니다.,010-8720-1131,male,ko-KR-InJoonNeural,1
phone_00843_male.wav,output/phone_00843_male.wav,제 번호는 공일공 오이이구 일삼육칠입니다.,010-5229-1367,male,ko-KR-InJoonNeural,1
phone_00844_male.wav,output/phone_00844_male.wav,제 번호는 공일공 구삼일구 삼육일사입니다.,010-9319-3614,male,ko-KR-HyunsuMultilingualNeural,1
phone_00845_male.wav,output/phone_00845_male.wav,번호 알려드릴게요. 공일공 사팔구오 이이공삼입니다.,010-4895-2203,male,ko-KR-InJoonNeural,1
phone_00846_male.wav,output/phone_00846_male.wav,연락 가능 번호는 공일공 육칠칠구 칠이공구입니다.,010-6779-7209,male,ko-KR-HyunsuMultilingualNeural,1
phone_00847_male.wav,output/phone_00847_male.wav,제 전화번호는 공일공 칠칠오팔 이칠팔삼입니다.,010-7758-2783,male,ko-KR-HyunsuMultilingualNeural,1
phone_00848_male.wav,output/phone_00848_male.wav,제 번호는 공일공 육구오오 삼칠육공입니다.,010-6955-3760,male,ko-KR-HyunsuMultilingualNeural,1
phone_00849_male.wav,output/phone_00849_male.wav,번호 알려드릴게요. 공일공 팔구공삼 삼구사칠입니다.,010-8903-3947,male,ko-KR-HyunsuMultilingualNeural,1
phone_00850_female.wav,output/phone_00850_female.wav,문자 주실 번호는 공일공 일이오구 육구이오입니다.,010-1259-6925,female,ko-KR-SunHiNeural,1
phone_00851_female.wav,output/phone_00851_female.wav,휴대폰 번호는 공일공 이사공오 사사사이입니다.,010-2405-4442,female,ko-KR-SunHiNeural,1
phone_00852_female.wav,output/phone_00852_female.wav,휴대폰 번호는 공일공 육이오삼 칠칠이팔입니다.,010-6253-7728,female,ko-KR-SunHiNeural,1
phone_00853_male.wav,output/phone_00853_male.wav,문의는 공일공 팔팔팔구 육삼사삼으로 주세요.,010-8889-6343,male,ko-KR-HyunsuMultilingualNeural,1
phone_00854_female.wav,output/phone_00854_female.wav,번호 알려드릴게요. 공일공 사구칠칠 이구칠육입니다.,010-4977-2976,female,ko-KR-SunHiNeural,1
phone_00855_male.wav,output/phone_00855_male.wav,문자 주실 번호는 공일공 육구칠팔 사사팔이입니다.,010-6978-4482,male,ko-KR-InJoonNeural,1
phone_00856_female.wav,output/phone_00856_female.wav,연락 가능 번호는 공일공 칠사팔이 삼사육이입니다.,010-7482-3462,female,ko-KR-SunHiNeural,1
phone_00857_male.wav,output/phone_00857_male.wav,제 전화번호는 공일공 팔삼일이 사일팔오입니다.,010-8312-4185,male,ko-KR-HyunsuMultilingualNeural,1
phone_00858_male.wav,output/phone_00858_male.wav,제 번호는 공일공 공팔사공 이구이육입니다.,010-0840-2926,male,ko-KR-InJoonNeural,1
phone_00859_male.wav,output/phone_00859_male.wav,휴대폰 번호는 공일공 육육공육 구육칠공입니다.,010-6606-9670,male,ko-KR-InJoonNeural,1
phone_00860_male.wav,output/phone_00860_male.wav,제 전화번호는 공일공 일팔삼육 오삼사팔입니다.,010-1836-5348,male,ko-KR-InJoonNeural,1
phone_00861_female.wav,output/phone_00861_female.wav,연락 가능 번호는 공일공 칠칠사오 육칠구칠입니다.,010-7745-6797,female,ko-KR-SunHiNeural,1
phone_00862_male.wav,output/phone_00862_male.wav,제 번호는 공일공 구구삼이 이육팔삼입니다.,010-9932-2683,male,ko-KR-HyunsuMultilingualNeural,1
phone_00863_female.wav,output/phone_00863_female.wav,연락처는 공일공 일삼공칠 구공육칠입니다.,010-1307-9067,female,ko-KR-SunHiNeural,1
phone_00864_male.wav,output/phone_00864_male.wav,연락처는 공일공 일오칠구 사공삼공입니다.,010-1579-4030,male,ko-KR-HyunsuMultilingualNeural,1
phone_00865_male.wav,output/phone_00865_male.wav,제 번호는 공일공 칠사삼구 삼삼팔팔입니다.,010-7439-3388,male,ko-KR-InJoonNeural,1
phone_00866_male.wav,output/phone_00866_male.wav,전화는 공일공 육칠삼칠 공오일이으로 주시면 됩니다.,010-6737-0512,male,ko-KR-InJoonNeural,1
phone_00867_female.wav,output/phone_00867_female.wav,제 번호는 공일공 삼팔칠공 구이오사입니다.,010-3870-9254,female,ko-KR-SunHiNeural,1
phone_00868_male.wav,output/phone_00868_male.wav,문의는 공일공 이육구오 공팔오오으로 주세요.,010-2695-0855,male,ko-KR-InJoonNeural,1
phone_00869_female.wav,output/phone_00869_female.wav,전화는 공일공 칠오육일 칠육오사으로 주시면 됩니다.,010-7561-7654,female,ko-KR-SunHiNeural,1
phone_00870_male.wav,output/phone_00870_male.wav,전화번호는 공일공 이오칠이 칠사사삼이에요.,010-2572-7443,male,ko-KR-InJoonNeural,1
phone_00871_male.wav,output/phone_00871_male.wav,번호 알려드릴게요. 공일공 이구육구 육이사오입니다.,010-2969-6245,male,ko-KR-InJoonNeural,1
phone_00872_female.wav,output/phone_00872_female.wav,전화는 공일공 일팔오오 사구오육으로 주시면 됩니다.,010-1855-4956,female,ko-KR-SunHiNeural,1
phone_00873_male.wav,output/phone_00873_male.wav,휴대폰 번호는 공일공 삼사이삼 칠팔사팔입니다.,010-3423-7848,male,ko-KR-InJoonNeural,1
phone_00874_male.wav,output/phone_00874_male.wav,번호 알려드릴게요. 공일공 일칠사육 일공육삼입니다.,010-1746-1063,male,ko-KR-HyunsuMultilingualNeural,1
phone_00875_male.wav,output/phone_00875_male.wav,문의는 공일공 사육이오 일육일이으로 주세요.,010-4625-1612,male,ko-KR-InJoonNeural,1
phone_00876_male.wav,output/phone_00876_male.wav,제 전화번호는 공일공 구구이이 육사오팔입니다.,010-9922-6458,male,ko-KR-InJoonNeural,1
phone_00877_male.wav,output/phone_00877_male.wav,전화는 공일공 일육육팔 팔일삼오으로 주시면 됩니다.,010-1668-8135,male,ko-KR-HyunsuMultilingualNeural,1
phone_00878_female.wav,output/phone_00878_female.wav,제 번호는 공일공 일육삼육 구일육육입니다.,010-1636-9166,female,ko-KR-SunHiNeural,1
phone_00879_female.wav,output/phone_00879_female.wav,전화는 공일공 삼칠일일 팔공구구으로 주시면 됩니다.,010-3711-8099,female,ko-KR-SunHiNeural,1
phone_00880_female.wav,output/phone_00880_female.wav,제 전화번호는 공일공 삼삼칠오 팔이칠일입니다.,010-3375-8271,female,ko-KR-SunHiNeural,1
phone_00881_male.wav,output/phone_00881_male.wav,연락처는 공일공 오일이구 육육일공입니다.,010-5129-6610,male,ko-KR-InJoonNeural,1
phone_00882_female.wav,output/phone_00882_female.wav,전화는 공일공 육팔이칠 일구칠일으로 주시면 됩니다.,010-6827-1971,female,ko-KR-SunHiNeural,1
phone_00883_female.wav,output/phone_00883_female.wav,연락처는 공일공 오팔육구 오오삼오입니다.,010-5869-5535,female,ko-KR-SunHiNeural,1
phone_00884_female.wav,output/phone_00884_female.wav,연락처는 공일공 육칠사일 사오공일입니다.,010-6741-4501,female,ko-KR-SunHiNeural,1
phone_00885_male.wav,output/phone_00885_male.wav,연락 가능 번호는 공일공 일칠구삼 일이일공입니다.,010-1793-1210,male,ko-KR-InJoonNeural,1
phone_00886_male.wav,output/phone_00886_male.wav,연락처는 공일공 육팔육이 공팔팔오입니다.,010-6862-0885,male,ko-KR-InJoonNeural,1
phone_00887_male.wav,output/phone_00887_male.wav,문자 주실 번호는 공일공 칠칠공오 칠칠구육입니다.,010-7705-7796,male,ko-KR-InJoonNeural,1
phone_00888_male.wav,output/phone_00888_male.wav,문자 주실 번호는 공일공 공삼오구 칠삼삼이입니다.,010-0359-7332,male,ko-KR-HyunsuMultilingualNeural,1
phone_00889_female.wav,output/phone_00889_female.wav,연락처는 공일공 사팔오사 삼일육칠입니다.,010-4854-3167,female,ko-KR-SunHiNeural,1
phone_00890_male.wav,output/phone_00890_male.wav,번호 알려드릴게요. 공일공 이팔공팔 육칠이구입니다.,010-2808-6729,male,ko-KR-InJoonNeural,1
phone_00891_male.wav,output/phone_00891_male.wav,번호 알려드릴게요. 공일공 구팔공이 구이구구입니다.,010-9802-9299,male,ko-KR-HyunsuMultilingualNeural,1
phone_00892_male.wav,output/phone_00892_male.wav,전화번호는 공일공 오삼이칠 칠오이오이에요.,010-5327-7525,male,ko-KR-InJoonNeural,1
phone_00893_male.wav,output/phone_00893_male.wav,제 번호는 공일공 공육이팔 공사구구입니다.,010-0628-0499,male,ko-KR-InJoonNeural,1
phone_00894_male.wav,output/phone_00894_male.wav,문의는 공일공 공사사육 구오칠칠으로 주세요.,010-0446-9577,male,ko-KR-HyunsuMultilingualNeural,1
phone_00895_female.wav,output/phone_00895_female.wav,제 전화번호는 공일공 칠구일공 칠일오일입니다.,010-7910-7151,female,ko-KR-SunHiNeural,1
phone_00896_female.wav,output/phone_00896_female.wav,제 번호는 공일공 삼공구이 이사공팔입니다.,010-3092-2408,female,ko-KR-SunHiNeural,1
phone_00897_male.wav,output/phone_00897_male.wav,휴대폰 번호는 공일공 일팔사삼 구팔사공입니다.,010-1843-9840,male,ko-KR-HyunsuMultilingualNeural,1
phone_00898_female.wav,output/phone_00898_female.wav,전화는 공일공 칠팔오육 구구칠육으로 주시면 됩니다.,010-7856-9976,female,ko-KR-SunHiNeural,1
phone_00899_male.wav,output/phone_00899_male.wav,휴대폰 번호는 공일공 사이사일 육공팔오입니다.,010-4241-6085,male,ko-KR-HyunsuMultilingualNeural,1
phone_00900_female.wav,output/phone_00900_female.wav,번호 알려드릴게요. 공일공 칠팔일이 삼육일오입니다.,010-7812-3615,female,ko-KR-SunHiNeural,1
phone_00901_male.wav,output/phone_00901_male.wav,제 전화번호는 공일공 팔공삼삼 오칠삼사입니다.,010-8033-5734,male,ko-KR-HyunsuMultilingualNeural,1
phone_00902_male.wav,output/phone_00902_male.wav,연락 가능 번호는 공일공 칠육사사 공삼육삼입니다.,010-7644-0363,male,ko-KR-HyunsuMultilingualNeural,1
phone_00903_female.wav,output/phone_00903_female.wav,휴대폰 번호는 공일공 육칠사구 삼팔칠오입니다.,010-6749-3875,female,ko-KR-SunHiNeural,1
phone_00904_male.wav,output/phone_00904_male.wav,제 전화번호는 공일공 삼구이일 이팔사일입니다.,010-3921-2841,male,ko-KR-InJoonNeural,1
phone_00905_male.wav,output/phone_00905_male.wav,휴대폰 번호는 공일공 팔오팔일 사육팔공입니다.,010-8581-4680,male,ko-KR-HyunsuMultilingualNeural,1
phone_00906_male.wav,output/phone_00906_male.wav,문의는 공일공 구오칠사 공이오이으로 주세요.,010-9574-0252,male,ko-KR-InJoonNeural,1
phone_00907_female.wav,output/phone_00907_female.wav,번호 알려드릴게요. 공일공 구이구구 구사오일입니다.,010-9299-9451,female,ko-KR-SunHiNeural,1
phone_00908_male.wav,output/phone_00908_male.wav,연락 가능 번호는 공일공 팔오칠공 일팔팔이입니다.,010-8570-1882,male,ko-KR-InJoonNeural,1
phone_00909_male.wav,output/phone_00909_male.wav,휴대폰 번호는 공일공 공이이일 공삼삼구입니다.,010-0221-0339,male,ko-KR-HyunsuMultilingualNeural,1
phone_00910_male.wav,output/phone_00910_male.wav,휴대폰 번호는 공일공 팔구팔팔 삼사오공입니다.,010-8988-3450,male,ko-KR-InJoonNeural,1
phone_00911_female.wav,output/phone_00911_female.wav,제 전화번호는 공일공 이이오사 이육구구입니다.,010-2254-2699,female,ko-KR-SunHiNeural,1
phone_00912_female.wav,output/phone_00912_female.wav,문의는 공일공 구사오사 삼구칠사으로 주세요.,010-9454-3974,female,ko-KR-SunHiNeural,1
phone_00913_female.wav,output/phone_00913_female.wav,제 전화번호는 공일공 사사삼오 칠팔사일입니다.,010-4435-7841,female,ko-KR-SunHiNeural,1
phone_00914_male.wav,output/phone_00914_male.wav,문의는 공일공 삼일칠사 오칠사이으로 주세요.,010-3174-5742,male,ko-KR-InJoonNeural,1
phone_00915_male.wav,output/phone_00915_male.wav,제 전화번호는 공일공 공구사삼 삼공구공입니다.,010-0943-3090,male,ko-KR-InJoonNeural,1
phone_00916_male.wav,output/phone_00916_male.wav,전화는 공일공 공육구삼 칠일공팔으로 주시면 됩니다.,010-0693-7108,male,ko-KR-InJoonNeural,1
phone_00917_male.wav,output/phone_00917_male.wav,문자 주실 번호는 공일공 육칠공팔 삼오이팔입니다.,010-6708-3528,male,ko-KR-InJoonNeural,1
phone_00918_female.wav,output/phone_00918_female.wav,전화는 공일공 오사오구 구오팔오으로 주시면 됩니다.,010-5459-9585,female,ko-KR-SunHiNeural,1
phone_00919_male.wav,output/phone_00919_male.wav,전화번호는 공일공 이삼이사 삼육일육이에요.,010-2324-3616,male,ko-KR-InJoonNeural,1
phone_00920_male.wav,output/phone_00920_male.wav,문자 주실 번호는 공일공 칠육구육 공칠이공입니다.,010-7696-0720,male,ko-KR-HyunsuMultilingualNeural,1
phone_00921_female.wav,output/phone_00921_female.wav,전화번호는 공일공 구사사칠 오팔팔삼이에요.,010-9447-5883,female,ko-KR-SunHiNeural,1
phone_00922_male.wav,output/phone_00922_male.wav,제 번호는 공일공 이사이육 오팔사사입니다.,010-2426-5844,male,ko-KR-HyunsuMultilingualNeural,1
phone_00923_male.wav,output/phone_00923_male.wav,제 전화번호는 공일공 구공사오 구칠일삼입니다.,010-9045-9713,male,ko-KR-HyunsuMultilingualNeural,1
phone_00924_female.wav,output/phone_00924_female.wav,전화는 공일공 이구삼삼 오오삼오으로 주시면 됩니다.,010-2933-5535,female,ko-KR-SunHiNeural,1
phone_00925_male.wav,output/phone_00925_male.wav,연락처는 공일공 이육구칠 칠팔일공입니다.,010-2697-7810,male,ko-KR-InJoonNeural,1
phone_00926_male.wav,output/phone_00926_male.wav,연락처는 공일공 사칠삼삼 삼공육육입니다.,010-4733-3066,male,ko-KR-HyunsuMultilingualNeural,1
phone_00927_female.wav,output/phone_00927_female.wav,전화번호는 공일공 구공삼구 육오삼삼이에요.,010-9039-6533,female,ko-KR-SunHiNeural,1
phone_00928_male.wav,output/phone_00928_male.wav,전화는 공일공 오팔공사 사일육삼으로 주시면 됩니다.,010-5804-4163,male,ko-KR-InJoonNeural,1
phone_00929_male.wav,output/phone_00929_male.wav,문의는 공일공 일이공일 팔공사삼으로 주세요.,010-1201-8043,male,ko-KR-InJoonNeural,1
phone_00930_male.wav,output/phone_00930_male.wav,문의는 공일공 육삼사육 사공일이으로 주세요.,010-6346-4012,male,ko-KR-HyunsuMultilingualNeural,1
phone_00931_female.wav,output/phone_00931_female.wav,문자 주실 번호는 공일공 이오사사 육칠칠구입니다.,010-2544-6779,female,ko-KR-SunHiNeural,1
phone_00932_male.wav,output/phone_00932_male.wav,문의는 공일공 사팔구구 사이오육으로 주세요.,010-4899-4256,male,ko-KR-InJoonNeural,1
phone_00933_female.wav,output/phone_00933_female.wav,문의는 공일공 구공사이 칠구구오으로 주세요.,010-9042-7995,female,ko-KR-SunHiNeural,1
phone_00934_male.wav,output/phone_00934_male.wav,번호 알려드릴게요. 공일공 팔삼공칠 칠팔사삼입니다.,010-8307-7843,male,ko-KR-HyunsuMultilingualNeural,1
phone_00935_female.wav,output/phone_00935_female.wav,제 전화번호는 공일공 사일팔공 오구사육입니다.,010-4180-5946,female,ko-KR-SunHiNeural,1
phone_00936_male.wav,output/phone_00936_male.wav,제 전화번호는 공일공 사육공칠 구공칠구입니다.,010-4607-9079,male,ko-KR-InJoonNeural,1
phone_00937_male.wav,output/phone_00937_male.wav,번호 알려드릴게요. 공일공 공오칠일 육오구팔입니다.,010-0571-6598,male,ko-KR-InJoonNeural,1
phone_00938_male.wav,output/phone_00938_male.wav,휴대폰 번호는 공일공 사칠사팔 삼삼팔육입니다.,010-4748-3386,male,ko-KR-InJoonNeural,1
phone_00939_male.wav,output/phone_00939_male.wav,전화는 공일공 칠칠일오 공일공구으로 주시면 됩니다.,010-7715-0109,male,ko-KR-HyunsuMultilingualNeural,1
phone_00940_female.wav,output/phone_00940_female.wav,휴대폰 번호는 공일공 오칠칠칠 이이육공입니다.,010-5777-2260,female,ko-KR-SunHiNeural,1
phone_00941_female.wav,output/phone_00941_female.wav,휴대폰 번호는 공일공 삼팔오오 이공오육입니다.,010-3855-2056,female,ko-KR-SunHiNeural,1
phone_00942_female.wav,output/phone_00942_female.wav,문의는 공일공 삼육구구 삼칠이오으로 주세요.,010-3699-3725,female,ko-KR-SunHiNeural,1
phone_00943_male.wav,output/phone_00943_male.wav,제 번호는 공일공 오공팔팔 삼일삼칠입니다.,010-5088-3137,male,ko-KR-InJoonNeural,1
phone_00944_female.wav,output/phone_00944_female.wav,제 전화번호는 공일공 육구사사 팔이삼공입니다.,010-6944-8230,female,ko-KR-SunHiNeural,1
phone_00945_male.wav,output/phone_00945_male.wav,전화는 공일공 공칠이사 팔구삼사으로 주시면 됩니다.,010-0724-8934,male,ko-KR-InJoonNeural,1
phone_00946_male.wav,output/phone_00946_male.wav,문의는 공일공 삼사이팔 공팔칠공으로 주세요.,010-3428-0870,male,ko-KR-HyunsuMultilingualNeural,1
phone_00947_male.wav,output/phone_00947_male.wav,휴대폰 번호는 공일공 구팔팔육 사사삼구입니다.,010-9886-4439,male,ko-KR-HyunsuMultilingualNeural,1
phone_00948_female.wav,output/phone_00948_female.wav,문의는 공일공 공일일사 육삼사칠으로 주세요.,010-0114-6347,female,ko-KR-SunHiNeural,1
phone_00949_male.wav,output/phone_00949_male.wav,휴대폰 번호는 공일공 일육구육 팔칠구구입니다.,010-1696-8799,male,ko-KR-HyunsuMultilingualNeural,1
phone_00950_male.wav,output/phone_00950_male.wav,전화는 공일공 육구이육 구일삼삼으로 주시면 됩니다.,010-6926-9133,male,ko-KR-InJoonNeural,1
phone_00951_male.wav,output/phone_00951_male.wav,제 전화번호는 공일공 이사오오 사공구사입니다.,010-2455-4094,male,ko-KR-HyunsuMultilingualNeural,1
phone_00952_female.wav,output/phone_00952_female.wav,문의는 공일공 사오팔구 공삼팔팔으로 주세요.,010-4589-0388,female,ko-KR-SunHiNeural,1
phone_00953_male.wav,output/phone_00953_male.wav,번호 알려드릴게요. 공일공 공오오삼 팔육사칠입니다.,010-0553-8647,male,ko-KR-HyunsuMultilingualNeural,1
phone_00954_female.wav,output/phone_00954_female.wav,전화번호는 공일공 삼이공일 오칠이칠이에요.,010-3201-5727,female,ko-KR-SunHiNeural,1
phone_00955_male.wav,output/phone_00955_male.wav,연락처는 공일공 칠일일육 공오공공입니다.,010-7116-0500,male,ko-KR-HyunsuMultilingualNeural,1
phone_00956_female.wav,output/phone_00956_female.wav,휴대폰 번호는 공일공 팔육사공 오이팔칠입니다.,010-8640-5287,female,ko-KR-SunHiNeural,1
phone_00957_female.wav,output/phone_00957_female.wav,전화번호는 공일공 구오팔이 칠공공오이에요.,010-9582-7005,female,ko-KR-SunHiNeural,1
phone_00958_male.wav,output/phone_00958_male.wav,문자 주실 번호는 공일공 육오일팔 오일사구입니다.,010-6518-5149,male,ko-KR-InJoonNeural,1
phone_00959_female.wav,output/phone_00959_female.wav,휴대폰 번호는 공일공 이이구팔 팔이칠팔입니다.,010-2298-8278,female,ko-KR-SunHiNeural,1
phone_00960_male.wav,output/phone_00960_male.wav,연락 가능 번호는 공일공 구육공오 공공구사입니다.,010-9605-0094,male,ko-KR-HyunsuMultilingualNeural,1
phone_00961_male.wav,output/phone_00961_male.wav,제 번호는 공일공 일사사구 삼이사이입니다.,010-1449-3242,male,ko-KR-InJoonNeural,1
phone_00962_male.wav,output/phone_00962_male.wav,휴대폰 번호는 공일공 구이육일 오구이이입니다.,010-9261-5922,male,ko-KR-InJoonNeural,1
phone_00963_male.wav,output/phone_00963_male.wav,제 전화번호는 공일공 삼오삼삼 이일일사입니다.,010-3533-2114,male,ko-KR-InJoonNeural,1
phone_00964_female.wav,output/phone_00964_female.wav,문자 주실 번호는 공일공 칠삼육일 칠육오사입니다.,010-7361-7654,female,ko-KR-SunHiNeural,1
phone_00965_male.wav,output/phone_00965_male.wav,문의는 공일공 이구일공 칠공이구으로 주세요.,010-2910-7029,male,ko-KR-InJoonNeural,1
phone_00966_male.wav,output/phone_00966_male.wav,제 전화번호는 공일공 일일육일 육오오이입니다.,010-1161-6552,male,ko-KR-InJoonNeural,1
phone_00967_male.wav,output/phone_00967_male.wav,문의는 공일공 육팔칠칠 칠육칠공으로 주세요.,010-6877-7670,male,ko-KR-HyunsuMultilingualNeural,1
phone_00968_male.wav,output/phone_00968_male.wav,제 번호는 공일공 오이일칠 팔오공공입니다.,010-5217-8500,male,ko-KR-HyunsuMultilingualNeural,1
phone_00969_male.wav,output/phone_00969_male.wav,연락 가능 번호는 공일공 사육공구 오칠칠팔입니다.,010-4609-5778,male,ko-KR-InJoonNeural,1
phone_00970_male.wav,output/phone_00970_male.wav,번호 알려드릴게요. 공일공 구삼오사 칠팔사이입니다.,010-9354-7842,male,ko-KR-HyunsuMultilingualNeural,1
phone_00971_female.wav,output/phone_00971_female.wav,문자 주실 번호는 공일공 일삼이팔 육팔오공입니다.,010-1328-6850,female,ko-KR-SunHiNeural,1
phone_00972_male.wav,output/phone_00972_male.wav,전화는 공일공 삼구칠팔 오육구삼으로 주시면 됩니다.,010-3978-5693,male,ko-KR-HyunsuMultilingualNeural,1
phone_00973_female.wav,output/phone_00973_female.wav,연락처는 공일공 구팔칠오 이공이삼입니다.,010-9875-2023,female,ko-KR-SunHiNeural,1
phone_00974_female.wav,output/phone_00974_female.wav,번호 알려드릴게요. 공일공 육팔육삼 육삼이이입니다.,010-6863-6322,female,ko-KR-SunHiNeural,1
phone_00975_male.wav,output/phone_00975_male.wav,휴대폰 번호는 공일공 칠오오육 이오팔팔입니다.,010-7556-2588,male,ko-KR-HyunsuMultilingualNeural,1
phone_00976_male.wav,output/phone_00976_male.wav,연락 가능 번호는 공일공 일이공삼 일이육육입니다.,010-1203-1266,male,ko-KR-InJoonNeural,1
phone_00977_female.wav,output/phone_00977_female.wav,휴대폰 번호는 공일공 팔사이공 이오삼공입니다.,010-8420-2530,female,ko-KR-SunHiNeural,1
phone_00978_male.wav,output/phone_00978_male.wav,연락처는 공일공 칠구칠이 공삼이육입니다.,010-7972-0326,male,ko-KR-InJoonNeural,1
phone_00979_male.wav,output/phone_00979_male.wav,제 번호는 공일공 오구삼사 이일육이입니다.,010-5934-2162,male,ko-KR-HyunsuMultilingualNeural,1
phone_00980_female.wav,output/phone_00980_female.wav,연락 가능 번호는 공일공 사일공팔 오육팔구입니다.,010-4108-5689,female,ko-KR-SunHiNeural,1
phone_00981_female.wav,output/phone_00981_female.wav,연락 가능 번호는 공일공 육칠일팔 이구칠육입니다.,010-6718-2976,female,ko-KR-SunHiNeural,1
phone_00982_male.wav,output/phone_00982_male.wav,문의는 공일공 칠팔이사 구사팔구으로 주세요.,010-7824-9489,male,ko-KR-HyunsuMultilingualNeural,1
phone_00983_female.wav,output/phone_00983_female.wav,연락처는 공일공 삼오이삼 육삼공육입니다.,010-3523-6306,female,ko-KR-SunHiNeural,1
phone_00984_male.wav,output/phone_00984_male.wav,전화번호는 공일공 칠칠구일 칠오사이이에요.,010-7791-7542,male,ko-KR-HyunsuMultilingualNeural,1
phone_00985_male.wav,output/phone_00985_male.wav,전화는 공일공 사일구팔 구이팔오으로 주시면 됩니다.,010-4198-9285,male,ko-KR-InJoonNeural,1
phone_00986_male.wav,output/phone_00986_male.wav,문자 주실 번호는 공일공 이삼팔사 삼이팔공입니다.,010-2384-3280,male,ko-KR-InJoonNeural,1
phone_00987_female.wav,output/phone_00987_female.wav,전화는 공일공 이공오오 공삼육일으로 주시면 됩니다.,010-2055-0361,female,ko-KR-SunHiNeural,1
phone_00988_male.wav,output/phone_00988_male.wav,연락처는 공일공 칠육육오 삼사육구입니다.,010-7665-3469,male,ko-KR-InJoonNeural,1
phone_00989_female.wav,output/phone_00989_female.wav,연락 가능 번호는 공일공 오구육구 팔삼팔일입니다.,010-5969-8381,female,ko-KR-SunHiNeural,1
phone_00990_female.wav,output/phone_00990_female.wav,문의는 공일공 삼팔이공 사공육팔으로 주세요.,010-3820-4068,female,ko-KR-SunHiNeural,1
phone_00991_female.wav,output/phone_00991_female.wav,제 번호는 공일공 구구육공 팔사삼칠입니다.,010-9960-8437,female,ko-KR-SunHiNeural,1
phone_00992_male.wav,output/phone_00992_male.wav,문의는 공일공 팔공일육 일이오구으로 주세요.,010-8016-1259,male,ko-KR-HyunsuMultilingualNeural,1
phone_00993_male.wav,output/phone_00993_male.wav,연락 가능 번호는 공일공 육이일오 오공구오입니다.,010-6215-5095,male,ko-KR-HyunsuMultilingualNeural,1
phone_00994_male.wav,output/phone_00994_male.wav,문의는 공일공 구공삼오 사팔사팔으로 주세요.,010-9035-4848,male,ko-KR-HyunsuMultilingualNeural,1
phone_00995_male.wav,output/phone_00995_male.wav,연락처는 공일공 공삼칠육 오공구이입니다.,010-0376-5092,male,ko-KR-InJoonNeural,1
phone_00996_male.wav,output/phone_00996_male.wav,연락 가능 번호는 공일공 오일팔공 팔육팔육입니다.,010-5180-8686,male,ko-KR-HyunsuMultilingualNeural,1
phone_00997_male.wav,output/phone_00997_male.wav,제 전화번호는 공일공 오구구칠 칠공육칠입니다.,010-5997-7067,male,ko-KR-InJoonNeural,1
phone_00998_male.wav,output/phone_00998_male.wav,번호 알려드릴게요. 공일공 일삼칠공 삼이육이입니다.,010-1370-3262,male,ko-KR-HyunsuMultilingualNeural,1
phone_00999_male.wav,output/phone_00999_male.wav,연락 가능 번호는 공일공 육칠구사 오구육공입니다.,010-6794-5960,male,ko-KR-HyunsuMultilingualNeural,1
