filename,filepath,text,value,pii_type,gender,speaker_id,template_id,source_type,label,duration,n_digits,n_groups,max_run,frame,axis,prob_mean,prob_std,prob_ckpt_seq_indist_gru_cnn_s42,prob_ckpt_seq_indist_gru_cnn_s43,prob_ckpt_seq_indist_gru_cnn_s44,prob
probe_00000_spk01.wav,/home/hye0n/projects/cnn-based-audio-pii-classification/src/cnn/data_probe/output/probe_00000_spk01.wav,번호는 일공사삼입니다.,1043,,female,spk01,probe_cont_4,probe,1,2.24,4,1,4,sentence,continuous,0.005217911209911108,0.0014660082051044965,0.003467390313744545,0.005131128244102001,0.007055215071886778,0.005217911209911108
probe_00001_spk02.wav,/home/hye0n/projects/cnn-based-audio-pii-classification/src/cnn/data_probe/output/probe_00001_spk02.wav,번호는 삼이일팔입니다.,3218,,male,spk02,probe_cont_4,probe,1,1.84,4,1,4,sentence,continuous,0.004095264167214434,0.0012801987317116693,0.0035400735214352608,0.005865235347300768,0.0028804836329072714,0.004095264167214434
probe_00002_spk03.wav,/home/hye0n/projects/cnn-based-audio-pii-classification/src/cnn/data_probe/output/probe_00002_spk03.wav,번호는 일구육공입니다.,1960,,female,spk03,probe_cont_4,probe,1,2.0,4,1,4,sentence,continuous,0.005949144717305899,0.003067029396652177,0.004936151206493378,0.010108090937137604,0.0028031920082867146,0.005949144717305899
probe_00003_spk04.wav,/home/hye0n/projects/cnn-based-audio-pii-classification/src/cnn/data_probe/output/probe_00003_spk04.wav,번호는 공일삼삼입니다.,0133,,male,spk04,probe_cont_4,probe,1,2.0,4,1,4,sentence,continuous,0.004759015437836449,0.0015924648032226195,0.003617736976593733,0.007011031731963158,0.0036482776049524546,0.004759015437836449
probe_00004_spk05.wav,/home/hye0n/projects/cnn-based-audio-pii-classification/src/cnn/data_probe/output/probe_00004_spk05.wav,번호는 팔구공팔입니다.,8908,,female,spk05,probe_cont_4,probe,1,2.0,4,1,4,sentence,continuous,0.003486829809844494,0.001350152220655286,0.0030411439947783947,0.0053175874054431915,0.0021017580293118954,0.003486829809844494
probe_00005_spk06.wav,/home/hye0n/projects/cnn-based-audio-pii-classification/src/cnn/data_probe/output/probe_00005_spk06.wav,번호는 삼팔육삼입니다.,3863,,male,spk06,probe_cont_4,probe,1,2.24,4,1,4,sentence,continuous,0.0016133609460666776,0.00022944035705847244,0.0016323575982823968,0.00188438652548939,0.001323338714428246,0.0016133609460666776
probe_00006_spk07.wav,/home/hye0n/projects/cnn-based-audio-pii-classification/src/cnn/data_probe/output/probe_00006_spk07.wav,번호는 칠구사공입니다.,7940,,female,spk07,probe_cont_4,probe,1,1.68,4,1,4,sentence,continuous,0.004436895561714967,0.0013480658966562341,0.0027320473454892635,0.006028266157954931,0.0045503731817007065,0.004436895561714967
probe_00007_spk08.wav,/home/hye0n/projects/cnn-based-audio-pii-classification/src/cnn/data_probe/output/probe_00007_spk08.wav,번호는 이육오사입니다.,2654,,male,spk08,probe_cont_4,probe,1,1.76,4,1,4,sentence,continuous,0.004953442451854547,0.0008348722053032,0.003921944182366133,0.004971671849489212,0.005966711323708296,0.004953442451854547
probe_00008_spk09.wav,/home/hye0n/projects/cnn-based-audio-pii-classification/src/cnn/data_probe/output/probe_00008_spk09.wav,번호는 이삼오일입니다.,2351,,female,spk09,probe_cont_4,probe,1,1.6,4,1,4,sentence,continuous,0.0052311184505621595,0.002030904740442858,0.0031761261634528637,0.007996318861842155,0.0045209103263914585,0.0052311184505621595
probe_00009_spk10.wav,/home/hye0n/projects/cnn-based-audio-pii-classification/src/cnn/data_probe/output/probe_00009_spk10.wav,번호는 일육일오입니다.,1615,,male,spk10,probe_cont_4,probe,1,2.24,4,1,4,sentence,continuous,0.0031122233097751937,0.0008798194516644424,0.002533545484766364,0.004355486948043108,0.0024476374965161085,0.0031122233097751937
probe_00010_spk11.wav,/home/hye0n/projects/cnn-based-audio-pii-classification/src/cnn/data_probe/output/probe_00010_spk11.wav,번호는 오구사공입니다.,5940,,female,spk11,probe_cont_4,probe,1,2.4,4,1,4,sentence,continuous,0.0038665891624987125,0.0013381940104590666,0.0029469062574207783,0.005758835002779961,0.0028940262272953987,0.0038665891624987125
probe_00011_spk12.wav,/home/hye0n/projects/cnn-based-audio-pii-classification/src/cnn/data_probe/output/probe_00011_spk12.wav,번호는 칠팔일육입니다.,7816,,male,spk12,probe_cont_4,probe,1,1.68,4,1,4,sentence,continuous,0.0023360856963942447,0.0001725856401179302,0.002130004344508052,0.002552380785346031,0.0023258719593286514,0.0023360856963942447
probe_00012_spk13.wav,/home/hye0n/projects/cnn-based-audio-pii-classification/src/cnn/data_probe/output/probe_00012_spk13.wav,번호는 일팔사구입니다.,1849,,male,spk13,probe_cont_4,probe,1,1.76,4,1,4,sentence,continuous,0.002907457140584787,0.0006090864797567595,0.002060258761048317,0.0034658550284802914,0.003196257632225752,0.002907457140584787
probe_00013_spk14.wav,/home/hye0n/projects/cnn-based-audio-pii-classification/src/cnn/data_probe/output/probe_00013_spk14.wav,번호는 오구삼일입니다.,5931,,female,spk14,probe_cont_4,probe,1,1.92,4,1,4,sentence,continuous,0.0027497075498104095,0.0006122065689977618,0.0026318305172026157,0.003551461035385728,0.002065831096842885,0.0027497075498104095
probe_00014_spk01.wav,/home/hye0n/projects/cnn-based-audio-pii-classification/src/cnn/data_probe/output/probe_00014_spk01.wav,번호는 공삼사일입니다.,0341,,female,spk01,probe_cont_4,probe,1,2.16,4,1,4,sentence,continuous,0.005158080952242017,0.001568052432340243,0.0032533372286707163,0.007093888707458973,0.005127016920596361,0.005158080952242017
probe_00015_spk02.wav,/home/hye0n/projects/cnn-based-audio-pii-classification/src/cnn/data_probe/output/probe_00015_spk02.wav,번호는 삼일육사입니다.,3164,,male,spk02,probe_cont_4,probe,1,2.0,4,1,4,sentence,continuous,0.005699296869958441,0.0020346476697082785,0.0033006102312356234,0.008275017142295837,0.005522263236343861,0.005699296869958441
probe_00016_spk03.wav,/home/hye0n/projects/cnn-based-audio-pii-classification/src/cnn/data_probe/output/probe_00016_spk03.wav,번호는 칠오이오입니다.,7525,,female,spk03,probe_cont_4,probe,1,2.0,4,1,4,sentence,continuous,0.002601237424338857,0.0006040142097142584,0.0020765401422977448,0.0034473405685275793,0.002279831562191248,0.002601237424338857
probe_00017_spk04.wav,/home/hye0n/projects/cnn-based-audio-pii-classification/src/cnn/data_probe/output/probe_00017_spk04.wav,번호는 오삼사일입니다.,5341,,male,spk04,probe_cont_4,probe,1,1.6,4,1,4,sentence,continuous,0.004904030977437894,0.0015022218483431615,0.0029230285435914993,0.005229906179010868,0.006559158209711313,0.004904030977437894
probe_00018_spk05.wav,/home/hye0n/projects/cnn-based-audio-pii-classification/src/cnn/data_probe/output/probe_00018_spk05.wav,번호는 구이팔삼입니다.,9283,,female,spk05,probe_cont_4,probe,1,1.92,4,1,4,sentence,continuous,0.002603901860614618,0.0004941764124374238,0.0021338430233299732,0.003286814084276557,0.002391048474237323,0.002603901860614618
probe_00019_spk06.wav,/home/hye0n/projects/cnn-based-audio-pii-classification/src/cnn/data_probe/output/probe_00019_spk06.wav,번호는 이칠육사입니다.,2764,,male,spk06,probe_cont_4,probe,1,2.88,4,1,4,sentence,continuous,0.0031534955681612096,0.00047760066262792915,0.0028089829720556736,0.0028226247522979975,0.003828878980129957,0.0031534955681612096
probe_00020_spk07.wav,/home/hye0n/projects/cnn-based-audio-pii-classification/src/cnn/data_probe/output/probe_00020_spk07.wav,번호는 팔삼오공입니다.,8350,,female,spk07,probe_cont_4,probe,1,1.76,4,1,4,sentence,continuous,0.007606226718053222,0.0048008291059077265,0.003593433415517211,0.014355518855154514,0.00486972788348794,0.007606226718053222
probe_00021_spk08.wav,/home/hye0n/projects/cnn-based-audio-pii-classification/src/cnn/data_probe/output/probe_00021_spk08.wav,번호는 삼공오육입니다.,3056,,male,spk08,probe_cont_4,probe,1,1.92,4,1,4,sentence,continuous,0.005745226129268606,0.002223541313352773,0.0027007663156837225,0.007949110120534897,0.0065858019515872,0.005745226129268606
probe_00022_spk09.wav,/home/hye0n/projects/cnn-based-audio-pii-classification/src/cnn/data_probe/output/probe_00022_spk09.wav,번호는 사일삼구입니다.,4139,,female,spk09,probe_cont_4,probe,1,1.6,4,1,4,sentence,continuous,0.0049262808946271735,0.0014009905205916882,0.006549665704369545,0.005098269321024418,0.0031309076584875584,0.0049262808946271735
probe_00023_spk10.wav,/home/hye0n/projects/cnn-based-audio-pii-classification/src/cnn/data_probe/output/probe_00023_spk10.wav,번호는 오삼칠육입니다.,5376,,male,spk10,probe_cont_4,probe,1,2.24,4,1,4,sentence,continuous,0.003826295336087545,0.0007866593088608382,0.0032195006497204304,0.004937219433486462,0.0033221659250557423,0.003826295336087545
probe_00024_spk11.wav,/home/hye0n/projects/cnn-based-audio-pii-classification/src/cnn/data_probe/output/probe_00024_spk11.wav,번호는 칠이사이입니다.,7242,,female,spk11,probe_cont_4,probe,1,2.96,4,1,4,sentence,continuous,0.0029419669105360904,4.531639743423743e-05,0.0029454315081238747,0.0028848147485405207,0.0029956544749438763,0.0029419669105360904
probe_00025_spk12.wav,/home/hye0n/projects/cnn-based-audio-pii-classification/src/cnn/data_probe/output/probe_00025_spk12.wav,번호는 삼팔팔사입니다.,3884,,male,spk12,probe_cont_4,probe,1,2.0,4,1,4,sentence,continuous,0.004620199712614219,0.00240191664230431,0.002508603036403656,0.007980271242558956,0.003371724858880043,0.004620199712614219
probe_00026_spk13.wav,/home/hye0n/projects/cnn-based-audio-pii-classification/src/cnn/data_probe/output/probe_00026_spk13.wav,번호는 구육구육입니다.,9696,,male,spk13,probe_cont_4,probe,1,2.16,4,1,4,sentence,continuous,0.0034571262852599225,0.0009284048499785307,0.004698260687291622,0.0032074935734272003,0.0024656245950609446,0.0034571262852599225
probe_00027_spk14.wav,/home/hye0n/projects/cnn-based-audio-pii-classification/src/cnn/data_probe/output/probe_00027_spk14.wav,번호는 오삼이팔입니다.,5328,,female,spk14,probe_cont_4,probe,1,2.16,4,1,4,sentence,continuous,0.004107593869169553,0.0010661986591224027,0.0035852796863764524,0.003143777372315526,0.005593724548816681,0.004107593869169553
probe_00028_spk01.wav,/home/hye0n/projects/cnn-based-audio-pii-classification/src/cnn/data_probe/output/probe_00028_spk01.wav,번호는 칠일공일입니다.,7101,,female,spk01,probe_cont_4,probe,1,2.16,4,1,4,sentence,continuous,0.012077613733708858,0.005643402469349369,0.011805491521954536,0.019121384248137474,0.005305965431034565,0.012077613733708858
probe_00029_spk02.wav,/home/hye0n/projects/cnn-based-audio-pii-classification/src/cnn/data_probe/output/probe_00029_spk02.wav,번호는 이이육구입니다.,2269,,male,spk02,probe_cont_4,probe,1,1.68,4,1,4,sentence,continuous,0.01996883066991965,0.01357586607587921,0.005298478528857231,0.038029760122299194,0.016578253358602524,0.01996883066991965
probe_00030_spk03.wav,/home/hye0n/projects/cnn-based-audio-pii-classification/src/cnn/data_probe/output/probe_00030_spk03.wav,번호는 일육육구입니다.,1669,,female,spk03,probe_cont_4,probe,1,2.16,4,1,4,sentence,continuous,0.003335795442884167,0.0014645281765522011,0.0023798076435923576,0.005404961761087179,0.0022226169239729643,0.003335795442884167
probe_00031_spk04.wav,/home/hye0n/projects/cnn-based-audio-pii-classification/src/cnn/data_probe/output/probe_00031_spk04.wav,번호는 칠팔사팔입니다.,7848,,male,spk04,probe_cont_4,probe,1,1.68,4,1,4,sentence,continuous,0.014468101396535834,0.01225233109776593,0.0034086022060364485,0.031549692153930664,0.008446009829640388,0.014468101396535834
probe_00032_spk05.wav,/home/hye0n/projects/cnn-based-audio-pii-classification/src/cnn/data_probe/output/probe_00032_spk05.wav,번호는 공일팔사입니다.,0184,,female,spk05,probe_cont_4,probe,1,1.84,4,1,4,sentence,continuous,0.0037992272215584912,0.0011462799227494925,0.0033639883622527122,0.005369200836867094,0.002664492465555668,0.0037992272215584912
probe_00033_spk06.wav,/home/hye0n/projects/cnn-based-audio-pii-classification/src/cnn/data_probe/output/probe_00033_spk06.wav,번호는 오일사육입니다.,5146,,male,spk06,probe_cont_4,probe,1,2.56,4,1,4,sentence,continuous,0.0036559109576046467,0.00039384671976136964,0.0032166466116905212,0.004172120243310928,0.0035789660178124905,0.0036559109576046467
probe_00034_spk07.wav,/home/hye0n/projects/cnn-based-audio-pii-classification/src/cnn/data_probe/output/probe_00034_spk07.wav,번호는 이칠공사입니다.,2704,,female,spk07,probe_cont_4,probe,1,1.92,4,1,4,sentence,continuous,0.0026695660005013147,0.0005169739076239153,0.0022992349695414305,0.0034006566274911165,0.0023088064044713974,0.0026695660005013147
probe_00035_spk08.wav,/home/hye0n/projects/cnn-based-audio-pii-classification/src/cnn/data_probe/output/probe_00035_spk08.wav,번호는 팔이팔일입니다.,8281,,male,spk08,probe_cont_4,probe,1,1.84,4,1,4,sentence,continuous,0.004853167260686557,0.0010410324523773358,0.0033894870430231094,0.005722313653677702,0.005447701085358858,0.004853167260686557
probe_00036_spk09.wav,/home/hye0n/projects/cnn-based-audio-pii-classification/src/cnn/data_probe/output/probe_00036_spk09.wav,번호는 사팔구삼입니다.,4893,,female,spk09,probe_cont_4,probe,1,1.76,4,1,4,sentence,continuous,0.0030805356800556183,0.0009031596070108713,0.0030207859817892313,0.0042153396643698215,0.002005481394007802,0.0030805356800556183
probe_00037_spk10.wav,/home/hye0n/projects/cnn-based-audio-pii-classification/src/cnn/data_probe/output/probe_00037_spk10.wav,번호는 이오이팔입니다.,2528,,male,spk10,probe_cont_4,probe,1,1.84,4,1,4,sentence,continuous,0.0026043630205094814,0.0006052743370248795,0.002122176345437765,0.003457957413047552,0.002232955303043127,0.0026043630205094814
probe_00038_spk11.wav,/home/hye0n/projects/cnn-based-audio-pii-classification/src/cnn/data_probe/output/probe_00038_spk11.wav,번호는 팔공구오입니다.,8095,,female,spk11,probe_cont_4,probe,1,3.76,4,1,4,sentence,continuous,0.0082592754624784,0.0013926912184271157,0.00938649196177721,0.0062969462014734745,0.009094388224184513,0.0082592754624784
probe_00039_spk12.wav,/home/hye0n/projects/cnn-based-audio-pii-classification/src/cnn/data_probe/output/probe_00039_spk12.wav,번호는 칠공일오입니다.,7015,,male,spk12,probe_cont_4,probe,1,1.6,4,1,4,sentence,continuous,0.005601896283527215,0.00021665440407628715,0.005533870775252581,0.005894633010029793,0.0053771850652992725,0.005601896283527215
probe_00040_spk13.wav,/home/hye0n/projects/cnn-based-audio-pii-classification/src/cnn/data_probe/output/probe_00040_spk13.wav,번호는 사삼공삼입니다.,4303,,male,spk13,probe_cont_4,probe,1,2.16,4,1,4,sentence,continuous,0.00289904628880322,5.2673733293728184e-05,0.002831627381965518,0.00296019297093153,0.0029053185135126114,0.00289904628880322
probe_00041_spk14.wav,/home/hye0n/projects/cnn-based-audio-pii-classification/src/cnn/data_probe/output/probe_00041_spk14.wav,번호는 구일일칠입니다.,9117,,female,spk14,probe_cont_4,probe,1,2.72,4,1,4,sentence,continuous,0.004442939534783363,0.0005992868714773534,0.004868808668106794,0.004864586517214775,0.0035954234190285206,0.004442939534783363
probe_00042_spk01.wav,/home/hye0n/projects/cnn-based-audio-pii-classification/src/cnn/data_probe/output/probe_00042_spk01.wav,번호는 일팔이이입니다.,1822,,female,spk01,probe_cont_4,probe,1,2.24,4,1,4,sentence,continuous,0.0189135253118972,0.00850417952050333,0.0071920654736459255,0.022442487999796867,0.027106022462248802,0.0189135253118972
probe_00043_spk02.wav,/home/hye0n/projects/cnn-based-audio-pii-classification/src/cnn/data_probe/output/probe_00043_spk02.wav,번호는 칠팔이사입니다.,7824,,male,spk02,probe_cont_4,probe,1,1.84,4,1,4,sentence,continuous,0.0023014083659897247,0.0004146002796118159,0.0019560838118195534,0.0028844403568655252,0.0020637009292840958,0.0023014083659897247
probe_00044_spk03.wav,/home/hye0n/projects/cnn-based-audio-pii-classification/src/cnn/data_probe/output/probe_00044_spk03.wav,번호는 팔구육삼입니다.,8963,,female,spk03,probe_cont_4,probe,1,3.36,4,1,4,sentence,continuous,0.0035904417745769024,0.0003488250348599643,0.0037005203776061535,0.003951852209866047,0.0031189527362585068,0.0035904417745769024
probe_00045_spk04.wav,/home/hye0n/projects/cnn-based-audio-pii-classification/src/cnn/data_probe/output/probe_00045_spk04.wav,번호는 팔삼사육입니다.,8346,,male,spk04,probe_cont_4,probe,1,2.64,4,1,4,sentence,continuous,0.0018337233147273462,7.555536536731793e-05,0.0017834879690781236,0.001940512447617948,0.0017771695274859667,0.0018337233147273462
probe_00046_spk05.wav,/home/hye0n/projects/cnn-based-audio-pii-classification/src/cnn/data_probe/output/probe_00046_spk05.wav,번호는 오칠팔칠입니다.,5787,,female,spk05,probe_cont_4,probe,1,2.16,4,1,4,sentence,continuous,0.003410830550516645,0.00035103776525189284,0.003097123932093382,0.0032344686333090067,0.0039008990861475468,0.003410830550516645
probe_00047_spk06.wav,/home/hye0n/projects/cnn-based-audio-pii-classification/src/cnn/data_probe/output/probe_00047_spk06.wav,번호는 일삼삼일입니다.,1331,,male,spk06,probe_cont_4,probe,1,2.32,4,1,4,sentence,continuous,0.0032197074809422097,0.00026881239561258935,0.002993221627548337,0.003597371047362685,0.0030685297679156065,0.0032197074809422097
probe_00048_spk07.wav,/home/hye0n/projects/cnn-based-audio-pii-classification/src/cnn/data_probe/output/probe_00048_spk07.wav,번호는 오공구팔입니다.,5098,,female,spk07,probe_cont_4,probe,1,2.48,4,1,4,sentence,continuous,0.002663505030795932,0.0002593197344635569,0.0027281788643449545,0.0029437909834086895,0.0023185452446341515,0.002663505030795932
probe_00049_spk08.wav,/home/hye0n/projects/cnn-based-audio-pii-classification/src/cnn/data_probe/output/probe_00049_spk08.wav,번호는 삼구삼공입니다.,3930,,male,spk08,probe_cont_4,probe,1,2.16,4,1,4,sentence,continuous,0.01672267820686102,0.008294834406485216,0.005443700589239597,0.019570229575037956,0.025154104456305504,0.01672267820686102
probe_00050_spk09.wav,/home/hye0n/projects/cnn-based-audio-pii-classification/src/cnn/data_probe/output/probe_00050_spk09.wav,번호는 일공삼일입니다.,1031,,female,spk09,probe_cont_4,probe,1,1.68,4,1,4,sentence,continuous,0.0025823734079798064,0.0007722929365995081,0.0023407258559018373,0.0036256175953894854,0.001780776772648096,0.0025823734079798064
probe_00051_spk10.wav,/home/hye0n/projects/cnn-based-audio-pii-classification/src/cnn/data_probe/output/probe_00051_spk10.wav,번호는 공오일팔입니다.,0518,,male,spk10,probe_cont_4,probe,1,2.4,4,1,4,sentence,continuous,0.0033261404217531285,0.0004309790017885221,0.0032855491153895855,0.003873103531077504,0.0028197686187922955,0.0033261404217531285
probe_00052_spk11.wav,/home/hye0n/projects/cnn-based-audio-pii-classification/src/cnn/data_probe/output/probe_00052_spk11.wav,번호는 삼사칠삼입니다.,3473,,female,spk11,probe_cont_4,probe,1,2.0,4,1,4,sentence,continuous,0.013363553676754236,0.006822648988579522,0.0037693078629672527,0.017274310812354088,0.019047042354941368,0.013363553676754236
probe_00053_spk12.wav,/home/hye0n/projects/cnn-based-audio-pii-classification/src/cnn/data_probe/output/probe_00053_spk12.wav,번호는 팔이구구입니다.,8299,,male,spk12,probe_cont_4,probe,1,1.68,4,1,4,sentence,continuous,0.0022859710346286497,0.0005600044675431059,0.0018913326784968376,0.003077935427427292,0.0018886449979618192,0.0022859710346286497
probe_00054_spk13.wav,/home/hye0n/projects/cnn-based-audio-pii-classification/src/cnn/data_probe/output/probe_00054_spk13.wav,번호는 칠삼칠육입니다.,7376,,male,spk13,probe_cont_4,probe,1,1.76,4,1,4,sentence,continuous,0.005328088921184341,0.0010437743087592748,0.00386897218413651,0.006251118145883083,0.00586417643353343,0.005328088921184341
probe_00055_spk14.wav,/home/hye0n/projects/cnn-based-audio-pii-classification/src/cnn/data_probe/output/probe_00055_spk14.wav,번호는 삼일일육입니다.,3116,,female,spk14,probe_cont_4,probe,1,1.68,4,1,4,sentence,continuous,0.004549921335031589,0.0027311677363836347,0.0024044823367148638,0.008404139429330826,0.002841142239049077,0.004549921335031589
probe_00056_spk01.wav,/home/hye0n/projects/cnn-based-audio-pii-classification/src/cnn/data_probe/output/probe_00056_spk01.wav,번호는 오육육칠입니다.,5667,,female,spk01,probe_cont_4,probe,1,2.48,4,1,4,sentence,continuous,0.006588614856203397,0.001893774261241666,0.0058564250357449055,0.009185739792883396,0.00472367973998189,0.006588614856203397
probe_00057_spk02.wav,/home/hye0n/projects/cnn-based-audio-pii-classification/src/cnn/data_probe/output/probe_00057_spk02.wav,번호는 공일공육입니다.,0106,,male,spk02,probe_cont_4,probe,1,2.24,4,1,4,sentence,continuous,0.011345643705377976,0.004921065720563735,0.007173049729317427,0.018255572766065598,0.008608308620750904,0.011345643705377976
probe_00058_spk03.wav,/home/hye0n/projects/cnn-based-audio-pii-classification/src/cnn/data_probe/output/probe_00058_spk03.wav,번호는 오일삼삼입니다.,5133,,female,spk03,probe_cont_4,probe,1,2.24,4,1,4,sentence,continuous,0.002868855216850837,0.00020716194823876567,0.002585770795121789,0.0030757542699575424,0.00294504058547318,0.002868855216850837
probe_00059_spk04.wav,/home/hye0n/projects/cnn-based-audio-pii-classification/src/cnn/data_probe/output/probe_00059_spk04.wav,번호는 삼팔칠이입니다.,3872,,male,spk04,probe_cont_4,probe,1,1.92,4,1,4,sentence,continuous,0.003098262706771493,0.0001588343228908282,0.003308643354102969,0.0029248998034745455,0.0030612449627369642,0.003098262706771493
probe_00060_spk05.wav,/home/hye0n/projects/cnn-based-audio-pii-classification/src/cnn/data_probe/output/probe_00060_spk05.wav,번호는 육이사칠입니다.,6247,,female,spk05,probe_cont_4,probe,1,1.76,4,1,4,sentence,continuous,0.006759853723148505,0.0029068867683312307,0.003298906609416008,0.010411621071398258,0.0065690334886312485,0.006759853723148505
probe_00061_spk06.wav,/home/hye0n/projects/cnn-based-audio-pii-classification/src/cnn/data_probe/output/probe_00061_spk06.wav,번호는 삼일칠팔입니다.,3178,,male,spk06,probe_cont_4,probe,1,2.08,4,1,4,sentence,continuous,0.003091490517059962,2.2854650151072754e-05,0.0031051787082105875,0.003110003424808383,0.0030592894181609154,0.003091490517059962
probe_00062_spk07.wav,/home/hye0n/projects/cnn-based-audio-pii-classification/src/cnn/data_probe/output/probe_00062_spk07.wav,번호는 일공팔공입니다.,1080,,female,spk07,probe_cont_4,probe,1,2.0,4,1,4,sentence,continuous,0.007081862849493821,0.002145161986944724,0.004410646855831146,0.009662875905632973,0.007172065787017345,0.007081862849493821
probe_00063_spk08.wav,/home/hye0n/projects/cnn-based-audio-pii-classification/src/cnn/data_probe/output/probe_00063_spk08.wav,번호는 일삼이육입니다.,1326,,male,spk08,probe_cont_4,probe,1,2.56,4,1,4,sentence,continuous,0.009227766655385494,0.002821328498235165,0.012838607653975487,0.005952239967882633,0.008892452344298363,0.009227766655385494
probe_00064_spk09.wav,/home/hye0n/projects/cnn-based-audio-pii-classification/src/cnn/data_probe/output/probe_00064_spk09.wav,번호는 칠칠삼육입니다.,7736,,female,spk09,probe_cont_4,probe,1,1.84,4,1,4,sentence,continuous,0.00826761320543786,0.005725569615759159,0.004863400012254715,0.016332244500517845,0.0036071951035410166,0.00826761320543786
probe_00065_spk10.wav,/home/hye0n/projects/cnn-based-audio-pii-classification/src/cnn/data_probe/output/probe_00065_spk10.wav,번호는 공이육공입니다.,0260,,male,spk10,probe_cont_4,probe,1,2.24,4,1,4,sentence,continuous,0.005499712424352765,0.0025407215796261554,0.0036000076215714216,0.00909082219004631,0.003808307461440563,0.005499712424352765
probe_00066_spk11.wav,/home/hye0n/projects/cnn-based-audio-pii-classification/src/cnn/data_probe/output/probe_00066_spk11.wav,번호는 육사칠사입니다.,6474,,female,spk11,probe_cont_4,probe,1,2.4,4,1,4,sentence,continuous,0.002098183302829663,0.0002884032605832769,0.001991715282201767,0.002492391038686037,0.0018104435876011848,0.002098183302829663
probe_00067_spk12.wav,/home/hye0n/projects/cnn-based-audio-pii-classification/src/cnn/data_probe/output/probe_00067_spk12.wav,번호는 육팔칠이입니다.,6872,,male,spk12,probe_cont_4,probe,1,1.68,4,1,4,sentence,continuous,0.002315700830270847,0.0002529228371920816,0.0021557556465268135,0.002672743983566761,0.0021186028607189655,0.002315700830270847
probe_00068_spk13.wav,/home/hye0n/projects/cnn-based-audio-pii-classification/src/cnn/data_probe/output/probe_00068_spk13.wav,번호는 삼사삼공입니다.,3430,,male,spk13,probe_cont_4,probe,1,1.92,4,1,4,sentence,continuous,0.004398598025242488,0.0007903441553273144,0.0033307624980807304,0.0052184551022946835,0.004646576475352049,0.004398598025242488
probe_00069_spk14.wav,/home/hye0n/projects/cnn-based-audio-pii-classification/src/cnn/data_probe/output/probe_00069_spk14.wav,번호는 구팔공오입니다.,9805,,female,spk14,probe_cont_4,probe,1,1.84,4,1,4,sentence,continuous,0.005713738035410643,0.0019057045299289304,0.0042602973990142345,0.008405960164964199,0.004474956542253494,0.005713738035410643
probe_00070_spk01.wav,/home/hye0n/projects/cnn-based-audio-pii-classification/src/cnn/data_probe/output/probe_00070_spk01.wav,번호는 공공구칠입니다.,0097,,female,spk01,probe_cont_4,probe,1,2.08,4,1,4,sentence,continuous,0.03475014834354321,0.03653216405482234,0.011050211265683174,0.08635729551315308,0.0068429382517933846,0.03475014834354321
probe_00071_spk02.wav,/home/hye0n/projects/cnn-based-audio-pii-classification/src/cnn/data_probe/output/probe_00071_spk02.wav,번호는 팔팔이공입니다.,8820,,male,spk02,probe_cont_4,probe,1,2.4,4,1,4,sentence,continuous,0.0030603427439928055,0.00035607597270276075,0.003309577703475952,0.0033146666828542948,0.0025567838456481695,0.0030603427439928055
probe_00072_spk03.wav,/home/hye0n/projects/cnn-based-audio-pii-classification/src/cnn/data_probe/output/probe_00072_spk03.wav,번호는 팔일이일입니다.,8121,,female,spk03,probe_cont_4,probe,1,2.88,4,1,4,sentence,continuous,0.004273099048684041,0.0004715052783889377,0.0036566071212291718,0.004801411181688309,0.004361278843134642,0.004273099048684041
probe_00073_spk04.wav,/home/hye0n/projects/cnn-based-audio-pii-classification/src/cnn/data_probe/output/probe_00073_spk04.wav,번호는 구일삼육입니다.,9136,,male,spk04,probe_cont_4,probe,1,2.16,4,1,4,sentence,continuous,0.0030959727397809425,0.0002651581917640193,0.0034172884188592434,0.0027678918559104204,0.003102737944573164,0.0030959727397809425
probe_00074_spk05.wav,/home/hye0n/projects/cnn-based-audio-pii-classification/src/cnn/data_probe/output/probe_00074_spk05.wav,번호는 일구삼구입니다.,1939,,female,spk05,probe_cont_4,probe,1,1.92,4,1,4,sentence,continuous,0.009166417022546133,0.004491752534319481,0.00555023830384016,0.015497359447181225,0.006451653316617012,0.009166417022546133
probe_00075_spk06.wav,/home/hye0n/projects/cnn-based-audio-pii-classification/src/cnn/data_probe/output/probe_00075_spk06.wav,번호는 구공구일입니다.,9091,,male,spk06,probe_cont_4,probe,1,2.48,4,1,4,sentence,continuous,0.002747823872293035,0.00021430393896337314,0.0027452241629362106,0.0030115817207843065,0.0024866657331585884,0.002747823872293035
probe_00076_spk07.wav,/home/hye0n/projects/cnn-based-audio-pii-classification/src/cnn/data_probe/output/probe_00076_spk07.wav,번호는 육구구팔입니다.,6998,,female,spk07,probe_cont_4,probe,1,1.92,4,1,4,sentence,continuous,0.0039137064789732294,0.0011166066538875216,0.0023410823196172714,0.004576100967824459,0.004823936149477959,0.0039137064789732294
probe_00077_spk08.wav,/home/hye0n/projects/cnn-based-audio-pii-classification/src/cnn/data_probe/output/probe_00077_spk08.wav,번호는 오사삼오입니다.,5435,,male,spk08,probe_cont_4,probe,1,1.76,4,1,4,sentence,continuous,0.0031491129969557128,0.0008874287212298957,0.0026446403935551643,0.004396550357341766,0.002406148239970207,0.0031491129969557128
probe_00078_spk09.wav,/home/hye0n/projects/cnn-based-audio-pii-classification/src/cnn/data_probe/output/probe_00078_spk09.wav,번호는 삼사육이입니다.,3462,,female,spk09,probe_cont_4,probe,1,1.68,4,1,4,sentence,continuous,0.0059834566588203115,0.005124727534517284,0.0027324450202286243,0.013218547217547894,0.001999377738684416,0.0059834566588203115
probe_00079_spk10.wav,/home/hye0n/projects/cnn-based-audio-pii-classification/src/cnn/data_probe/output/probe_00079_spk10.wav,번호는 사칠오일입니다.,4751,,male,spk10,probe_cont_4,probe,1,2.0,4,1,4,sentence,continuous,0.003295044880360365,0.0006596128695026939,0.0025877526495605707,0.004175413865596056,0.003121968125924468,0.003295044880360365
probe_00080_spk11.wav,/home/hye0n/projects/cnn-based-audio-pii-classification/src/cnn/data_probe/output/probe_00080_spk11.wav,번호는 공칠구구입니다.,0799,,female,spk11,probe_cont_4,probe,1,2.4,4,1,4,sentence,continuous,0.0022730817242215076,0.00016653413185856292,0.0022149421274662018,0.0024998008739203215,0.002104502171278,0.0022730817242215076
probe_00081_spk12.wav,/home/hye0n/projects/cnn-based-audio-pii-classification/src/cnn/data_probe/output/probe_00081_spk12.wav,번호는 일일팔삼입니다.,1183,,male,spk12,probe_cont_4,probe,1,1.92,4,1,4,sentence,continuous,0.003891314147040248,0.0007761872774501325,0.0043649328872561455,0.004512096755206585,0.0027969127986580133,0.003891314147040248
probe_00082_spk13.wav,/home/hye0n/projects/cnn-based-audio-pii-classification/src/cnn/data_probe/output/probe_00082_spk13.wav,번호는 팔사이오입니다.,8425,,male,spk13,probe_cont_4,probe,1,1.92,4,1,4,sentence,continuous,0.005166422110050917,0.0019678558571271346,0.003407284151762724,0.007913545705378056,0.0041784364730119705,0.005166422110050917
probe_00083_spk14.wav,/home/hye0n/projects/cnn-based-audio-pii-classification/src/cnn/data_probe/output/probe_00083_spk14.wav,번호는 일삼오사입니다.,1354,,female,spk14,probe_cont_4,probe,1,1.84,4,1,4,sentence,continuous,0.0023197458746532598,0.00045337379203259806,0.0023293322883546352,0.002870157826691866,0.0017597475089132786,0.0023197458746532598
probe_00084_spk01.wav,/home/hye0n/projects/cnn-based-audio-pii-classification/src/cnn/data_probe/output/probe_00084_spk01.wav,번호는 이칠팔사입니다.,2784,,female,spk01,probe_cont_4,probe,1,2.4,4,1,4,sentence,continuous,0.008161539522310099,0.004830216293954656,0.003992528188973665,0.0149323008954525,0.005559789482504129,0.008161539522310099
probe_00085_spk02.wav,/home/hye0n/projects/cnn-based-audio-pii-classification/src/cnn/data_probe/output/probe_00085_spk02.wav,번호는 구팔공팔입니다.,9808,,male,spk02,probe_cont_4,probe,1,1.68,4,1,4,sentence,continuous,0.002924948542689284,0.00033135125658694014,0.002517024287953973,0.003328632563352585,0.0029291887767612934,0.002924948542689284
probe_00086_spk03.wav,/home/hye0n/projects/cnn-based-audio-pii-classification/src/cnn/data_probe/output/probe_00086_spk03.wav,번호는 사일이사입니다.,4124,,female,spk03,probe_cont_4,probe,1,1.92,4,1,4,sentence,continuous,0.006497758130232493,0.0017148934081132677,0.006187587045133114,0.008735902607440948,0.004569784738123417,0.006497758130232493
probe_00087_spk04.wav,/home/hye0n/projects/cnn-based-audio-pii-classification/src/cnn/data_probe/output/probe_00087_spk04.wav,번호는 일일팔이입니다.,1182,,male,spk04,probe_cont_4,probe,1,1.68,4,1,4,sentence,continuous,0.00279350858181715,0.001001542159396133,0.002278001280501485,0.0041937679052352905,0.001908756559714675,0.00279350858181715
probe_00088_spk05.wav,/home/hye0n/projects/cnn-based-audio-pii-classification/src/cnn/data_probe/output/probe_00088_spk05.wav,번호는 사사구삼입니다.,4493,,female,spk05,probe_cont_4,probe,1,1.68,4,1,4,sentence,continuous,0.0029614555339018502,0.00010759597347792634,0.002876328770071268,0.0031132453586906195,0.0028947924729436636,0.0029614555339018502
probe_00089_spk06.wav,/home/hye0n/projects/cnn-based-audio-pii-classification/src/cnn/data_probe/output/probe_00089_spk06.wav,번호는 오삼사팔입니다.,5348,,male,spk06,probe_cont_4,probe,1,2.16,4,1,4,sentence,continuous,0.0026088199811056256,0.0005368750871144706,0.0019352094968780875,0.0032490044832229614,0.002642245963215828,0.0026088199811056256
probe_00090_spk07.wav,/home/hye0n/projects/cnn-based-audio-pii-classification/src/cnn/data_probe/output/probe_00090_spk07.wav,번호는 칠사공일입니다.,7401,,female,spk07,probe_cont_4,probe,1,2.0,4,1,4,sentence,continuous,0.005071444204077125,0.0031360846556836622,0.002644017105922103,0.009499693289399147,0.003070622216910124,0.005071444204077125
probe_00091_spk08.wav,/home/hye0n/projects/cnn-based-audio-pii-classification/src/cnn/data_probe/output/probe_00091_spk08.wav,번호는 육사공공입니다.,6400,,male,spk08,probe_cont_4,probe,1,1.84,4,1,4,sentence,continuous,0.007216382926950852,0.0026509000928154718,0.005171989090740681,0.010960021987557411,0.005517137702554464,0.007216382926950852
probe_00092_spk09.wav,/home/hye0n/projects/cnn-based-audio-pii-classification/src/cnn/data_probe/output/probe_00092_spk09.wav,번호는 오이사이입니다.,5242,,female,spk09,probe_cont_4,probe,1,1.92,4,1,4,sentence,continuous,0.002632813605790337,0.0007633482513217909,0.002190742176026106,0.0037067739758640528,0.002000924665480852,0.002632813605790337
probe_00093_spk10.wav,/home/hye0n/projects/cnn-based-audio-pii-classification/src/cnn/data_probe/output/probe_00093_spk10.wav,번호는 칠팔육팔입니다.,7868,,male,spk10,probe_cont_4,probe,1,2.08,4,1,4,sentence,continuous,0.008879406843334436,0.0060527088393987315,0.004236955661326647,0.01742868684232235,0.004972578026354313,0.008879406843334436
probe_00094_spk11.wav,/home/hye0n/projects/cnn-based-audio-pii-classification/src/cnn/data_probe/output/probe_00094_spk11.wav,번호는 공일일이입니다.,0112,,female,spk11,probe_cont_4,probe,1,2.0,4,1,4,sentence,continuous,0.0022710514798139534,0.00050060788210194,0.0019284849986433983,0.002978896489366889,0.0019057729514315724,0.0022710514798139534
probe_00095_spk12.wav,/home/hye0n/projects/cnn-based-audio-pii-classification/src/cnn/data_probe/output/probe_00095_spk12.wav,번호는 팔공오구입니다.,8059,,male,spk12,probe_cont_4,probe,1,1.52,4,1,4,sentence,continuous,0.002424845937639475,0.0005582402705899062,0.0020287258084863424,0.003214315278455615,0.002031496725976467,0.002424845937639475
probe_00096_spk13.wav,/home/hye0n/projects/cnn-based-audio-pii-classification/src/cnn/data_probe/output/probe_00096_spk13.wav,번호는 팔이육이입니다.,8262,,male,spk13,probe_cont_4,probe,1,2.16,4,1,4,sentence,continuous,0.004543664554754893,0.000585977327638509,0.0040756696835160255,0.005369937047362328,0.004185386933386326,0.004543664554754893
probe_00097_spk14.wav,/home/hye0n/projects/cnn-based-audio-pii-classification/src/cnn/data_probe/output/probe_00097_spk14.wav,번호는 공사오공입니다.,0450,,female,spk14,probe_cont_4,probe,1,2.08,4,1,4,sentence,continuous,0.002672557680246731,0.0006088980091334138,0.003022719407454133,0.003178780898451805,0.0018161727348342538,0.002672557680246731
probe_00098_spk01.wav,/home/hye0n/projects/cnn-based-audio-pii-classification/src/cnn/data_probe/output/probe_00098_spk01.wav,번호는 오삼삼일입니다.,5331,,female,spk01,probe_cont_4,probe,1,2.4,4,1,4,sentence,continuous,0.0032248507098605237,0.0003542648115444804,0.0027238489128649235,0.0034735531080514193,0.003477150108665228,0.0032248507098605237
probe_00099_spk02.wav,/home/hye0n/projects/cnn-based-audio-pii-classification/src/cnn/data_probe/output/probe_00099_spk02.wav,번호는 오팔육구입니다.,5869,,male,spk02,probe_cont_4,probe,1,1.84,4,1,4,sentence,continuous,0.009237688189993301,0.002860282471880583,0.0052816239185631275,0.011946466751396656,0.010484973900020123,0.009237688189993301
probe_00100_spk03.wav,/home/hye0n/projects/cnn-based-audio-pii-classification/src/cnn/data_probe/output/probe_00100_spk03.wav,번호는 이삼이이육공입니다.,232260,,female,spk03,probe_cont_6,probe,1,2.64,6,1,6,sentence,continuous,0.021836201349894207,0.004734082263404706,0.01565493643283844,0.02715422585606575,0.022699441760778427,0.021836201349894207
probe_00101_spk04.wav,/home/hye0n/projects/cnn-based-audio-pii-classification/src/cnn/data_probe/output/probe_00101_spk04.wav,번호는 이오육삼사이입니다.,256342,,male,spk04,probe_cont_6,probe,1,2.24,6,1,6,sentence,continuous,0.004793839839597543,0.0008147235254560263,0.0037060431204736233,0.005666653625667095,0.005008822772651911,0.004793839839597543
probe_00102_spk05.wav,/home/hye0n/projects/cnn-based-audio-pii-classification/src/cnn/data_probe/output/probe_00102_spk05.wav,번호는 일육공칠삼삼입니다.,160733,,female,spk05,probe_cont_6,probe,1,2.8,6,1,6,sentence,continuous,0.012817862754066786,0.0034527355507382334,0.009343855082988739,0.01752648688852787,0.011583246290683746,0.012817862754066786
probe_00103_spk06.wav,/home/hye0n/projects/cnn-based-audio-pii-classification/src/cnn/data_probe/output/probe_00103_spk06.wav,번호는 칠오사삼삼공입니다.,754330,,male,spk06,probe_cont_6,probe,1,2.88,6,1,6,sentence,continuous,0.003677700258170565,0.0006921651209253234,0.00270852237008512,0.004281282890588045,0.00404329551383853,0.003677700258170565
probe_00104_spk07.wav,/home/hye0n/projects/cnn-based-audio-pii-classification/src/cnn/data_probe/output/probe_00104_spk07.wav,번호는 삼육오사일사입니다.,365414,,female,spk07,probe_cont_6,probe,1,2.24,6,1,6,sentence,continuous,0.061183325946331024,0.04141295104285669,0.011613152921199799,0.11298039555549622,0.05895642936229706,0.061183325946331024
probe_00105_spk08.wav,/home/hye0n/projects/cnn-based-audio-pii-classification/src/cnn/data_probe/output/probe_00105_spk08.wav,번호는 오팔육팔오공입니다.,586850,,male,spk08,probe_cont_6,probe,1,2.72,6,1,6,sentence,continuous,0.028029491504033405,0.004577602626186949,0.029500292614102364,0.02183430828154087,0.032753873616456985,0.028029491504033405
probe_00106_spk09.wav,/home/hye0n/projects/cnn-based-audio-pii-classification/src/cnn/data_probe/output/probe_00106_spk09.wav,번호는 일사이구사공입니다.,142940,,female,spk09,probe_cont_6,probe,1,2.4,6,1,6,sentence,continuous,0.012111793893078962,0.003067818638810232,0.009592793881893158,0.01643041893839836,0.01031216885894537,0.012111793893078962
probe_00107_spk10.wav,/home/hye0n/projects/cnn-based-audio-pii-classification/src/cnn/data_probe/output/probe_00107_spk10.wav,번호는 일구육오오육입니다.,196556,,male,spk10,probe_cont_6,probe,1,2.16,6,1,6,sentence,continuous,0.012356688578923544,0.00391311005586245,0.009804214350879192,0.017885254696011543,0.009380596689879894,0.012356688578923544
probe_00108_spk11.wav,/home/hye0n/projects/cnn-based-audio-pii-classification/src/cnn/data_probe/output/probe_00108_spk11.wav,번호는 구팔일육구삼입니다.,981693,,female,spk11,probe_cont_6,probe,1,2.56,6,1,6,sentence,continuous,0.0191079576810201,0.014900129107877337,0.00830256100744009,0.0401776060461998,0.008843705989420414,0.0191079576810201
probe_00109_spk12.wav,/home/hye0n/projects/cnn-based-audio-pii-classification/src/cnn/data_probe/output/probe_00109_spk12.wav,번호는 사공육공팔팔입니다.,406088,,male,spk12,probe_cont_6,probe,1,2.16,6,1,6,sentence,continuous,0.004941375305255254,0.0006956532009326959,0.004047783557325602,0.005744570400565863,0.005031771957874298,0.004941375305255254
probe_00110_spk13.wav,/home/hye0n/projects/cnn-based-audio-pii-classification/src/cnn/data_probe/output/probe_00110_spk13.wav,번호는 삼오육일오구입니다.,356159,,male,spk13,probe_cont_6,probe,1,2.0,6,1,6,sentence,continuous,0.007214423501864076,0.003239156428018189,0.002920944942161441,0.010744178667664528,0.007978146895766258,0.007214423501864076
probe_00111_spk14.wav,/home/hye0n/projects/cnn-based-audio-pii-classification/src/cnn/data_probe/output/probe_00111_spk14.wav,번호는 오일사팔사육입니다.,514846,,female,spk14,probe_cont_6,probe,1,2.56,6,1,6,sentence,continuous,0.003783157250533501,0.0017987385423302734,0.0023375144228339195,0.006318650208413601,0.0026933071203529835,0.003783157250533501
probe_00112_spk01.wav,/home/hye0n/projects/cnn-based-audio-pii-classification/src/cnn/data_probe/output/probe_00112_spk01.wav,번호는 오육사팔이삼입니다.,564823,,female,spk01,probe_cont_6,probe,1,2.4,6,1,6,sentence,continuous,0.02035162295214832,0.02211103466544205,0.0032588124740868807,0.051574528217315674,0.0062215281650424,0.02035162295214832
probe_00113_spk02.wav,/home/hye0n/projects/cnn-based-audio-pii-classification/src/cnn/data_probe/output/probe_00113_spk02.wav,번호는 육육이구구사입니다.,662994,,male,spk02,probe_cont_6,probe,1,2.0,6,1,6,sentence,continuous,0.003622466387848059,0.0012971408750313388,0.002412185538560152,0.005421456415206194,0.003033757209777832,0.003622466387848059
probe_00114_spk03.wav,/home/hye0n/projects/cnn-based-audio-pii-classification/src/cnn/data_probe/output/probe_00114_spk03.wav,번호는 육팔공사사삼입니다.,680443,,female,spk03,probe_cont_6,probe,1,2.64,6,1,6,sentence,continuous,0.01840848910311858,0.0023211448890685343,0.01589220017194748,0.02149222604930401,0.017841041088104248,0.01840848910311858
probe_00115_spk04.wav,/home/hye0n/projects/cnn-based-audio-pii-classification/src/cnn/data_probe/output/probe_00115_spk04.wav,번호는 육구구오칠칠입니다.,699577,,male,spk04,probe_cont_6,probe,1,2.4,6,1,6,sentence,continuous,0.006579528950775663,0.0023667276044841055,0.0035688874777406454,0.009351391345262527,0.006818308029323816,0.006579528950775663
probe_00116_spk05.wav,/home/hye0n/projects/cnn-based-audio-pii-classification/src/cnn/data_probe/output/probe_00116_spk05.wav,번호는 칠삼팔칠이일입니다.,738721,,female,spk05,probe_cont_6,probe,1,2.16,6,1,6,sentence,continuous,0.01383030554279685,0.009244815564104426,0.005879534874111414,0.0267939530313015,0.008817428722977638,0.01383030554279685
probe_00117_spk06.wav,/home/hye0n/projects/cnn-based-audio-pii-classification/src/cnn/data_probe/output/probe_00117_spk06.wav,번호는 사팔구오일삼입니다.,489513,,male,spk06,probe_cont_6,probe,1,2.32,6,1,6,sentence,continuous,0.0091132588374118,0.002708553081011931,0.005303168203681707,0.01136005949229002,0.010676548816263676,0.0091132588374118
probe_00118_spk07.wav,/home/hye0n/projects/cnn-based-audio-pii-classification/src/cnn/data_probe/output/probe_00118_spk07.wav,번호는 사삼삼이공공입니다.,433200,,female,spk07,probe_cont_6,probe,1,2.4,6,1,6,sentence,continuous,0.014049023079375425,0.0005491429861281933,0.014593972824513912,0.014255723915994167,0.013297372497618198,0.014049023079375425
probe_00119_spk08.wav,/home/hye0n/projects/cnn-based-audio-pii-classification/src/cnn/data_probe/output/probe_00119_spk08.wav,번호는 삼칠구일칠육입니다.,379176,,male,spk08,probe_cont_6,probe,1,2.4,6,1,6,sentence,continuous,0.011832143024851879,0.0085801353235813,0.004821967799216509,0.02391459420323372,0.006759867072105408,0.011832143024851879
probe_00120_spk09.wav,/home/hye0n/projects/cnn-based-audio-pii-classification/src/cnn/data_probe/output/probe_00120_spk09.wav,번호는 구삼육칠육삼입니다.,936763,,female,spk09,probe_cont_6,probe,1,2.56,6,1,6,sentence,continuous,0.050183726785083614,0.028591783840458785,0.00989754032343626,0.06732639670372009,0.07332724332809448,0.050183726785083614
probe_00121_spk10.wav,/home/hye0n/projects/cnn-based-audio-pii-classification/src/cnn/data_probe/output/probe_00121_spk10.wav,번호는 이공일육삼이입니다.,201632,,male,spk10,probe_cont_6,probe,1,1.68,6,1,6,sentence,continuous,0.005124682871003945,0.003028002962001224,0.002916201949119568,0.009406211785972118,0.0030516348779201508,0.005124682871003945
probe_00122_spk11.wav,/home/hye0n/projects/cnn-based-audio-pii-classification/src/cnn/data_probe/output/probe_00122_spk11.wav,번호는 팔칠공팔삼일입니다.,870831,,female,spk11,probe_cont_6,probe,1,2.88,6,1,6,sentence,continuous,0.004845271197458108,0.0002772380253547014,0.004470230545848608,0.005131785292178392,0.004933797754347324,0.004845271197458108
probe_00123_spk12.wav,/home/hye0n/projects/cnn-based-audio-pii-classification/src/cnn/data_probe/output/probe_00123_spk12.wav,번호는 칠이칠팔팔구입니다.,727889,,male,spk12,probe_cont_6,probe,1,2.16,6,1,6,sentence,continuous,0.0077018664839367075,0.0030138547147485276,0.0045030503533780575,0.00686187669634819,0.011740672402083874,0.0077018664839367075
probe_00124_spk13.wav,/home/hye0n/projects/cnn-based-audio-pii-classification/src/cnn/data_probe/output/probe_00124_spk13.wav,번호는 오칠구팔육팔입니다.,579868,,male,spk13,probe_cont_6,probe,1,2.56,6,1,6,sentence,continuous,0.010725724510848522,0.0008356460087234636,0.01185043528676033,0.00984916277229786,0.010477575473487377,0.010725724510848522
probe_00125_spk14.wav,/home/hye0n/projects/cnn-based-audio-pii-classification/src/cnn/data_probe/output/probe_00125_spk14.wav,번호는 칠이칠칠사삼입니다.,727743,,female,spk14,probe_cont_6,probe,1,2.56,6,1,6,sentence,continuous,0.008541738614439964,0.0034529575743845117,0.004178585484623909,0.012622405774891376,0.008824224583804607,0.008541738614439964
probe_00126_spk01.wav,/home/hye0n/projects/cnn-based-audio-pii-classification/src/cnn/data_probe/output/probe_00126_spk01.wav,번호는 사팔칠삼사칠입니다.,487347,,female,spk01,probe_cont_6,probe,1,2.64,6,1,6,sentence,continuous,0.05466709782679876,0.030935631282489086,0.011049717664718628,0.07353248447179794,0.0794190913438797,0.05466709782679876
probe_00127_spk02.wav,/home/hye0n/projects/cnn-based-audio-pii-classification/src/cnn/data_probe/output/probe_00127_spk02.wav,번호는 일사삼사오오입니다.,143455,,male,spk02,probe_cont_6,probe,1,3.36,6,1,6,sentence,continuous,0.01345891443391641,0.005896708425064702,0.020138554275035858,0.005795489065349102,0.01444269996136427,0.01345891443391641
probe_00128_spk03.wav,/home/hye0n/projects/cnn-based-audio-pii-classification/src/cnn/data_probe/output/probe_00128_spk03.wav,번호는 팔일이이삼육입니다.,812236,,female,spk03,probe_cont_6,probe,1,2.64,6,1,6,sentence,continuous,0.014392372531195482,0.004454496722520167,0.015583010390400887,0.008439759723842144,0.019154347479343414,0.014392372531195482
probe_00129_spk04.wav,/home/hye0n/projects/cnn-based-audio-pii-classification/src/cnn/data_probe/output/probe_00129_spk04.wav,번호는 이삼일육육오입니다.,231665,,male,spk04,probe_cont_6,probe,1,2.4,6,1,6,sentence,continuous,0.002443764552784463,0.0005639348761873865,0.003053843742236495,0.002583569148555398,0.0016938807675614953,0.002443764552784463
probe_00130_spk05.wav,/home/hye0n/projects/cnn-based-audio-pii-classification/src/cnn/data_probe/output/probe_00130_spk05.wav,번호는 팔칠육공삼육입니다.,876036,,female,spk05,probe_cont_6,probe,1,2.48,6,1,6,sentence,continuous,0.05836832833786806,0.036755086972499344,0.10405749827623367,0.05698951706290245,0.01405796967446804,0.05836832833786806
probe_00131_spk06.wav,/home/hye0n/projects/cnn-based-audio-pii-classification/src/cnn/data_probe/output/probe_00131_spk06.wav,번호는 육구공구육칠입니다.,690967,,male,spk06,probe_cont_6,probe,1,3.68,6,1,6,sentence,continuous,0.007280107509965698,0.0036749952368373773,0.012191503308713436,0.006296492647379637,0.003352326573804021,0.007280107509965698
probe_00132_spk07.wav,/home/hye0n/projects/cnn-based-audio-pii-classification/src/cnn/data_probe/output/probe_00132_spk07.wav,번호는 공오사육육팔입니다.,054668,,female,spk07,probe_cont_6,probe,1,2.96,6,1,6,sentence,continuous,0.01637289176384608,0.009846123073115456,0.005691182799637318,0.01397778932005167,0.02944970317184925,0.01637289176384608
probe_00133_spk08.wav,/home/hye0n/projects/cnn-based-audio-pii-classification/src/cnn/data_probe/output/probe_00133_spk08.wav,번호는 팔구삼칠삼사입니다.,893734,,male,spk08,probe_cont_6,probe,1,2.72,6,1,6,sentence,continuous,0.01391313411295414,0.0017238663217268957,0.013484187424182892,0.016205966472625732,0.012049248442053795,0.01391313411295414
probe_00134_spk09.wav,/home/hye0n/projects/cnn-based-audio-pii-classification/src/cnn/data_probe/output/probe_00134_spk09.wav,번호는 육칠공육오육입니다.,670656,,female,spk09,probe_cont_6,probe,1,2.32,6,1,6,sentence,continuous,0.03865166753530502,0.036765733890341754,0.009283866733312607,0.09049371629953384,0.01617741957306862,0.03865166753530502
probe_00135_spk10.wav,/home/hye0n/projects/cnn-based-audio-pii-classification/src/cnn/data_probe/output/probe_00135_spk10.wav,번호는 이칠이구팔공입니다.,272980,,male,spk10,probe_cont_6,probe,1,2.56,6,1,6,sentence,continuous,0.004074936189378302,0.00102451661442886,0.0032359694596379995,0.005517431069165468,0.003471408039331436,0.004074936189378302
probe_00136_spk11.wav,/home/hye0n/projects/cnn-based-audio-pii-classification/src/cnn/data_probe/output/probe_00136_spk11.wav,번호는 육구구공일육입니다.,699016,,female,spk11,probe_cont_6,probe,1,2.88,6,1,6,sentence,continuous,0.003836369374766946,0.0005607441182538263,0.0031659910455346107,0.0045384312979876995,0.0038046857807785273,0.003836369374766946
probe_00137_spk12.wav,/home/hye0n/projects/cnn-based-audio-pii-classification/src/cnn/data_probe/output/probe_00137_spk12.wav,번호는 이칠이공사육입니다.,272046,,male,spk12,probe_cont_6,probe,1,2.0,6,1,6,sentence,continuous,0.004223927389830351,0.0004173420743388947,0.0036378945223987103,0.00457765394821763,0.004456233698874712,0.004223927389830351
probe_00138_spk13.wav,/home/hye0n/projects/cnn-based-audio-pii-classification/src/cnn/data_probe/output/probe_00138_spk13.wav,번호는 오삼칠오오육입니다.,537556,,male,spk13,probe_cont_6,probe,1,1.92,6,1,6,sentence,continuous,0.004445995204150677,0.00024821241512220293,0.004100838676095009,0.004673929885029793,0.0045632170513272285,0.004445995204150677
probe_00139_spk14.wav,/home/hye0n/projects/cnn-based-audio-pii-classification/src/cnn/data_probe/output/probe_00139_spk14.wav,번호는 사육사일칠공입니다.,464170,,female,spk14,probe_cont_6,probe,1,2.56,6,1,6,sentence,continuous,0.005710953613743186,0.0024937488038753453,0.002949132351204753,0.008991188369691372,0.005192540120333433,0.005710953613743186
probe_00140_spk01.wav,/home/hye0n/projects/cnn-based-audio-pii-classification/src/cnn/data_probe/output/probe_00140_spk01.wav,번호는 팔공오삼일공입니다.,805310,,female,spk01,probe_cont_6,probe,1,2.8,6,1,6,sentence,continuous,0.08626124014457066,0.09640850620992397,0.01702798902988434,0.2225979119539261,0.01915781944990158,0.08626124014457066
probe_00141_spk02.wav,/home/hye0n/projects/cnn-based-audio-pii-classification/src/cnn/data_probe/output/probe_00141_spk02.wav,번호는 공삼삼공구이입니다.,033092,,male,spk02,probe_cont_6,probe,1,2.24,6,1,6,sentence,continuous,0.0037966707410911718,0.00045384915201817207,0.003541216254234314,0.0044343252666294575,0.0034144707024097443,0.0037966707410911718
probe_00142_spk03.wav,/home/hye0n/projects/cnn-based-audio-pii-classification/src/cnn/data_probe/output/probe_00142_spk03.wav,번호는 삼이칠일구삼입니다.,327193,,female,spk03,probe_cont_6,probe,1,2.8,6,1,6,sentence,continuous,0.02418298584719499,0.008701814089859362,0.019100919365882874,0.036430295556783676,0.01701774261891842,0.02418298584719499
probe_00143_spk04.wav,/home/hye0n/projects/cnn-based-audio-pii-classification/src/cnn/data_probe/output/probe_00143_spk04.wav,번호는 칠사오이구구입니다.,745299,,male,spk04,probe_cont_6,probe,1,2.24,6,1,6,sentence,continuous,0.0033940474968403578,0.001005492283218127,0.002418065443634987,0.0047776480205357075,0.002986429026350379,0.0033940474968403578
probe_00144_spk05.wav,/home/hye0n/projects/cnn-based-audio-pii-classification/src/cnn/data_probe/output/probe_00144_spk05.wav,번호는 일이사일구공입니다.,124190,,female,spk05,probe_cont_6,probe,1,3.04,6,1,6,sentence,continuous,0.03540802747011185,0.015669047570221264,0.05414292961359024,0.036289047449827194,0.015792105346918106,0.03540802747011185
probe_00145_spk06.wav,/home/hye0n/projects/cnn-based-audio-pii-classification/src/cnn/data_probe/output/probe_00145_spk06.wav,번호는 사구육육삼일입니다.,496631,,male,spk06,probe_cont_6,probe,1,2.48,6,1,6,sentence,continuous,0.011885529073576132,0.006620990639254162,0.0044077057391405106,0.010744082741439342,0.020504798740148544,0.011885529073576132
probe_00146_spk07.wav,/home/hye0n/projects/cnn-based-audio-pii-classification/src/cnn/data_probe/output/probe_00146_spk07.wav,번호는 구삼일사구일입니다.,931491,,female,spk07,probe_cont_6,probe,1,2.88,6,1,6,sentence,continuous,0.00947356161971887,0.0033840188959141145,0.006030651740729809,0.014073758386075497,0.008316274732351303,0.00947356161971887
probe_00147_spk08.wav,/home/hye0n/projects/cnn-based-audio-pii-classification/src/cnn/data_probe/output/probe_00147_spk08.wav,번호는 구공오팔육오입니다.,905865,,male,spk08,probe_cont_6,probe,1,2.56,6,1,6,sentence,continuous,0.04513035838802656,0.016064310573092537,0.06781802326440811,0.03480902686715126,0.032764025032520294,0.04513035838802656
probe_00148_spk09.wav,/home/hye0n/projects/cnn-based-audio-pii-classification/src/cnn/data_probe/output/probe_00148_spk09.wav,번호는 일팔오공육칠입니다.,185067,,female,spk09,probe_cont_6,probe,1,2.4,6,1,6,sentence,continuous,0.024228737223893404,0.024485809095540278,0.005598450545221567,0.05882265791296959,0.008265103213489056,0.024228737223893404
probe_00149_spk10.wav,/home/hye0n/projects/cnn-based-audio-pii-classification/src/cnn/data_probe/output/probe_00149_spk10.wav,번호는 일육오칠이육입니다.,165726,,male,spk10,probe_cont_6,probe,1,3.44,6,1,6,sentence,continuous,0.011998846506079039,0.002085271571536151,0.012052700854837894,0.009418419562280178,0.014525419101119041,0.011998846506079039
probe_00150_spk11.wav,/home/hye0n/projects/cnn-based-audio-pii-classification/src/cnn/data_probe/output/probe_00150_spk11.wav,번호는 이팔사구팔칠입니다.,284987,,female,spk11,probe_cont_6,probe,1,3.04,6,1,6,sentence,continuous,0.003962262533605099,0.0006705892944284634,0.003607123391702771,0.003378292778506875,0.00490137143060565,0.003962262533605099
probe_00151_spk12.wav,/home/hye0n/projects/cnn-based-audio-pii-classification/src/cnn/data_probe/output/probe_00151_spk12.wav,번호는 칠육구사오삼입니다.,769453,,male,spk12,probe_cont_6,probe,1,1.68,6,1,6,sentence,continuous,0.0032959117088466883,0.001015283128775398,0.002635965356603265,0.004730218555778265,0.002521551214158535,0.0032959117088466883
probe_00152_spk13.wav,/home/hye0n/projects/cnn-based-audio-pii-classification/src/cnn/data_probe/output/probe_00152_spk13.wav,번호는 일사칠삼칠구입니다.,147379,,male,spk13,probe_cont_6,probe,1,1.92,6,1,6,sentence,continuous,0.004137135886897643,0.0007147796238544654,0.0038167634047567844,0.005127614829689264,0.0034670294262468815,0.004137135886897643
probe_00153_spk14.wav,/home/hye0n/projects/cnn-based-audio-pii-classification/src/cnn/data_probe/output/probe_00153_spk14.wav,번호는 구육오공칠오입니다.,965075,,female,spk14,probe_cont_6,probe,1,2.4,6,1,6,sentence,continuous,0.0034178634329388538,0.0004510073084677926,0.003368896432220936,0.003993085585534573,0.0028916082810610533,0.0034178634329388538
probe_00154_spk01.wav,/home/hye0n/projects/cnn-based-audio-pii-classification/src/cnn/data_probe/output/probe_00154_spk01.wav,번호는 이칠삼오사오입니다.,273545,,female,spk01,probe_cont_6,probe,1,2.64,6,1,6,sentence,continuous,0.012135974053914348,0.005949121549645121,0.0037933203857392073,0.0153648741543293,0.017249727621674538,0.012135974053914348
probe_00155_spk02.wav,/home/hye0n/projects/cnn-based-audio-pii-classification/src/cnn/data_probe/output/probe_00155_spk02.wav,번호는 사구사팔공팔입니다.,494808,,male,spk02,probe_cont_6,probe,1,2.4,6,1,6,sentence,continuous,0.018593786982819438,0.015563113567552378,0.003588132793083787,0.04004073515534401,0.012152493000030518,0.018593786982819438
probe_00156_spk03.wav,/home/hye0n/projects/cnn-based-audio-pii-classification/src/cnn/data_probe/output/probe_00156_spk03.wav,번호는 삼일삼육칠팔입니다.,313678,,female,spk03,probe_cont_6,probe,1,3.28,6,1,6,sentence,continuous,0.012532231242706379,0.006522460999459768,0.0035069542936980724,0.01869472675025463,0.015395012684166431,0.012532231242706379
probe_00157_spk04.wav,/home/hye0n/projects/cnn-based-audio-pii-classification/src/cnn/data_probe/output/probe_00157_spk04.wav,번호는 삼칠칠칠공일입니다.,377701,,male,spk04,probe_cont_6,probe,1,2.56,6,1,6,sentence,continuous,0.07776278474678595,0.07845244548943776,0.014602216891944408,0.1883382350206375,0.030347902327775955,0.07776278474678595
probe_00158_spk05.wav,/home/hye0n/projects/cnn-based-audio-pii-classification/src/cnn/data_probe/output/probe_00158_spk05.wav,번호는 사삼육삼사구입니다.,436349,,female,spk05,probe_cont_6,probe,1,2.4,6,1,6,sentence,continuous,0.04133831306050221,0.031377988218327074,0.023382846266031265,0.08545958250761032,0.015172510407865047,0.04133831306050221
probe_00159_spk06.wav,/home/hye0n/projects/cnn-based-audio-pii-classification/src/cnn/data_probe/output/probe_00159_spk06.wav,번호는 오칠팔팔오육입니다.,578856,,male,spk06,probe_cont_6,probe,1,2.0,6,1,6,sentence,continuous,0.004081304495533307,0.0010468821520139475,0.003216448938474059,0.003473077667877078,0.005554386880248785,0.004081304495533307
probe_00160_spk07.wav,/home/hye0n/projects/cnn-based-audio-pii-classification/src/cnn/data_probe/output/probe_00160_spk07.wav,번호는 팔오오칠사사입니다.,855744,,female,spk07,probe_cont_6,probe,1,2.48,6,1,6,sentence,continuous,0.0034635583870112896,0.0003795736281099224,0.0034714278299361467,0.003924454562366009,0.0029947927687317133,0.0034635583870112896
probe_00161_spk08.wav,/home/hye0n/projects/cnn-based-audio-pii-classification/src/cnn/data_probe/output/probe_00161_spk08.wav,번호는 사삼일삼오일입니다.,431351,,male,spk08,probe_cont_6,probe,1,2.24,6,1,6,sentence,continuous,0.027557363112767536,0.0063406949835700275,0.019093532115221024,0.03435429185628891,0.02922426536679268,0.027557363112767536
probe_00162_spk09.wav,/home/hye0n/projects/cnn-based-audio-pii-classification/src/cnn/data_probe/output/probe_00162_spk09.wav,번호는 팔이삼삼칠사입니다.,823374,,female,spk09,probe_cont_6,probe,1,2.32,6,1,6,sentence,continuous,0.007905688447256884,0.0002886213319971735,0.007785451598465443,0.007628004066646099,0.008303609676659107,0.007905688447256884
probe_00163_spk10.wav,/home/hye0n/projects/cnn-based-audio-pii-classification/src/cnn/data_probe/output/probe_00163_spk10.wav,번호는 구팔구사일삼입니다.,989413,,male,spk10,probe_cont_6,probe,1,2.8,6,1,6,sentence,continuous,0.004461243360613783,0.0006529093784749928,0.004515443462878466,0.003635874716565013,0.005232411902397871,0.004461243360613783
probe_00164_spk11.wav,/home/hye0n/projects/cnn-based-audio-pii-classification/src/cnn/data_probe/output/probe_00164_spk11.wav,번호는 사삼오이사공입니다.,435240,,female,spk11,probe_cont_6,probe,1,2.56,6,1,6,sentence,continuous,0.007615404048313697,0.0012909541548108015,0.0062379660084843636,0.009341833181679249,0.007266412954777479,0.007615404048313697
probe_00165_spk12.wav,/home/hye0n/projects/cnn-based-audio-pii-classification/src/cnn/data_probe/output/probe_00165_spk12.wav,번호는 팔이사공공팔입니다.,824008,,male,spk12,probe_cont_6,probe,1,2.56,6,1,6,sentence,continuous,0.0020751452927167215,0.0003843043386087362,0.00198444165289402,0.002584570785984397,0.001656423439271748,0.0020751452927167215
probe_00166_spk13.wav,/home/hye0n/projects/cnn-based-audio-pii-classification/src/cnn/data_probe/output/probe_00166_spk13.wav,번호는 사이칠일공구입니다.,427109,,male,spk13,probe_cont_6,probe,1,2.32,6,1,6,sentence,continuous,0.0033583207987248898,0.0005445999692707598,0.0026276693679392338,0.003934585023671389,0.003512708004564047,0.0033583207987248898
probe_00167_spk14.wav,/home/hye0n/projects/cnn-based-audio-pii-classification/src/cnn/data_probe/output/probe_00167_spk14.wav,번호는 사칠칠칠오이입니다.,477752,,female,spk14,probe_cont_6,probe,1,2.56,6,1,6,sentence,continuous,0.013654823725422224,0.007729845480420356,0.004226300865411758,0.023160012438893318,0.013578157871961594,0.013654823725422224
probe_00168_spk01.wav,/home/hye0n/projects/cnn-based-audio-pii-classification/src/cnn/data_probe/output/probe_00168_spk01.wav,번호는 공사칠일일육입니다.,047116,,female,spk01,probe_cont_6,probe,1,3.12,6,1,6,sentence,continuous,0.06186806410551071,0.008067655477470369,0.07215669751167297,0.06099441647529602,0.05245307832956314,0.06186806410551071
probe_00169_spk02.wav,/home/hye0n/projects/cnn-based-audio-pii-classification/src/cnn/data_probe/output/probe_00169_spk02.wav,번호는 칠일구공이이입니다.,719022,,male,spk02,probe_cont_6,probe,1,2.0,6,1,6,sentence,continuous,0.00314634518387417,0.0010659880905154195,0.0024439541157335043,0.004652738105505705,0.0023423433303833008,0.00314634518387417
probe_00170_spk03.wav,/home/hye0n/projects/cnn-based-audio-pii-classification/src/cnn/data_probe/output/probe_00170_spk03.wav,번호는 구사일삼일팔입니다.,941318,,female,spk03,probe_cont_6,probe,1,2.32,6,1,6,sentence,continuous,0.007189007864023249,0.0054923465968035445,0.002960097510367632,0.014945806935429573,0.00366111914627254,0.007189007864023249
probe_00171_spk04.wav,/home/hye0n/projects/cnn-based-audio-pii-classification/src/cnn/data_probe/output/probe_00171_spk04.wav,번호는 육구구구삼팔입니다.,699938,,male,spk04,probe_cont_6,probe,1,2.32,6,1,6,sentence,continuous,0.0035614438044528165,0.00022563033387028764,0.0033772096503525972,0.003879186464473605,0.0034279352985322475,0.0035614438044528165
probe_00172_spk05.wav,/home/hye0n/projects/cnn-based-audio-pii-classification/src/cnn/data_probe/output/probe_00172_spk05.wav,번호는 육칠칠사구육입니다.,677496,,female,spk05,probe_cont_6,probe,1,3.12,6,1,6,sentence,continuous,0.010734952675799528,0.0009341007265125022,0.009443254210054874,0.01114110928028822,0.011620494537055492,0.010734952675799528
probe_00173_spk06.wav,/home/hye0n/projects/cnn-based-audio-pii-classification/src/cnn/data_probe/output/probe_00173_spk06.wav,번호는 사구구공구일입니다.,499091,,male,spk06,probe_cont_6,probe,1,2.4,6,1,6,sentence,continuous,0.009030632519473633,0.0032731186200295305,0.00725468248128891,0.013620560988783836,0.00621665408834815,0.009030632519473633
probe_00174_spk07.wav,/home/hye0n/projects/cnn-based-audio-pii-classification/src/cnn/data_probe/output/probe_00174_spk07.wav,번호는 삼삼사일이삼입니다.,334123,,female,spk07,probe_cont_6,probe,1,2.88,6,1,6,sentence,continuous,0.007908856651435295,0.0033923130662808464,0.0036723832599818707,0.008077503181993961,0.011976683512330055,0.007908856651435295
probe_00175_spk08.wav,/home/hye0n/projects/cnn-based-audio-pii-classification/src/cnn/data_probe/output/probe_00175_spk08.wav,번호는 이팔일이공육입니다.,281206,,male,spk08,probe_cont_6,probe,1,2.16,6,1,6,sentence,continuous,0.016080296287933987,0.010235176480009076,0.008577769622206688,0.030551742762327194,0.009111376479268074,0.016080296287933987
probe_00176_spk09.wav,/home/hye0n/projects/cnn-based-audio-pii-classification/src/cnn/data_probe/output/probe_00176_spk09.wav,번호는 칠구칠사공삼입니다.,797403,,female,spk09,probe_cont_6,probe,1,2.56,6,1,6,sentence,continuous,0.010402212540308634,0.008402209346778263,0.0036352109163999557,0.022244522348046303,0.005326904356479645,0.010402212540308634
probe_00177_spk10.wav,/home/hye0n/projects/cnn-based-audio-pii-classification/src/cnn/data_probe/output/probe_00177_spk10.wav,번호는 사사칠일삼사입니다.,447134,,male,spk10,probe_cont_6,probe,1,2.4,6,1,6,sentence,continuous,0.0024311752834667764,0.0002782973427413366,0.0028174181934446096,0.0023035246413201094,0.0021725830156356096,0.0024311752834667764
probe_00178_spk11.wav,/home/hye0n/projects/cnn-based-audio-pii-classification/src/cnn/data_probe/output/probe_00178_spk11.wav,번호는 구삼육일팔삼입니다.,936183,,female,spk11,probe_cont_6,probe,1,2.96,6,1,6,sentence,continuous,0.0031545277840147414,0.00020509172749606704,0.0028834822587668896,0.0032006376422941685,0.0033794634509831667,0.0031545277840147414
probe_00179_spk12.wav,/home/hye0n/projects/cnn-based-audio-pii-classification/src/cnn/data_probe/output/probe_00179_spk12.wav,번호는 이사이일공이입니다.,242102,,male,spk12,probe_cont_6,probe,1,1.92,6,1,6,sentence,continuous,0.006498715452228983,0.0019153825549794129,0.008449033834040165,0.007151508703827858,0.003895603818818927,0.006498715452228983
probe_00180_spk13.wav,/home/hye0n/projects/cnn-based-audio-pii-classification/src/cnn/data_probe/output/probe_00180_spk13.wav,번호는 사구구사칠일입니다.,499471,,male,spk13,probe_cont_6,probe,1,1.92,6,1,6,sentence,continuous,0.0033937754730383554,0.0005396511650277146,0.0026436045300215483,0.0038903835229575634,0.003647338366135955,0.0033937754730383554
probe_00181_spk14.wav,/home/hye0n/projects/cnn-based-audio-pii-classification/src/cnn/data_probe/output/probe_00181_spk14.wav,번호는 칠사육사팔팔입니다.,746488,,female,spk14,probe_cont_6,probe,1,2.8,6,1,6,sentence,continuous,0.006255757374068101,0.0008825354782171695,0.005080153234302998,0.0072065601125359535,0.006480558775365353,0.006255757374068101
probe_00182_spk01.wav,/home/hye0n/projects/cnn-based-audio-pii-classification/src/cnn/data_probe/output/probe_00182_spk01.wav,번호는 칠칠일구공육입니다.,771906,,female,spk01,probe_cont_6,probe,1,2.72,6,1,6,sentence,continuous,0.030562547345956165,0.018206862198840067,0.024807365611195564,0.05517474561929703,0.011705530807375908,0.030562547345956165
probe_00183_spk02.wav,/home/hye0n/projects/cnn-based-audio-pii-classification/src/cnn/data_probe/output/probe_00183_spk02.wav,번호는 오구사공일삼입니다.,594013,,male,spk02,probe_cont_6,probe,1,2.72,6,1,6,sentence,continuous,0.03543219529092312,0.015613202427923046,0.025988038629293442,0.05743906646966934,0.022869480773806572,0.03543219529092312
probe_00184_spk03.wav,/home/hye0n/projects/cnn-based-audio-pii-classification/src/cnn/data_probe/output/probe_00184_spk03.wav,번호는 구구공사구공입니다.,990490,,female,spk03,probe_cont_6,probe,1,3.12,6,1,6,sentence,continuous,0.0083551451874276,0.0020317404987995513,0.006824636831879616,0.011226369999349117,0.007014428731054068,0.0083551451874276
probe_00185_spk04.wav,/home/hye0n/projects/cnn-based-audio-pii-classification/src/cnn/data_probe/output/probe_00185_spk04.wav,번호는 이칠팔칠사이입니다.,278742,,male,spk04,probe_cont_6,probe,1,2.4,6,1,6,sentence,continuous,0.010529711997757355,0.0032486710311820243,0.01336860191076994,0.012238577008247375,0.005981957074254751,0.010529711997757355
probe_00186_spk05.wav,/home/hye0n/projects/cnn-based-audio-pii-classification/src/cnn/data_probe/output/probe_00186_spk05.wav,번호는 구육칠일칠오입니다.,967175,,female,spk05,probe_cont_6,probe,1,2.48,6,1,6,sentence,continuous,0.003654915140941739,0.0009709752696686383,0.0033478226978331804,0.0049675386399030685,0.0026493840850889683,0.003654915140941739
probe_00187_spk06.wav,/home/hye0n/projects/cnn-based-audio-pii-classification/src/cnn/data_probe/output/probe_00187_spk06.wav,번호는 육오오일이오입니다.,655125,,male,spk06,probe_cont_6,probe,1,3.12,6,1,6,sentence,continuous,0.0033922959119081497,0.00024391490224740157,0.003718478139489889,0.003132016398012638,0.003326393198221922,0.0033922959119081497
probe_00188_spk07.wav,/home/hye0n/projects/cnn-based-audio-pii-classification/src/cnn/data_probe/output/probe_00188_spk07.wav,번호는 육칠사육팔공입니다.,674680,,female,spk07,probe_cont_6,probe,1,3.76,6,1,6,sentence,continuous,0.022963115169356268,0.0125891262894471,0.006263188552111387,0.02596859633922577,0.036657560616731644,0.022963115169356268
probe_00189_spk08.wav,/home/hye0n/projects/cnn-based-audio-pii-classification/src/cnn/data_probe/output/probe_00189_spk08.wav,번호는 칠일오사오일입니다.,715451,,male,spk08,probe_cont_6,probe,1,2.32,6,1,6,sentence,continuous,0.00891338661313057,0.004667720435728428,0.015464010648429394,0.00493208970874548,0.006344059482216835,0.00891338661313057
probe_00190_spk09.wav,/home/hye0n/projects/cnn-based-audio-pii-classification/src/cnn/data_probe/output/probe_00190_spk09.wav,번호는 육팔공팔칠육입니다.,680876,,female,spk09,probe_cont_6,probe,1,2.4,6,1,6,sentence,continuous,0.01172547321766615,0.006884289902815446,0.0065654246136546135,0.021455364301800728,0.007155630737543106,0.01172547321766615
probe_00191_spk10.wav,/home/hye0n/projects/cnn-based-audio-pii-classification/src/cnn/data_probe/output/probe_00191_spk10.wav,번호는 공삼팔오구칠입니다.,038597,,male,spk10,probe_cont_6,probe,1,3.04,6,1,6,sentence,continuous,0.03185392295320829,0.002740596214818382,0.02806740626692772,0.033030927181243896,0.03446343541145325,0.03185392295320829
probe_00192_spk11.wav,/home/hye0n/projects/cnn-based-audio-pii-classification/src/cnn/data_probe/output/probe_00192_spk11.wav,번호는 칠공삼사팔이입니다.,703482,,female,spk11,probe_cont_6,probe,1,2.96,6,1,6,sentence,continuous,0.009438541252166033,0.002288805458794114,0.0118631049990654,0.010083424858748913,0.006369093898683786,0.009438541252166033
probe_00193_spk12.wav,/home/hye0n/projects/cnn-based-audio-pii-classification/src/cnn/data_probe/output/probe_00193_spk12.wav,번호는 사칠칠일공구입니다.,477109,,male,spk12,probe_cont_6,probe,1,2.0,6,1,6,sentence,continuous,0.0036398828960955143,0.0004563445496185475,0.002996660303324461,0.004007035866379738,0.003915952518582344,0.0036398828960955143
probe_00194_spk13.wav,/home/hye0n/projects/cnn-based-audio-pii-classification/src/cnn/data_probe/output/probe_00194_spk13.wav,번호는 삼이사팔공팔입니다.,324808,,male,spk13,probe_cont_6,probe,1,2.08,6,1,6,sentence,continuous,0.003791564842686057,0.0010284298718616057,0.002495087217539549,0.0038689610082656145,0.005010646302253008,0.003791564842686057
probe_00195_spk14.wav,/home/hye0n/projects/cnn-based-audio-pii-classification/src/cnn/data_probe/output/probe_00195_spk14.wav,번호는 육일삼일칠일입니다.,613171,,female,spk14,probe_cont_6,probe,1,2.4,6,1,6,sentence,continuous,0.0034835588497420153,0.0003172816258148668,0.0037813521921634674,0.003625335171818733,0.003043989185243845,0.0034835588497420153
probe_00196_spk01.wav,/home/hye0n/projects/cnn-based-audio-pii-classification/src/cnn/data_probe/output/probe_00196_spk01.wav,번호는 이칠사팔사육입니다.,274846,,female,spk01,probe_cont_6,probe,1,2.72,6,1,6,sentence,continuous,0.02859125069032113,0.015872637094138328,0.006575976498425007,0.04339450225234032,0.03580327332019806,0.02859125069032113
probe_00197_spk02.wav,/home/hye0n/projects/cnn-based-audio-pii-classification/src/cnn/data_probe/output/probe_00197_spk02.wav,번호는 칠칠삼칠팔이입니다.,773782,,male,spk02,probe_cont_6,probe,1,2.4,6,1,6,sentence,continuous,0.004332869313657284,0.001308512804509109,0.0032076977659016848,0.006167775951325893,0.003623134223744273,0.004332869313657284
probe_00198_spk03.wav,/home/hye0n/projects/cnn-based-audio-pii-classification/src/cnn/data_probe/output/probe_00198_spk03.wav,번호는 육삼구팔이일입니다.,639821,,female,spk03,probe_cont_6,probe,1,2.24,6,1,6,sentence,continuous,0.011525446083396673,0.009287110712299188,0.005481418687850237,0.02464587241411209,0.004449047148227692,0.011525446083396673
probe_00199_spk04.wav,/home/hye0n/projects/cnn-based-audio-pii-classification/src/cnn/data_probe/output/probe_00199_spk04.wav,번호는 사육오팔사공입니다.,465840,,male,spk04,probe_cont_6,probe,1,2.16,6,1,6,sentence,continuous,0.010807205069189271,0.0095248144202766,0.003330724546685815,0.024249043315649033,0.0048418473452329636,0.010807205069189271
probe_00200_spk05.wav,/home/hye0n/projects/cnn-based-audio-pii-classification/src/cnn/data_probe/output/probe_00200_spk05.wav,번호는 사사구구칠이칠팔입니다.,44997278,,female,spk05,probe_cont_8,probe,1,2.8,8,1,8,sentence,continuous,0.0037774651621778807,0.00045499396732360457,0.0031722215935587883,0.0038909059949219227,0.004269267898052931,0.0037774651621778807
probe_00201_spk06.wav,/home/hye0n/projects/cnn-based-audio-pii-classification/src/cnn/data_probe/output/probe_00201_spk06.wav,번호는 칠오오팔팔육칠오입니다.,75588675,,male,spk06,probe_cont_8,probe,1,10.8,8,1,8,sentence,continuous,0.6903034249941508,0.16056996620912636,0.893932044506073,0.6755270957946777,0.5014511346817017,0.6903034249941508
probe_00202_spk07.wav,/home/hye0n/projects/cnn-based-audio-pii-classification/src/cnn/data_probe/output/probe_00202_spk07.wav,번호는 삼삼구육삼육공오입니다.,33963605,,female,spk07,probe_cont_8,probe,1,3.36,8,1,8,sentence,continuous,0.33861175924539566,0.2857965352974927,0.09847451001405716,0.7402297854423523,0.17713098227977753,0.33861175924539566
probe_00203_spk08.wav,/home/hye0n/projects/cnn-based-audio-pii-classification/src/cnn/data_probe/output/probe_00203_spk08.wav,번호는 칠육육이칠공이팔입니다.,76627028,,male,spk08,probe_cont_8,probe,1,3.04,8,1,8,sentence,continuous,0.21475395994881788,0.13480043504290876,0.02909831516444683,0.2700888216495514,0.34507474303245544,0.21475395994881788
probe_00204_spk09.wav,/home/hye0n/projects/cnn-based-audio-pii-classification/src/cnn/data_probe/output/probe_00204_spk09.wav,번호는 구오일칠일팔칠공입니다.,95171870,,female,spk09,probe_cont_8,probe,1,2.48,8,1,8,sentence,continuous,0.10029331967234612,0.04064375580526253,0.051386576145887375,0.1508995145559311,0.09859386831521988,0.10029331967234612
probe_00205_spk10.wav,/home/hye0n/projects/cnn-based-audio-pii-classification/src/cnn/data_probe/output/probe_00205_spk10.wav,번호는 이육이일칠사오구입니다.,26217459,,male,spk10,probe_cont_8,probe,1,2.72,8,1,8,sentence,continuous,0.004129716583217184,0.0017158486762332843,0.0027804754208773375,0.006551010068506002,0.0030576642602682114,0.004129716583217184
probe_00206_spk11.wav,/home/hye0n/projects/cnn-based-audio-pii-classification/src/cnn/data_probe/output/probe_00206_spk11.wav,번호는 육일오팔육오칠팔입니다.,61586578,,female,spk11,probe_cont_8,probe,1,3.04,8,1,8,sentence,continuous,0.006749046811213096,0.001180891939358291,0.006515047512948513,0.008298070169985294,0.005434022750705481,0.006749046811213096
probe_00207_spk12.wav,/home/hye0n/projects/cnn-based-audio-pii-classification/src/cnn/data_probe/output/probe_00207_spk12.wav,번호는 공구일삼사삼일육입니다.,09134316,,male,spk12,probe_cont_8,probe,1,2.4,8,1,8,sentence,continuous,0.007141521666198969,0.0012930153603000977,0.006949120666831732,0.00881254579871893,0.005662898533046246,0.007141521666198969
probe_00208_spk13.wav,/home/hye0n/projects/cnn-based-audio-pii-classification/src/cnn/data_probe/output/probe_00208_spk13.wav,번호는 일일칠이사공공오입니다.,11724005,,male,spk13,probe_cont_8,probe,1,2.48,8,1,8,sentence,continuous,0.003873032828172048,0.00018656415001115648,0.003655425738543272,0.0038526286371052265,0.004111044108867645,0.003873032828172048
probe_00209_spk14.wav,/home/hye0n/projects/cnn-based-audio-pii-classification/src/cnn/data_probe/output/probe_00209_spk14.wav,번호는 공사오오육이삼팔입니다.,04556238,,female,spk14,probe_cont_8,probe,1,3.04,8,1,8,sentence,continuous,0.03663116134703159,0.014770279421868458,0.03463355079293251,0.05563687905669212,0.019623054191470146,0.03663116134703159
probe_00210_spk01.wav,/home/hye0n/projects/cnn-based-audio-pii-classification/src/cnn/data_probe/output/probe_00210_spk01.wav,번호는 육구이이이일구육입니다.,69222196,,female,spk01,probe_cont_8,probe,1,2.96,8,1,8,sentence,continuous,0.10188040944437186,0.08139774882399031,0.025363529101014137,0.21461881697177887,0.06565888226032257,0.10188040944437186
probe_00211_spk02.wav,/home/hye0n/projects/cnn-based-audio-pii-classification/src/cnn/data_probe/output/probe_00211_spk02.wav,번호는 구삼칠구이삼칠사입니다.,93792374,,male,spk02,probe_cont_8,probe,1,3.36,8,1,8,sentence,continuous,0.016154511521259945,0.009177801521885999,0.004699351266026497,0.016596967354416847,0.027167215943336487,0.016154511521259945
probe_00212_spk03.wav,/home/hye0n/projects/cnn-based-audio-pii-classification/src/cnn/data_probe/output/probe_00212_spk03.wav,번호는 칠사공칠사팔이일입니다.,74074821,,female,spk03,probe_cont_8,probe,1,2.56,8,1,8,sentence,continuous,0.11303470594187577,0.09690582567668175,0.02716543711721897,0.24846777319908142,0.06347090750932693,0.11303470594187577
probe_00213_spk04.wav,/home/hye0n/projects/cnn-based-audio-pii-classification/src/cnn/data_probe/output/probe_00213_spk04.wav,번호는 칠오구사육사칠사입니다.,75946474,,male,spk04,probe_cont_8,probe,1,2.72,8,1,8,sentence,continuous,0.11425907475252946,0.06677089624181462,0.02627822943031788,0.18794894218444824,0.12855005264282227,0.11425907475252946
probe_00214_spk05.wav,/home/hye0n/projects/cnn-based-audio-pii-classification/src/cnn/data_probe/output/probe_00214_spk05.wav,번호는 삼육칠일삼육구오입니다.,36713695,,female,spk05,probe_cont_8,probe,1,2.8,8,1,8,sentence,continuous,0.38184331854184467,0.07682810129940128,0.27619293332099915,0.4566305875778198,0.4127064347267151,0.38184331854184467
probe_00215_spk06.wav,/home/hye0n/projects/cnn-based-audio-pii-classification/src/cnn/data_probe/output/probe_00215_spk06.wav,번호는 구사사공육사공구입니다.,94406409,,male,spk06,probe_cont_8,probe,1,2.64,8,1,8,sentence,continuous,0.009296011490126451,0.0018778168353097383,0.008382228203117847,0.007593494839966297,0.011912311427295208,0.009296011490126451
probe_00216_spk07.wav,/home/hye0n/projects/cnn-based-audio-pii-classification/src/cnn/data_probe/output/probe_00216_spk07.wav,번호는 공구칠사삼구오삼입니다.,09743953,,female,spk07,probe_cont_8,probe,1,3.2,8,1,8,sentence,continuous,0.021801684827854235,0.014871653581926802,0.005604468751698732,0.0415186733007431,0.018281912431120872,0.021801684827854235
probe_00217_spk08.wav,/home/hye0n/projects/cnn-based-audio-pii-classification/src/cnn/data_probe/output/probe_00217_spk08.wav,번호는 삼구사이일공사칠입니다.,39421047,,male,spk08,probe_cont_8,probe,1,3.04,8,1,8,sentence,continuous,0.025237211647133034,0.017422120640909183,0.009715580381453037,0.049569226801395416,0.016426827758550644,0.025237211647133034
probe_00218_spk09.wav,/home/hye0n/projects/cnn-based-audio-pii-classification/src/cnn/data_probe/output/probe_00218_spk09.wav,번호는 공구오이일사오육입니다.,09521456,,female,spk09,probe_cont_8,probe,1,2.48,8,1,8,sentence,continuous,0.08099695605536301,0.06648160641679968,0.0310580525547266,0.17495398223400116,0.0369788333773613,0.08099695605536301
probe_00219_spk10.wav,/home/hye0n/projects/cnn-based-audio-pii-classification/src/cnn/data_probe/output/probe_00219_spk10.wav,번호는 이삼이팔오팔팔사입니다.,23285884,,male,spk10,probe_cont_8,probe,1,2.64,8,1,8,sentence,continuous,0.003800844307988882,0.0009066633116762758,0.0031434441916644573,0.0050829206593334675,0.0031761680729687214,0.003800844307988882
probe_00220_spk11.wav,/home/hye0n/projects/cnn-based-audio-pii-classification/src/cnn/data_probe/output/probe_00220_spk11.wav,번호는 이사칠사오일칠일입니다.,24745171,,female,spk11,probe_cont_8,probe,1,2.8,8,1,8,sentence,continuous,0.09728041104972363,0.08361488026406999,0.02235887013375759,0.21397024393081665,0.055512119084596634,0.09728041104972363
probe_00221_spk12.wav,/home/hye0n/projects/cnn-based-audio-pii-classification/src/cnn/data_probe/output/probe_00221_spk12.wav,번호는 이삼육팔오일육공입니다.,23685160,,male,spk12,probe_cont_8,probe,1,2.24,8,1,8,sentence,continuous,0.024184162418047588,0.006253937621989494,0.0305434949696064,0.026327725499868393,0.01568126678466797,0.024184162418047588
probe_00222_spk13.wav,/home/hye0n/projects/cnn-based-audio-pii-classification/src/cnn/data_probe/output/probe_00222_spk13.wav,번호는 사팔일칠오사구육입니다.,48175496,,male,spk13,probe_cont_8,probe,1,2.24,8,1,8,sentence,continuous,0.006923427572473884,0.003094582241205277,0.003384976414963603,0.010922940447926521,0.0064623658545315266,0.006923427572473884
probe_00223_spk14.wav,/home/hye0n/projects/cnn-based-audio-pii-classification/src/cnn/data_probe/output/probe_00223_spk14.wav,번호는 오일삼칠공구팔오입니다.,51370985,,female,spk14,probe_cont_8,probe,1,2.56,8,1,8,sentence,continuous,0.015763158289094765,0.010616227941899734,0.00932016409933567,0.030728688463568687,0.00724062230437994,0.015763158289094765
probe_00224_spk01.wav,/home/hye0n/projects/cnn-based-audio-pii-classification/src/cnn/data_probe/output/probe_00224_spk01.wav,번호는 구삼일칠사육일이입니다.,93174612,,female,spk01,probe_cont_8,probe,1,2.72,8,1,8,sentence,continuous,0.041097342347105346,0.008640096371835179,0.04612540453672409,0.028938839212059975,0.04822778329253197,0.041097342347105346
probe_00225_spk02.wav,/home/hye0n/projects/cnn-based-audio-pii-classification/src/cnn/data_probe/output/probe_00225_spk02.wav,번호는 공공사칠일일삼팔입니다.,00471138,,male,spk02,probe_cont_8,probe,1,3.04,8,1,8,sentence,continuous,0.3523426403601964,0.20700558569722172,0.15257547795772552,0.6375550627708435,0.26689738035202026,0.3523426403601964
probe_00226_spk03.wav,/home/hye0n/projects/cnn-based-audio-pii-classification/src/cnn/data_probe/output/probe_00226_spk03.wav,번호는 이육칠오팔육구이입니다.,26758692,,female,spk03,probe_cont_8,probe,1,3.52,8,1,8,sentence,continuous,0.21999995534618697,0.14777288667557562,0.22885598242282867,0.39639344811439514,0.03475043550133705,0.21999995534618697
probe_00227_spk04.wav,/home/hye0n/projects/cnn-based-audio-pii-classification/src/cnn/data_probe/output/probe_00227_spk04.wav,번호는 육일칠구육사공오입니다.,61796405,,male,spk04,probe_cont_8,probe,1,2.56,8,1,8,sentence,continuous,0.018467144730190437,0.012693966563611811,0.005156119354069233,0.035554226487874985,0.01469108834862709,0.018467144730190437
probe_00228_spk05.wav,/home/hye0n/projects/cnn-based-audio-pii-classification/src/cnn/data_probe/output/probe_00228_spk05.wav,번호는 삼칠칠삼오일오팔입니다.,37735158,,female,spk05,probe_cont_8,probe,1,2.72,8,1,8,sentence,continuous,0.16255400888621807,0.16200885307536034,0.021057816222310066,0.3893611431121826,0.07724306732416153,0.16255400888621807
probe_00229_spk06.wav,/home/hye0n/projects/cnn-based-audio-pii-classification/src/cnn/data_probe/output/probe_00229_spk06.wav,번호는 오공육사삼일칠일입니다.,50643171,,male,spk06,probe_cont_8,probe,1,2.48,8,1,8,sentence,continuous,0.03740291359523932,0.01760989305000757,0.04871518164873123,0.012532541528344154,0.05096101760864258,0.03740291359523932
probe_00230_spk07.wav,/home/hye0n/projects/cnn-based-audio-pii-classification/src/cnn/data_probe/output/probe_00230_spk07.wav,번호는 삼구공공오삼이구입니다.,39005329,,female,spk07,probe_cont_8,probe,1,2.88,8,1,8,sentence,continuous,0.031237500719726086,0.02720406011339911,0.011700285598635674,0.06970827281475067,0.012303943745791912,0.031237500719726086
probe_00231_spk08.wav,/home/hye0n/projects/cnn-based-audio-pii-classification/src/cnn/data_probe/output/probe_00231_spk08.wav,번호는 삼일팔삼구삼삼오입니다.,31839335,,male,spk08,probe_cont_8,probe,1,3.2,8,1,8,sentence,continuous,0.626079261302948,0.229946294627262,0.32597827911376953,0.8846078515052795,0.6676516532897949,0.626079261302948
probe_00232_spk09.wav,/home/hye0n/projects/cnn-based-audio-pii-classification/src/cnn/data_probe/output/probe_00232_spk09.wav,번호는 이구공사이이팔사입니다.,29042284,,female,spk09,probe_cont_8,probe,1,2.72,8,1,8,sentence,continuous,0.008232543555398783,0.004910010286355988,0.005543173290789127,0.015121393837034702,0.004033063538372517,0.008232543555398783
probe_00233_spk10.wav,/home/hye0n/projects/cnn-based-audio-pii-classification/src/cnn/data_probe/output/probe_00233_spk10.wav,번호는 이일공이공오삼구입니다.,21020539,,male,spk10,probe_cont_8,probe,1,2.24,8,1,8,sentence,continuous,0.007948820013552904,0.0032525274316900546,0.007171835284680128,0.012263585813343525,0.004411038942635059,0.007948820013552904
probe_00234_spk11.wav,/home/hye0n/projects/cnn-based-audio-pii-classification/src/cnn/data_probe/output/probe_00234_spk11.wav,번호는 오공이사공이육팔입니다.,50240268,,female,spk11,probe_cont_8,probe,1,3.68,8,1,8,sentence,continuous,0.47981565197308856,0.05755284593286334,0.44828489422798157,0.43059754371643066,0.5605645179748535,0.47981565197308856
probe_00235_spk12.wav,/home/hye0n/projects/cnn-based-audio-pii-classification/src/cnn/data_probe/output/probe_00235_spk12.wav,번호는 일일칠칠오팔구일입니다.,11775891,,male,spk12,probe_cont_8,probe,1,2.64,8,1,8,sentence,continuous,0.004367932677268982,0.0006179130678556729,0.004747087135910988,0.00486019579693675,0.0034965150989592075,0.004367932677268982
probe_00236_spk13.wav,/home/hye0n/projects/cnn-based-audio-pii-classification/src/cnn/data_probe/output/probe_00236_spk13.wav,번호는 칠팔삼구공팔사칠입니다.,78390847,,male,spk13,probe_cont_8,probe,1,2.48,8,1,8,sentence,continuous,0.040756286742786564,0.03525140316359668,0.008922959677875042,0.08989901840686798,0.023446882143616676,0.040756286742786564
probe_00237_spk14.wav,/home/hye0n/projects/cnn-based-audio-pii-classification/src/cnn/data_probe/output/probe_00237_spk14.wav,번호는 공공칠육육일칠칠입니다.,00766177,,female,spk14,probe_cont_8,probe,1,2.64,8,1,8,sentence,continuous,0.021773128149410088,0.004757523195990695,0.02706431970000267,0.02272663079202175,0.015528433956205845,0.021773128149410088
probe_00238_spk01.wav,/home/hye0n/projects/cnn-based-audio-pii-classification/src/cnn/data_probe/output/probe_00238_spk01.wav,번호는 일일오구이일이사입니다.,11592124,,female,spk01,probe_cont_8,probe,1,2.72,8,1,8,sentence,continuous,0.12250164151191711,0.08073014309588167,0.024268172681331635,0.22200362384319305,0.12123312801122665,0.12250164151191711
probe_00239_spk02.wav,/home/hye0n/projects/cnn-based-audio-pii-classification/src/cnn/data_probe/output/probe_00239_spk02.wav,번호는 구구팔오육구팔사입니다.,99856984,,male,spk02,probe_cont_8,probe,1,2.96,8,1,8,sentence,continuous,0.02850500742594401,0.011648706453760432,0.016283906996250153,0.025048840790987015,0.044182274490594864,0.02850500742594401
probe_00240_spk03.wav,/home/hye0n/projects/cnn-based-audio-pii-classification/src/cnn/data_probe/output/probe_00240_spk03.wav,번호는 칠팔구육일일팔삼입니다.,78961183,,female,spk03,probe_cont_8,probe,1,3.6,8,1,8,sentence,continuous,0.17160352567831674,0.11706403359838335,0.05711542069911957,0.3324107825756073,0.1252843737602234,0.17160352567831674
probe_00241_spk04.wav,/home/hye0n/projects/cnn-based-audio-pii-classification/src/cnn/data_probe/output/probe_00241_spk04.wav,번호는 육칠삼육오칠육육입니다.,67365766,,male,spk04,probe_cont_8,probe,1,2.8,8,1,8,sentence,continuous,0.06045719236135483,0.023559757008816695,0.03839091584086418,0.04987083002924919,0.09310983121395111,0.06045719236135483
probe_00242_spk05.wav,/home/hye0n/projects/cnn-based-audio-pii-classification/src/cnn/data_probe/output/probe_00242_spk05.wav,번호는 일오육오사오이칠입니다.,15654527,,female,spk05,probe_cont_8,probe,1,2.16,8,1,8,sentence,continuous,0.025488502035538357,0.0032306490576615465,0.023658035323023796,0.022778451442718506,0.030029019340872765,0.025488502035538357
probe_00243_spk06.wav,/home/hye0n/projects/cnn-based-audio-pii-classification/src/cnn/data_probe/output/probe_00243_spk06.wav,번호는 일일일일육일오이입니다.,11116152,,male,spk06,probe_cont_8,probe,1,3.04,8,1,8,sentence,continuous,0.002855335013009608,0.0007371492029951461,0.003639367176219821,0.0030583429615944624,0.00186829490121454,0.002855335013009608
probe_00244_spk07.wav,/home/hye0n/projects/cnn-based-audio-pii-classification/src/cnn/data_probe/output/probe_00244_spk07.wav,번호는 팔공구팔팔오일육입니다.,80988516,,female,spk07,probe_cont_8,probe,1,2.96,8,1,8,sentence,continuous,0.04091803667445978,0.03215623617756798,0.012842627242207527,0.08593741059303284,0.023974072188138962,0.04091803667445978
probe_00245_spk08.wav,/home/hye0n/projects/cnn-based-audio-pii-classification/src/cnn/data_probe/output/probe_00245_spk08.wav,번호는 오육공사구사오일입니다.,56049451,,male,spk08,probe_cont_8,probe,1,2.96,8,1,8,sentence,continuous,0.18218674262364706,0.03144986140885059,0.2011900097131729,0.2075103521347046,0.13785986602306366,0.18218674262364706
probe_00246_spk09.wav,/home/hye0n/projects/cnn-based-audio-pii-classification/src/cnn/data_probe/output/probe_00246_spk09.wav,번호는 구팔삼이칠삼일오입니다.,98327315,,female,spk09,probe_cont_8,probe,1,2.32,8,1,8,sentence,continuous,0.013407680516441664,0.0046895967768156525,0.008127344772219658,0.019523048773407936,0.012572648003697395,0.013407680516441664
probe_00247_spk10.wav,/home/hye0n/projects/cnn-based-audio-pii-classification/src/cnn/data_probe/output/probe_00247_spk10.wav,번호는 팔오일사구삼육팔입니다.,85149368,,male,spk10,probe_cont_8,probe,1,3.68,8,1,8,sentence,continuous,0.00925951482107242,0.004612787405308095,0.004903930705040693,0.015643062070012093,0.007231551688164473,0.00925951482107242
probe_00248_spk11.wav,/home/hye0n/projects/cnn-based-audio-pii-classification/src/cnn/data_probe/output/probe_00248_spk11.wav,번호는 구구팔공구사공이입니다.,99809402,,female,spk11,probe_cont_8,probe,1,3.44,8,1,8,sentence,continuous,0.004300966393202543,0.000691085952667088,0.005219541490077972,0.00413075415417552,0.0035526035353541374,0.004300966393202543
probe_00249_spk12.wav,/home/hye0n/projects/cnn-based-audio-pii-classification/src/cnn/data_probe/output/probe_00249_spk12.wav,번호는 사사오오공이이구입니다.,44550229,,male,spk12,probe_cont_8,probe,1,2.08,8,1,8,sentence,continuous,0.013927781643966833,0.008661700923784722,0.005646439269185066,0.025885237380862236,0.010251668281853199,0.013927781643966833
probe_00250_spk13.wav,/home/hye0n/projects/cnn-based-audio-pii-classification/src/cnn/data_probe/output/probe_00250_spk13.wav,번호는 육일이공일팔삼육입니다.,61201836,,male,spk13,probe_cont_8,probe,1,2.8,8,1,8,sentence,continuous,0.029974518654247124,0.014212487074807871,0.01439401414245367,0.04876150190830231,0.026768039911985397,0.029974518654247124
probe_00251_spk14.wav,/home/hye0n/projects/cnn-based-audio-pii-classification/src/cnn/data_probe/output/probe_00251_spk14.wav,번호는 육칠오이오사오구입니다.,67525459,,female,spk14,probe_cont_8,probe,1,2.56,8,1,8,sentence,continuous,0.030318261745075386,0.021798674352909924,0.016615306958556175,0.061085112392902374,0.013254365883767605,0.030318261745075386
probe_00252_spk01.wav,/home/hye0n/projects/cnn-based-audio-pii-classification/src/cnn/data_probe/output/probe_00252_spk01.wav,번호는 구일공이이구공일입니다.,91022901,,female,spk01,probe_cont_8,probe,1,2.88,8,1,8,sentence,continuous,0.07197093466917674,0.06753630318666971,0.021022258326411247,0.16740885376930237,0.027481691911816597,0.07197093466917674
probe_00253_spk02.wav,/home/hye0n/projects/cnn-based-audio-pii-classification/src/cnn/data_probe/output/probe_00253_spk02.wav,번호는 사칠육칠구칠육사입니다.,47679764,,male,spk02,probe_cont_8,probe,1,3.6,8,1,8,sentence,continuous,0.033337218686938286,0.01731388989043448,0.014876928180456161,0.056498244404792786,0.02863648347556591,0.033337218686938286
probe_00254_spk03.wav,/home/hye0n/projects/cnn-based-audio-pii-classification/src/cnn/data_probe/output/probe_00254_spk03.wav,번호는 삼팔일오육일사구입니다.,38156149,,female,spk03,probe_cont_8,probe,1,3.2,8,1,8,sentence,continuous,0.012299226286510626,0.007438580416920914,0.005515155382454395,0.0226540919393301,0.008728431537747383,0.012299226286510626
probe_00255_spk04.wav,/home/hye0n/projects/cnn-based-audio-pii-classification/src/cnn/data_probe/output/probe_00255_spk04.wav,번호는 칠팔사공삼육구공입니다.,78403690,,male,spk04,probe_cont_8,probe,1,2.72,8,1,8,sentence,continuous,0.0836831455429395,0.05055587770285798,0.013504914939403534,0.10693557560443878,0.1306089460849762,0.0836831455429395
probe_00256_spk05.wav,/home/hye0n/projects/cnn-based-audio-pii-classification/src/cnn/data_probe/output/probe_00256_spk05.wav,번호는 공삼사삼이사사오입니다.,03432445,,female,spk05,probe_cont_8,probe,1,3.36,8,1,8,sentence,continuous,0.03606210711101691,0.02693246932943597,0.00879698246717453,0.026662157848477364,0.07272718101739883,0.03606210711101691
probe_00257_spk06.wav,/home/hye0n/projects/cnn-based-audio-pii-classification/src/cnn/data_probe/output/probe_00257_spk06.wav,번호는 일공칠육이이육팔입니다.,10762268,,male,spk06,probe_cont_8,probe,1,2.32,8,1,8,sentence,continuous,0.042273703341682754,0.023882246111580067,0.021766724064946175,0.0757681131362915,0.029286272823810577,0.042273703341682754
probe_00258_spk07.wav,/home/hye0n/projects/cnn-based-audio-pii-classification/src/cnn/data_probe/output/probe_00258_spk07.wav,번호는 삼팔팔오일육공육입니다.,38851606,,female,spk07,probe_cont_8,probe,1,3.12,8,1,8,sentence,continuous,0.05827293358743191,0.03879131696933979,0.02355228178203106,0.11241649836301804,0.03885002061724663,0.05827293358743191
probe_00259_spk08.wav,/home/hye0n/projects/cnn-based-audio-pii-classification/src/cnn/data_probe/output/probe_00259_spk08.wav,번호는 공칠일오구육구육입니다.,07159696,,male,spk08,probe_cont_8,probe,1,2.96,8,1,8,sentence,continuous,0.09262665236989658,0.04687577785645988,0.0374315120279789,0.15202249586582184,0.08842594921588898,0.09262665236989658
probe_00260_spk09.wav,/home/hye0n/projects/cnn-based-audio-pii-classification/src/cnn/data_probe/output/probe_00260_spk09.wav,번호는 육사일육공오이구입니다.,64160529,,female,spk09,probe_cont_8,probe,1,2.88,8,1,8,sentence,continuous,0.0995258241891861,0.016439364827078248,0.07628733664751053,0.11054623872041702,0.11174389719963074,0.0995258241891861
probe_00261_spk10.wav,/home/hye0n/projects/cnn-based-audio-pii-classification/src/cnn/data_probe/output/probe_00261_spk10.wav,번호는 칠오일육일삼육구입니다.,75161369,,male,spk10,probe_cont_8,probe,1,3.04,8,1,8,sentence,continuous,0.012457039207220078,0.0033146334095808085,0.008865520358085632,0.011643979698419571,0.01686161756515503,0.012457039207220078
probe_00262_spk11.wav,/home/hye0n/projects/cnn-based-audio-pii-classification/src/cnn/data_probe/output/probe_00262_spk11.wav,번호는 육팔일육사오삼오입니다.,68164535,,female,spk11,probe_cont_8,probe,1,3.36,8,1,8,sentence,continuous,0.06929384792844455,0.04203127805634907,0.01564137265086174,0.0739615336060524,0.1182786375284195,0.06929384792844455
probe_00263_spk12.wav,/home/hye0n/projects/cnn-based-audio-pii-classification/src/cnn/data_probe/output/probe_00263_spk12.wav,번호는 이일팔일팔팔삼오입니다.,21818835,,male,spk12,probe_cont_8,probe,1,2.4,8,1,8,sentence,continuous,0.00876057722295324,0.0032930105364197284,0.004105351399630308,0.010976243764162064,0.011200136505067348,0.00876057722295324
probe_00264_spk13.wav,/home/hye0n/projects/cnn-based-audio-pii-classification/src/cnn/data_probe/output/probe_00264_spk13.wav,번호는 오이삼일이사삼이입니다.,52312432,,male,spk13,probe_cont_8,probe,1,2.32,8,1,8,sentence,continuous,0.003807158519824346,0.0016335892189348752,0.0027716495096683502,0.006113407202064991,0.0025364188477396965,0.003807158519824346
probe_00265_spk14.wav,/home/hye0n/projects/cnn-based-audio-pii-classification/src/cnn/data_probe/output/probe_00265_spk14.wav,번호는 구이일이칠칠구구입니다.,92127799,,female,spk14,probe_cont_8,probe,1,2.64,8,1,8,sentence,continuous,0.010322245303541422,0.004392411399766099,0.005999510642141104,0.016346951946616173,0.00862027332186699,0.010322245303541422
probe_00266_spk01.wav,/home/hye0n/projects/cnn-based-audio-pii-classification/src/cnn/data_probe/output/probe_00266_spk01.wav,번호는 칠구구오오이칠일입니다.,79955271,,female,spk01,probe_cont_8,probe,1,2.88,8,1,8,sentence,continuous,0.214011179904143,0.14836489921219917,0.13196295499801636,0.42227548360824585,0.08779510110616684,0.214011179904143
probe_00267_spk02.wav,/home/hye0n/projects/cnn-based-audio-pii-classification/src/cnn/data_probe/output/probe_00267_spk02.wav,번호는 칠칠사사구공오팔입니다.,77449058,,male,spk02,probe_cont_8,probe,1,2.48,8,1,8,sentence,continuous,0.029469818342477083,0.02988997629998836,0.0042905849404633045,0.07146386802196503,0.012655002065002918,0.029469818342477083
probe_00268_spk03.wav,/home/hye0n/projects/cnn-based-audio-pii-classification/src/cnn/data_probe/output/probe_00268_spk03.wav,번호는 일사칠칠공공오사입니다.,14770054,,female,spk03,probe_cont_8,probe,1,2.56,8,1,8,sentence,continuous,0.27934420108795166,0.09008871065694678,0.18002521991729736,0.39811062812805176,0.25989675521850586,0.27934420108795166
probe_00269_spk04.wav,/home/hye0n/projects/cnn-based-audio-pii-classification/src/cnn/data_probe/output/probe_00269_spk04.wav,번호는 일일구구팔육칠구입니다.,11998679,,male,spk04,probe_cont_8,probe,1,2.8,8,1,8,sentence,continuous,0.1581765686472257,0.08490624963267683,0.03812394291162491,0.21617011725902557,0.2202356457710266,0.1581765686472257
probe_00270_spk05.wav,/home/hye0n/projects/cnn-based-audio-pii-classification/src/cnn/data_probe/output/probe_00270_spk05.wav,번호는 팔공칠구삼오구칠입니다.,80793597,,female,spk05,probe_cont_8,probe,1,2.96,8,1,8,sentence,continuous,0.029363559558987617,0.0013172332137283231,0.027506740763783455,0.030421672388911247,0.03016226552426815,0.029363559558987617
probe_00271_spk06.wav,/home/hye0n/projects/cnn-based-audio-pii-classification/src/cnn/data_probe/output/probe_00271_spk06.wav,번호는 팔이공칠일오일팔입니다.,82071518,,male,spk06,probe_cont_8,probe,1,3.36,8,1,8,sentence,continuous,0.03632078040391207,0.032303037123489836,0.008928396739065647,0.08167881518602371,0.018355129286646843,0.03632078040391207
probe_00272_spk07.wav,/home/hye0n/projects/cnn-based-audio-pii-classification/src/cnn/data_probe/output/probe_00272_spk07.wav,번호는 이공삼칠칠팔팔구입니다.,20377889,,female,spk07,probe_cont_8,probe,1,2.48,8,1,8,sentence,continuous,0.0425147945061326,0.025592041726833457,0.014384168200194836,0.07630141079425812,0.036858804523944855,0.0425147945061326
probe_00273_spk08.wav,/home/hye0n/projects/cnn-based-audio-pii-classification/src/cnn/data_probe/output/probe_00273_spk08.wav,번호는 이오오사육육오구입니다.,25546659,,male,spk08,probe_cont_8,probe,1,2.96,8,1,8,sentence,continuous,0.06037990748882294,0.02485972582578029,0.049032311886548996,0.037236470729112625,0.09487093985080719,0.06037990748882294
probe_00274_spk09.wav,/home/hye0n/projects/cnn-based-audio-pii-classification/src/cnn/data_probe/output/probe_00274_spk09.wav,번호는 공오일오일팔육사입니다.,05151864,,female,spk09,probe_cont_8,probe,1,3.28,8,1,8,sentence,continuous,0.009841773969431719,0.00402678792103387,0.009720880538225174,0.014832897111773491,0.00497154425829649,0.009841773969431719
probe_00275_spk10.wav,/home/hye0n/projects/cnn-based-audio-pii-classification/src/cnn/data_probe/output/probe_00275_spk10.wav,번호는 사구이오일구이오입니다.,49251925,,male,spk10,probe_cont_8,probe,1,2.64,8,1,8,sentence,continuous,0.007495126609380047,0.0031241781609095084,0.003092642640694976,0.010019377805292606,0.009373359382152557,0.007495126609380047
probe_00276_spk11.wav,/home/hye0n/projects/cnn-based-audio-pii-classification/src/cnn/data_probe/output/probe_00276_spk11.wav,번호는 사육이구일사팔육입니다.,46291486,,female,spk11,probe_cont_8,probe,1,3.28,8,1,8,sentence,continuous,0.2883016802370548,0.2728225028065545,0.037853505462408066,0.6677008271217346,0.1593507081270218,0.2883016802370548
probe_00277_spk12.wav,/home/hye0n/projects/cnn-based-audio-pii-classification/src/cnn/data_probe/output/probe_00277_spk12.wav,번호는 오이팔일육팔오공입니다.,52816850,,male,spk12,probe_cont_8,probe,1,2.72,8,1,8,sentence,continuous,0.022760502994060516,0.004965962879230389,0.027804361656308174,0.02447068877518177,0.016006458550691605,0.022760502994060516
probe_00278_spk13.wav,/home/hye0n/projects/cnn-based-audio-pii-classification/src/cnn/data_probe/output/probe_00278_spk13.wav,번호는 오사이삼오칠삼삼입니다.,54235733,,male,spk13,probe_cont_8,probe,1,2.56,8,1,8,sentence,continuous,0.03611157710353533,0.028387537868873543,0.009969798848032951,0.02279621921479702,0.07556871324777603,0.03611157710353533
probe_00279_spk14.wav,/home/hye0n/projects/cnn-based-audio-pii-classification/src/cnn/data_probe/output/probe_00279_spk14.wav,번호는 이이일사일팔팔팔입니다.,22141888,,female,spk14,probe_cont_8,probe,1,3.36,8,1,8,sentence,continuous,0.044489325334628425,0.03328319501333652,0.010881967842578888,0.03275240585207939,0.08983360230922699,0.044489325334628425
probe_00280_spk01.wav,/home/hye0n/projects/cnn-based-audio-pii-classification/src/cnn/data_probe/output/probe_00280_spk01.wav,번호는 공오구이구육이이입니다.,05929622,,female,spk01,probe_cont_8,probe,1,2.96,8,1,8,sentence,continuous,0.03767339512705803,0.029711645184791514,0.008439863100647926,0.07842870056629181,0.026151621714234352,0.03767339512705803
probe_00281_spk02.wav,/home/hye0n/projects/cnn-based-audio-pii-classification/src/cnn/data_probe/output/probe_00281_spk02.wav,번호는 이구이칠공육오삼입니다.,29270653,,male,spk02,probe_cont_8,probe,1,2.88,8,1,8,sentence,continuous,0.15485687305529913,0.0832909296183316,0.044204287230968475,0.24515561759471893,0.17521071434020996,0.15485687305529913
probe_00282_spk03.wav,/home/hye0n/projects/cnn-based-audio-pii-classification/src/cnn/data_probe/output/probe_00282_spk03.wav,번호는 칠구사칠삼팔삼사입니다.,79473834,,female,spk03,probe_cont_8,probe,1,3.52,8,1,8,sentence,continuous,0.7374141216278076,0.051976403722664655,0.7281613349914551,0.8051919937133789,0.6788890361785889,0.7374141216278076
probe_00283_spk04.wav,/home/hye0n/projects/cnn-based-audio-pii-classification/src/cnn/data_probe/output/probe_00283_spk04.wav,번호는 칠삼오구칠칠사육입니다.,73597746,,male,spk04,probe_cont_8,probe,1,2.56,8,1,8,sentence,continuous,0.03427452656129996,0.00901386348473814,0.021667255088686943,0.042211297899484634,0.0389450266957283,0.03427452656129996
probe_00284_spk05.wav,/home/hye0n/projects/cnn-based-audio-pii-classification/src/cnn/data_probe/output/probe_00284_spk05.wav,번호는 팔팔육이삼구이사입니다.,88623924,,female,spk05,probe_cont_8,probe,1,3.04,8,1,8,sentence,continuous,0.025822777301073074,0.014275079620294024,0.016840696334838867,0.045971356332302094,0.014656279236078262,0.025822777301073074
probe_00285_spk06.wav,/home/hye0n/projects/cnn-based-audio-pii-classification/src/cnn/data_probe/output/probe_00285_spk06.wav,번호는 공칠오팔일팔일사입니다.,07581814,,male,spk06,probe_cont_8,probe,1,2.96,8,1,8,sentence,continuous,0.04964682708183924,0.009837027743143602,0.04477642849087715,0.040796633809804916,0.06336741894483566,0.04964682708183924
probe_00286_spk07.wav,/home/hye0n/projects/cnn-based-audio-pii-classification/src/cnn/data_probe/output/probe_00286_spk07.wav,번호는 일이사칠팔이육일입니다.,12478261,,female,spk07,probe_cont_8,probe,1,3.04,8,1,8,sentence,continuous,0.1438425232966741,0.00412043856541458,0.14729616045951843,0.14618034660816193,0.13805106282234192,0.1438425232966741
probe_00287_spk08.wav,/home/hye0n/projects/cnn-based-audio-pii-classification/src/cnn/data_probe/output/probe_00287_spk08.wav,번호는 삼칠오공육공육팔입니다.,37506068,,male,spk08,probe_cont_8,probe,1,3.04,8,1,8,sentence,continuous,0.3103848546743393,0.15128594883866323,0.13346536457538605,0.5030356645584106,0.2946535348892212,0.3103848546743393
probe_00288_spk09.wav,/home/hye0n/projects/cnn-based-audio-pii-classification/src/cnn/data_probe/output/probe_00288_spk09.wav,번호는 오삼육일오삼공오입니다.,53615305,,female,spk09,probe_cont_8,probe,1,2.48,8,1,8,sentence,continuous,0.043646658615519605,0.03630496432466417,0.006959869060665369,0.09309688955545425,0.030883217230439186,0.043646658615519605
probe_00289_spk10.wav,/home/hye0n/projects/cnn-based-audio-pii-classification/src/cnn/data_probe/output/probe_00289_spk10.wav,번호는 일오이이공사칠이입니다.,15220472,,male,spk10,probe_cont_8,probe,1,2.96,8,1,8,sentence,continuous,0.020258076799412567,0.013847610053115748,0.009686381556093693,0.039820265024900436,0.011267583817243576,0.020258076799412567
probe_00290_spk11.wav,/home/hye0n/projects/cnn-based-audio-pii-classification/src/cnn/data_probe/output/probe_00290_spk11.wav,번호는 칠칠구공일공사삼입니다.,77901043,,female,spk11,probe_cont_8,probe,1,2.56,8,1,8,sentence,continuous,0.016219813376665115,0.007748399768677737,0.0105665298178792,0.027175836265087128,0.010917074047029018,0.016219813376665115
probe_00291_spk12.wav,/home/hye0n/projects/cnn-based-audio-pii-classification/src/cnn/data_probe/output/probe_00291_spk12.wav,번호는 이팔구팔육일사삼입니다.,28986143,,male,spk12,probe_cont_8,probe,1,2.24,8,1,8,sentence,continuous,0.02314712293446064,0.020600498004589348,0.0059676505625247955,0.011359909549355507,0.05211380869150162,0.02314712293446064
probe_00292_spk13.wav,/home/hye0n/projects/cnn-based-audio-pii-classification/src/cnn/data_probe/output/probe_00292_spk13.wav,번호는 사일공삼육구칠일입니다.,41036971,,male,spk13,probe_cont_8,probe,1,2.48,8,1,8,sentence,continuous,0.04499760285640756,0.036351724960826316,0.007722508627921343,0.03297414258122444,0.0942961573600769,0.04499760285640756
probe_00293_spk14.wav,/home/hye0n/projects/cnn-based-audio-pii-classification/src/cnn/data_probe/output/probe_00293_spk14.wav,번호는 일칠구팔공팔구삼입니다.,17980893,,female,spk14,probe_cont_8,probe,1,3.52,8,1,8,sentence,continuous,0.24861891567707062,0.08277619117069156,0.1392272561788559,0.33941107988357544,0.2672184109687805,0.24861891567707062
probe_00294_spk01.wav,/home/hye0n/projects/cnn-based-audio-pii-classification/src/cnn/data_probe/output/probe_00294_spk01.wav,번호는 이사육공구오삼구입니다.,24609539,,female,spk01,probe_cont_8,probe,1,3.28,8,1,8,sentence,continuous,0.07526884476343791,0.04317008791439375,0.029148630797863007,0.0636853501200676,0.13297255337238312,0.07526884476343791
probe_00295_spk02.wav,/home/hye0n/projects/cnn-based-audio-pii-classification/src/cnn/data_probe/output/probe_00295_spk02.wav,번호는 육이일팔오일팔팔입니다.,62185188,,male,spk02,probe_cont_8,probe,1,2.64,8,1,8,sentence,continuous,0.008850758274396261,0.0017003965987325718,0.006766023114323616,0.008855131454765797,0.010931120254099369,0.008850758274396261
probe_00296_spk03.wav,/home/hye0n/projects/cnn-based-audio-pii-classification/src/cnn/data_probe/output/probe_00296_spk03.wav,번호는 팔팔팔공육칠공육입니다.,88806706,,female,spk03,probe_cont_8,probe,1,2.96,8,1,8,sentence,continuous,0.4264207382996877,0.1019289634298395,0.35050126910209656,0.35826051235198975,0.5705004334449768,0.4264207382996877
probe_00297_spk04.wav,/home/hye0n/projects/cnn-based-audio-pii-classification/src/cnn/data_probe/output/probe_00297_spk04.wav,번호는 오사공오일오삼일입니다.,54051531,,male,spk04,probe_cont_8,probe,1,3.68,8,1,8,sentence,continuous,0.006086485460400581,0.0014134387760327534,0.004113731440156698,0.007351959124207497,0.006793765816837549,0.006086485460400581
probe_00298_spk05.wav,/home/hye0n/projects/cnn-based-audio-pii-classification/src/cnn/data_probe/output/probe_00298_spk05.wav,번호는 구오이공오팔오이입니다.,95205852,,female,spk05,probe_cont_8,probe,1,2.56,8,1,8,sentence,continuous,0.06266770077248414,0.024073631496814445,0.028957897797226906,0.0836513414978981,0.07539386302232742,0.06266770077248414
probe_00299_spk06.wav,/home/hye0n/projects/cnn-based-audio-pii-classification/src/cnn/data_probe/output/probe_00299_spk06.wav,번호는 칠칠이이일칠공사입니다.,77221704,,male,spk06,probe_cont_8,probe,1,3.92,8,1,8,sentence,continuous,0.5569914976755778,0.04536276002926285,0.5428131818771362,0.6182646155357361,0.5098966956138611,0.5569914976755778
probe_00300_spk07.wav,/home/hye0n/projects/cnn-based-audio-pii-classification/src/cnn/data_probe/output/probe_00300_spk07.wav,번호는 삼공삼공오사팔육팔칠입니다.,3030548687,,female,spk07,probe_cont_10,probe,1,3.04,10,1,10,sentence,continuous,0.7145710289478302,0.16683406407698986,0.49200525879859924,0.7580397129058838,0.8936681151390076,0.7145710289478302
probe_00301_spk08.wav,/home/hye0n/projects/cnn-based-audio-pii-classification/src/cnn/data_probe/output/probe_00301_spk08.wav,번호는 사공삼사오공오사일오입니다.,4034505415,,male,spk08,probe_cont_10,probe,1,3.04,10,1,10,sentence,continuous,0.7542943954467773,0.06534462104979541,0.6828181743621826,0.7393053770065308,0.8407596349716187,0.7542943954467773
probe_00302_spk09.wav,/home/hye0n/projects/cnn-based-audio-pii-classification/src/cnn/data_probe/output/probe_00302_spk09.wav,번호는 육육칠육오이칠칠오팔입니다.,6676527758,,female,spk09,probe_cont_10,probe,1,3.28,10,1,10,sentence,continuous,0.7235588033994039,0.1158217488922988,0.6816473007202148,0.8816443681716919,0.6073847413063049,0.7235588033994039
probe_00303_spk10.wav,/home/hye0n/projects/cnn-based-audio-pii-classification/src/cnn/data_probe/output/probe_00303_spk10.wav,번호는 사일육일육구이팔사오입니다.,4161692845,,male,spk10,probe_cont_10,probe,1,3.28,10,1,10,sentence,continuous,0.067719466984272,0.05361668059720022,0.02352822571992874,0.14317680895328522,0.03645336627960205,0.067719466984272
probe_00304_spk11.wav,/home/hye0n/projects/cnn-based-audio-pii-classification/src/cnn/data_probe/output/probe_00304_spk11.wav,번호는 일일오사사칠구육이칠입니다.,1154479627,,female,spk11,probe_cont_10,probe,1,3.36,10,1,10,sentence,continuous,0.2919529378414154,0.18993305120019602,0.18740832805633545,0.5585023164749146,0.12994816899299622,0.2919529378414154
probe_00305_spk12.wav,/home/hye0n/projects/cnn-based-audio-pii-classification/src/cnn/data_probe/output/probe_00305_spk12.wav,번호는 오칠공오구육사공일육입니다.,5705964016,,male,spk12,probe_cont_10,probe,1,2.8,10,1,10,sentence,continuous,0.21889739483594894,0.11919573825599003,0.06384124606847763,0.35369351506233215,0.23915742337703705,0.21889739483594894
probe_00306_spk13.wav,/home/hye0n/projects/cnn-based-audio-pii-classification/src/cnn/data_probe/output/probe_00306_spk13.wav,번호는 오팔이공이구칠공이일입니다.,5820297021,,male,spk13,probe_cont_10,probe,1,2.88,10,1,10,sentence,continuous,0.07833150525887807,0.02182819956788819,0.05691668391227722,0.06978379935026169,0.1082940325140953,0.07833150525887807
probe_00307_spk14.wav,/home/hye0n/projects/cnn-based-audio-pii-classification/src/cnn/data_probe/output/probe_00307_spk14.wav,번호는 삼오오육구공구이칠오입니다.,3556909275,,female,spk14,probe_cont_10,probe,1,3.28,10,1,10,sentence,continuous,0.3398325592279434,0.13183804786817171,0.1541680544614792,0.41788560152053833,0.44744402170181274,0.3398325592279434
probe_00308_spk01.wav,/home/hye0n/projects/cnn-based-audio-pii-classification/src/cnn/data_probe/output/probe_00308_spk01.wav,번호는 오칠일구이팔오육오사입니다.,5719285654,,female,spk01,probe_cont_10,probe,1,3.2,10,1,10,sentence,continuous,0.0646639671176672,0.03700748050822938,0.014000335708260536,0.10136362165212631,0.07862794399261475,0.0646639671176672
probe_00309_spk02.wav,/home/hye0n/projects/cnn-based-audio-pii-classification/src/cnn/data_probe/output/probe_00309_spk02.wav,번호는 삼일공이칠팔육팔일사입니다.,3102786814,,male,spk02,probe_cont_10,probe,1,2.88,10,1,10,sentence,continuous,0.2519581193725268,0.14577683706215777,0.12195269018411636,0.45552587509155273,0.17839579284191132,0.2519581193725268
probe_00310_spk03.wav,/home/hye0n/projects/cnn-based-audio-pii-classification/src/cnn/data_probe/output/probe_00310_spk03.wav,번호는 사칠삼구사칠삼일이일입니다.,4739473121,,female,spk03,probe_cont_10,probe,1,3.2,10,1,10,sentence,continuous,0.47659685214360553,0.1316183205895786,0.31870630383491516,0.6409119367599487,0.47017231583595276,0.47659685214360553
probe_00311_spk04.wav,/home/hye0n/projects/cnn-based-audio-pii-classification/src/cnn/data_probe/output/probe_00311_spk04.wav,번호는 칠이칠일오오일팔팔사입니다.,7271551884,,male,spk04,probe_cont_10,probe,1,3.2,10,1,10,sentence,continuous,0.5279414355754852,0.12370492683407125,0.3529999554157257,0.6163982152938843,0.6144261360168457,0.5279414355754852
probe_00312_spk05.wav,/home/hye0n/projects/cnn-based-audio-pii-classification/src/cnn/data_probe/output/probe_00312_spk05.wav,번호는 사이이오팔삼일삼이삼입니다.,4225831323,,female,spk05,probe_cont_10,probe,1,3.04,10,1,10,sentence,continuous,0.04644557709495226,0.02076886063940197,0.04623207822442055,0.07198821008205414,0.02111644297838211,0.04644557709495226
probe_00313_spk06.wav,/home/hye0n/projects/cnn-based-audio-pii-classification/src/cnn/data_probe/output/probe_00313_spk06.wav,번호는 칠공오팔구오칠팔이구입니다.,7058957829,,male,spk06,probe_cont_10,probe,1,2.64,10,1,10,sentence,continuous,0.016672817679742973,0.005530189670483997,0.008857919834554195,0.02084488980472088,0.020315643399953842,0.016672817679742973
probe_00314_spk07.wav,/home/hye0n/projects/cnn-based-audio-pii-classification/src/cnn/data_probe/output/probe_00314_spk07.wav,번호는 일일사육칠팔육육구일입니다.,1146786691,,female,spk07,probe_cont_10,probe,1,3.36,10,1,10,sentence,continuous,0.2789476563533147,0.14697318753646146,0.07520969212055206,0.34518226981163025,0.41645100712776184,0.2789476563533147
probe_00315_spk08.wav,/home/hye0n/projects/cnn-based-audio-pii-classification/src/cnn/data_probe/output/probe_00315_spk08.wav,번호는 이오일칠칠팔오이팔구입니다.,2517785289,,male,spk08,probe_cont_10,probe,1,2.96,10,1,10,sentence,continuous,0.05269858365257581,0.01009475634977094,0.040336281061172485,0.06506328284740448,0.05269618704915047,0.05269858365257581
probe_00316_spk09.wav,/home/hye0n/projects/cnn-based-audio-pii-classification/src/cnn/data_probe/output/probe_00316_spk09.wav,번호는 이이육팔공일팔이사이입니다.,2268018242,,female,spk09,probe_cont_10,probe,1,2.96,10,1,10,sentence,continuous,0.33955273032188416,0.16958356643606912,0.18401697278022766,0.575416624546051,0.2592245936393738,0.33955273032188416
probe_00317_spk10.wav,/home/hye0n/projects/cnn-based-audio-pii-classification/src/cnn/data_probe/output/probe_00317_spk10.wav,번호는 이오삼오팔사일사삼팔입니다.,2535841438,,male,spk10,probe_cont_10,probe,1,2.72,10,1,10,sentence,continuous,0.08822642515103023,0.01433286257229838,0.07126007974147797,0.08710471540689468,0.10631448030471802,0.08822642515103023
probe_00318_spk11.wav,/home/hye0n/projects/cnn-based-audio-pii-classification/src/cnn/data_probe/output/probe_00318_spk11.wav,번호는 사이사구팔일팔이구구입니다.,4249818299,,female,spk11,probe_cont_10,probe,1,4.24,10,1,10,sentence,continuous,0.11248582104841869,0.06322743146016836,0.04102271795272827,0.10167351365089417,0.1947612315416336,0.11248582104841869
probe_00319_spk12.wav,/home/hye0n/projects/cnn-based-audio-pii-classification/src/cnn/data_probe/output/probe_00319_spk12.wav,번호는 이이구구오구공공일공입니다.,2299590010,,male,spk12,probe_cont_10,probe,1,3.12,10,1,10,sentence,continuous,0.17080470422903696,0.03402129318099789,0.1300116777420044,0.2132946401834488,0.16910779476165771,0.17080470422903696
probe_00320_spk13.wav,/home/hye0n/projects/cnn-based-audio-pii-classification/src/cnn/data_probe/output/probe_00320_spk13.wav,번호는 구사삼구육구공칠팔사입니다.,9439690784,,male,spk13,probe_cont_10,probe,1,3.76,10,1,10,sentence,continuous,0.28722018996874493,0.03249842516165259,0.3298305571079254,0.25099894404411316,0.28083106875419617,0.28722018996874493
probe_00321_spk14.wav,/home/hye0n/projects/cnn-based-audio-pii-classification/src/cnn/data_probe/output/probe_00321_spk14.wav,번호는 사칠삼육사칠일공이칠입니다.,4736471027,,female,spk14,probe_cont_10,probe,1,3.12,10,1,10,sentence,continuous,0.06295658803234498,0.04013704208355366,0.011482362635433674,0.10941268503665924,0.06797471642494202,0.06295658803234498
probe_00322_spk01.wav,/home/hye0n/projects/cnn-based-audio-pii-classification/src/cnn/data_probe/output/probe_00322_spk01.wav,번호는 육칠칠삼오구이오오오입니다.,6773592555,,female,spk01,probe_cont_10,probe,1,3.6,10,1,10,sentence,continuous,0.7420629858970642,0.08996919437927832,0.7484891414642334,0.8488985896110535,0.6288012266159058,0.7420629858970642
probe_00323_spk02.wav,/home/hye0n/projects/cnn-based-audio-pii-classification/src/cnn/data_probe/output/probe_00323_spk02.wav,번호는 육이오팔팔일오삼칠일입니다.,6258815371,,male,spk02,probe_cont_10,probe,1,2.48,10,1,10,sentence,continuous,0.04402698948979378,0.025285853145832662,0.009515944868326187,0.06939437985420227,0.053170643746852875,0.04402698948979378
probe_00324_spk03.wav,/home/hye0n/projects/cnn-based-audio-pii-classification/src/cnn/data_probe/output/probe_00324_spk03.wav,번호는 사칠삼이일공사육구육입니다.,4732104696,,female,spk03,probe_cont_10,probe,1,3.68,10,1,10,sentence,continuous,0.7398703495661417,0.1691620046610906,0.522029459476471,0.9344218969345093,0.7631596922874451,0.7398703495661417
probe_00325_spk04.wav,/home/hye0n/projects/cnn-based-audio-pii-classification/src/cnn/data_probe/output/probe_00325_spk04.wav,번호는 삼이오구오삼이칠팔칠입니다.,3259532787,,male,spk04,probe_cont_10,probe,1,2.96,10,1,10,sentence,continuous,0.02534516466160615,0.014080201753991068,0.007420174777507782,0.041817598044872284,0.026797721162438393,0.02534516466160615
probe_00326_spk05.wav,/home/hye0n/projects/cnn-based-audio-pii-classification/src/cnn/data_probe/output/probe_00326_spk05.wav,번호는 칠사칠공일육팔칠삼삼입니다.,7470168733,,female,spk05,probe_cont_10,probe,1,3.68,10,1,10,sentence,continuous,0.9228344957033793,0.030604124682006635,0.9267146587371826,0.9582257270812988,0.8835631012916565,0.9228344957033793
probe_00327_spk06.wav,/home/hye0n/projects/cnn-based-audio-pii-classification/src/cnn/data_probe/output/probe_00327_spk06.wav,번호는 구오공공사칠구칠사팔입니다.,9500479748,,male,spk06,probe_cont_10,probe,1,3.04,10,1,10,sentence,continuous,0.17538459847370783,0.1150691165222238,0.023160196840763092,0.3013179898262024,0.20167560875415802,0.17538459847370783
probe_00328_spk07.wav,/home/hye0n/projects/cnn-based-audio-pii-classification/src/cnn/data_probe/output/probe_00328_spk07.wav,번호는 공일육이사오육오공육입니다.,0162456506,,female,spk07,probe_cont_10,probe,1,4.0,10,1,10,sentence,continuous,0.6370450158913931,0.20990783116876668,0.3401907980442047,0.7851166129112244,0.78582763671875,0.6370450158913931
probe_00329_spk08.wav,/home/hye0n/projects/cnn-based-audio-pii-classification/src/cnn/data_probe/output/probe_00329_spk08.wav,번호는 공구팔삼오팔사일육팔입니다.,0983584168,,male,spk08,probe_cont_10,probe,1,4.0,10,1,10,sentence,continuous,0.23208259046077728,0.05292537892296763,0.2784658968448639,0.15801770985126495,0.259764164686203,0.23208259046077728
probe_00330_spk09.wav,/home/hye0n/projects/cnn-based-audio-pii-classification/src/cnn/data_probe/output/probe_00330_spk09.wav,번호는 칠팔사구구일이일육오입니다.,7849912165,,female,spk09,probe_cont_10,probe,1,3.12,10,1,10,sentence,continuous,0.2230552683273951,0.19018329621833419,0.07499688118696213,0.4915415644645691,0.10262735933065414,0.2230552683273951
probe_00331_spk10.wav,/home/hye0n/projects/cnn-based-audio-pii-classification/src/cnn/data_probe/output/probe_00331_spk10.wav,번호는 오팔오이삼구팔육팔공입니다.,5852398680,,male,spk10,probe_cont_10,probe,1,3.68,10,1,10,sentence,continuous,0.021999105500678223,0.008973572604968165,0.009314742870628834,0.027998188510537148,0.028684385120868683,0.021999105500678223
probe_00332_spk11.wav,/home/hye0n/projects/cnn-based-audio-pii-classification/src/cnn/data_probe/output/probe_00332_spk11.wav,번호는 공공이오칠팔칠이구팔입니다.,0025787298,,female,spk11,probe_cont_10,probe,1,3.52,10,1,10,sentence,continuous,0.1484228397409121,0.03494881974377362,0.11542481929063797,0.19678841531276703,0.13305528461933136,0.1484228397409121
probe_00333_spk12.wav,/home/hye0n/projects/cnn-based-audio-pii-classification/src/cnn/data_probe/output/probe_00333_spk12.wav,번호는 이오구오이육구사구오입니다.,2595269495,,male,spk12,probe_cont_10,probe,1,2.48,10,1,10,sentence,continuous,0.07568910717964172,0.03578256244229287,0.06836849451065063,0.12271292507648468,0.035985901951789856,0.07568910717964172
probe_00334_spk13.wav,/home/hye0n/projects/cnn-based-audio-pii-classification/src/cnn/data_probe/output/probe_00334_spk13.wav,번호는 팔팔팔칠구사칠공오오입니다.,8887947055,,male,spk13,probe_cont_10,probe,1,3.52,10,1,10,sentence,continuous,0.4772595365842183,0.10885774486209715,0.49601632356643677,0.3355514407157898,0.6002108454704285,0.4772595365842183
probe_00335_spk14.wav,/home/hye0n/projects/cnn-based-audio-pii-classification/src/cnn/data_probe/output/probe_00335_spk14.wav,번호는 일육구사공구칠사구구입니다.,1694097499,,female,spk14,probe_cont_10,probe,1,3.36,10,1,10,sentence,continuous,0.017334163499375183,0.0037217621718449406,0.01228379923850298,0.018575742840766907,0.021142948418855667,0.017334163499375183
probe_00336_spk01.wav,/home/hye0n/projects/cnn-based-audio-pii-classification/src/cnn/data_probe/output/probe_00336_spk01.wav,번호는 삼공구칠이팔구육이삼입니다.,3097289623,,female,spk01,probe_cont_10,probe,1,3.12,10,1,10,sentence,continuous,0.1633775681257248,0.0946685852246767,0.03672325611114502,0.18912513554096222,0.26428431272506714,0.1633775681257248
probe_00337_spk02.wav,/home/hye0n/projects/cnn-based-audio-pii-classification/src/cnn/data_probe/output/probe_00337_spk02.wav,번호는 공구일삼공칠오육이육입니다.,0913075626,,male,spk02,probe_cont_10,probe,1,2.88,10,1,10,sentence,continuous,0.12965353795637688,0.08185520627856312,0.01547908689826727,0.1702011674642563,0.20328035950660706,0.12965353795637688
probe_00338_spk03.wav,/home/hye0n/projects/cnn-based-audio-pii-classification/src/cnn/data_probe/output/probe_00338_spk03.wav,번호는 삼육팔구칠공이팔삼팔입니다.,3689702838,,female,spk03,probe_cont_10,probe,1,3.6,10,1,10,sentence,continuous,0.08071407955139875,0.050811956678265977,0.00942197535187006,0.10855889320373535,0.12416137009859085,0.08071407955139875
probe_00339_spk04.wav,/home/hye0n/projects/cnn-based-audio-pii-classification/src/cnn/data_probe/output/probe_00339_spk04.wav,번호는 오칠팔육오이칠팔오팔입니다.,5786527858,,male,spk04,probe_cont_10,probe,1,3.36,10,1,10,sentence,continuous,0.4836720625559489,0.2356919402642039,0.1685492992401123,0.5471628904342651,0.7353039979934692,0.4836720625559489
probe_00340_spk05.wav,/home/hye0n/projects/cnn-based-audio-pii-classification/src/cnn/data_probe/output/probe_00340_spk05.wav,번호는 오사구칠삼삼사팔사삼입니다.,5497334843,,female,spk05,probe_cont_10,probe,1,3.2,10,1,10,sentence,continuous,0.599782129128774,0.1854704725024799,0.33863455057144165,0.7515785694122314,0.7091332674026489,0.599782129128774
probe_00341_spk06.wav,/home/hye0n/projects/cnn-based-audio-pii-classification/src/cnn/data_probe/output/probe_00341_spk06.wav,번호는 사사삼칠오칠오팔사사입니다.,4437575844,,male,spk06,probe_cont_10,probe,1,2.96,10,1,10,sentence,continuous,0.01282671932131052,0.00062231799614054,0.01204731222242117,0.012862427160143852,0.013570418581366539,0.01282671932131052
probe_00342_spk07.wav,/home/hye0n/projects/cnn-based-audio-pii-classification/src/cnn/data_probe/output/probe_00342_spk07.wav,번호는 일구팔육육오이사공사입니다.,1986652404,,female,spk07,probe_cont_10,probe,1,3.6,10,1,10,sentence,continuous,0.19756240708132586,0.1384933120941446,0.019144253805279732,0.21680136024951935,0.35674160718917847,0.19756240708132586
probe_00343_spk08.wav,/home/hye0n/projects/cnn-based-audio-pii-classification/src/cnn/data_probe/output/probe_00343_spk08.wav,번호는 일오칠사칠삼삼팔사팔입니다.,1574733848,,male,spk08,probe_cont_10,probe,1,3.12,10,1,10,sentence,continuous,0.7105477452278137,0.15579658175850594,0.5023414492607117,0.8770725727081299,0.7522292137145996,0.7105477452278137
probe_00344_spk09.wav,/home/hye0n/projects/cnn-based-audio-pii-classification/src/cnn/data_probe/output/probe_00344_spk09.wav,번호는 사이일구구삼삼공팔삼입니다.,4219933083,,female,spk09,probe_cont_10,probe,1,3.2,10,1,10,sentence,continuous,0.11690227190653484,0.08379738835133371,0.03852798789739609,0.23307062685489655,0.07910820096731186,0.11690227190653484
probe_00345_spk10.wav,/home/hye0n/projects/cnn-based-audio-pii-classification/src/cnn/data_probe/output/probe_00345_spk10.wav,번호는 삼공일육오칠일이공팔입니다.,3016571208,,male,spk10,probe_cont_10,probe,1,3.28,10,1,10,sentence,continuous,0.016659953631460667,0.005319595991686455,0.012544660829007626,0.024171536788344383,0.013263663277029991,0.016659953631460667
probe_00346_spk11.wav,/home/hye0n/projects/cnn-based-audio-pii-classification/src/cnn/data_probe/output/probe_00346_spk11.wav,번호는 이육칠칠삼사오사공일입니다.,2677345401,,female,spk11,probe_cont_10,probe,1,3.36,10,1,10,sentence,continuous,0.7808750669161478,0.15598658671741814,0.5677271485328674,0.9366800785064697,0.8382179737091064,0.7808750669161478
probe_00347_spk12.wav,/home/hye0n/projects/cnn-based-audio-pii-classification/src/cnn/data_probe/output/probe_00347_spk12.wav,번호는 구삼팔공이육이공육칠입니다.,9380262067,,male,spk12,probe_cont_10,probe,1,2.72,10,1,10,sentence,continuous,0.0729672908782959,0.030575645246718065,0.059677090495824814,0.11524710804224014,0.04397767409682274,0.0729672908782959
probe_00348_spk13.wav,/home/hye0n/projects/cnn-based-audio-pii-classification/src/cnn/data_probe/output/probe_00348_spk13.wav,번호는 이사공공사구구일오사입니다.,2400499154,,male,spk13,probe_cont_10,probe,1,2.88,10,1,10,sentence,continuous,0.26329442858695984,0.057980866456565194,0.1826615035533905,0.31651127338409424,0.2907105088233948,0.26329442858695984
probe_00349_spk14.wav,/home/hye0n/projects/cnn-based-audio-pii-classification/src/cnn/data_probe/output/probe_00349_spk14.wav,번호는 칠팔팔칠이팔칠사삼일입니다.,7887287431,,female,spk14,probe_cont_10,probe,1,3.76,10,1,10,sentence,continuous,0.43010294685761136,0.24615122486942434,0.10723010450601578,0.7042357921600342,0.47884294390678406,0.43010294685761136
probe_00350_spk01.wav,/home/hye0n/projects/cnn-based-audio-pii-classification/src/cnn/data_probe/output/probe_00350_spk01.wav,번호는 오이칠사이공오사구삼입니다.,5274205493,,female,spk01,probe_cont_10,probe,1,3.2,10,1,10,sentence,continuous,0.23312746485074362,0.11418134698215703,0.11398833990097046,0.38709232211112976,0.19830173254013062,0.23312746485074362
probe_00351_spk02.wav,/home/hye0n/projects/cnn-based-audio-pii-classification/src/cnn/data_probe/output/probe_00351_spk02.wav,번호는 이구육육팔오일육일이입니다.,2966851612,,male,spk02,probe_cont_10,probe,1,2.8,10,1,10,sentence,continuous,0.019213897176086903,0.009176082502573908,0.009303844533860683,0.03142453357577324,0.016913313418626785,0.019213897176086903
probe_00352_spk03.wav,/home/hye0n/projects/cnn-based-audio-pii-classification/src/cnn/data_probe/output/probe_00352_spk03.wav,번호는 이칠오삼공사육삼칠사입니다.,2753046374,,female,spk03,probe_cont_10,probe,1,3.52,10,1,10,sentence,continuous,0.3215423847238223,0.20273019410319393,0.0714072659611702,0.5679508447647095,0.32526904344558716,0.3215423847238223
probe_00353_spk04.wav,/home/hye0n/projects/cnn-based-audio-pii-classification/src/cnn/data_probe/output/probe_00353_spk04.wav,번호는 오사구구공사오삼공일입니다.,5499045301,,male,spk04,probe_cont_10,probe,1,2.8,10,1,10,sentence,continuous,0.0747525580227375,0.043542164031082575,0.020309213548898697,0.12689052522182465,0.07705793529748917,0.0747525580227375
probe_00354_spk05.wav,/home/hye0n/projects/cnn-based-audio-pii-classification/src/cnn/data_probe/output/probe_00354_spk05.wav,번호는 칠사이육팔사일사오구입니다.,7426841459,,female,spk05,probe_cont_10,probe,1,2.88,10,1,10,sentence,continuous,0.2119763841231664,0.11599092501142108,0.3672960698604584,0.18000777065753937,0.08862531185150146,0.2119763841231664
probe_00355_spk06.wav,/home/hye0n/projects/cnn-based-audio-pii-classification/src/cnn/data_probe/output/probe_00355_spk06.wav,번호는 삼삼이칠이칠구오육팔입니다.,3327279568,,male,spk06,probe_cont_10,probe,1,3.2,10,1,10,sentence,continuous,0.021338654371599357,0.0059688560815441905,0.012944626621901989,0.026307735592126846,0.024763600900769234,0.021338654371599357
probe_00356_spk07.wav,/home/hye0n/projects/cnn-based-audio-pii-classification/src/cnn/data_probe/output/probe_00356_spk07.wav,번호는 칠팔삼삼구일팔칠팔오입니다.,7833918785,,female,spk07,probe_cont_10,probe,1,3.04,10,1,10,sentence,continuous,0.5573434780041376,0.3629696180552452,0.06104068458080292,0.9189984798431396,0.6919912695884705,0.5573434780041376
probe_00357_spk08.wav,/home/hye0n/projects/cnn-based-audio-pii-classification/src/cnn/data_probe/output/probe_00357_spk08.wav,번호는 일구일공팔팔삼구팔이입니다.,1910883982,,male,spk08,probe_cont_10,probe,1,3.44,10,1,10,sentence,continuous,0.6528613567352295,0.08558485004796243,0.6970376968383789,0.533184826374054,0.7283615469932556,0.6528613567352295
probe_00358_spk09.wav,/home/hye0n/projects/cnn-based-audio-pii-classification/src/cnn/data_probe/output/probe_00358_spk09.wav,번호는 이오팔칠일삼구칠일팔입니다.,2587139718,,female,spk09,probe_cont_10,probe,1,3.2,10,1,10,sentence,continuous,0.5743707716464996,0.12774130818473978,0.6675872206687927,0.6617766618728638,0.3937484323978424,0.5743707716464996
probe_00359_spk10.wav,/home/hye0n/projects/cnn-based-audio-pii-classification/src/cnn/data_probe/output/probe_00359_spk10.wav,번호는 칠공칠이팔육칠구공팔입니다.,7072867908,,male,spk10,probe_cont_10,probe,1,3.04,10,1,10,sentence,continuous,0.005622051656246185,0.0014059012359343775,0.004482567310333252,0.0047807591035962105,0.0076028285548090935,0.005622051656246185
probe_00360_spk11.wav,/home/hye0n/projects/cnn-based-audio-pii-classification/src/cnn/data_probe/output/probe_00360_spk11.wav,번호는 칠사공육사공삼구일공입니다.,7406403910,,female,spk11,probe_cont_10,probe,1,4.0,10,1,10,sentence,continuous,0.08082196116447449,0.028177652189187285,0.05190196633338928,0.11902423202991486,0.07153968513011932,0.08082196116447449
probe_00361_spk12.wav,/home/hye0n/projects/cnn-based-audio-pii-classification/src/cnn/data_probe/output/probe_00361_spk12.wav,번호는 육오일팔공일칠공사육입니다.,6518017046,,male,spk12,probe_cont_10,probe,1,2.64,10,1,10,sentence,continuous,0.02772646335264047,0.02346263146424167,0.008884542621672153,0.06080073490738869,0.013494112528860569,0.02772646335264047
probe_00362_spk13.wav,/home/hye0n/projects/cnn-based-audio-pii-classification/src/cnn/data_probe/output/probe_00362_spk13.wav,번호는 이이육오육칠육육일팔입니다.,2265676618,,male,spk13,probe_cont_10,probe,1,4.0,10,1,10,sentence,continuous,0.0738262099524339,0.01834373251544699,0.09434912353754044,0.0498226173222065,0.07730688899755478,0.0738262099524339
probe_00363_spk14.wav,/home/hye0n/projects/cnn-based-audio-pii-classification/src/cnn/data_probe/output/probe_00363_spk14.wav,번호는 이오일이팔육팔이삼공입니다.,2512868230,,female,spk14,probe_cont_10,probe,1,3.28,10,1,10,sentence,continuous,0.3053099463383357,0.14344899996041557,0.5005130171775818,0.2555440068244934,0.15987281501293182,0.3053099463383357
probe_00364_spk01.wav,/home/hye0n/projects/cnn-based-audio-pii-classification/src/cnn/data_probe/output/probe_00364_spk01.wav,번호는 공사칠팔육팔육삼삼칠입니다.,0478686337,,female,spk01,probe_cont_10,probe,1,3.84,10,1,10,sentence,continuous,0.6733828584353129,0.10260180445355968,0.6073814034461975,0.5944749116897583,0.8182922601699829,0.6733828584353129
probe_00365_spk02.wav,/home/hye0n/projects/cnn-based-audio-pii-classification/src/cnn/data_probe/output/probe_00365_spk02.wav,번호는 오이사삼일공육구공삼입니다.,5243106903,,male,spk02,probe_cont_10,probe,1,3.2,10,1,10,sentence,continuous,0.5950179696083069,0.1815221110938539,0.4119284749031067,0.8423962593078613,0.5307291746139526,0.5950179696083069
probe_00366_spk03.wav,/home/hye0n/projects/cnn-based-audio-pii-classification/src/cnn/data_probe/output/probe_00366_spk03.wav,번호는 삼일일구공칠구공삼공입니다.,3119079030,,female,spk03,probe_cont_10,probe,1,3.44,10,1,10,sentence,continuous,0.9468225240707397,0.008687524726935148,0.935268759727478,0.9562177658081055,0.9489810466766357,0.9468225240707397
probe_00367_spk04.wav,/home/hye0n/projects/cnn-based-audio-pii-classification/src/cnn/data_probe/output/probe_00367_spk04.wav,번호는 육칠삼팔삼공이팔사삼입니다.,6738302843,,male,spk04,probe_cont_10,probe,1,3.68,10,1,10,sentence,continuous,0.8614659706751505,0.03615250048957408,0.9024104475975037,0.8144764304161072,0.8675110340118408,0.8614659706751505
probe_00368_spk05.wav,/home/hye0n/projects/cnn-based-audio-pii-classification/src/cnn/data_probe/output/probe_00368_spk05.wav,번호는 구오구구오삼사이팔삼입니다.,9599534283,,female,spk05,probe_cont_10,probe,1,3.12,10,1,10,sentence,continuous,0.13960749904314676,0.09937073301162552,0.042327724397182465,0.276078462600708,0.10041631013154984,0.13960749904314676
probe_00369_spk06.wav,/home/hye0n/projects/cnn-based-audio-pii-classification/src/cnn/data_probe/output/probe_00369_spk06.wav,번호는 육사사공팔구이육팔칠입니다.,6440892687,,male,spk06,probe_cont_10,probe,1,2.48,10,1,10,sentence,continuous,0.00800613205259045,0.003732149335286278,0.013031438924372196,0.004095935728400946,0.006891021504998207,0.00800613205259045
probe_00370_spk07.wav,/home/hye0n/projects/cnn-based-audio-pii-classification/src/cnn/data_probe/output/probe_00370_spk07.wav,번호는 공오육팔오육육이사육입니다.,0568566246,,female,spk07,probe_cont_10,probe,1,2.8,10,1,10,sentence,continuous,0.14969810346762338,0.02339196994525817,0.1320851743221283,0.13425348699092865,0.18275564908981323,0.14969810346762338
probe_00371_spk08.wav,/home/hye0n/projects/cnn-based-audio-pii-classification/src/cnn/data_probe/output/probe_00371_spk08.wav,번호는 이팔칠삼삼사이칠공팔입니다.,2873342708,,male,spk08,probe_cont_10,probe,1,3.84,10,1,10,sentence,continuous,0.787056048711141,0.09372930345599088,0.8564996123313904,0.8501144647598267,0.6545540690422058,0.787056048711141
probe_00372_spk09.wav,/home/hye0n/projects/cnn-based-audio-pii-classification/src/cnn/data_probe/output/probe_00372_spk09.wav,번호는 육육팔팔이육삼사삼오입니다.,6688263435,,female,spk09,probe_cont_10,probe,1,2.8,10,1,10,sentence,continuous,0.02110971479366223,0.007565491927073831,0.013740842230618,0.03151202201843262,0.018076280131936073,0.02110971479366223
probe_00373_spk10.wav,/home/hye0n/projects/cnn-based-audio-pii-classification/src/cnn/data_probe/output/probe_00373_spk10.wav,번호는 일칠오일팔삼공사육구입니다.,1751830469,,male,spk10,probe_cont_10,probe,1,2.56,10,1,10,sentence,continuous,0.37900132934252423,0.010855370272972278,0.3701893389225006,0.3725206255912781,0.39429402351379395,0.37900132934252423
probe_00374_spk11.wav,/home/hye0n/projects/cnn-based-audio-pii-classification/src/cnn/data_probe/output/probe_00374_spk11.wav,번호는 구공일삼구팔삼칠삼오입니다.,9013983735,,female,spk11,probe_cont_10,probe,1,4.4,10,1,10,sentence,continuous,0.6182854274908701,0.1794622297721043,0.3956957161426544,0.8351757526397705,0.6239848136901855,0.6182854274908701
probe_00375_spk12.wav,/home/hye0n/projects/cnn-based-audio-pii-classification/src/cnn/data_probe/output/probe_00375_spk12.wav,번호는 사공삼삼일칠삼구삼육입니다.,4033173936,,male,spk12,probe_cont_10,probe,1,3.68,10,1,10,sentence,continuous,0.33491286387046176,0.3019960705215334,0.10098990052938461,0.7613294720649719,0.1424192190170288,0.33491286387046176
probe_00376_spk13.wav,/home/hye0n/projects/cnn-based-audio-pii-classification/src/cnn/data_probe/output/probe_00376_spk13.wav,번호는 삼팔오사육칠팔오사사입니다.,3854678544,,male,spk13,probe_cont_10,probe,1,2.72,10,1,10,sentence,continuous,0.04550690700610479,0.03479396814658077,0.009876348078250885,0.09271228313446045,0.03393208980560303,0.04550690700610479
probe_00377_spk14.wav,/home/hye0n/projects/cnn-based-audio-pii-classification/src/cnn/data_probe/output/probe_00377_spk14.wav,번호는 오팔칠칠일칠오삼오오입니다.,5877175355,,female,spk14,probe_cont_10,probe,1,3.28,10,1,10,sentence,continuous,0.507445345322291,0.18940630726698302,0.38722994923591614,0.7748531103134155,0.3602529764175415,0.507445345322291
probe_00378_spk01.wav,/home/hye0n/projects/cnn-based-audio-pii-classification/src/cnn/data_probe/output/probe_00378_spk01.wav,번호는 육공구삼이공사팔구구입니다.,6093204899,,female,spk01,probe_cont_10,probe,1,3.36,10,1,10,sentence,continuous,0.0831362543006738,0.06773299908456293,0.011232104152441025,0.0642797201871872,0.1738969385623932,0.0831362543006738
probe_00379_spk02.wav,/home/hye0n/projects/cnn-based-audio-pii-classification/src/cnn/data_probe/output/probe_00379_spk02.wav,번호는 육사이삼오삼육구삼칠입니다.,6423536937,,male,spk02,probe_cont_10,probe,1,3.2,10,1,10,sentence,continuous,0.3709629625082016,0.17678844940900992,0.22030751407146454,0.6190866231918335,0.27349475026130676,0.3709629625082016
probe_00380_spk03.wav,/home/hye0n/projects/cnn-based-audio-pii-classification/src/cnn/data_probe/output/probe_00380_spk03.wav,번호는 팔오사칠칠칠이오이이입니다.,8547772522,,female,spk03,probe_cont_10,probe,1,3.44,10,1,10,sentence,continuous,0.856664776802063,0.0116401755578941,0.8640114665031433,0.865749180316925,0.8402336835861206,0.856664776802063
probe_00381_spk04.wav,/home/hye0n/projects/cnn-based-audio-pii-classification/src/cnn/data_probe/output/probe_00381_spk04.wav,번호는 팔칠이팔공팔공일공공입니다.,8728080100,,male,spk04,probe_cont_10,probe,1,3.28,10,1,10,sentence,continuous,0.7847638527552286,0.06797727175026061,0.7292032241821289,0.880486249923706,0.7446020841598511,0.7847638527552286
probe_00382_spk05.wav,/home/hye0n/projects/cnn-based-audio-pii-classification/src/cnn/data_probe/output/probe_00382_spk05.wav,번호는 육이삼일이공삼팔칠오입니다.,6231203875,,female,spk05,probe_cont_10,probe,1,2.88,10,1,10,sentence,continuous,0.24108402927716574,0.020506244949147507,0.25734975934028625,0.2537436783313751,0.21215865015983582,0.24108402927716574
probe_00383_spk06.wav,/home/hye0n/projects/cnn-based-audio-pii-classification/src/cnn/data_probe/output/probe_00383_spk06.wav,번호는 공구구칠칠공공팔팔육입니다.,0997700886,,male,spk06,probe_cont_10,probe,1,2.8,10,1,10,sentence,continuous,0.01525014080107212,0.006551999910025695,0.007745060138404369,0.014296474866569042,0.02370888739824295,0.01525014080107212
probe_00384_spk07.wav,/home/hye0n/projects/cnn-based-audio-pii-classification/src/cnn/data_probe/output/probe_00384_spk07.wav,번호는 공공팔사팔사공팔육이입니다.,0084840862,,female,spk07,probe_cont_10,probe,1,3.52,10,1,10,sentence,continuous,0.6175944407780966,0.2184779417970299,0.3086729049682617,0.7671024203300476,0.7770079970359802,0.6175944407780966
probe_00385_spk08.wav,/home/hye0n/projects/cnn-based-audio-pii-classification/src/cnn/data_probe/output/probe_00385_spk08.wav,번호는 일일팔이삼삼구팔사오입니다.,1182339845,,male,spk08,probe_cont_10,probe,1,3.12,10,1,10,sentence,continuous,0.1524743859966596,0.03545338251671956,0.1057639792561531,0.19160985946655273,0.16004931926727295,0.1524743859966596
probe_00386_spk09.wav,/home/hye0n/projects/cnn-based-audio-pii-classification/src/cnn/data_probe/output/probe_00386_spk09.wav,번호는 사육일오육칠구삼삼사입니다.,4615679334,,female,spk09,probe_cont_10,probe,1,3.2,10,1,10,sentence,continuous,0.5257696658372879,0.21825175209621084,0.5992909669876099,0.7486177682876587,0.22940026223659515,0.5257696658372879
probe_00387_spk10.wav,/home/hye0n/projects/cnn-based-audio-pii-classification/src/cnn/data_probe/output/probe_00387_spk10.wav,번호는 일공일육육육팔칠공공입니다.,1016668700,,male,spk10,probe_cont_10,probe,1,2.88,10,1,10,sentence,continuous,0.10335827494661014,0.07678051435093085,0.025263119488954544,0.207741379737854,0.07707032561302185,0.10335827494661014
probe_00388_spk11.wav,/home/hye0n/projects/cnn-based-audio-pii-classification/src/cnn/data_probe/output/probe_00388_spk11.wav,번호는 이일칠육오구일팔공삼입니다.,2176591803,,female,spk11,probe_cont_10,probe,1,2.88,10,1,10,sentence,continuous,0.10531196494897206,0.04763748226061038,0.04815272241830826,0.164772167801857,0.10301100462675095,0.10531196494897206
probe_00389_spk12.wav,/home/hye0n/projects/cnn-based-audio-pii-classification/src/cnn/data_probe/output/probe_00389_spk12.wav,번호는 삼구칠사공일사팔구공입니다.,3974014890,,male,spk12,probe_cont_10,probe,1,3.2,10,1,10,sentence,continuous,0.3469625401000182,0.2078893104624424,0.06011435016989708,0.54620361328125,0.43456965684890747,0.3469625401000182
probe_00390_spk13.wav,/home/hye0n/projects/cnn-based-audio-pii-classification/src/cnn/data_probe/output/probe_00390_spk13.wav,번호는 이오공삼구이육일사이입니다.,2503926142,,male,spk13,probe_cont_10,probe,1,4.16,10,1,10,sentence,continuous,0.10004433989524841,0.04893849630563103,0.10721446573734283,0.1560739278793335,0.03684462606906891,0.10004433989524841
probe_00391_spk14.wav,/home/hye0n/projects/cnn-based-audio-pii-classification/src/cnn/data_probe/output/probe_00391_spk14.wav,번호는 구삼구육팔오육이일팔입니다.,9396856218,,female,spk14,probe_cont_10,probe,1,3.28,10,1,10,sentence,continuous,0.5846137702465057,0.19758685234574644,0.3068144619464874,0.7496190667152405,0.6974077820777893,0.5846137702465057
probe_00392_spk01.wav,/home/hye0n/projects/cnn-based-audio-pii-classification/src/cnn/data_probe/output/probe_00392_spk01.wav,번호는 오공일육삼일오구구구입니다.,5016315999,,female,spk01,probe_cont_10,probe,1,3.44,10,1,10,sentence,continuous,0.1915390988190969,0.01157846257125428,0.17712713778018951,0.2054765522480011,0.19201360642910004,0.1915390988190969
probe_00393_spk02.wav,/home/hye0n/projects/cnn-based-audio-pii-classification/src/cnn/data_probe/output/probe_00393_spk02.wav,번호는 육오공사칠칠삼오팔육입니다.,6504773586,,male,spk02,probe_cont_10,probe,1,3.6,10,1,10,sentence,continuous,0.46851039429505664,0.18737581415286314,0.23466922342777252,0.6933813095092773,0.4774806499481201,0.46851039429505664
probe_00394_spk03.wav,/home/hye0n/projects/cnn-based-audio-pii-classification/src/cnn/data_probe/output/probe_00394_spk03.wav,번호는 육이구육일구사삼일일입니다.,6296194311,,female,spk03,probe_cont_10,probe,1,4.0,10,1,10,sentence,continuous,0.1659670372804006,0.08367157121741686,0.04942448437213898,0.2064964771270752,0.2419801503419876,0.1659670372804006
probe_00395_spk04.wav,/home/hye0n/projects/cnn-based-audio-pii-classification/src/cnn/data_probe/output/probe_00395_spk04.wav,번호는 사이육이육오오일일공입니다.,4262655110,,male,spk04,probe_cont_10,probe,1,2.8,10,1,10,sentence,continuous,0.7120572527249655,0.12135921650449279,0.6498982310295105,0.8816801905632019,0.6045933365821838,0.7120572527249655
probe_00396_spk05.wav,/home/hye0n/projects/cnn-based-audio-pii-classification/src/cnn/data_probe/output/probe_00396_spk05.wav,번호는 사칠오사일이일이육칠입니다.,4754121267,,female,spk05,probe_cont_10,probe,1,2.72,10,1,10,sentence,continuous,0.3407807598511378,0.15271352170013056,0.2658510208129883,0.5536630749702454,0.20282818377017975,0.3407807598511378
probe_00397_spk06.wav,/home/hye0n/projects/cnn-based-audio-pii-classification/src/cnn/data_probe/output/probe_00397_spk06.wav,번호는 팔팔팔육일공일오팔일입니다.,8886101581,,male,spk06,probe_cont_10,probe,1,3.44,10,1,10,sentence,continuous,0.03624566209812959,0.00813910460899436,0.045876916497945786,0.03688867390155792,0.025971395894885063,0.03624566209812959
probe_00398_spk07.wav,/home/hye0n/projects/cnn-based-audio-pii-classification/src/cnn/data_probe/output/probe_00398_spk07.wav,번호는 구구오육공사육육일팔입니다.,9956046618,,female,spk07,probe_cont_10,probe,1,3.6,10,1,10,sentence,continuous,0.0819611760477225,0.04513760951059439,0.02049821987748146,0.0977650135755539,0.12762029469013214,0.0819611760477225
probe_00399_spk08.wav,/home/hye0n/projects/cnn-based-audio-pii-classification/src/cnn/data_probe/output/probe_00399_spk08.wav,번호는 삼구팔이육이이사사사입니다.,3982622444,,male,spk08,probe_cont_10,probe,1,2.88,10,1,10,sentence,continuous,0.2732177823781967,0.10445049525095512,0.2587854862213135,0.15312077105045319,0.4077470898628235,0.2732177823781967
probe_00400_spk09.wav,/home/hye0n/projects/cnn-based-audio-pii-classification/src/cnn/data_probe/output/probe_00400_spk09.wav,번호는 칠이일이육사육사칠일오사입니다.,721264647154,,female,spk09,probe_cont_12,probe,1,3.6,12,1,12,sentence,continuous,0.888035515944163,0.07425371705736486,0.9439846277236938,0.9370200037956238,0.7831019163131714,0.888035515944163
probe_00401_spk10.wav,/home/hye0n/projects/cnn-based-audio-pii-classification/src/cnn/data_probe/output/probe_00401_spk10.wav,번호는 삼칠구구삼칠일이사공육오입니다.,379937124065,,male,spk10,probe_cont_12,probe,1,3.52,12,1,12,sentence,continuous,0.08828871697187424,0.018227598980435394,0.06708741188049316,0.0861910805106163,0.11158765852451324,0.08828871697187424
probe_00402_spk11.wav,/home/hye0n/projects/cnn-based-audio-pii-classification/src/cnn/data_probe/output/probe_00402_spk11.wav,번호는 구육오칠오육구이사오구삼입니다.,965756924593,,female,spk11,probe_cont_12,probe,1,3.92,12,1,12,sentence,continuous,0.4418102006117503,0.197474381861948,0.6907592415809631,0.42693713307380676,0.20773422718048096,0.4418102006117503
probe_00403_spk12.wav,/home/hye0n/projects/cnn-based-audio-pii-classification/src/cnn/data_probe/output/probe_00403_spk12.wav,번호는 칠오이육오사칠구삼오육사입니다.,752654793564,,male,spk12,probe_cont_12,probe,1,3.36,12,1,12,sentence,continuous,0.010247552146514257,0.0025376904061723765,0.007265367545187473,0.013467730954289436,0.01000955794006586,0.010247552146514257
probe_00404_spk13.wav,/home/hye0n/projects/cnn-based-audio-pii-classification/src/cnn/data_probe/output/probe_00404_spk13.wav,번호는 육오일구삼구팔이팔공칠삼입니다.,651939828073,,male,spk13,probe_cont_12,probe,1,3.52,12,1,12,sentence,continuous,0.3681391427914302,0.12613955249929562,0.20479737222194672,0.5119097828865051,0.3877102732658386,0.3681391427914302
probe_00405_spk14.wav,/home/hye0n/projects/cnn-based-audio-pii-classification/src/cnn/data_probe/output/probe_00405_spk14.wav,번호는 칠사일육칠이사삼사이육육입니다.,741672434266,,female,spk14,probe_cont_12,probe,1,3.52,12,1,12,sentence,continuous,0.733627438545227,0.11951366600400708,0.8193499445915222,0.8169169425964355,0.5646154284477234,0.733627438545227
probe_00406_spk01.wav,/home/hye0n/projects/cnn-based-audio-pii-classification/src/cnn/data_probe/output/probe_00406_spk01.wav,번호는 일칠구칠구육팔팔육팔공오입니다.,179796886805,,female,spk01,probe_cont_12,probe,1,3.68,12,1,12,sentence,continuous,0.9213306307792664,0.06636370663796701,0.8281869888305664,0.9778728485107422,0.9579320549964905,0.9213306307792664
probe_00407_spk02.wav,/home/hye0n/projects/cnn-based-audio-pii-classification/src/cnn/data_probe/output/probe_00407_spk02.wav,번호는 팔구일일삼오이구공구육오입니다.,891135290965,,male,spk02,probe_cont_12,probe,1,2.96,12,1,12,sentence,continuous,0.42895140250523883,0.16384275907259171,0.2688385546207428,0.6540580987930298,0.36395755410194397,0.42895140250523883
probe_00408_spk03.wav,/home/hye0n/projects/cnn-based-audio-pii-classification/src/cnn/data_probe/output/probe_00408_spk03.wav,번호는 육일공일사삼팔팔팔구구삼입니다.,610143888993,,female,spk03,probe_cont_12,probe,1,3.92,12,1,12,sentence,continuous,0.9550853570302328,0.042183790622062164,0.8954355120658875,0.9857041835784912,0.9841163754463196,0.9550853570302328
probe_00409_spk04.wav,/home/hye0n/projects/cnn-based-audio-pii-classification/src/cnn/data_probe/output/probe_00409_spk04.wav,번호는 칠오육칠구팔이오공칠일사입니다.,756798250714,,male,spk04,probe_cont_12,probe,1,3.44,12,1,12,sentence,continuous,0.9474599162737528,0.024522604782443023,0.9140711426734924,0.9560346007347107,0.9722740054130554,0.9474599162737528
probe_00410_spk05.wav,/home/hye0n/projects/cnn-based-audio-pii-classification/src/cnn/data_probe/output/probe_00410_spk05.wav,번호는 육일일이오사오칠삼팔칠오입니다.,611254573875,,female,spk05,probe_cont_12,probe,1,3.6,12,1,12,sentence,continuous,0.9059459169705709,0.06056018007431489,0.9506489634513855,0.9468599557876587,0.8203288316726685,0.9059459169705709
probe_00411_spk06.wav,/home/hye0n/projects/cnn-based-audio-pii-classification/src/cnn/data_probe/output/probe_00411_spk06.wav,번호는 칠일칠칠오일사공일공오일입니다.,717751401051,,male,spk06,probe_cont_12,probe,1,2.96,12,1,12,sentence,continuous,0.08100325117508571,0.018521722831363104,0.06085684895515442,0.10557380318641663,0.07657910138368607,0.08100325117508571
probe_00412_spk07.wav,/home/hye0n/projects/cnn-based-audio-pii-classification/src/cnn/data_probe/output/probe_00412_spk07.wav,번호는 이삼팔이팔이오팔육칠삼육입니다.,238282586736,,female,spk07,probe_cont_12,probe,1,3.52,12,1,12,sentence,continuous,0.9228293697039286,0.011670634987796868,0.9080818891525269,0.9366210103034973,0.9237852096557617,0.9228293697039286
probe_00413_spk08.wav,/home/hye0n/projects/cnn-based-audio-pii-classification/src/cnn/data_probe/output/probe_00413_spk08.wav,번호는 이이육육공구삼칠구육육공입니다.,226609379660,,male,spk08,probe_cont_12,probe,1,4.0,12,1,12,sentence,continuous,0.8360269864400228,0.11519011307537994,0.9316598773002625,0.67400062084198,0.9024204611778259,0.8360269864400228
probe_00414_spk09.wav,/home/hye0n/projects/cnn-based-audio-pii-classification/src/cnn/data_probe/output/probe_00414_spk09.wav,번호는 삼삼사일구일팔이오오삼칠입니다.,334191825537,,female,spk09,probe_cont_12,probe,1,3.36,12,1,12,sentence,continuous,0.7781713207562765,0.1564930716458164,0.5618013143539429,0.926644504070282,0.8460681438446045,0.7781713207562765
probe_00415_spk10.wav,/home/hye0n/projects/cnn-based-audio-pii-classification/src/cnn/data_probe/output/probe_00415_spk10.wav,번호는 일사칠팔오구육구육구일오입니다.,147859696915,,male,spk10,probe_cont_12,probe,1,2.72,12,1,12,sentence,continuous,0.5055722569425901,0.316445779165031,0.09001963585615158,0.8572023510932922,0.5694947838783264,0.5055722569425901
probe_00416_spk11.wav,/home/hye0n/projects/cnn-based-audio-pii-classification/src/cnn/data_probe/output/probe_00416_spk11.wav,번호는 오칠구이사구구일이오일삼입니다.,579249912513,,female,spk11,probe_cont_12,probe,1,3.12,12,1,12,sentence,continuous,0.8420178294181824,0.06994293300152,0.7541714310646057,0.8465674519538879,0.9253146052360535,0.8420178294181824
probe_00417_spk12.wav,/home/hye0n/projects/cnn-based-audio-pii-classification/src/cnn/data_probe/output/probe_00417_spk12.wav,번호는 사일이오이팔육육구이구육입니다.,412528669296,,male,spk12,probe_cont_12,probe,1,3.36,12,1,12,sentence,continuous,0.46655722459157306,0.09741978639016424,0.5050864219665527,0.3327389359474182,0.5618463158607483,0.46655722459157306
probe_00418_spk13.wav,/home/hye0n/projects/cnn-based-audio-pii-classification/src/cnn/data_probe/output/probe_00418_spk13.wav,번호는 육이칠팔이팔이칠사이이오입니다.,627828274225,,male,spk13,probe_cont_12,probe,1,2.72,12,1,12,sentence,continuous,0.026503389390806358,0.00843261261765547,0.015461266972124577,0.03592535853385925,0.02812354266643524,0.026503389390806358
probe_00419_spk14.wav,/home/hye0n/projects/cnn-based-audio-pii-classification/src/cnn/data_probe/output/probe_00419_spk14.wav,번호는 칠구공오공칠이삼육팔팔칠입니다.,790507236887,,female,spk14,probe_cont_12,probe,1,3.6,12,1,12,sentence,continuous,0.6055621405442556,0.17425592639580617,0.35914018750190735,0.7309771180152893,0.7265691161155701,0.6055621405442556
probe_00420_spk01.wav,/home/hye0n/projects/cnn-based-audio-pii-classification/src/cnn/data_probe/output/probe_00420_spk01.wav,번호는 육칠육칠칠이일구공삼사공입니다.,676772190340,,female,spk01,probe_cont_12,probe,1,3.84,12,1,12,sentence,continuous,0.9789846142133077,0.007823015334504661,0.968265175819397,0.9867148995399475,0.9819737672805786,0.9789846142133077
probe_00421_spk02.wav,/home/hye0n/projects/cnn-based-audio-pii-classification/src/cnn/data_probe/output/probe_00421_spk02.wav,번호는 사삼팔사이칠구칠팔팔일구입니다.,438427978819,,male,spk02,probe_cont_12,probe,1,3.6,12,1,12,sentence,continuous,0.9029867251714071,0.03888267569218525,0.9471749067306519,0.9092360138893127,0.8525492548942566,0.9029867251714071
probe_00422_spk03.wav,/home/hye0n/projects/cnn-based-audio-pii-classification/src/cnn/data_probe/output/probe_00422_spk03.wav,번호는 일사팔오팔공칠팔삼육일삼입니다.,148580783613,,female,spk03,probe_cont_12,probe,1,3.76,12,1,12,sentence,continuous,0.7213315566380819,0.1298667686002083,0.5542622208595276,0.8709263801574707,0.7388060688972473,0.7213315566380819
probe_00423_spk04.wav,/home/hye0n/projects/cnn-based-audio-pii-classification/src/cnn/data_probe/output/probe_00423_spk04.wav,번호는 사공칠사오일칠일삼삼구오입니다.,407451713395,,male,spk04,probe_cont_12,probe,1,3.44,12,1,12,sentence,continuous,0.8435232241948446,0.0624277044324029,0.7553799748420715,0.8919426202774048,0.8832470774650574,0.8435232241948446
probe_00424_spk05.wav,/home/hye0n/projects/cnn-based-audio-pii-classification/src/cnn/data_probe/output/probe_00424_spk05.wav,번호는 구육이구이삼삼공구오팔사입니다.,962923309584,,female,spk05,probe_cont_12,probe,1,3.2,12,1,12,sentence,continuous,0.8343383471171061,0.07674469346713952,0.9410191774368286,0.7982901930809021,0.7637056708335876,0.8343383471171061
probe_00425_spk06.wav,/home/hye0n/projects/cnn-based-audio-pii-classification/src/cnn/data_probe/output/probe_00425_spk06.wav,번호는 구팔이오사사구사팔일이육입니다.,982544948126,,male,spk06,probe_cont_12,probe,1,2.72,12,1,12,sentence,continuous,0.21105957527955374,0.08630331373110496,0.29448795318603516,0.24649570882320404,0.092195063829422,0.21105957527955374
probe_00426_spk07.wav,/home/hye0n/projects/cnn-based-audio-pii-classification/src/cnn/data_probe/output/probe_00426_spk07.wav,번호는 공사이이삼이오삼육칠이구입니다.,042232536729,,female,spk07,probe_cont_12,probe,1,3.04,12,1,12,sentence,continuous,0.6018733978271484,0.020941267258621412,0.6261405348777771,0.5750383138656616,0.6044413447380066,0.6018733978271484
probe_00427_spk08.wav,/home/hye0n/projects/cnn-based-audio-pii-classification/src/cnn/data_probe/output/probe_00427_spk08.wav,번호는 사육육칠일일육팔사오칠칠입니다.,466711684577,,male,spk08,probe_cont_12,probe,1,3.68,12,1,12,sentence,continuous,0.9679857095082601,0.010747627941811836,0.9811076521873474,0.9547818303108215,0.9680676460266113,0.9679857095082601
probe_00428_spk09.wav,/home/hye0n/projects/cnn-based-audio-pii-classification/src/cnn/data_probe/output/probe_00428_spk09.wav,번호는 오구공일칠오일팔육삼육삼입니다.,590175186363,,female,spk09,probe_cont_12,probe,1,3.76,12,1,12,sentence,continuous,0.8144350449244181,0.08604196103868411,0.6927534341812134,0.8754092454910278,0.8751424551010132,0.8144350449244181
probe_00429_spk10.wav,/home/hye0n/projects/cnn-based-audio-pii-classification/src/cnn/data_probe/output/probe_00429_spk10.wav,번호는 칠사오사오팔구이구칠오공입니다.,745458929750,,male,spk10,probe_cont_12,probe,1,3.2,12,1,12,sentence,continuous,0.02610392930607001,0.015051202243777009,0.008312774822115898,0.04511949419975281,0.024879518896341324,0.02610392930607001
probe_00430_spk11.wav,/home/hye0n/projects/cnn-based-audio-pii-classification/src/cnn/data_probe/output/probe_00430_spk11.wav,번호는 공일칠공일이칠칠공육삼이입니다.,017012770632,,female,spk11,probe_cont_12,probe,1,4.24,12,1,12,sentence,continuous,0.9221179286638895,0.030920225403574766,0.9616270065307617,0.9185919165611267,0.8861348628997803,0.9221179286638895
probe_00431_spk12.wav,/home/hye0n/projects/cnn-based-audio-pii-classification/src/cnn/data_probe/output/probe_00431_spk12.wav,번호는 사이사일오사일오이공육사입니다.,424154152064,,male,spk12,probe_cont_12,probe,1,2.88,12,1,12,sentence,continuous,0.04825040822227796,0.03278401403760216,0.03282875195145607,0.0938270092010498,0.018095463514328003,0.04825040822227796
probe_00432_spk13.wav,/home/hye0n/projects/cnn-based-audio-pii-classification/src/cnn/data_probe/output/probe_00432_spk13.wav,번호는 삼육일일공삼칠일이구삼팔입니다.,361103712938,,male,spk13,probe_cont_12,probe,1,3.12,12,1,12,sentence,continuous,0.6975501279036204,0.14411278525888538,0.7867761850357056,0.8116247653961182,0.4942494332790375,0.6975501279036204
probe_00433_spk14.wav,/home/hye0n/projects/cnn-based-audio-pii-classification/src/cnn/data_probe/output/probe_00433_spk14.wav,번호는 칠공공오일육이칠일삼육일입니다.,700516271361,,female,spk14,probe_cont_12,probe,1,4.0,12,1,12,sentence,continuous,0.9235675930976868,0.039683854657134046,0.9706546068191528,0.9264687895774841,0.8735793828964233,0.9235675930976868
probe_00434_spk01.wav,/home/hye0n/projects/cnn-based-audio-pii-classification/src/cnn/data_probe/output/probe_00434_spk01.wav,번호는 일일오오사이육이이일팔구입니다.,115542622189,,female,spk01,probe_cont_12,probe,1,3.28,12,1,12,sentence,continuous,0.7287881374359131,0.0846550501927549,0.6516119241714478,0.8466390371322632,0.6881134510040283,0.7287881374359131
probe_00435_spk02.wav,/home/hye0n/projects/cnn-based-audio-pii-classification/src/cnn/data_probe/output/probe_00435_spk02.wav,번호는 공구이칠오삼이육구칠삼일입니다.,092753269731,,male,spk02,probe_cont_12,probe,1,4.08,12,1,12,sentence,continuous,0.9197700023651123,0.009512293435252192,0.9304139018058777,0.9215723872184753,0.9073237180709839,0.9197700023651123
probe_00436_spk03.wav,/home/hye0n/projects/cnn-based-audio-pii-classification/src/cnn/data_probe/output/probe_00436_spk03.wav,번호는 일이일구육오육오이삼사일입니다.,121965652341,,female,spk03,probe_cont_12,probe,1,3.92,12,1,12,sentence,continuous,0.8116651574770609,0.10497974641788109,0.6633363366127014,0.8803485631942749,0.8913105726242065,0.8116651574770609
probe_00437_spk04.wav,/home/hye0n/projects/cnn-based-audio-pii-classification/src/cnn/data_probe/output/probe_00437_spk04.wav,번호는 삼팔구구구사공사삼팔구팔입니다.,389994043898,,male,spk04,probe_cont_12,probe,1,3.92,12,1,12,sentence,continuous,0.6694020430246989,0.2662880979382867,0.3015391230583191,0.9231309294700623,0.7835360765457153,0.6694020430246989
probe_00438_spk05.wav,/home/hye0n/projects/cnn-based-audio-pii-classification/src/cnn/data_probe/output/probe_00438_spk05.wav,번호는 삼육사공삼칠육일삼칠구일입니다.,364037613791,,female,spk05,probe_cont_12,probe,1,3.52,12,1,12,sentence,continuous,0.9670316576957703,0.008398040466335145,0.9621384739875793,0.9788501858711243,0.9601063132286072,0.9670316576957703
probe_00439_spk06.wav,/home/hye0n/projects/cnn-based-audio-pii-classification/src/cnn/data_probe/output/probe_00439_spk06.wav,번호는 팔공오오이육구육오팔이칠입니다.,805526965827,,male,spk06,probe_cont_12,probe,1,2.88,12,1,12,sentence,continuous,0.034616748647143446,0.030528081579298524,0.007240437436848879,0.07721595466136932,0.019393853843212128,0.034616748647143446
probe_00440_spk07.wav,/home/hye0n/projects/cnn-based-audio-pii-classification/src/cnn/data_probe/output/probe_00440_spk07.wav,번호는 일공구일공사삼공공육팔사입니다.,109104300684,,female,spk07,probe_cont_12,probe,1,3.28,12,1,12,sentence,continuous,0.8643559416135153,0.06503558746141487,0.8191538453102112,0.9563257098197937,0.8175882697105408,0.8643559416135153
probe_00441_spk08.wav,/home/hye0n/projects/cnn-based-audio-pii-classification/src/cnn/data_probe/output/probe_00441_spk08.wav,번호는 팔육육육일팔팔구이사일사입니다.,866618892414,,male,spk08,probe_cont_12,probe,1,3.36,12,1,12,sentence,continuous,0.9136512279510498,0.032449552650645724,0.877233624458313,0.9560422301292419,0.9076778292655945,0.9136512279510498
probe_00442_spk09.wav,/home/hye0n/projects/cnn-based-audio-pii-classification/src/cnn/data_probe/output/probe_00442_spk09.wav,번호는 일팔삼이팔오육구일사육삼입니다.,183285691463,,female,spk09,probe_cont_12,probe,1,3.68,12,1,12,sentence,continuous,0.6862136522928873,0.12392635185261917,0.6575720906257629,0.5507968068122864,0.8502720594406128,0.6862136522928873
probe_00443_spk10.wav,/home/hye0n/projects/cnn-based-audio-pii-classification/src/cnn/data_probe/output/probe_00443_spk10.wav,번호는 공삼일육일칠구구공사이일입니다.,031617990421,,male,spk10,probe_cont_12,probe,1,2.8,12,1,12,sentence,continuous,0.4655068963766098,0.1835268816863607,0.22332163155078888,0.6674258708953857,0.5057731866836548,0.4655068963766098
probe_00444_spk11.wav,/home/hye0n/projects/cnn-based-audio-pii-classification/src/cnn/data_probe/output/probe_00444_spk11.wav,번호는 공이공이칠오팔팔사이오이입니다.,020275884252,,female,spk11,probe_cont_12,probe,1,3.68,12,1,12,sentence,continuous,0.39685781796773273,0.05123418900576137,0.38069862127304077,0.34376901388168335,0.4661058187484741,0.39685781796773273
probe_00445_spk12.wav,/home/hye0n/projects/cnn-based-audio-pii-classification/src/cnn/data_probe/output/probe_00445_spk12.wav,번호는 사일공오육사팔일사구일칠입니다.,410564814917,,male,spk12,probe_cont_12,probe,1,3.36,12,1,12,sentence,continuous,0.0950677419702212,0.022402476193077482,0.09118781238794327,0.1242384985089302,0.06977691501379013,0.0950677419702212
probe_00446_spk13.wav,/home/hye0n/projects/cnn-based-audio-pii-classification/src/cnn/data_probe/output/probe_00446_spk13.wav,번호는 칠팔오공칠구이오이사일구입니다.,785079252419,,male,spk13,probe_cont_12,probe,1,3.2,12,1,12,sentence,continuous,0.7714314262072245,0.14448231280086737,0.5721154808998108,0.9100454449653625,0.8321333527565002,0.7714314262072245
probe_00447_spk14.wav,/home/hye0n/projects/cnn-based-audio-pii-classification/src/cnn/data_probe/output/probe_00447_spk14.wav,번호는 일삼팔공공공삼공칠오육이입니다.,138000307562,,female,spk14,probe_cont_12,probe,1,3.2,12,1,12,sentence,continuous,0.499470683435599,0.2883911458102966,0.09164605289697647,0.707054853439331,0.6997111439704895,0.499470683435599
probe_00448_spk01.wav,/home/hye0n/projects/cnn-based-audio-pii-classification/src/cnn/data_probe/output/probe_00448_spk01.wav,번호는 이공팔육삼오삼육오사일구입니다.,208635365419,,female,spk01,probe_cont_12,probe,1,3.76,12,1,12,sentence,continuous,0.9681158065795898,0.0059800544422682015,0.9613559246063232,0.9758968353271484,0.9670946598052979,0.9681158065795898
probe_00449_spk02.wav,/home/hye0n/projects/cnn-based-audio-pii-classification/src/cnn/data_probe/output/probe_00449_spk02.wav,번호는 오일팔공이삼팔공육일칠사입니다.,518023806174,,male,spk02,probe_cont_12,probe,1,3.68,12,1,12,sentence,continuous,0.744665265083313,0.1731641003659378,0.4998844265937805,0.8734168410301208,0.8606945276260376,0.744665265083313
probe_00450_spk03.wav,/home/hye0n/projects/cnn-based-audio-pii-classification/src/cnn/data_probe/output/probe_00450_spk03.wav,번호는 사오일팔칠공오삼사구사구입니다.,451870534949,,female,spk03,probe_cont_12,probe,1,4.16,12,1,12,sentence,continuous,0.8327072064081827,0.11357622862257509,0.6729052662849426,0.8985780477523804,0.9266383051872253,0.8327072064081827
probe_00451_spk04.wav,/home/hye0n/projects/cnn-based-audio-pii-classification/src/cnn/data_probe/output/probe_00451_spk04.wav,번호는 삼칠오구칠삼팔삼이공육공입니다.,375973832060,,male,spk04,probe_cont_12,probe,1,3.76,12,1,12,sentence,continuous,0.9116186102231344,0.05221060565968459,0.8398969173431396,0.9626755118370056,0.9322834014892578,0.9116186102231344
probe_00452_spk05.wav,/home/hye0n/projects/cnn-based-audio-pii-classification/src/cnn/data_probe/output/probe_00452_spk05.wav,번호는 삼팔오공오공육사일삼팔삼입니다.,385050641383,,female,spk05,probe_cont_12,probe,1,4.08,12,1,12,sentence,continuous,0.9405848979949951,0.027762147587112675,0.9023606181144714,0.9674612879753113,0.9519327878952026,0.9405848979949951
probe_00453_spk06.wav,/home/hye0n/projects/cnn-based-audio-pii-classification/src/cnn/data_probe/output/probe_00453_spk06.wav,번호는 육칠공이사일공삼팔육오칠입니다.,670241038657,,male,spk06,probe_cont_12,probe,1,3.04,12,1,12,sentence,continuous,0.22377087300022444,0.13366024985291364,0.05657711997628212,0.38373711705207825,0.23099838197231293,0.22377087300022444
probe_00454_spk07.wav,/home/hye0n/projects/cnn-based-audio-pii-classification/src/cnn/data_probe/output/probe_00454_spk07.wav,번호는 일구일팔이육일구구공육이입니다.,191826199062,,female,spk07,probe_cont_12,probe,1,3.2,12,1,12,sentence,continuous,0.456598162651062,0.1705724338525048,0.2684977352619171,0.681438684463501,0.41985806822776794,0.456598162651062
probe_00455_spk08.wav,/home/hye0n/projects/cnn-based-audio-pii-classification/src/cnn/data_probe/output/probe_00455_spk08.wav,번호는 삼사사오육오오칠사삼일삼입니다.,344565574313,,male,spk08,probe_cont_12,probe,1,4.08,12,1,12,sentence,continuous,0.9801673690478007,0.0056253686151469615,0.9840604066848755,0.9722124934196472,0.9842292070388794,0.9801673690478007
probe_00456_spk09.wav,/home/hye0n/projects/cnn-based-audio-pii-classification/src/cnn/data_probe/output/probe_00456_spk09.wav,번호는 이구일이일이칠칠오육일팔입니다.,291212775618,,female,spk09,probe_cont_12,probe,1,3.92,12,1,12,sentence,continuous,0.44162502884864807,0.21534259451226848,0.16960996389389038,0.6962264180183411,0.45903870463371277,0.44162502884864807
probe_00457_spk10.wav,/home/hye0n/projects/cnn-based-audio-pii-classification/src/cnn/data_probe/output/probe_00457_spk10.wav,번호는 오삼칠사칠사일일이사구공입니다.,537474112490,,male,spk10,probe_cont_12,probe,1,3.68,12,1,12,sentence,continuous,0.05052127906431755,0.03581872574395045,0.03783359378576279,0.09933556616306305,0.014394677244126797,0.05052127906431755
probe_00458_spk11.wav,/home/hye0n/projects/cnn-based-audio-pii-classification/src/cnn/data_probe/output/probe_00458_spk11.wav,번호는 삼오이일삼오육팔공사사이입니다.,352135680442,,female,spk11,probe_cont_12,probe,1,3.52,12,1,12,sentence,continuous,0.11937542383869489,0.09321749595638827,0.03320544585585594,0.2488624006509781,0.07605842500925064,0.11937542383869489
probe_00459_spk12.wav,/home/hye0n/projects/cnn-based-audio-pii-classification/src/cnn/data_probe/output/probe_00459_spk12.wav,번호는 공육칠팔팔삼일칠일이일공입니다.,067883171210,,male,spk12,probe_cont_12,probe,1,3.44,12,1,12,sentence,continuous,0.5162814656893412,0.07556419030925814,0.4851396679878235,0.4433223605155945,0.6203823685646057,0.5162814656893412
probe_00460_spk13.wav,/home/hye0n/projects/cnn-based-audio-pii-classification/src/cnn/data_probe/output/probe_00460_spk13.wav,번호는 공삼이삼육오일구구사일공입니다.,032365199410,,male,spk13,probe_cont_12,probe,1,3.36,12,1,12,sentence,continuous,0.36266134182612103,0.08474069249609278,0.299520343542099,0.30601966381073,0.48244401812553406,0.36266134182612103
probe_00461_spk14.wav,/home/hye0n/projects/cnn-based-audio-pii-classification/src/cnn/data_probe/output/probe_00461_spk14.wav,번호는 일삼칠이일오일공칠공이구입니다.,137215107029,,female,spk14,probe_cont_12,probe,1,3.84,12,1,12,sentence,continuous,0.8439664443333944,0.09034260015516843,0.7176011204719543,0.8908233046531677,0.923474907875061,0.8439664443333944
probe_00462_spk01.wav,/home/hye0n/projects/cnn-based-audio-pii-classification/src/cnn/data_probe/output/probe_00462_spk01.wav,번호는 육육칠공육육이오삼이사사입니다.,667066253244,,female,spk01,probe_cont_12,probe,1,3.76,12,1,12,sentence,continuous,0.7857150236765543,0.17208226422107342,0.5455437302589417,0.9398120045661926,0.8717893362045288,0.7857150236765543
probe_00463_spk02.wav,/home/hye0n/projects/cnn-based-audio-pii-classification/src/cnn/data_probe/output/probe_00463_spk02.wav,번호는 칠이공구구구삼사칠육팔칠입니다.,720999347687,,male,spk02,probe_cont_12,probe,1,2.96,12,1,12,sentence,continuous,0.3749822775522868,0.04152455410381692,0.3169306218624115,0.3963310718536377,0.41168513894081116,0.3749822775522868
probe_00464_spk03.wav,/home/hye0n/projects/cnn-based-audio-pii-classification/src/cnn/data_probe/output/probe_00464_spk03.wav,번호는 공일사육이육삼팔삼팔공육입니다.,014626383806,,female,spk03,probe_cont_12,probe,1,4.0,12,1,12,sentence,continuous,0.9455244342486063,0.013854343809697175,0.9438380599021912,0.9632726907730103,0.9294625520706177,0.9455244342486063
probe_00465_spk04.wav,/home/hye0n/projects/cnn-based-audio-pii-classification/src/cnn/data_probe/output/probe_00465_spk04.wav,번호는 오칠팔칠오구팔오육사이공입니다.,578759856420,,male,spk04,probe_cont_12,probe,1,3.28,12,1,12,sentence,continuous,0.6115594804286957,0.1545433770292152,0.42402270436286926,0.6081272959709167,0.802528440952301,0.6115594804286957
probe_00466_spk05.wav,/home/hye0n/projects/cnn-based-audio-pii-classification/src/cnn/data_probe/output/probe_00466_spk05.wav,번호는 오구삼공사공칠팔오구삼이입니다.,593040785932,,female,spk05,probe_cont_12,probe,1,3.52,12,1,12,sentence,continuous,0.9648196299870809,0.002895350022913853,0.9634317755699158,0.9621773958206177,0.9688497185707092,0.9648196299870809
probe_00467_spk06.wav,/home/hye0n/projects/cnn-based-audio-pii-classification/src/cnn/data_probe/output/probe_00467_spk06.wav,번호는 일삼삼사팔공삼구육오이이입니다.,133480396522,,male,spk06,probe_cont_12,probe,1,3.68,12,1,12,sentence,continuous,0.4508812526861827,0.1170453574751207,0.39728572964668274,0.6133074164390564,0.34205061197280884,0.4508812526861827
probe_00468_spk07.wav,/home/hye0n/projects/cnn-based-audio-pii-classification/src/cnn/data_probe/output/probe_00468_spk07.wav,번호는 삼구오오구공오구구이구삼입니다.,395590599293,,female,spk07,probe_cont_12,probe,1,3.04,12,1,12,sentence,continuous,0.843667725721995,0.034483297481063616,0.8884236216545105,0.8380626440048218,0.8045169115066528,0.843667725721995
probe_00469_spk08.wav,/home/hye0n/projects/cnn-based-audio-pii-classification/src/cnn/data_probe/output/probe_00469_spk08.wav,번호는 칠팔사이칠공일공삼구삼공입니다.,784270103930,,male,spk08,probe_cont_12,probe,1,4.0,12,1,12,sentence,continuous,0.7199683984120687,0.21009366037599317,0.9293034076690674,0.4326997995376587,0.79790198802948,0.7199683984120687
probe_00470_spk09.wav,/home/hye0n/projects/cnn-based-audio-pii-classification/src/cnn/data_probe/output/probe_00470_spk09.wav,번호는 팔칠공오구삼이오이오공공입니다.,870593252500,,female,spk09,probe_cont_12,probe,1,3.52,12,1,12,sentence,continuous,0.08515055974324544,0.02977758456032822,0.04574112594127655,0.09200112521648407,0.11770942807197571,0.08515055974324544
probe_00471_spk10.wav,/home/hye0n/projects/cnn-based-audio-pii-classification/src/cnn/data_probe/output/probe_00471_spk10.wav,번호는 이구이일팔오일오육구일오입니다.,292185156915,,male,spk10,probe_cont_12,probe,1,3.76,12,1,12,sentence,continuous,0.4121178487936656,0.07118089708061322,0.32541871070861816,0.4111670255661011,0.49976781010627747,0.4121178487936656
probe_00472_spk11.wav,/home/hye0n/projects/cnn-based-audio-pii-classification/src/cnn/data_probe/output/probe_00472_spk11.wav,번호는 사오이이육칠오이팔구오삼입니다.,452267528953,,female,spk11,probe_cont_12,probe,1,3.92,12,1,12,sentence,continuous,0.5188635438680649,0.22060196496022247,0.24445708096027374,0.5275223851203918,0.784611165523529,0.5188635438680649
probe_00473_spk12.wav,/home/hye0n/projects/cnn-based-audio-pii-classification/src/cnn/data_probe/output/probe_00473_spk12.wav,번호는 구이육사사이이공구육구공입니다.,926442209690,,male,spk12,probe_cont_12,probe,1,3.12,12,1,12,sentence,continuous,0.18890913700064024,0.09645848417595607,0.26736077666282654,0.24632887542247772,0.05303775891661644,0.18890913700064024
probe_00474_spk13.wav,/home/hye0n/projects/cnn-based-audio-pii-classification/src/cnn/data_probe/output/probe_00474_spk13.wav,번호는 이구오구삼구일칠이오일삼입니다.,295939172513,,male,spk13,probe_cont_12,probe,1,3.04,12,1,12,sentence,continuous,0.11147102589408557,0.11097543265767326,0.027653906494379044,0.268289715051651,0.038469456136226654,0.11147102589408557
probe_00475_spk14.wav,/home/hye0n/projects/cnn-based-audio-pii-classification/src/cnn/data_probe/output/probe_00475_spk14.wav,번호는 오오이일오칠공사삼삼일오입니다.,552157043315,,female,spk14,probe_cont_12,probe,1,3.52,12,1,12,sentence,continuous,0.8195909857749939,0.08175898696815914,0.7120619416236877,0.8365461826324463,0.9101648330688477,0.8195909857749939
probe_00476_spk01.wav,/home/hye0n/projects/cnn-based-audio-pii-classification/src/cnn/data_probe/output/probe_00476_spk01.wav,번호는 사일공공육칠육이육칠육오입니다.,410067626765,,female,spk01,probe_cont_12,probe,1,4.32,12,1,12,sentence,continuous,0.9874393741289774,0.0071242427463272945,0.9773682355880737,0.9927226901054382,0.9922271966934204,0.9874393741289774
probe_00477_spk02.wav,/home/hye0n/projects/cnn-based-audio-pii-classification/src/cnn/data_probe/output/probe_00477_spk02.wav,번호는 팔육일칠구삼이칠일공사공입니다.,861793271040,,male,spk02,probe_cont_12,probe,1,3.44,12,1,12,sentence,continuous,0.6599079569180807,0.14935212042138168,0.8656991124153137,0.5982019901275635,0.5158227682113647,0.6599079569180807
probe_00478_spk03.wav,/home/hye0n/projects/cnn-based-audio-pii-classification/src/cnn/data_probe/output/probe_00478_spk03.wav,번호는 오사일일오이육이일팔일오입니다.,541152621815,,female,spk03,probe_cont_12,probe,1,3.76,12,1,12,sentence,continuous,0.8950462142626444,0.02841523853567079,0.8706873655319214,0.9349045753479004,0.8795467019081116,0.8950462142626444
probe_00479_spk04.wav,/home/hye0n/projects/cnn-based-audio-pii-classification/src/cnn/data_probe/output/probe_00479_spk04.wav,번호는 구구칠공육이구육이공일오입니다.,997062962015,,male,spk04,probe_cont_12,probe,1,3.44,12,1,12,sentence,continuous,0.5096404055754343,0.1986151300772222,0.3303278982639313,0.4120609164237976,0.7865324020385742,0.5096404055754343
probe_00480_spk05.wav,/home/hye0n/projects/cnn-based-audio-pii-classification/src/cnn/data_probe/output/probe_00480_spk05.wav,번호는 삼삼육팔팔사사사삼일공육입니다.,336884443106,,female,spk05,probe_cont_12,probe,1,4.0,12,1,12,sentence,continuous,0.9602032502492269,0.007805841672848573,0.9702155590057373,0.9592235088348389,0.9511706829071045,0.9602032502492269
probe_00481_spk06.wav,/home/hye0n/projects/cnn-based-audio-pii-classification/src/cnn/data_probe/output/probe_00481_spk06.wav,번호는 구팔칠이공오공육일사구칠입니다.,987205061497,,male,spk06,probe_cont_12,probe,1,3.6,12,1,12,sentence,continuous,0.6794392466545105,0.3097578055253609,0.24140793085098267,0.8938427567481995,0.9030670523643494,0.6794392466545105
probe_00482_spk07.wav,/home/hye0n/projects/cnn-based-audio-pii-classification/src/cnn/data_probe/output/probe_00482_spk07.wav,번호는 삼일공삼이사일칠일사육칠입니다.,310324171467,,female,spk07,probe_cont_12,probe,1,3.76,12,1,12,sentence,continuous,0.8217692375183105,0.05621960683572156,0.7439982295036316,0.8749627470970154,0.8463467359542847,0.8217692375183105
probe_00483_spk08.wav,/home/hye0n/projects/cnn-based-audio-pii-classification/src/cnn/data_probe/output/probe_00483_spk08.wav,번호는 칠사일팔육이오육오이칠공입니다.,741862565270,,male,spk08,probe_cont_12,probe,1,3.36,12,1,12,sentence,continuous,0.9227617780367533,0.041426994078725805,0.931207537651062,0.9687464237213135,0.8683313727378845,0.9227617780367533
probe_00484_spk09.wav,/home/hye0n/projects/cnn-based-audio-pii-classification/src/cnn/data_probe/output/probe_00484_spk09.wav,번호는 사칠칠사삼사구공이일일오입니다.,477434902115,,female,spk09,probe_cont_12,probe,1,3.44,12,1,12,sentence,continuous,0.9070460001627604,0.030993179603748425,0.8803672790527344,0.9505026340484619,0.890268087387085,0.9070460001627604
probe_00485_spk10.wav,/home/hye0n/projects/cnn-based-audio-pii-classification/src/cnn/data_probe/output/probe_00485_spk10.wav,번호는 팔육구삼팔공육팔육팔칠구입니다.,869380686879,,male,spk10,probe_cont_12,probe,1,4.48,12,1,12,sentence,continuous,0.36728618542353314,0.13657230028722017,0.5549787878990173,0.2339860498905182,0.31289371848106384,0.36728618542353314
probe_00486_spk11.wav,/home/hye0n/projects/cnn-based-audio-pii-classification/src/cnn/data_probe/output/probe_00486_spk11.wav,번호는 삼칠사일육공팔구팔구구이입니다.,374160898992,,female,spk11,probe_cont_12,probe,1,4.24,12,1,12,sentence,continuous,0.1548765388627847,0.07379563840434587,0.058214422315359116,0.16913384199142456,0.23728135228157043,0.1548765388627847
probe_00487_spk12.wav,/home/hye0n/projects/cnn-based-audio-pii-classification/src/cnn/data_probe/output/probe_00487_spk12.wav,번호는 일칠이이삼삼이공육일육삼입니다.,172233206163,,male,spk12,probe_cont_12,probe,1,3.6,12,1,12,sentence,continuous,0.578397810459137,0.17363444773469466,0.3536100387573242,0.7763850688934326,0.605198323726654,0.578397810459137
probe_00488_spk13.wav,/home/hye0n/projects/cnn-based-audio-pii-classification/src/cnn/data_probe/output/probe_00488_spk13.wav,번호는 이구사오일일육팔육팔오사입니다.,294511686854,,male,spk13,probe_cont_12,probe,1,3.36,12,1,12,sentence,continuous,0.6933592359224955,0.1300676693576286,0.562109112739563,0.8705927729606628,0.6473758220672607,0.6933592359224955
probe_00489_spk14.wav,/home/hye0n/projects/cnn-based-audio-pii-classification/src/cnn/data_probe/output/probe_00489_spk14.wav,번호는 팔칠공구구팔육일육이이구입니다.,870998616229,,female,spk14,probe_cont_12,probe,1,3.76,12,1,12,sentence,continuous,0.7967735727628072,0.04352563767272778,0.7951793670654297,0.850860595703125,0.7442807555198669,0.7967735727628072
probe_00490_spk01.wav,/home/hye0n/projects/cnn-based-audio-pii-classification/src/cnn/data_probe/output/probe_00490_spk01.wav,번호는 구구일일구일사팔오육사육입니다.,991191485646,,female,spk01,probe_cont_12,probe,1,3.44,12,1,12,sentence,continuous,0.10112751896182696,0.08792319467439698,0.028795979917049408,0.2248823493719101,0.04970422759652138,0.10112751896182696
probe_00491_spk02.wav,/home/hye0n/projects/cnn-based-audio-pii-classification/src/cnn/data_probe/output/probe_00491_spk02.wav,번호는 칠구구칠공이사육이구구육입니다.,799702462996,,male,spk02,probe_cont_12,probe,1,3.12,12,1,12,sentence,continuous,0.4349058543642362,0.25157582327068784,0.09378250688314438,0.5179361701011658,0.6929988861083984,0.4349058543642362
probe_00492_spk03.wav,/home/hye0n/projects/cnn-based-audio-pii-classification/src/cnn/data_probe/output/probe_00492_spk03.wav,번호는 공육오삼공칠사오공오사사입니다.,065307450544,,female,spk03,probe_cont_12,probe,1,3.76,12,1,12,sentence,continuous,0.9506322145462036,0.009788715098609076,0.9635630249977112,0.9484474658966064,0.9398861527442932,0.9506322145462036
probe_00493_spk04.wav,/home/hye0n/projects/cnn-based-audio-pii-classification/src/cnn/data_probe/output/probe_00493_spk04.wav,번호는 사칠일삼이사칠오사육구일입니다.,471324754691,,male,spk04,probe_cont_12,probe,1,3.2,12,1,12,sentence,continuous,0.8776894609133402,0.0649896854196239,0.7860676050186157,0.9172102808952332,0.9297904968261719,0.8776894609133402
probe_00494_spk05.wav,/home/hye0n/projects/cnn-based-audio-pii-classification/src/cnn/data_probe/output/probe_00494_spk05.wav,번호는 삼칠삼육칠팔오공팔이일사입니다.,373678508214,,female,spk05,probe_cont_12,probe,1,3.6,12,1,12,sentence,continuous,0.7867448131243387,0.07873731067930913,0.682025671005249,0.8063206672668457,0.8718881011009216,0.7867448131243387
probe_00495_spk06.wav,/home/hye0n/projects/cnn-based-audio-pii-classification/src/cnn/data_probe/output/probe_00495_spk06.wav,번호는 팔육이팔구공이삼삼공삼공입니다.,862890233030,,male,spk06,probe_cont_12,probe,1,3.28,12,1,12,sentence,continuous,0.018753133714199066,0.010235689494003162,0.00871729850769043,0.0328051820397377,0.014736920595169067,0.018753133714199066
probe_00496_spk07.wav,/home/hye0n/projects/cnn-based-audio-pii-classification/src/cnn/data_probe/output/probe_00496_spk07.wav,번호는 칠공오삼사오칠팔육일공삼입니다.,705345786103,,female,spk07,probe_cont_12,probe,1,3.28,12,1,12,sentence,continuous,0.9381122390429179,0.03739285983538033,0.8870392441749573,0.9755231142044067,0.9517743587493896,0.9381122390429179
probe_00497_spk08.wav,/home/hye0n/projects/cnn-based-audio-pii-classification/src/cnn/data_probe/output/probe_00497_spk08.wav,번호는 오칠구칠이칠구팔오오이사입니다.,579727985524,,male,spk08,probe_cont_12,probe,1,3.6,12,1,12,sentence,continuous,0.8688694636027018,0.023233687816642732,0.8498514294624329,0.9015828371047974,0.8551741242408752,0.8688694636027018
probe_00498_spk09.wav,/home/hye0n/projects/cnn-based-audio-pii-classification/src/cnn/data_probe/output/probe_00498_spk09.wav,번호는 일사공육공이구삼삼삼삼사입니다.,140602933334,,female,spk09,probe_cont_12,probe,1,3.84,12,1,12,sentence,continuous,0.9203194975852966,0.02629245351970944,0.8884209990501404,0.9197217226028442,0.9528157711029053,0.9203194975852966
probe_00499_spk10.wav,/home/hye0n/projects/cnn-based-audio-pii-classification/src/cnn/data_probe/output/probe_00499_spk10.wav,번호는 육팔공공칠이이구공삼사구입니다.,680072290349,,male,spk10,probe_cont_12,probe,1,3.6,12,1,12,sentence,continuous,0.061707613368829094,0.035371471791475026,0.01961561292409897,0.10616107285022736,0.05934615433216095,0.061707613368829094
probe_00500_spk11.wav,/home/hye0n/projects/cnn-based-audio-pii-classification/src/cnn/data_probe/output/probe_00500_spk11.wav,번호는 사사육육오칠사삼칠사팔구육구입니다.,44665743748969,,female,spk11,probe_cont_14,probe,1,5.44,14,1,14,sentence,continuous,0.9659920533498129,0.019917686734730208,0.9875739216804504,0.9708771705627441,0.9395250678062439,0.9659920533498129
probe_00501_spk12.wav,/home/hye0n/projects/cnn-based-audio-pii-classification/src/cnn/data_probe/output/probe_00501_spk12.wav,번호는 일공팔오팔구구사사일칠일오사입니다.,10858994417154,,male,spk12,probe_cont_14,probe,1,3.36,14,1,14,sentence,continuous,0.6777438322703043,0.09176874926778242,0.6707185506820679,0.7934849858283997,0.5690279603004456,0.6777438322703043
probe_00502_spk13.wav,/home/hye0n/projects/cnn-based-audio-pii-classification/src/cnn/data_probe/output/probe_00502_spk13.wav,번호는 오사사사삼이팔삼공구육오이공입니다.,54443283096520,,male,spk13,probe_cont_14,probe,1,3.84,14,1,14,sentence,continuous,0.5515119085709254,0.2480706135695652,0.20650149881839752,0.7791025638580322,0.6689316630363464,0.5515119085709254
probe_00503_spk14.wav,/home/hye0n/projects/cnn-based-audio-pii-classification/src/cnn/data_probe/output/probe_00503_spk14.wav,번호는 칠사사육육육공구구삼오삼팔칠입니다.,74466609935387,,female,spk14,probe_cont_14,probe,1,4.56,14,1,14,sentence,continuous,0.9914579590161642,0.004037990116410588,0.9857497215270996,0.9944537281990051,0.9941704273223877,0.9914579590161642
probe_00504_spk01.wav,/home/hye0n/projects/cnn-based-audio-pii-classification/src/cnn/data_probe/output/probe_00504_spk01.wav,번호는 오팔사이팔이사일칠이사팔이오입니다.,58428241724825,,female,spk01,probe_cont_14,probe,1,3.6,14,1,14,sentence,continuous,0.853277583916982,0.06430778123799265,0.7624216079711914,0.9021883606910706,0.8952227830886841,0.853277583916982
probe_00505_spk02.wav,/home/hye0n/projects/cnn-based-audio-pii-classification/src/cnn/data_probe/output/probe_00505_spk02.wav,번호는 일삼오삼사육오오사구사칠일칠입니다.,13534655494717,,male,spk02,probe_cont_14,probe,1,3.84,14,1,14,sentence,continuous,0.8739969730377197,0.10343572795796488,0.7304868102073669,0.9702887535095215,0.9212153553962708,0.8739969730377197
probe_00506_spk03.wav,/home/hye0n/projects/cnn-based-audio-pii-classification/src/cnn/data_probe/output/probe_00506_spk03.wav,번호는 공구구구일칠삼팔일육팔사육공입니다.,09991738168460,,female,spk03,probe_cont_14,probe,1,4.56,14,1,14,sentence,continuous,0.957066555817922,0.020829576383198885,0.930408239364624,0.9812496304512024,0.9595417976379395,0.957066555817922
probe_00507_spk04.wav,/home/hye0n/projects/cnn-based-audio-pii-classification/src/cnn/data_probe/output/probe_00507_spk04.wav,번호는 이이삼오육구칠이오이일칠오이입니다.,22356972521752,,male,spk04,probe_cont_14,probe,1,4.16,14,1,14,sentence,continuous,0.9220502972602844,0.0014564469248125067,0.9236709475517273,0.9201390743255615,0.9223408699035645,0.9220502972602844
probe_00508_spk05.wav,/home/hye0n/projects/cnn-based-audio-pii-classification/src/cnn/data_probe/output/probe_00508_spk05.wav,번호는 오공공칠사삼이구이칠일이구육입니다.,50074329271296,,female,spk05,probe_cont_14,probe,1,3.76,14,1,14,sentence,continuous,0.9366997480392456,0.016343974846692134,0.9490405917167664,0.9474546313285828,0.9136040210723877,0.9366997480392456
probe_00509_spk06.wav,/home/hye0n/projects/cnn-based-audio-pii-classification/src/cnn/data_probe/output/probe_00509_spk06.wav,번호는 육육육칠육공공팔삼오공오팔삼입니다.,66676008350583,,male,spk06,probe_cont_14,probe,1,4.64,14,1,14,sentence,continuous,0.9731595516204834,0.00678736982430629,0.9639747142791748,0.9801668524742126,0.9753370881080627,0.9731595516204834
probe_00510_spk07.wav,/home/hye0n/projects/cnn-based-audio-pii-classification/src/cnn/data_probe/output/probe_00510_spk07.wav,번호는 공공삼삼오사이일육팔구사이일입니다.,00335421689421,,female,spk07,probe_cont_14,probe,1,3.6,14,1,14,sentence,continuous,0.9877513448397318,0.0015530471729577444,0.9881991147994995,0.9893895983695984,0.9856653213500977,0.9877513448397318
probe_00511_spk08.wav,/home/hye0n/projects/cnn-based-audio-pii-classification/src/cnn/data_probe/output/probe_00511_spk08.wav,번호는 공사사칠팔구팔오육이오칠오삼입니다.,04478985625753,,male,spk08,probe_cont_14,probe,1,3.76,14,1,14,sentence,continuous,0.9676864743232727,0.01794533748408549,0.9423519372940063,0.9816474318504333,0.9790600538253784,0.9676864743232727
probe_00512_spk09.wav,/home/hye0n/projects/cnn-based-audio-pii-classification/src/cnn/data_probe/output/probe_00512_spk09.wav,번호는 이육공삼삼이삼공구팔이일오공입니다.,26033230982150,,female,spk09,probe_cont_14,probe,1,4.16,14,1,14,sentence,continuous,0.9174392422040304,0.02058771713920463,0.916520893573761,0.9431005716323853,0.8926962614059448,0.9174392422040304
probe_00513_spk10.wav,/home/hye0n/projects/cnn-based-audio-pii-classification/src/cnn/data_probe/output/probe_00513_spk10.wav,번호는 육사팔구공구공일공공일육칠육입니다.,64890901001676,,male,spk10,probe_cont_14,probe,1,4.08,14,1,14,sentence,continuous,0.7372307976086935,0.07778820090278098,0.6367357969284058,0.8262348771095276,0.748721718788147,0.7372307976086935
probe_00514_spk11.wav,/home/hye0n/projects/cnn-based-audio-pii-classification/src/cnn/data_probe/output/probe_00514_spk11.wav,번호는 일팔사칠이삼공사육일팔사구구입니다.,18472304618499,,female,spk11,probe_cont_14,probe,1,4.0,14,1,14,sentence,continuous,0.8740179737408956,0.02121145751542725,0.8463954925537109,0.8979602456092834,0.8776981830596924,0.8740179737408956
probe_00515_spk12.wav,/home/hye0n/projects/cnn-based-audio-pii-classification/src/cnn/data_probe/output/probe_00515_spk12.wav,번호는 이육일팔구일사일일칠삼구삼사입니다.,26189141173934,,male,spk12,probe_cont_14,probe,1,3.52,14,1,14,sentence,continuous,0.8828930258750916,0.03984905493348593,0.9017260074615479,0.9194755554199219,0.8274775147438049,0.8828930258750916
probe_00516_spk13.wav,/home/hye0n/projects/cnn-based-audio-pii-classification/src/cnn/data_probe/output/probe_00516_spk13.wav,번호는 팔삼오육사이공팔칠삼칠오삼공입니다.,83564208737530,,male,spk13,probe_cont_14,probe,1,4.16,14,1,14,sentence,continuous,0.8714494307835897,0.05540007406318056,0.8858873248100281,0.9309194087982178,0.7975415587425232,0.8714494307835897
probe_00517_spk14.wav,/home/hye0n/projects/cnn-based-audio-pii-classification/src/cnn/data_probe/output/probe_00517_spk14.wav,번호는 공일일구칠이일팔일일사삼칠사입니다.,01197218114374,,female,spk14,probe_cont_14,probe,1,3.76,14,1,14,sentence,continuous,0.8324243823687235,0.05712131647156329,0.7669937014579773,0.9061688184738159,0.8241106271743774,0.8324243823687235
probe_00518_spk01.wav,/home/hye0n/projects/cnn-based-audio-pii-classification/src/cnn/data_probe/output/probe_00518_spk01.wav,번호는 사칠공일이공사오오육일일공공입니다.,47012045561100,,female,spk01,probe_cont_14,probe,1,4.72,14,1,14,sentence,continuous,0.9851774970690409,0.0033597932298339915,0.9806634783744812,0.9861499667167664,0.9887190461158752,0.9851774970690409
probe_00519_spk02.wav,/home/hye0n/projects/cnn-based-audio-pii-classification/src/cnn/data_probe/output/probe_00519_spk02.wav,번호는 이이오오칠구사일오오이일육육입니다.,22557941552166,,male,spk02,probe_cont_14,probe,1,3.44,14,1,14,sentence,continuous,0.6049111187458038,0.18882346179441448,0.34000691771507263,0.7081952095031738,0.766531229019165,0.6049111187458038
probe_00520_spk03.wav,/home/hye0n/projects/cnn-based-audio-pii-classification/src/cnn/data_probe/output/probe_00520_spk03.wav,번호는 칠사육칠육이일이공이일육구칠입니다.,74676212021697,,female,spk03,probe_cont_14,probe,1,4.64,14,1,14,sentence,continuous,0.9804774522781372,0.008132220019244695,0.9878051280975342,0.9844900965690613,0.9691371321678162,0.9804774522781372
probe_00521_spk04.wav,/home/hye0n/projects/cnn-based-audio-pii-classification/src/cnn/data_probe/output/probe_00521_spk04.wav,번호는 구칠이구육오구공이칠칠일육칠입니다.,97296590277167,,male,spk04,probe_cont_14,probe,1,4.56,14,1,14,sentence,continuous,0.946145216623942,0.041426760465205215,0.9792137742042542,0.887728750705719,0.971493124961853,0.946145216623942
probe_00522_spk05.wav,/home/hye0n/projects/cnn-based-audio-pii-classification/src/cnn/data_probe/output/probe_00522_spk05.wav,번호는 공일사오공팔구구삼오팔팔구일입니다.,01450899358891,,female,spk05,probe_cont_14,probe,1,3.6,14,1,14,sentence,continuous,0.9757992029190063,0.0078025774804827,0.9648014307022095,0.9805189371109009,0.9820772409439087,0.9757992029190063
probe_00523_spk06.wav,/home/hye0n/projects/cnn-based-audio-pii-classification/src/cnn/data_probe/output/probe_00523_spk06.wav,번호는 육삼칠오육이팔구공공이팔칠칠입니다.,63756289002877,,male,spk06,probe_cont_14,probe,1,3.84,14,1,14,sentence,continuous,0.8145773410797119,0.049396664597030994,0.8836879134178162,0.788844883441925,0.7711992263793945,0.8145773410797119
probe_00524_spk07.wav,/home/hye0n/projects/cnn-based-audio-pii-classification/src/cnn/data_probe/output/probe_00524_spk07.wav,번호는 이일칠오삼오사공팔삼팔육육삼입니다.,21753540838663,,female,spk07,probe_cont_14,probe,1,4.56,14,1,14,sentence,continuous,0.8028409282366434,0.07273887856640691,0.7306005954742432,0.7755385637283325,0.9023836255073547,0.8028409282366434
probe_00525_spk08.wav,/home/hye0n/projects/cnn-based-audio-pii-classification/src/cnn/data_probe/output/probe_00525_spk08.wav,번호는 일칠칠구칠일칠칠오일칠공일육입니다.,17797177517016,,male,spk08,probe_cont_14,probe,1,4.08,14,1,14,sentence,continuous,0.986458937327067,0.0033781662166039632,0.9817625284194946,0.9895659685134888,0.9880483150482178,0.986458937327067
probe_00526_spk09.wav,/home/hye0n/projects/cnn-based-audio-pii-classification/src/cnn/data_probe/output/probe_00526_spk09.wav,번호는 육공팔팔공일구구사팔팔삼칠오입니다.,60880199488375,,female,spk09,probe_cont_14,probe,1,3.92,14,1,14,sentence,continuous,0.968727191289266,0.010611403877362298,0.9815406799316406,0.9690853357315063,0.9555555582046509,0.968727191289266
probe_00527_spk10.wav,/home/hye0n/projects/cnn-based-audio-pii-classification/src/cnn/data_probe/output/probe_00527_spk10.wav,번호는 오공삼칠오팔구구칠오칠일일삼입니다.,50375899757113,,male,spk10,probe_cont_14,probe,1,3.36,14,1,14,sentence,continuous,0.4968179166316986,0.19456700229050755,0.32017776370048523,0.7678486108779907,0.4024273753166199,0.4968179166316986
probe_00528_spk11.wav,/home/hye0n/projects/cnn-based-audio-pii-classification/src/cnn/data_probe/output/probe_00528_spk11.wav,번호는 공오오사팔팔오일공이칠이육일입니다.,05548851027261,,female,spk11,probe_cont_14,probe,1,3.92,14,1,14,sentence,continuous,0.8313906987508138,0.0773525851477698,0.9087613821029663,0.8596789836883545,0.7257317304611206,0.8313906987508138
probe_00529_spk12.wav,/home/hye0n/projects/cnn-based-audio-pii-classification/src/cnn/data_probe/output/probe_00529_spk12.wav,번호는 사구삼삼일육삼칠삼오일육공구입니다.,49331637351609,,male,spk12,probe_cont_14,probe,1,4.48,14,1,14,sentence,continuous,0.9458907842636108,0.028089779812650203,0.9516974687576294,0.9770207405090332,0.9089541435241699,0.9458907842636108
probe_00530_spk13.wav,/home/hye0n/projects/cnn-based-audio-pii-classification/src/cnn/data_probe/output/probe_00530_spk13.wav,번호는 일칠칠구팔이칠공팔공팔육구칠입니다.,17798270808697,,male,spk13,probe_cont_14,probe,1,3.92,14,1,14,sentence,continuous,0.9345674912134806,0.02495925395144386,0.9381699562072754,0.963175356388092,0.9023571610450745,0.9345674912134806
probe_00531_spk14.wav,/home/hye0n/projects/cnn-based-audio-pii-classification/src/cnn/data_probe/output/probe_00531_spk14.wav,번호는 팔이구이이일육구구오팔육육구입니다.,82922169958669,,female,spk14,probe_cont_14,probe,1,3.52,14,1,14,sentence,continuous,0.5170737504959106,0.1431893662131766,0.32134926319122314,0.6599219441413879,0.5699500441551208,0.5170737504959106
probe_00532_spk01.wav,/home/hye0n/projects/cnn-based-audio-pii-classification/src/cnn/data_probe/output/probe_00532_spk01.wav,번호는 삼사육오사칠이이육구팔사팔오입니다.,34654722698485,,female,spk01,probe_cont_14,probe,1,4.08,14,1,14,sentence,continuous,0.960765540599823,0.016350353132768055,0.976982593536377,0.9669313430786133,0.9383826851844788,0.960765540599823
probe_00533_spk02.wav,/home/hye0n/projects/cnn-based-audio-pii-classification/src/cnn/data_probe/output/probe_00533_spk02.wav,번호는 팔삼삼삼구사오이이팔팔오일오입니다.,83339452288515,,male,spk02,probe_cont_14,probe,1,4.32,14,1,14,sentence,continuous,0.9402637084325155,0.028063213774764055,0.9422354102134705,0.9736056923866272,0.9049500226974487,0.9402637084325155
probe_00534_spk03.wav,/home/hye0n/projects/cnn-based-audio-pii-classification/src/cnn/data_probe/output/probe_00534_spk03.wav,번호는 팔칠구구육팔사육공팔일공육이입니다.,87996846081062,,female,spk03,probe_cont_14,probe,1,4.48,14,1,14,sentence,continuous,0.9729655186335245,0.020541991869602906,0.9444470405578613,0.9920187592506409,0.9824307560920715,0.9729655186335245
probe_00535_spk04.wav,/home/hye0n/projects/cnn-based-audio-pii-classification/src/cnn/data_probe/output/probe_00535_spk04.wav,번호는 공공삼사이사사이공사삼팔공오입니다.,00342442043805,,male,spk04,probe_cont_14,probe,1,4.24,14,1,14,sentence,continuous,0.9774942994117737,0.004372608839571313,0.9833666086196899,0.9762364029884338,0.9728798866271973,0.9774942994117737
probe_00536_spk05.wav,/home/hye0n/projects/cnn-based-audio-pii-classification/src/cnn/data_probe/output/probe_00536_spk05.wav,번호는 칠일구팔삼팔육삼팔사공육육육입니다.,71983863840666,,female,spk05,probe_cont_14,probe,1,5.28,14,1,14,sentence,continuous,0.9927937189737955,0.0015255545436031216,0.9937332272529602,0.9940059185028076,0.9906420111656189,0.9927937189737955
probe_00537_spk06.wav,/home/hye0n/projects/cnn-based-audio-pii-classification/src/cnn/data_probe/output/probe_00537_spk06.wav,번호는 오팔공공사삼구칠삼오구팔구삼입니다.,58004397359893,,male,spk06,probe_cont_14,probe,1,3.68,14,1,14,sentence,continuous,0.861269215742747,0.04467676302432019,0.7983682751655579,0.8978794813156128,0.8875598907470703,0.861269215742747
probe_00538_spk07.wav,/home/hye0n/projects/cnn-based-audio-pii-classification/src/cnn/data_probe/output/probe_00538_spk07.wav,번호는 삼사칠이일이이팔일육공육사팔입니다.,34721228160648,,female,spk07,probe_cont_14,probe,1,3.44,14,1,14,sentence,continuous,0.940580407778422,0.011804130164568013,0.9350019097328186,0.9569956064224243,0.9297437071800232,0.940580407778422
probe_00539_spk08.wav,/home/hye0n/projects/cnn-based-audio-pii-classification/src/cnn/data_probe/output/probe_00539_spk08.wav,번호는 사이이구사공오칠이공이오구공입니다.,42294057202590,,male,spk08,probe_cont_14,probe,1,3.92,14,1,14,sentence,continuous,0.9533679286638895,0.01901300630106039,0.9341968894004822,0.9466257095336914,0.9792811870574951,0.9533679286638895
probe_00540_spk09.wav,/home/hye0n/projects/cnn-based-audio-pii-classification/src/cnn/data_probe/output/probe_00540_spk09.wav,번호는 구사칠구팔오일오팔삼이팔일팔입니다.,94798515832818,,female,spk09,probe_cont_14,probe,1,4.0,14,1,14,sentence,continuous,0.9777591427167257,0.007803941081134978,0.9833565950393677,0.9831977486610413,0.9667230844497681,0.9777591427167257
probe_00541_spk10.wav,/home/hye0n/projects/cnn-based-audio-pii-classification/src/cnn/data_probe/output/probe_00541_spk10.wav,번호는 이육팔팔육일오삼삼오오오사삼입니다.,26886153355543,,male,spk10,probe_cont_14,probe,1,3.28,14,1,14,sentence,continuous,0.22154739623268446,0.21716615098470596,0.029668424278497696,0.5251610279083252,0.10981273651123047,0.22154739623268446
probe_00542_spk11.wav,/home/hye0n/projects/cnn-based-audio-pii-classification/src/cnn/data_probe/output/probe_00542_spk11.wav,번호는 구팔칠팔공일오칠삼구구삼공오입니다.,98780157399305,,female,spk11,probe_cont_14,probe,1,4.16,14,1,14,sentence,continuous,0.7480383912722269,0.07805899364491531,0.702688455581665,0.6835505962371826,0.8578761219978333,0.7480383912722269
probe_00543_spk12.wav,/home/hye0n/projects/cnn-based-audio-pii-classification/src/cnn/data_probe/output/probe_00543_spk12.wav,번호는 육일육사팔사공팔오팔팔칠칠공입니다.,61648408588770,,male,spk12,probe_cont_14,probe,1,3.92,14,1,14,sentence,continuous,0.8171752293904623,0.005327945179022247,0.819279670715332,0.8098573088645935,0.8223887085914612,0.8171752293904623
probe_00544_spk13.wav,/home/hye0n/projects/cnn-based-audio-pii-classification/src/cnn/data_probe/output/probe_00544_spk13.wav,번호는 사삼오팔일일이팔팔공일삼삼육입니다.,43581128801336,,male,spk13,probe_cont_14,probe,1,4.56,14,1,14,sentence,continuous,0.8100288311640421,0.10402659570681545,0.6678664684295654,0.9138925671577454,0.8483274579048157,0.8100288311640421
probe_00545_spk14.wav,/home/hye0n/projects/cnn-based-audio-pii-classification/src/cnn/data_probe/output/probe_00545_spk14.wav,번호는 일삼팔육일이공칠오공일일공이입니다.,13861207501102,,female,spk14,probe_cont_14,probe,1,3.76,14,1,14,sentence,continuous,0.9609650174776713,0.020812224630429546,0.9736213684082031,0.9316241145133972,0.9776495695114136,0.9609650174776713
probe_00546_spk01.wav,/home/hye0n/projects/cnn-based-audio-pii-classification/src/cnn/data_probe/output/probe_00546_spk01.wav,번호는 사팔일구삼사육육칠육육오공육입니다.,48193466766506,,female,spk01,probe_cont_14,probe,1,4.08,14,1,14,sentence,continuous,0.9646336436271667,0.029482171466977243,0.922943651676178,0.9849725961685181,0.9859846830368042,0.9646336436271667
probe_00547_spk02.wav,/home/hye0n/projects/cnn-based-audio-pii-classification/src/cnn/data_probe/output/probe_00547_spk02.wav,번호는 일팔공구일구공일오팔일사사구입니다.,18091901581449,,male,spk02,probe_cont_14,probe,1,4.16,14,1,14,sentence,continuous,0.9674722154935201,0.01541790335963385,0.9462034106254578,0.9739477634429932,0.9822654724121094,0.9674722154935201
probe_00548_spk03.wav,/home/hye0n/projects/cnn-based-audio-pii-classification/src/cnn/data_probe/output/probe_00548_spk03.wav,번호는 일사칠육육공칠이팔삼이육팔사입니다.,14766072832684,,female,spk03,probe_cont_14,probe,1,4.72,14,1,14,sentence,continuous,0.9757234255472819,0.008330954373558063,0.9688748717308044,0.9708452820777893,0.987450122833252,0.9757234255472819
probe_00549_spk04.wav,/home/hye0n/projects/cnn-based-audio-pii-classification/src/cnn/data_probe/output/probe_00549_spk04.wav,번호는 이사오공팔팔이일공공구구육팔입니다.,24508821009968,,male,spk04,probe_cont_14,probe,1,4.16,14,1,14,sentence,continuous,0.9688699841499329,0.013619286665573181,0.9880741238594055,0.957991898059845,0.9605439305305481,0.9688699841499329
probe_00550_spk05.wav,/home/hye0n/projects/cnn-based-audio-pii-classification/src/cnn/data_probe/output/probe_00550_spk05.wav,번호는 팔일사삼오삼육팔이이이삼구사입니다.,81435368222394,,female,spk05,probe_cont_14,probe,1,3.92,14,1,14,sentence,continuous,0.8883202075958252,0.012433690215385098,0.8896724581718445,0.8724610805511475,0.9028270840644836,0.8883202075958252
probe_00551_spk06.wav,/home/hye0n/projects/cnn-based-audio-pii-classification/src/cnn/data_probe/output/probe_00551_spk06.wav,번호는 삼일이구공팔칠팔일사일사일삼입니다.,31290878141413,,male,spk06,probe_cont_14,probe,1,3.44,14,1,14,sentence,continuous,0.44464126229286194,0.1715631446873191,0.20279940962791443,0.5824517607688904,0.548672616481781,0.44464126229286194
probe_00552_spk07.wav,/home/hye0n/projects/cnn-based-audio-pii-classification/src/cnn/data_probe/output/probe_00552_spk07.wav,번호는 구칠오오이삼일사구일삼오칠칠입니다.,97552314913577,,female,spk07,probe_cont_14,probe,1,4.64,14,1,14,sentence,continuous,0.9791685541470846,0.008719663129237188,0.9836163520812988,0.9669841527938843,0.9869051575660706,0.9791685541470846
probe_00553_spk08.wav,/home/hye0n/projects/cnn-based-audio-pii-classification/src/cnn/data_probe/output/probe_00553_spk08.wav,번호는 오구사구이구구오오육이공오삼입니다.,59492995562053,,male,spk08,probe_cont_14,probe,1,3.76,14,1,14,sentence,continuous,0.582962562640508,0.16183676845616501,0.8118301033973694,0.46973130106925964,0.467326283454895,0.582962562640508
probe_00554_spk09.wav,/home/hye0n/projects/cnn-based-audio-pii-classification/src/cnn/data_probe/output/probe_00554_spk09.wav,번호는 삼육사오이오칠칠칠오사칠팔일입니다.,36452577754781,,female,spk09,probe_cont_14,probe,1,4.72,14,1,14,sentence,continuous,0.49986223379770917,0.09973563563708619,0.3657596707344055,0.6047707796096802,0.5290562510490417,0.49986223379770917
probe_00555_spk10.wav,/home/hye0n/projects/cnn-based-audio-pii-classification/src/cnn/data_probe/output/probe_00555_spk10.wav,번호는 이구일사이팔삼사일일공팔공구입니다.,29142834110809,,male,spk10,probe_cont_14,probe,1,3.44,14,1,14,sentence,continuous,0.89435742298762,0.02823076552601267,0.854487419128418,0.9160955548286438,0.9124892950057983,0.89435742298762
probe_00556_spk11.wav,/home/hye0n/projects/cnn-based-audio-pii-classification/src/cnn/data_probe/output/probe_00556_spk11.wav,번호는 구육구삼공팔사팔팔칠이오육삼입니다.,96930848872563,,female,spk11,probe_cont_14,probe,1,3.92,14,1,14,sentence,continuous,0.9497260252634684,0.019156132469993335,0.9509876370429993,0.9256592988967896,0.9725311398506165,0.9497260252634684
probe_00557_spk12.wav,/home/hye0n/projects/cnn-based-audio-pii-classification/src/cnn/data_probe/output/probe_00557_spk12.wav,번호는 구사이칠팔팔일육오팔공삼구이입니다.,94278816580392,,male,spk12,probe_cont_14,probe,1,3.2,14,1,14,sentence,continuous,0.054055928252637386,0.028430900700811806,0.014545132406055927,0.08026476949453354,0.06735788285732269,0.054055928252637386
probe_00558_spk13.wav,/home/hye0n/projects/cnn-based-audio-pii-classification/src/cnn/data_probe/output/probe_00558_spk13.wav,번호는 팔이칠이이구구이칠오공삼칠삼입니다.,82722992750373,,male,spk13,probe_cont_14,probe,1,3.92,14,1,14,sentence,continuous,0.42734574278195697,0.06747877977207209,0.4266500473022461,0.5103356838226318,0.34505149722099304,0.42734574278195697
probe_00559_spk14.wav,/home/hye0n/projects/cnn-based-audio-pii-classification/src/cnn/data_probe/output/probe_00559_spk14.wav,번호는 일사오삼공삼팔오육칠칠공공오입니다.,14530385677005,,female,spk14,probe_cont_14,probe,1,4.56,14,1,14,sentence,continuous,0.9273983041445414,0.011782913062479824,0.9434090256690979,0.9233927130699158,0.9153931736946106,0.9273983041445414
probe_00560_spk01.wav,/home/hye0n/projects/cnn-based-audio-pii-classification/src/cnn/data_probe/output/probe_00560_spk01.wav,번호는 일팔사사구팔구이육육오구일팔입니다.,18449892665918,,female,spk01,probe_cont_14,probe,1,4.16,14,1,14,sentence,continuous,0.9616791009902954,0.006072628820850217,0.9536323547363281,0.9631038904190063,0.9683010578155518,0.9616791009902954
probe_00561_spk02.wav,/home/hye0n/projects/cnn-based-audio-pii-classification/src/cnn/data_probe/output/probe_00561_spk02.wav,번호는 사육삼팔육오오칠칠구공팔이칠입니다.,46386557790827,,male,spk02,probe_cont_14,probe,1,3.92,14,1,14,sentence,continuous,0.925041933854421,0.054596417001148624,0.9513662457466125,0.9747401475906372,0.8490194082260132,0.925041933854421
probe_00562_spk03.wav,/home/hye0n/projects/cnn-based-audio-pii-classification/src/cnn/data_probe/output/probe_00562_spk03.wav,번호는 이삼일팔사삼이이이오구일삼육입니다.,23184322259136,,female,spk03,probe_cont_14,probe,1,4.16,14,1,14,sentence,continuous,0.9808345834414164,0.013741445888340248,0.988108217716217,0.992804229259491,0.9615913033485413,0.9808345834414164
probe_00563_spk04.wav,/home/hye0n/projects/cnn-based-audio-pii-classification/src/cnn/data_probe/output/probe_00563_spk04.wav,번호는 오일칠칠칠삼구이육공삼공이구입니다.,51777392603029,,male,spk04,probe_cont_14,probe,1,4.4,14,1,14,sentence,continuous,0.9823939402898153,0.003069891726473107,0.9857141971588135,0.9831562638282776,0.9783113598823547,0.9823939402898153
probe_00564_spk05.wav,/home/hye0n/projects/cnn-based-audio-pii-classification/src/cnn/data_probe/output/probe_00564_spk05.wav,번호는 구이이팔공구이공이사이팔육구입니다.,92280920242869,,female,spk05,probe_cont_14,probe,1,4.24,14,1,14,sentence,continuous,0.9128270149230957,0.03667914432729211,0.9486613273620605,0.9273900985717773,0.8624296188354492,0.9128270149230957
probe_00565_spk06.wav,/home/hye0n/projects/cnn-based-audio-pii-classification/src/cnn/data_probe/output/probe_00565_spk06.wav,번호는 구공사일삼칠구칠칠이삼육구이입니다.,90413797723692,,male,spk06,probe_cont_14,probe,1,4.4,14,1,14,sentence,continuous,0.6669272283713022,0.20645594153708197,0.8449661731719971,0.3775014579296112,0.7783140540122986,0.6669272283713022
probe_00566_spk07.wav,/home/hye0n/projects/cnn-based-audio-pii-classification/src/cnn/data_probe/output/probe_00566_spk07.wav,번호는 구이구팔사이오칠구구일삼육육입니다.,92984257991366,,female,spk07,probe_cont_14,probe,1,4.0,14,1,14,sentence,continuous,0.9899239540100098,0.004017476270740694,0.9934512376785278,0.9843029975891113,0.9920176267623901,0.9899239540100098
probe_00567_spk08.wav,/home/hye0n/projects/cnn-based-audio-pii-classification/src/cnn/data_probe/output/probe_00567_spk08.wav,번호는 이일공삼팔팔육이구일이칠구구입니다.,21038862912799,,male,spk08,probe_cont_14,probe,1,3.6,14,1,14,sentence,continuous,0.9696997205416361,0.012936615255341668,0.9744968414306641,0.9825908541679382,0.9520114660263062,0.9696997205416361
probe_00568_spk09.wav,/home/hye0n/projects/cnn-based-audio-pii-classification/src/cnn/data_probe/output/probe_00568_spk09.wav,번호는 공팔팔일일칠이구팔공육팔육오입니다.,08811729806865,,female,spk09,probe_cont_14,probe,1,3.76,14,1,14,sentence,continuous,0.9273800253868103,0.043224091966980675,0.8665050864219666,0.9530045390129089,0.9626304507255554,0.9273800253868103
probe_00569_spk10.wav,/home/hye0n/projects/cnn-based-audio-pii-classification/src/cnn/data_probe/output/probe_00569_spk10.wav,번호는 공팔육삼칠육오구구일육이사칠입니다.,08637659916247,,male,spk10,probe_cont_14,probe,1,3.6,14,1,14,sentence,continuous,0.9642746647198995,0.015214023390020256,0.9742942452430725,0.97575443983078,0.942775309085846,0.9642746647198995
probe_00570_spk11.wav,/home/hye0n/projects/cnn-based-audio-pii-classification/src/cnn/data_probe/output/probe_00570_spk11.wav,번호는 삼일사구팔육사삼공공구팔일팔입니다.,31498643009818,,female,spk11,probe_cont_14,probe,1,4.0,14,1,14,sentence,continuous,0.8585592110951742,0.11798108376292417,0.6918843388557434,0.9485238194465637,0.9352694749832153,0.8585592110951742
probe_00571_spk12.wav,/home/hye0n/projects/cnn-based-audio-pii-classification/src/cnn/data_probe/output/probe_00571_spk12.wav,번호는 공육삼오육오일이육구사사팔육입니다.,06356512694486,,male,spk12,probe_cont_14,probe,1,3.04,14,1,14,sentence,continuous,0.4331122537453969,0.037864474107565785,0.437339186668396,0.47722840309143066,0.38476917147636414,0.4331122537453969
probe_00572_spk13.wav,/home/hye0n/projects/cnn-based-audio-pii-classification/src/cnn/data_probe/output/probe_00572_spk13.wav,번호는 구오구사육삼육팔팔칠이오팔팔입니다.,95946368872588,,male,spk13,probe_cont_14,probe,1,4.32,14,1,14,sentence,continuous,0.9743897716204325,0.0032327124522233126,0.9789450168609619,0.9717760682106018,0.9724482297897339,0.9743897716204325
probe_00573_spk14.wav,/home/hye0n/projects/cnn-based-audio-pii-classification/src/cnn/data_probe/output/probe_00573_spk14.wav,번호는 칠사사구오육이일삼칠이일삼팔입니다.,74495621372138,,female,spk14,probe_cont_14,probe,1,4.08,14,1,14,sentence,continuous,0.953240434328715,0.010974236418099907,0.961100697517395,0.9608996510505676,0.9377209544181824,0.953240434328715
probe_00574_spk01.wav,/home/hye0n/projects/cnn-based-audio-pii-classification/src/cnn/data_probe/output/probe_00574_spk01.wav,번호는 육오팔구공이육공일이칠구육일입니다.,65890260127961,,female,spk01,probe_cont_14,probe,1,3.84,14,1,14,sentence,continuous,0.6170348823070526,0.21413656281613128,0.3177051842212677,0.8064866662025452,0.726912796497345,0.6170348823070526
probe_00575_spk02.wav,/home/hye0n/projects/cnn-based-audio-pii-classification/src/cnn/data_probe/output/probe_00575_spk02.wav,번호는 일사삼오일구공육육구팔사구공입니다.,14351906698490,,male,spk02,probe_cont_14,probe,1,4.0,14,1,14,sentence,continuous,0.8998129765192667,0.027722565706343953,0.9363270998001099,0.8691926598548889,0.8939191699028015,0.8998129765192667
probe_00576_spk03.wav,/home/hye0n/projects/cnn-based-audio-pii-classification/src/cnn/data_probe/output/probe_00576_spk03.wav,번호는 이칠칠공삼팔사삼공구팔팔삼구입니다.,27703843098839,,female,spk03,probe_cont_14,probe,1,4.24,14,1,14,sentence,continuous,0.917667806148529,0.025068803801248138,0.8859143853187561,0.9198895692825317,0.9471994638442993,0.917667806148529
probe_00577_spk04.wav,/home/hye0n/projects/cnn-based-audio-pii-classification/src/cnn/data_probe/output/probe_00577_spk04.wav,번호는 이공오삼공이일사육오육육구삼입니다.,20530214656693,,male,spk04,probe_cont_14,probe,1,4.0,14,1,14,sentence,continuous,0.9883444706598917,0.0006841113599860727,0.9877297282218933,0.9880048632621765,0.9892988204956055,0.9883444706598917
probe_00578_spk05.wav,/home/hye0n/projects/cnn-based-audio-pii-classification/src/cnn/data_probe/output/probe_00578_spk05.wav,번호는 팔공일일팔사팔구오오사삼구삼입니다.,80118489554393,,female,spk05,probe_cont_14,probe,1,3.6,14,1,14,sentence,continuous,0.7364133497079214,0.2480788022707433,0.3879292905330658,0.9457806348800659,0.8755301237106323,0.7364133497079214
probe_00579_spk06.wav,/home/hye0n/projects/cnn-based-audio-pii-classification/src/cnn/data_probe/output/probe_00579_spk06.wav,번호는 칠육구공사이육팔일팔일팔사오입니다.,76904268181845,,male,spk06,probe_cont_14,probe,1,3.36,14,1,14,sentence,continuous,0.12832029288013777,0.07033079270748138,0.045917678624391556,0.21776045858860016,0.12128274142742157,0.12832029288013777
probe_00580_spk07.wav,/home/hye0n/projects/cnn-based-audio-pii-classification/src/cnn/data_probe/output/probe_00580_spk07.wav,번호는 일팔사팔구사칠육구칠삼오칠칠입니다.,18489476973577,,female,spk07,probe_cont_14,probe,1,4.0,14,1,14,sentence,continuous,0.9893504579861959,0.0025210851392737364,0.9904532432556152,0.9858627915382385,0.9917353391647339,0.9893504579861959
probe_00581_spk08.wav,/home/hye0n/projects/cnn-based-audio-pii-classification/src/cnn/data_probe/output/probe_00581_spk08.wav,번호는 구공칠일사일육삼삼오육오팔팔입니다.,90714163356588,,male,spk08,probe_cont_14,probe,1,4.72,14,1,14,sentence,continuous,0.9768010576566061,0.006518433808646886,0.9821256399154663,0.9676217436790466,0.9806557893753052,0.9768010576566061
probe_00582_spk09.wav,/home/hye0n/projects/cnn-based-audio-pii-classification/src/cnn/data_probe/output/probe_00582_spk09.wav,번호는 공사삼사일육오일팔이칠오오삼입니다.,04341651827553,,female,spk09,probe_cont_14,probe,1,4.08,14,1,14,sentence,continuous,0.9879768292109171,0.0032021552289123118,0.9924823641777039,0.9861187934875488,0.9853293299674988,0.9879768292109171
probe_00583_spk10.wav,/home/hye0n/projects/cnn-based-audio-pii-classification/src/cnn/data_probe/output/probe_00583_spk10.wav,번호는 구사이삼칠삼삼삼사삼삼삼삼구입니다.,94237333433339,,male,spk10,probe_cont_14,probe,1,4.64,14,1,14,sentence,continuous,0.8728755911191305,0.031206481352139964,0.8300387263298035,0.8851006031036377,0.9034874439239502,0.8728755911191305
probe_00584_spk11.wav,/home/hye0n/projects/cnn-based-audio-pii-classification/src/cnn/data_probe/output/probe_00584_spk11.wav,번호는 오이일일일칠구공팔공칠오구오입니다.,52111790807595,,female,spk11,probe_cont_14,probe,1,4.08,14,1,14,sentence,continuous,0.9438495437304179,0.015298737067146745,0.922674834728241,0.9582840800285339,0.9505897164344788,0.9438495437304179
probe_00585_spk12.wav,/home/hye0n/projects/cnn-based-audio-pii-classification/src/cnn/data_probe/output/probe_00585_spk12.wav,번호는 칠구사칠이팔사육삼구이공팔육입니다.,79472846392086,,male,spk12,probe_cont_14,probe,1,3.92,14,1,14,sentence,continuous,0.9846581816673279,0.0030491419019352695,0.9815126657485962,0.9887853860855103,0.9836764931678772,0.9846581816673279
probe_00586_spk13.wav,/home/hye0n/projects/cnn-based-audio-pii-classification/src/cnn/data_probe/output/probe_00586_spk13.wav,번호는 칠팔공팔오육이칠일팔칠오공공입니다.,78085627187500,,male,spk13,probe_cont_14,probe,1,4.0,14,1,14,sentence,continuous,0.9618001778920492,0.003889804557390788,0.9584372639656067,0.959711492061615,0.9672517776489258,0.9618001778920492
probe_00587_spk14.wav,/home/hye0n/projects/cnn-based-audio-pii-classification/src/cnn/data_probe/output/probe_00587_spk14.wav,번호는 삼육구일오오구사이팔사삼사칠입니다.,36915594284347,,female,spk14,probe_cont_14,probe,1,3.92,14,1,14,sentence,continuous,0.7320289015769958,0.1740053688390318,0.8910715579986572,0.48988568782806396,0.8151294589042664,0.7320289015769958
probe_00588_spk01.wav,/home/hye0n/projects/cnn-based-audio-pii-classification/src/cnn/data_probe/output/probe_00588_spk01.wav,번호는 구오오이칠육삼육오오육사칠이입니다.,95527636556472,,female,spk01,probe_cont_14,probe,1,4.32,14,1,14,sentence,continuous,0.939901610215505,0.020190691224215507,0.9216467142105103,0.9680439233779907,0.9300141930580139,0.939901610215505
probe_00589_spk02.wav,/home/hye0n/projects/cnn-based-audio-pii-classification/src/cnn/data_probe/output/probe_00589_spk02.wav,번호는 구이구삼일사삼팔육육삼이이칠입니다.,92931438663227,,male,spk02,probe_cont_14,probe,1,4.16,14,1,14,sentence,continuous,0.9748482505480448,0.007049111240697092,0.9790213108062744,0.9806022644042969,0.9649211764335632,0.9748482505480448
probe_00590_spk03.wav,/home/hye0n/projects/cnn-based-audio-pii-classification/src/cnn/data_probe/output/probe_00590_spk03.wav,번호는 공이육칠이팔팔오칠사사팔구공입니다.,02672885744890,,female,spk03,probe_cont_14,probe,1,4.16,14,1,14,sentence,continuous,0.991378664970398,0.002759904468584755,0.9907864928245544,0.9883337020874023,0.9950157999992371,0.991378664970398
probe_00591_spk04.wav,/home/hye0n/projects/cnn-based-audio-pii-classification/src/cnn/data_probe/output/probe_00591_spk04.wav,번호는 육일이공삼사칠일칠오사오오팔입니다.,61203471754558,,male,spk04,probe_cont_14,probe,1,3.76,14,1,14,sentence,continuous,0.9829210241635641,0.0051528664012815825,0.9835152626037598,0.9763339757919312,0.9889138340950012,0.9829210241635641
probe_00592_spk05.wav,/home/hye0n/projects/cnn-based-audio-pii-classification/src/cnn/data_probe/output/probe_00592_spk05.wav,번호는 팔사오공육일오구삼구구팔이사입니다.,84506159399824,,female,spk05,probe_cont_14,probe,1,3.52,14,1,14,sentence,continuous,0.7601404388745626,0.08741089932558196,0.7061298489570618,0.8834428787231445,0.6908485889434814,0.7601404388745626
probe_00593_spk06.wav,/home/hye0n/projects/cnn-based-audio-pii-classification/src/cnn/data_probe/output/probe_00593_spk06.wav,번호는 오오팔칠칠일육구사칠이이오육입니다.,55877169472256,,male,spk06,probe_cont_14,probe,1,3.68,14,1,14,sentence,continuous,0.9014684557914734,0.013618134498659742,0.8961411714553833,0.8881041407585144,0.9201600551605225,0.9014684557914734
probe_00594_spk07.wav,/home/hye0n/projects/cnn-based-audio-pii-classification/src/cnn/data_probe/output/probe_00594_spk07.wav,번호는 구구육일일이오삼오오사사구육입니다.,99611253554496,,female,spk07,probe_cont_14,probe,1,3.28,14,1,14,sentence,continuous,0.6438878178596497,0.02604120367200992,0.6708194017410278,0.6086680889129639,0.6521759629249573,0.6438878178596497
probe_00595_spk08.wav,/home/hye0n/projects/cnn-based-audio-pii-classification/src/cnn/data_probe/output/probe_00595_spk08.wav,번호는 사칠오구팔칠육이이공이삼사일입니다.,47598762202341,,male,spk08,probe_cont_14,probe,1,4.32,14,1,14,sentence,continuous,0.9889167745908102,0.005015908130506983,0.993953287601471,0.9820725321769714,0.990724503993988,0.9889167745908102
probe_00596_spk09.wav,/home/hye0n/projects/cnn-based-audio-pii-classification/src/cnn/data_probe/output/probe_00596_spk09.wav,번호는 삼이육일일일칠팔공공육팔일일입니다.,32611178006811,,female,spk09,probe_cont_14,probe,1,3.76,14,1,14,sentence,continuous,0.875897228717804,0.08009201271796797,0.7671710848808289,0.9577569365501404,0.9027636647224426,0.875897228717804
probe_00597_spk10.wav,/home/hye0n/projects/cnn-based-audio-pii-classification/src/cnn/data_probe/output/probe_00597_spk10.wav,번호는 사구이일육사삼삼사칠이이팔이입니다.,49216433472282,,male,spk10,probe_cont_14,probe,1,3.76,14,1,14,sentence,continuous,0.19570617377758026,0.1592052896558968,0.08791685104370117,0.42078956961631775,0.07841210067272186,0.19570617377758026
probe_00598_spk11.wav,/home/hye0n/projects/cnn-based-audio-pii-classification/src/cnn/data_probe/output/probe_00598_spk11.wav,번호는 공공오오칠칠팔사팔칠이팔이구입니다.,00557784872829,,female,spk11,probe_cont_14,probe,1,4.0,14,1,14,sentence,continuous,0.9167105754216512,0.0552854164590818,0.8389602899551392,0.9627191424369812,0.9484522938728333,0.9167105754216512
probe_00599_spk12.wav,/home/hye0n/projects/cnn-based-audio-pii-classification/src/cnn/data_probe/output/probe_00599_spk12.wav,번호는 구칠구육팔팔사오칠팔삼일칠사입니다.,97968845783174,,male,spk12,probe_cont_14,probe,1,3.68,14,1,14,sentence,continuous,0.7311999201774597,0.0037330680719313333,0.7362328767776489,0.7273029685020447,0.7300639152526855,0.7311999201774597
probe_00600_spk13.wav,/home/hye0n/projects/cnn-based-audio-pii-classification/src/cnn/data_probe/output/probe_00600_spk13.wav,번호는 오육사이사공공팔이오사칠팔공칠칠입니다.,5642400825478077,,male,spk13,probe_cont_16,probe,1,3.76,16,1,16,sentence,continuous,0.7883985042572021,0.22685826950205953,0.4686046838760376,0.9705652594566345,0.9260255694389343,0.7883985042572021
probe_00601_spk14.wav,/home/hye0n/projects/cnn-based-audio-pii-classification/src/cnn/data_probe/output/probe_00601_spk14.wav,번호는 사공육사구삼공팔오삼육팔육육삼이입니다.,4064930853686632,,female,spk14,probe_cont_16,probe,1,4.24,16,1,16,sentence,continuous,0.9736358126004537,0.011398362294974622,0.9894367456436157,0.9629727602005005,0.9684979319572449,0.9736358126004537
probe_00602_spk01.wav,/home/hye0n/projects/cnn-based-audio-pii-classification/src/cnn/data_probe/output/probe_00602_spk01.wav,번호는 육육삼사일육삼팔구사사팔사육삼일입니다.,6634163894484631,,female,spk01,probe_cont_16,probe,1,4.8,16,1,16,sentence,continuous,0.9609878857930502,0.008249312022083427,0.9552891254425049,0.9550213813781738,0.9726531505584717,0.9609878857930502
probe_00603_spk02.wav,/home/hye0n/projects/cnn-based-audio-pii-classification/src/cnn/data_probe/output/probe_00603_spk02.wav,번호는 이이사일칠구칠사구칠삼오공이공팔입니다.,2241797497350208,,male,spk02,probe_cont_16,probe,1,4.16,16,1,16,sentence,continuous,0.9805222948392233,0.005397552395989374,0.9732786417007446,0.9862291812896729,0.9820590615272522,0.9805222948392233
probe_00604_spk03.wav,/home/hye0n/projects/cnn-based-audio-pii-classification/src/cnn/data_probe/output/probe_00604_spk03.wav,번호는 공이일사사이칠공삼일이공칠삼오육입니다.,0214427031207356,,female,spk03,probe_cont_16,probe,1,4.48,16,1,16,sentence,continuous,0.9970789750417074,0.0005089116948917361,0.9965829253196716,0.997778594493866,0.9968754053115845,0.9970789750417074
probe_00605_spk04.wav,/home/hye0n/projects/cnn-based-audio-pii-classification/src/cnn/data_probe/output/probe_00605_spk04.wav,번호는 사칠오칠공오일이공사육일팔칠이삼입니다.,4757051204618723,,male,spk04,probe_cont_16,probe,1,4.64,16,1,16,sentence,continuous,0.9967385530471802,0.0005640978941985378,0.9974996447563171,0.996565043926239,0.9961509704589844,0.9967385530471802
probe_00606_spk05.wav,/home/hye0n/projects/cnn-based-audio-pii-classification/src/cnn/data_probe/output/probe_00606_spk05.wav,번호는 사육공일삼육칠삼공삼칠일팔삼칠육입니다.,4601367303718376,,female,spk05,probe_cont_16,probe,1,5.2,16,1,16,sentence,continuous,0.9960199197133383,0.0001707871177130948,0.9959654808044434,0.9962509274482727,0.9958433508872986,0.9960199197133383
probe_00607_spk06.wav,/home/hye0n/projects/cnn-based-audio-pii-classification/src/cnn/data_probe/output/probe_00607_spk06.wav,번호는 사오이공팔팔일사칠사삼오공삼일삼입니다.,4520881474350313,,male,spk06,probe_cont_16,probe,1,4.08,16,1,16,sentence,continuous,0.901927669843038,0.030936015756264604,0.894326388835907,0.9430407881736755,0.8684158325195312,0.901927669843038
probe_00608_spk07.wav,/home/hye0n/projects/cnn-based-audio-pii-classification/src/cnn/data_probe/output/probe_00608_spk07.wav,번호는 육오공이사구일육삼공공구칠구이오입니다.,6502491630097925,,female,spk07,probe_cont_16,probe,1,4.32,16,1,16,sentence,continuous,0.9958498875300089,0.000509857207754967,0.9960734844207764,0.9951444268226624,0.9963317513465881,0.9958498875300089
probe_00609_spk08.wav,/home/hye0n/projects/cnn-based-audio-pii-classification/src/cnn/data_probe/output/probe_00609_spk08.wav,번호는 일삼이칠일구오공공오이팔일이칠삼입니다.,1327195005281273,,male,spk08,probe_cont_16,probe,1,4.64,16,1,16,sentence,continuous,0.9766318996747335,0.011407441020531768,0.9895532131195068,0.9785363078117371,0.9618061780929565,0.9766318996747335
probe_00610_spk09.wav,/home/hye0n/projects/cnn-based-audio-pii-classification/src/cnn/data_probe/output/probe_00610_spk09.wav,번호는 오팔오칠삼공육오이사공칠칠팔사팔입니다.,5857306524077848,,female,spk09,probe_cont_16,probe,1,5.04,16,1,16,sentence,continuous,0.6073835690816244,0.12734882592746885,0.7769333124160767,0.5752038359642029,0.4700135588645935,0.6073835690816244
probe_00611_spk10.wav,/home/hye0n/projects/cnn-based-audio-pii-classification/src/cnn/data_probe/output/probe_00611_spk10.wav,번호는 칠삼구이팔오오칠사구팔이일팔이칠입니다.,7392855749821827,,male,spk10,probe_cont_16,probe,1,3.44,16,1,16,sentence,continuous,0.8885178367296854,0.027350792799516157,0.9143536686897278,0.9005294442176819,0.8506703972816467,0.8885178367296854
probe_00612_spk11.wav,/home/hye0n/projects/cnn-based-audio-pii-classification/src/cnn/data_probe/output/probe_00612_spk11.wav,번호는 사사팔오칠공팔육이공구오구삼오일입니다.,4485708620959351,,female,spk11,probe_cont_16,probe,1,3.92,16,1,16,sentence,continuous,0.9311707019805908,0.021818132094048592,0.9214455485343933,0.9106736183166504,0.9613929390907288,0.9311707019805908
probe_00613_spk12.wav,/home/hye0n/projects/cnn-based-audio-pii-classification/src/cnn/data_probe/output/probe_00613_spk12.wav,번호는 팔육삼팔칠팔이구사오육오일일팔일입니다.,8638782945651181,,male,spk12,probe_cont_16,probe,1,4.56,16,1,16,sentence,continuous,0.8122690916061401,0.06897402708292297,0.8225277066230774,0.8911468982696533,0.7231326699256897,0.8122690916061401
probe_00614_spk13.wav,/home/hye0n/projects/cnn-based-audio-pii-classification/src/cnn/data_probe/output/probe_00614_spk13.wav,번호는 공이이공삼일칠삼일공구육칠팔구구입니다.,0220317310967899,,male,spk13,probe_cont_16,probe,1,4.24,16,1,16,sentence,continuous,0.9729959567387899,0.013768955146312448,0.9544865489006042,0.98748779296875,0.9770135283470154,0.9729959567387899
probe_00615_spk14.wav,/home/hye0n/projects/cnn-based-audio-pii-classification/src/cnn/data_probe/output/probe_00615_spk14.wav,번호는 사공오삼구일공삼칠일칠공오팔육오입니다.,4053910371705865,,female,spk14,probe_cont_16,probe,1,4.8,16,1,16,sentence,continuous,0.9933940966924032,0.0006564545067981497,0.9942930936813354,0.992743968963623,0.993145227432251,0.9933940966924032
probe_00616_spk01.wav,/home/hye0n/projects/cnn-based-audio-pii-classification/src/cnn/data_probe/output/probe_00616_spk01.wav,번호는 공구사팔공일사일삼팔일일삼팔육삼입니다.,0948014138113863,,female,spk01,probe_cont_16,probe,1,5.04,16,1,16,sentence,continuous,0.9667391578356425,0.027622612851670583,0.993386447429657,0.9286777973175049,0.9781532287597656,0.9667391578356425
probe_00617_spk02.wav,/home/hye0n/projects/cnn-based-audio-pii-classification/src/cnn/data_probe/output/probe_00617_spk02.wav,번호는 삼팔삼구이팔팔육일구오칠육일이이입니다.,3839288619576122,,male,spk02,probe_cont_16,probe,1,4.0,16,1,16,sentence,continuous,0.9827794830004374,0.004267395212830608,0.9767548441886902,0.9854855537414551,0.986098051071167,0.9827794830004374
probe_00618_spk03.wav,/home/hye0n/projects/cnn-based-audio-pii-classification/src/cnn/data_probe/output/probe_00618_spk03.wav,번호는 팔육팔오이팔구칠오오팔오오육육오입니다.,8685289755855665,,female,spk03,probe_cont_16,probe,1,5.28,16,1,16,sentence,continuous,0.9882606069246928,0.0036122626045512057,0.9831674695014954,0.9911501407623291,0.9904642105102539,0.9882606069246928
probe_00619_spk04.wav,/home/hye0n/projects/cnn-based-audio-pii-classification/src/cnn/data_probe/output/probe_00619_spk04.wav,번호는 구삼구팔삼육팔사오칠칠육공공사구입니다.,9398368457760049,,male,spk04,probe_cont_16,probe,1,4.48,16,1,16,sentence,continuous,0.9974312782287598,0.00022176542829148863,0.997744083404541,0.997255265712738,0.9972944855690002,0.9974312782287598
probe_00620_spk05.wav,/home/hye0n/projects/cnn-based-audio-pii-classification/src/cnn/data_probe/output/probe_00620_spk05.wav,번호는 공팔이사공사삼삼오공사팔팔팔구구입니다.,0824043350488899,,female,spk05,probe_cont_16,probe,1,4.0,16,1,16,sentence,continuous,0.9604612986246744,0.013775001702316908,0.9434974789619446,0.9772376418113708,0.960648775100708,0.9604612986246744
probe_00621_spk06.wav,/home/hye0n/projects/cnn-based-audio-pii-classification/src/cnn/data_probe/output/probe_00621_spk06.wav,번호는 이일공칠오이이사오구삼삼사사일구입니다.,2107522459334419,,male,spk06,probe_cont_16,probe,1,4.24,16,1,16,sentence,continuous,0.9900635679562887,0.0013803416582758227,0.9920077323913574,0.9889392256736755,0.989243745803833,0.9900635679562887
probe_00622_spk07.wav,/home/hye0n/projects/cnn-based-audio-pii-classification/src/cnn/data_probe/output/probe_00622_spk07.wav,번호는 육구삼일오칠이칠구일구사공구육일입니다.,6931572791940961,,female,spk07,probe_cont_16,probe,1,3.6,16,1,16,sentence,continuous,0.98790043592453,0.005866005981635431,0.9921970367431641,0.9796064496040344,0.9918978214263916,0.98790043592453
probe_00623_spk08.wav,/home/hye0n/projects/cnn-based-audio-pii-classification/src/cnn/data_probe/output/probe_00623_spk08.wav,번호는 공오오육육일삼구공육공사팔공오팔입니다.,0556613906048058,,male,spk08,probe_cont_16,probe,1,4.56,16,1,16,sentence,continuous,0.975042720635732,0.013708624769231247,0.9930316209793091,0.9597881436347961,0.9723083972930908,0.975042720635732
probe_00624_spk09.wav,/home/hye0n/projects/cnn-based-audio-pii-classification/src/cnn/data_probe/output/probe_00624_spk09.wav,번호는 구이오팔삼이공육칠구구팔일삼육사입니다.,9258320679981364,,female,spk09,probe_cont_16,probe,1,4.32,16,1,16,sentence,continuous,0.9165550669034322,0.01959040131383869,0.9410853385925293,0.8931375741958618,0.9154422879219055,0.9165550669034322
probe_00625_spk10.wav,/home/hye0n/projects/cnn-based-audio-pii-classification/src/cnn/data_probe/output/probe_00625_spk10.wav,번호는 육이이오일칠구공팔육사일육팔육이입니다.,6225179086416862,,male,spk10,probe_cont_16,probe,1,4.08,16,1,16,sentence,continuous,0.9753056963284811,0.007500256098025618,0.9800606966018677,0.9811393618583679,0.9647170305252075,0.9753056963284811
probe_00626_spk11.wav,/home/hye0n/projects/cnn-based-audio-pii-classification/src/cnn/data_probe/output/probe_00626_spk11.wav,번호는 이칠팔삼칠육구삼팔구팔삼삼일사육입니다.,2783769389833146,,female,spk11,probe_cont_16,probe,1,4.56,16,1,16,sentence,continuous,0.9759333928426107,0.011529984629880445,0.9643518924713135,0.9717836976051331,0.9916645884513855,0.9759333928426107
probe_00627_spk12.wav,/home/hye0n/projects/cnn-based-audio-pii-classification/src/cnn/data_probe/output/probe_00627_spk12.wav,번호는 오구일일육육오오삼오오구공사이오입니다.,5911665535590425,,male,spk12,probe_cont_16,probe,1,3.92,16,1,16,sentence,continuous,0.9729917446772257,0.010142364706112851,0.9760146737098694,0.9836230874061584,0.9593374729156494,0.9729917446772257
probe_00628_spk13.wav,/home/hye0n/projects/cnn-based-audio-pii-classification/src/cnn/data_probe/output/probe_00628_spk13.wav,번호는 구칠구이칠공삼삼오이일일공삼구이입니다.,9792703352110392,,male,spk13,probe_cont_16,probe,1,4.4,16,1,16,sentence,continuous,0.8762608567873637,0.05028808352362003,0.8376271724700928,0.9472876191139221,0.8438677787780762,0.8762608567873637
probe_00629_spk14.wav,/home/hye0n/projects/cnn-based-audio-pii-classification/src/cnn/data_probe/output/probe_00629_spk14.wav,번호는 사공오일사칠칠공오삼팔삼삼팔팔사입니다.,4051477053833884,,female,spk14,probe_cont_16,probe,1,4.64,16,1,16,sentence,continuous,0.994196613629659,0.0008311348927652108,0.9944995641708374,0.9930616021156311,0.9950286746025085,0.994196613629659
probe_00630_spk01.wav,/home/hye0n/projects/cnn-based-audio-pii-classification/src/cnn/data_probe/output/probe_00630_spk01.wav,번호는 팔칠구이공육구팔공사이공사삼구사입니다.,8792069804204394,,female,spk01,probe_cont_16,probe,1,4.56,16,1,16,sentence,continuous,0.9837496876716614,0.011841392664798146,0.967011034488678,0.9925560355186462,0.9916819930076599,0.9837496876716614
probe_00631_spk02.wav,/home/hye0n/projects/cnn-based-audio-pii-classification/src/cnn/data_probe/output/probe_00631_spk02.wav,번호는 공칠공일육사오일공사육삼육팔일오입니다.,0701645104636815,,male,spk02,probe_cont_16,probe,1,3.6,16,1,16,sentence,continuous,0.9768344163894653,0.016079650942074985,0.9882473349571228,0.9881615042686462,0.954094409942627,0.9768344163894653
probe_00632_spk03.wav,/home/hye0n/projects/cnn-based-audio-pii-classification/src/cnn/data_probe/output/probe_00632_spk03.wav,번호는 칠구팔일이삼팔칠팔공공삼팔사오칠입니다.,7981238780038457,,female,spk03,probe_cont_16,probe,1,4.88,16,1,16,sentence,continuous,0.9767173528671265,0.008183956119036188,0.9858241081237793,0.9659780263900757,0.9783499240875244,0.9767173528671265
probe_00633_spk04.wav,/home/hye0n/projects/cnn-based-audio-pii-classification/src/cnn/data_probe/output/probe_00633_spk04.wav,번호는 육이공오오오사삼팔사공사육공팔사입니다.,6205554384046084,,male,spk04,probe_cont_16,probe,1,4.72,16,1,16,sentence,continuous,0.9948079784711202,0.0004671817490537036,0.9942346215248108,0.9948103427886963,0.9953789710998535,0.9948079784711202
probe_00634_spk05.wav,/home/hye0n/projects/cnn-based-audio-pii-classification/src/cnn/data_probe/output/probe_00634_spk05.wav,번호는 삼이오육이일육팔구삼육삼구이육사입니다.,3256216893639264,,female,spk05,probe_cont_16,probe,1,4.4,16,1,16,sentence,continuous,0.9934880137443542,0.001449880763738617,0.9955287575721741,0.9922951459884644,0.9926401376724243,0.9934880137443542
probe_00635_spk06.wav,/home/hye0n/projects/cnn-based-audio-pii-classification/src/cnn/data_probe/output/probe_00635_spk06.wav,번호는 구오칠팔이삼이구팔삼이사팔이육이입니다.,9578232983248262,,male,spk06,probe_cont_16,probe,1,3.68,16,1,16,sentence,continuous,0.8179466525713602,0.06108471409671651,0.7317684888839722,0.8662325143814087,0.8558389544487,0.8179466525713602
probe_00636_spk07.wav,/home/hye0n/projects/cnn-based-audio-pii-classification/src/cnn/data_probe/output/probe_00636_spk07.wav,번호는 구이오일팔팔일이오이공오육육사칠입니다.,9251881252056647,,female,spk07,probe_cont_16,probe,1,4.24,16,1,16,sentence,continuous,0.9507799943288168,0.01842541793867867,0.9357430338859558,0.9767283797264099,0.9398685693740845,0.9507799943288168
probe_00637_spk08.wav,/home/hye0n/projects/cnn-based-audio-pii-classification/src/cnn/data_probe/output/probe_00637_spk08.wav,번호는 사이삼일이이공구구사구구구삼구삼입니다.,4231220994999393,,male,spk08,probe_cont_16,probe,1,5.04,16,1,16,sentence,continuous,0.9440736373265585,0.037148535866260594,0.9806388020515442,0.8931220769882202,0.9584600329399109,0.9440736373265585
probe_00638_spk09.wav,/home/hye0n/projects/cnn-based-audio-pii-classification/src/cnn/data_probe/output/probe_00638_spk09.wav,번호는 삼공오일칠이팔구칠오이육칠칠이이입니다.,3051728975267722,,female,spk09,probe_cont_16,probe,1,4.32,16,1,16,sentence,continuous,0.9953762888908386,0.0006555189212601605,0.9960101842880249,0.9956451654434204,0.9944735169410706,0.9953762888908386
probe_00639_spk10.wav,/home/hye0n/projects/cnn-based-audio-pii-classification/src/cnn/data_probe/output/probe_00639_spk10.wav,번호는 삼삼공육공사육삼삼삼일이칠구칠오입니다.,3306046333127975,,male,spk10,probe_cont_16,probe,1,3.44,16,1,16,sentence,continuous,0.9474727908770243,0.013647203908939053,0.9295457005500793,0.9626277685165405,0.9502449035644531,0.9474727908770243
probe_00640_spk11.wav,/home/hye0n/projects/cnn-based-audio-pii-classification/src/cnn/data_probe/output/probe_00640_spk11.wav,번호는 칠삼육육공구육오육구구구팔팔공팔입니다.,7366096569998808,,female,spk11,probe_cont_16,probe,1,4.96,16,1,16,sentence,continuous,0.971113940080007,0.009194489600633252,0.9767292737960815,0.9784629940986633,0.9581495523452759,0.971113940080007
probe_00641_spk12.wav,/home/hye0n/projects/cnn-based-audio-pii-classification/src/cnn/data_probe/output/probe_00641_spk12.wav,번호는 일칠칠공삼팔팔육공팔육팔공삼사칠입니다.,1770388608680347,,male,spk12,probe_cont_16,probe,1,4.16,16,1,16,sentence,continuous,0.9882649779319763,0.0017827318622989706,0.989403486251831,0.9896438121795654,0.9857476353645325,0.9882649779319763
probe_00642_spk13.wav,/home/hye0n/projects/cnn-based-audio-pii-classification/src/cnn/data_probe/output/probe_00642_spk13.wav,번호는 육사사칠이육사구공팔이칠칠일팔일입니다.,6447264908277181,,male,spk13,probe_cont_16,probe,1,3.44,16,1,16,sentence,continuous,0.787683367729187,0.10826479161432144,0.9382933378219604,0.6885167956352234,0.7362399697303772,0.787683367729187
probe_00643_spk14.wav,/home/hye0n/projects/cnn-based-audio-pii-classification/src/cnn/data_probe/output/probe_00643_spk14.wav,번호는 이구팔이육육오칠공이칠구삼칠일사입니다.,2982665702793714,,female,spk14,probe_cont_16,probe,1,4.72,16,1,16,sentence,continuous,0.9850765665372213,0.0038639814933318023,0.9853400588035583,0.9802179336547852,0.9896717071533203,0.9850765665372213
probe_00644_spk01.wav,/home/hye0n/projects/cnn-based-audio-pii-classification/src/cnn/data_probe/output/probe_00644_spk01.wav,번호는 오이일일일칠오일팔육팔구이육팔육입니다.,5211175186892686,,female,spk01,probe_cont_16,probe,1,4.08,16,1,16,sentence,continuous,0.9923914472262064,0.0032090168785230584,0.9953833222389221,0.9879403114318848,0.9938507080078125,0.9923914472262064
probe_00645_spk02.wav,/home/hye0n/projects/cnn-based-audio-pii-classification/src/cnn/data_probe/output/probe_00645_spk02.wav,번호는 공이오구이이이이공육사사칠사이일입니다.,0259222206447421,,male,spk02,probe_cont_16,probe,1,4.48,16,1,16,sentence,continuous,0.9831243753433228,0.007382680425901911,0.9864723682403564,0.9900147914886475,0.9728859663009644,0.9831243753433228
probe_00646_spk03.wav,/home/hye0n/projects/cnn-based-audio-pii-classification/src/cnn/data_probe/output/probe_00646_spk03.wav,번호는 이삼공구사공칠칠칠팔공구칠삼삼구입니다.,2309407778097339,,female,spk03,probe_cont_16,probe,1,4.4,16,1,16,sentence,continuous,0.9959869782129923,0.0005259112542557685,0.9956856966018677,0.9967265129089355,0.9955487251281738,0.9959869782129923
probe_00647_spk04.wav,/home/hye0n/projects/cnn-based-audio-pii-classification/src/cnn/data_probe/output/probe_00647_spk04.wav,번호는 칠칠육칠일구구공삼팔사구팔삼공이입니다.,7767199038498302,,male,spk04,probe_cont_16,probe,1,4.64,16,1,16,sentence,continuous,0.9893531004587809,0.0015358264687788928,0.9872992634773254,0.9897680878639221,0.9909919500350952,0.9893531004587809
probe_00648_spk05.wav,/home/hye0n/projects/cnn-based-audio-pii-classification/src/cnn/data_probe/output/probe_00648_spk05.wav,번호는 이공오공이공구구사오일공일육이이입니다.,2050209945101622,,female,spk05,probe_cont_16,probe,1,4.88,16,1,16,sentence,continuous,0.9874221483866373,0.005035798976286318,0.9926196932792664,0.9890397787094116,0.9806069731712341,0.9874221483866373
probe_00649_spk06.wav,/home/hye0n/projects/cnn-based-audio-pii-classification/src/cnn/data_probe/output/probe_00649_spk06.wav,번호는 사구구구팔이칠구오공일사오오육일입니다.,4999827950145561,,male,spk06,probe_cont_16,probe,1,3.6,16,1,16,sentence,continuous,0.6942780017852783,0.08195559443118458,0.578409731388092,0.7497652769088745,0.7546589970588684,0.6942780017852783
probe_00650_spk07.wav,/home/hye0n/projects/cnn-based-audio-pii-classification/src/cnn/data_probe/output/probe_00650_spk07.wav,번호는 육팔일사칠이일사오팔육팔삼삼구공입니다.,6814721458683390,,female,spk07,probe_cont_16,probe,1,4.72,16,1,16,sentence,continuous,0.994328240553538,0.0012392721085121535,0.9957554340362549,0.9927337169647217,0.9944955706596375,0.994328240553538
probe_00651_spk08.wav,/home/hye0n/projects/cnn-based-audio-pii-classification/src/cnn/data_probe/output/probe_00651_spk08.wav,번호는 일구팔일칠구사육구오사팔구구오이입니다.,1981794695489952,,male,spk08,probe_cont_16,probe,1,4.72,16,1,16,sentence,continuous,0.9106452465057373,0.030776465881947546,0.8748701810836792,0.9070643186569214,0.9500012397766113,0.9106452465057373
probe_00652_spk09.wav,/home/hye0n/projects/cnn-based-audio-pii-classification/src/cnn/data_probe/output/probe_00652_spk09.wav,번호는 구구칠팔칠칠이구삼사삼공일공칠일입니다.,9978772934301071,,female,spk09,probe_cont_16,probe,1,4.96,16,1,16,sentence,continuous,0.962345818678538,0.017870734789515865,0.9436044692993164,0.9570326209068298,0.9864003658294678,0.962345818678538
probe_00653_spk10.wav,/home/hye0n/projects/cnn-based-audio-pii-classification/src/cnn/data_probe/output/probe_00653_spk10.wav,번호는 삼구육육공오오팔삼공삼사사일사사입니다.,3966055830344144,,male,spk10,probe_cont_16,probe,1,4.48,16,1,16,sentence,continuous,0.9839715361595154,0.004946352867782967,0.9793515205383301,0.9817327857017517,0.9908303022384644,0.9839715361595154
probe_00654_spk11.wav,/home/hye0n/projects/cnn-based-audio-pii-classification/src/cnn/data_probe/output/probe_00654_spk11.wav,번호는 팔팔오공일오오육구구공이삼오오칠입니다.,8850155699023557,,female,spk11,probe_cont_16,probe,1,3.76,16,1,16,sentence,continuous,0.9822977582613627,0.004760647912377601,0.9801463484764099,0.9888983368873596,0.9778485894203186,0.9822977582613627
probe_00655_spk12.wav,/home/hye0n/projects/cnn-based-audio-pii-classification/src/cnn/data_probe/output/probe_00655_spk12.wav,번호는 칠공이칠이칠팔오칠육공팔사구오팔입니다.,7027278576084958,,male,spk12,probe_cont_16,probe,1,4.4,16,1,16,sentence,continuous,0.9730504552523295,0.010587841296508818,0.9791489243507385,0.9818443655967712,0.9581580758094788,0.9730504552523295
probe_00656_spk13.wav,/home/hye0n/projects/cnn-based-audio-pii-classification/src/cnn/data_probe/output/probe_00656_spk13.wav,번호는 팔공삼구오오일이사공오육팔이구구입니다.,8039551240568299,,male,spk13,probe_cont_16,probe,1,3.6,16,1,16,sentence,continuous,0.7946715950965881,0.14543933172685813,0.5958008766174316,0.9395682215690613,0.8486456871032715,0.7946715950965881
probe_00657_spk14.wav,/home/hye0n/projects/cnn-based-audio-pii-classification/src/cnn/data_probe/output/probe_00657_spk14.wav,번호는 육이구일사오공사육일칠삼오칠사삼입니다.,6291450461735743,,female,spk14,probe_cont_16,probe,1,4.8,16,1,16,sentence,continuous,0.95787646373113,0.009538226133560675,0.9693778157234192,0.9460220336914062,0.9582295417785645,0.95787646373113
probe_00658_spk01.wav,/home/hye0n/projects/cnn-based-audio-pii-classification/src/cnn/data_probe/output/probe_00658_spk01.wav,번호는 팔사이일오공삼일칠팔공칠팔이삼오입니다.,8421503178078235,,female,spk01,probe_cont_16,probe,1,4.32,16,1,16,sentence,continuous,0.9917806386947632,0.0021152997001128095,0.9934906959533691,0.9887999296188354,0.993051290512085,0.9917806386947632
probe_00659_spk02.wav,/home/hye0n/projects/cnn-based-audio-pii-classification/src/cnn/data_probe/output/probe_00659_spk02.wav,번호는 칠팔사오이일팔이삼공칠육팔일공사입니다.,7845218230768104,,male,spk02,probe_cont_16,probe,1,4.48,16,1,16,sentence,continuous,0.9856313665707906,0.0028503918580871823,0.9878441095352173,0.9874430298805237,0.9816069602966309,0.9856313665707906
probe_00660_spk03.wav,/home/hye0n/projects/cnn-based-audio-pii-classification/src/cnn/data_probe/output/probe_00660_spk03.wav,번호는 공구일오칠공일팔사공구사삼오삼삼입니다.,0915701840943533,,female,spk03,probe_cont_16,probe,1,5.68,16,1,16,sentence,continuous,0.9971162478129069,0.0007021779786823867,0.9964062571525574,0.9980725049972534,0.9968699812889099,0.9971162478129069
probe_00661_spk04.wav,/home/hye0n/projects/cnn-based-audio-pii-classification/src/cnn/data_probe/output/probe_00661_spk04.wav,번호는 사사팔오칠일사이이사일공구팔팔일입니다.,4485714224109881,,male,spk04,probe_cont_16,probe,1,3.6,16,1,16,sentence,continuous,0.9800234238306681,0.0037847179737962155,0.9810985922813416,0.9749450087547302,0.9840266704559326,0.9800234238306681
probe_00662_spk05.wav,/home/hye0n/projects/cnn-based-audio-pii-classification/src/cnn/data_probe/output/probe_00662_spk05.wav,번호는 삼팔오팔오사이사구삼이일사구오팔입니다.,3858542493214958,,female,spk05,probe_cont_16,probe,1,3.92,16,1,16,sentence,continuous,0.9601953228314718,0.016337510618750932,0.9689089059829712,0.9743703007698059,0.9373067617416382,0.9601953228314718
probe_00663_spk06.wav,/home/hye0n/projects/cnn-based-audio-pii-classification/src/cnn/data_probe/output/probe_00663_spk06.wav,번호는 칠공이공칠공일육공일육육이구구칠입니다.,7020701601662997,,male,spk06,probe_cont_16,probe,1,4.0,16,1,16,sentence,continuous,0.15982467184464136,0.055553646326921974,0.20915210247039795,0.18811768293380737,0.08220423012971878,0.15982467184464136
probe_00664_spk07.wav,/home/hye0n/projects/cnn-based-audio-pii-classification/src/cnn/data_probe/output/probe_00664_spk07.wav,번호는 구오사오삼팔일칠구이일칠일칠사칠입니다.,9545381792171747,,female,spk07,probe_cont_16,probe,1,4.72,16,1,16,sentence,continuous,0.9626139402389526,0.00968106113208081,0.9569419026374817,0.976241409778595,0.9546585083007812,0.9626139402389526
probe_00665_spk08.wav,/home/hye0n/projects/cnn-based-audio-pii-classification/src/cnn/data_probe/output/probe_00665_spk08.wav,번호는 칠삼삼이구사오육이오오칠칠공일칠입니다.,7332945625577017,,male,spk08,probe_cont_16,probe,1,4.8,16,1,16,sentence,continuous,0.9869190255800883,0.006147349640084397,0.9955272078514099,0.9815617203712463,0.9836681485176086,0.9869190255800883
probe_00666_spk09.wav,/home/hye0n/projects/cnn-based-audio-pii-classification/src/cnn/data_probe/output/probe_00666_spk09.wav,번호는 일오칠칠이사오구구이팔일육일오팔입니다.,1577245992816158,,female,spk09,probe_cont_16,probe,1,4.16,16,1,16,sentence,continuous,0.9927114645640055,0.0012012472944002025,0.9911789298057556,0.9941125512123108,0.9928429126739502,0.9927114645640055
probe_00667_spk10.wav,/home/hye0n/projects/cnn-based-audio-pii-classification/src/cnn/data_probe/output/probe_00667_spk10.wav,번호는 일사팔칠육구육삼구삼팔이칠육일오입니다.,1487696393827615,,male,spk10,probe_cont_16,probe,1,4.0,16,1,16,sentence,continuous,0.8901203870773315,0.048842474392836226,0.827216386795044,0.9462846517562866,0.8968601226806641,0.8901203870773315
probe_00668_spk11.wav,/home/hye0n/projects/cnn-based-audio-pii-classification/src/cnn/data_probe/output/probe_00668_spk11.wav,번호는 삼구육육구오팔삼이일구칠일구구칠입니다.,3966958321971997,,female,spk11,probe_cont_16,probe,1,4.48,16,1,16,sentence,continuous,0.9882614215215048,0.008493236730812235,0.9762852787971497,0.9950442314147949,0.9934547543525696,0.9882614215215048
probe_00669_spk12.wav,/home/hye0n/projects/cnn-based-audio-pii-classification/src/cnn/data_probe/output/probe_00669_spk12.wav,번호는 오팔일칠이사육일구일구육오칠공일입니다.,5817246191965701,,male,spk12,probe_cont_16,probe,1,3.92,16,1,16,sentence,continuous,0.9446895718574524,0.03191013610235028,0.9004466533660889,0.9745122194290161,0.9591098427772522,0.9446895718574524
probe_00670_spk13.wav,/home/hye0n/projects/cnn-based-audio-pii-classification/src/cnn/data_probe/output/probe_00670_spk13.wav,번호는 삼이구공이이칠팔사육구구칠삼삼오입니다.,3290227846997335,,male,spk13,probe_cont_16,probe,1,3.92,16,1,16,sentence,continuous,0.9695489009221395,0.007377114403690692,0.9591161012649536,0.9747809171676636,0.9747496843338013,0.9695489009221395
probe_00671_spk14.wav,/home/hye0n/projects/cnn-based-audio-pii-classification/src/cnn/data_probe/output/probe_00671_spk14.wav,번호는 사구사육오일구공구팔육이사공오팔입니다.,4946519098624058,,female,spk14,probe_cont_16,probe,1,4.32,16,1,16,sentence,continuous,0.981387992699941,0.007161266840577263,0.985834538936615,0.9712845683097839,0.9870448708534241,0.981387992699941
probe_00672_spk01.wav,/home/hye0n/projects/cnn-based-audio-pii-classification/src/cnn/data_probe/output/probe_00672_spk01.wav,번호는 공공팔오일사공삼육구육오육육육육입니다.,0085140369656666,,female,spk01,probe_cont_16,probe,1,5.44,16,1,16,sentence,continuous,0.9657052357991537,0.010359427108597757,0.9676703214645386,0.9772956967353821,0.9521496891975403,0.9657052357991537
probe_00673_spk02.wav,/home/hye0n/projects/cnn-based-audio-pii-classification/src/cnn/data_probe/output/probe_00673_spk02.wav,번호는 팔삼이칠이삼팔육오육이사이이공일입니다.,8327238656242201,,male,spk02,probe_cont_16,probe,1,3.92,16,1,16,sentence,continuous,0.9313903649648031,0.058881625533480836,0.8484758734703064,0.9795153737068176,0.9661798477172852,0.9313903649648031
probe_00674_spk03.wav,/home/hye0n/projects/cnn-based-audio-pii-classification/src/cnn/data_probe/output/probe_00674_spk03.wav,번호는 공이칠육이일이육칠구육구이칠팔육입니다.,0276212679692786,,female,spk03,probe_cont_16,probe,1,4.24,16,1,16,sentence,continuous,0.9938338796297709,0.0009171599160229636,0.992699921131134,0.9949461817741394,0.9938555359840393,0.9938338796297709
probe_00675_spk04.wav,/home/hye0n/projects/cnn-based-audio-pii-classification/src/cnn/data_probe/output/probe_00675_spk04.wav,번호는 팔칠육오삼이육구공구칠삼팔사육팔입니다.,8765326909738468,,male,spk04,probe_cont_16,probe,1,5.04,16,1,16,sentence,continuous,0.9888322949409485,0.004640489283719118,0.9923526644706726,0.9918686151504517,0.9822756052017212,0.9888322949409485
probe_00676_spk05.wav,/home/hye0n/projects/cnn-based-audio-pii-classification/src/cnn/data_probe/output/probe_00676_spk05.wav,번호는 구오공공구칠오일구칠일이팔사칠팔입니다.,9500975197128478,,female,spk05,probe_cont_16,probe,1,4.0,16,1,16,sentence,continuous,0.9575727780659994,0.02229516154465835,0.9277364611625671,0.9636616110801697,0.9813202619552612,0.9575727780659994
probe_00677_spk06.wav,/home/hye0n/projects/cnn-based-audio-pii-classification/src/cnn/data_probe/output/probe_00677_spk06.wav,번호는 일팔구일삼칠일팔구사구공오팔공칠입니다.,1891371894905807,,male,spk06,probe_cont_16,probe,1,5.36,16,1,16,sentence,continuous,0.7029579083124796,0.11610532584058221,0.7735003232955933,0.7960942387580872,0.5392791628837585,0.7029579083124796
probe_00678_spk07.wav,/home/hye0n/projects/cnn-based-audio-pii-classification/src/cnn/data_probe/output/probe_00678_spk07.wav,번호는 칠팔칠구오육오사사이공구사구사공입니다.,7879565442094940,,female,spk07,probe_cont_16,probe,1,4.16,16,1,16,sentence,continuous,0.9959751566251119,0.000368029808970333,0.9955138564109802,0.9959970712661743,0.9964145421981812,0.9959751566251119
probe_00679_spk08.wav,/home/hye0n/projects/cnn-based-audio-pii-classification/src/cnn/data_probe/output/probe_00679_spk08.wav,번호는 칠구이구공사구공사칠일이팔일사사입니다.,7929049047128144,,male,spk08,probe_cont_16,probe,1,4.16,16,1,16,sentence,continuous,0.9842666387557983,0.0051625750879844305,0.9771101474761963,0.9865931868553162,0.9890965819358826,0.9842666387557983
probe_00680_spk09.wav,/home/hye0n/projects/cnn-based-audio-pii-classification/src/cnn/data_probe/output/probe_00680_spk09.wav,번호는 이구사사사공일구이구이칠오이사삼입니다.,2944401929275243,,female,spk09,probe_cont_16,probe,1,3.84,16,1,16,sentence,continuous,0.9724563360214233,0.004391247830276289,0.9786040782928467,0.9686218500137329,0.9701430797576904,0.9724563360214233
probe_00681_spk10.wav,/home/hye0n/projects/cnn-based-audio-pii-classification/src/cnn/data_probe/output/probe_00681_spk10.wav,번호는 칠이팔공오일이구이칠육육삼칠이삼입니다.,7280512927663723,,male,spk10,probe_cont_16,probe,1,3.92,16,1,16,sentence,continuous,0.3093836158514023,0.10889930929841539,0.17561371624469757,0.4423578977584839,0.3101792335510254,0.3093836158514023
probe_00682_spk11.wav,/home/hye0n/projects/cnn-based-audio-pii-classification/src/cnn/data_probe/output/probe_00682_spk11.wav,번호는 구오공사일공이칠육칠사칠팔삼육육입니다.,9504102767478366,,female,spk11,probe_cont_16,probe,1,5.04,16,1,16,sentence,continuous,0.825962503751119,0.052172053264398444,0.8469148874282837,0.8767532110214233,0.7542194128036499,0.825962503751119
probe_00683_spk12.wav,/home/hye0n/projects/cnn-based-audio-pii-classification/src/cnn/data_probe/output/probe_00683_spk12.wav,번호는 칠사이팔육공사칠육오팔공일팔오육입니다.,7428604765801856,,male,spk12,probe_cont_16,probe,1,3.84,16,1,16,sentence,continuous,0.991946260134379,0.0015925535046980089,0.9900491237640381,0.9939460158348083,0.9918436408042908,0.991946260134379
probe_00684_spk13.wav,/home/hye0n/projects/cnn-based-audio-pii-classification/src/cnn/data_probe/output/probe_00684_spk13.wav,번호는 구사오사사일사구육칠삼구삼팔오이입니다.,9454414967393852,,male,spk13,probe_cont_16,probe,1,4.16,16,1,16,sentence,continuous,0.4867078860600789,0.09894354362461881,0.41372206807136536,0.6265910267829895,0.41981056332588196,0.4867078860600789
probe_00685_spk14.wav,/home/hye0n/projects/cnn-based-audio-pii-classification/src/cnn/data_probe/output/probe_00685_spk14.wav,번호는 오팔공공일공육일팔일칠오삼사사삼입니다.,5800106181753443,,female,spk14,probe_cont_16,probe,1,4.96,16,1,16,sentence,continuous,0.6208989322185516,0.2397998092295471,0.32999274134635925,0.9173027276992798,0.6154013276100159,0.6208989322185516
probe_00686_spk01.wav,/home/hye0n/projects/cnn-based-audio-pii-classification/src/cnn/data_probe/output/probe_00686_spk01.wav,번호는 공공구일공구삼구일일일구이육구이입니다.,0091093911192692,,female,spk01,probe_cont_16,probe,1,4.56,16,1,16,sentence,continuous,0.9895410339037577,0.0025181770542601514,0.9873247146606445,0.9930632710456848,0.9882351160049438,0.9895410339037577
probe_00687_spk02.wav,/home/hye0n/projects/cnn-based-audio-pii-classification/src/cnn/data_probe/output/probe_00687_spk02.wav,번호는 일이사사칠일칠사육오사이일사공육입니다.,1244717465421406,,male,spk02,probe_cont_16,probe,1,4.32,16,1,16,sentence,continuous,0.9916853706041971,0.0009169422647080462,0.9925009608268738,0.9921506643295288,0.990404486656189,0.9916853706041971
probe_00688_spk03.wav,/home/hye0n/projects/cnn-based-audio-pii-classification/src/cnn/data_probe/output/probe_00688_spk03.wav,번호는 육오공사사이칠일칠삼구육이칠일이입니다.,6504427173962712,,female,spk03,probe_cont_16,probe,1,4.16,16,1,16,sentence,continuous,0.9647309978802999,0.02125567947953813,0.9353342652320862,0.9848681092262268,0.9739906191825867,0.9647309978802999
probe_00689_spk04.wav,/home/hye0n/projects/cnn-based-audio-pii-classification/src/cnn/data_probe/output/probe_00689_spk04.wav,번호는 팔육삼구일칠사일공일일구사칠공칠입니다.,8639174101194707,,male,spk04,probe_cont_16,probe,1,4.16,16,1,16,sentence,continuous,0.9901754260063171,0.001585711623969279,0.9883747100830078,0.9922332763671875,0.9899182915687561,0.9901754260063171
probe_00690_spk05.wav,/home/hye0n/projects/cnn-based-audio-pii-classification/src/cnn/data_probe/output/probe_00690_spk05.wav,번호는 이공공육사이오육구공팔칠칠육육일입니다.,2006425690877661,,female,spk05,probe_cont_16,probe,1,5.2,16,1,16,sentence,continuous,0.9916380643844604,0.0010094530099689085,0.9909824728965759,0.9908676147460938,0.9930641055107117,0.9916380643844604
probe_00691_spk06.wav,/home/hye0n/projects/cnn-based-audio-pii-classification/src/cnn/data_probe/output/probe_00691_spk06.wav,번호는 팔삼공육칠일구팔오오사육공일오팔입니다.,8306719855460158,,male,spk06,probe_cont_16,probe,1,4.08,16,1,16,sentence,continuous,0.9707404971122742,0.012910275673891112,0.9817594289779663,0.9778385758399963,0.9526234865188599,0.9707404971122742
probe_00692_spk07.wav,/home/hye0n/projects/cnn-based-audio-pii-classification/src/cnn/data_probe/output/probe_00692_spk07.wav,번호는 오일칠사삼이팔공육삼사육일오칠일입니다.,5174328063461571,,female,spk07,probe_cont_16,probe,1,4.48,16,1,16,sentence,continuous,0.9943387707074484,0.0012764938150008963,0.9961252808570862,0.9932209253311157,0.9936701059341431,0.9943387707074484
probe_00693_spk08.wav,/home/hye0n/projects/cnn-based-audio-pii-classification/src/cnn/data_probe/output/probe_00693_spk08.wav,번호는 칠삼이공삼공구삼칠육일팔사칠팔칠입니다.,7320309376184787,,male,spk08,probe_cont_16,probe,1,4.88,16,1,16,sentence,continuous,0.9923581480979919,0.003241967024295752,0.9879146814346313,0.9955582618713379,0.9936015009880066,0.9923581480979919
probe_00694_spk09.wav,/home/hye0n/projects/cnn-based-audio-pii-classification/src/cnn/data_probe/output/probe_00694_spk09.wav,번호는 공공오공오공육일삼팔칠팔이구삼일입니다.,0050506138782931,,female,spk09,probe_cont_16,probe,1,4.8,16,1,16,sentence,continuous,0.9197189013163248,0.027675915738240266,0.8805984258651733,0.9382181167602539,0.9403401613235474,0.9197189013163248
probe_00695_spk10.wav,/home/hye0n/projects/cnn-based-audio-pii-classification/src/cnn/data_probe/output/probe_00695_spk10.wav,번호는 공이칠공칠구공삼이공이공사일칠구입니다.,0270790320204179,,male,spk10,probe_cont_16,probe,1,4.0,16,1,16,sentence,continuous,0.9836160143216451,0.0029359813066759358,0.98493492603302,0.9863661527633667,0.9795469641685486,0.9836160143216451
probe_00696_spk11.wav,/home/hye0n/projects/cnn-based-audio-pii-classification/src/cnn/data_probe/output/probe_00696_spk11.wav,번호는 이구일일일칠구구삼일삼육오육오일입니다.,2911179931365651,,female,spk11,probe_cont_16,probe,1,5.36,16,1,16,sentence,continuous,0.9881573518117269,0.002648664756874764,0.9877834916114807,0.9915720224380493,0.9851165413856506,0.9881573518117269
probe_00697_spk12.wav,/home/hye0n/projects/cnn-based-audio-pii-classification/src/cnn/data_probe/output/probe_00697_spk12.wav,번호는 구팔이오삼공구이오일일사이육이오입니다.,9825309251142625,,male,spk12,probe_cont_16,probe,1,3.52,16,1,16,sentence,continuous,0.5455156366030375,0.16755732342163915,0.3167564868927002,0.606368362903595,0.7134220600128174,0.5455156366030375
probe_00698_spk13.wav,/home/hye0n/projects/cnn-based-audio-pii-classification/src/cnn/data_probe/output/probe_00698_spk13.wav,번호는 팔이칠삼구공이일구육이공칠일공공입니다.,8273902196207100,,male,spk13,probe_cont_16,probe,1,3.76,16,1,16,sentence,continuous,0.7704613407452902,0.10671600528799059,0.6989357471466064,0.9213133454322815,0.6911349296569824,0.7704613407452902
probe_00699_spk14.wav,/home/hye0n/projects/cnn-based-audio-pii-classification/src/cnn/data_probe/output/probe_00699_spk14.wav,번호는 이일구사육칠이삼이사팔칠육삼이구입니다.,2194672324876329,,female,spk14,probe_cont_16,probe,1,4.64,16,1,16,sentence,continuous,0.9867109060287476,0.0008695889889599634,0.986836314201355,0.9877076745033264,0.9855887293815613,0.9867109060287476
probe_00700_spk01.wav,/home/hye0n/projects/cnn-based-audio-pii-classification/src/cnn/data_probe/output/probe_00700_spk01.wav,번호는 공구이칠 구일사오입니다.,0927-9145,,female,spk01,probe_grp4x2,probe,1,2.96,8,2,4,sentence,grouped4,0.0503984410315752,0.028788537804402898,0.018263114616274834,0.0881146714091301,0.04481753706932068,0.0503984410315752
probe_00701_spk02.wav,/home/hye0n/projects/cnn-based-audio-pii-classification/src/cnn/data_probe/output/probe_00701_spk02.wav,번호는 육공팔삼 삼일팔일입니다.,6083-3181,,male,spk02,probe_grp4x2,probe,1,3.6,8,2,4,sentence,grouped4,0.07413888225952785,0.04066454796914039,0.03377535566687584,0.12979595363140106,0.058845337480306625,0.07413888225952785
probe_00702_spk03.wav,/home/hye0n/projects/cnn-based-audio-pii-classification/src/cnn/data_probe/output/probe_00702_spk03.wav,번호는 구오팔팔 삼칠삼사입니다.,9588-3734,,female,spk03,probe_grp4x2,probe,1,3.44,8,2,4,sentence,grouped4,0.532993753751119,0.054702221494985645,0.5965166091918945,0.5394701957702637,0.46299445629119873,0.532993753751119
probe_00703_spk04.wav,/home/hye0n/projects/cnn-based-audio-pii-classification/src/cnn/data_probe/output/probe_00703_spk04.wav,번호는 공삼일이 칠칠이이입니다.,0312-7722,,male,spk04,probe_grp4x2,probe,1,2.72,8,2,4,sentence,grouped4,0.0896961900095145,0.07602628333812261,0.031781334429979324,0.1971035748720169,0.04020366072654724,0.0896961900095145
probe_00704_spk05.wav,/home/hye0n/projects/cnn-based-audio-pii-classification/src/cnn/data_probe/output/probe_00704_spk05.wav,번호는 공공오사 삼육사오입니다.,0054-3645,,female,spk05,probe_grp4x2,probe,1,2.48,8,2,4,sentence,grouped4,0.1024772214392821,0.07507387993396233,0.058123499155044556,0.2081926465034485,0.041115518659353256,0.1024772214392821
probe_00705_spk06.wav,/home/hye0n/projects/cnn-based-audio-pii-classification/src/cnn/data_probe/output/probe_00705_spk06.wav,번호는 구칠공일 공팔이이입니다.,9701-0822,,male,spk06,probe_grp4x2,probe,1,2.88,8,2,4,sentence,grouped4,0.007346892108519872,0.0015892663821573732,0.008377612568438053,0.008561232127249241,0.005101831629872322,0.007346892108519872
probe_00706_spk07.wav,/home/hye0n/projects/cnn-based-audio-pii-classification/src/cnn/data_probe/output/probe_00706_spk07.wav,번호는 공칠팔일 일삼칠구입니다.,0781-1379,,female,spk07,probe_grp4x2,probe,1,3.04,8,2,4,sentence,grouped4,0.15897014737129211,0.051891070278896764,0.0859268456697464,0.1893654763698578,0.20161812007427216,0.15897014737129211
probe_00707_spk08.wav,/home/hye0n/projects/cnn-based-audio-pii-classification/src/cnn/data_probe/output/probe_00707_spk08.wav,번호는 구오육삼 오삼일오입니다.,9563-5315,,male,spk08,probe_grp4x2,probe,1,2.64,8,2,4,sentence,grouped4,0.0231455210596323,0.005538379300939566,0.030818890780210495,0.017948683351278305,0.020668989047408104,0.0231455210596323
probe_00708_spk09.wav,/home/hye0n/projects/cnn-based-audio-pii-classification/src/cnn/data_probe/output/probe_00708_spk09.wav,번호는 삼일삼육 삼육삼일입니다.,3136-3631,,female,spk09,probe_grp4x2,probe,1,3.28,8,2,4,sentence,grouped4,0.17544656371076903,0.10303208639836493,0.030713196843862534,0.2623942494392395,0.23323224484920502,0.17544656371076903
probe_00709_spk10.wav,/home/hye0n/projects/cnn-based-audio-pii-classification/src/cnn/data_probe/output/probe_00709_spk10.wav,번호는 칠구칠공 육이삼구입니다.,7970-6239,,male,spk10,probe_grp4x2,probe,1,3.04,8,2,4,sentence,grouped4,0.0037289302175243697,0.00022442321946561147,0.004012338817119598,0.003463499015197158,0.0037109528202563524,0.0037289302175243697
probe_00710_spk11.wav,/home/hye0n/projects/cnn-based-audio-pii-classification/src/cnn/data_probe/output/probe_00710_spk11.wav,번호는 칠이육오 이칠삼오입니다.,7265-2735,,female,spk11,probe_grp4x2,probe,1,3.04,8,2,4,sentence,grouped4,0.1769103246430556,0.08782050954870284,0.05339060351252556,0.24988721311092377,0.22745315730571747,0.1769103246430556
probe_00711_spk12.wav,/home/hye0n/projects/cnn-based-audio-pii-classification/src/cnn/data_probe/output/probe_00711_spk12.wav,번호는 사삼오이 공구공사입니다.,4352-0904,,male,spk12,probe_grp4x2,probe,1,2.16,8,2,4,sentence,grouped4,0.008528141304850578,0.000300985774040592,0.008151690475642681,0.008544313721358776,0.008888419717550278,0.008528141304850578
probe_00712_spk13.wav,/home/hye0n/projects/cnn-based-audio-pii-classification/src/cnn/data_probe/output/probe_00712_spk13.wav,번호는 이일칠칠 육이오삼입니다.,2177-6253,,male,spk13,probe_grp4x2,probe,1,2.32,8,2,4,sentence,grouped4,0.0646261361738046,0.06052662675460812,0.020614927634596825,0.1502121537923813,0.023051327094435692,0.0646261361738046
probe_00713_spk14.wav,/home/hye0n/projects/cnn-based-audio-pii-classification/src/cnn/data_probe/output/probe_00713_spk14.wav,번호는 사구이구 이구팔삼입니다.,4929-2983,,female,spk14,probe_grp4x2,probe,1,2.48,8,2,4,sentence,grouped4,0.013447612058371305,0.007933852994370364,0.005432881880551577,0.02425513230264187,0.010654821991920471,0.013447612058371305
probe_00714_spk01.wav,/home/hye0n/projects/cnn-based-audio-pii-classification/src/cnn/data_probe/output/probe_00714_spk01.wav,번호는 일육팔칠 삼구칠칠입니다.,1687-3977,,female,spk01,probe_grp4x2,probe,1,2.88,8,2,4,sentence,grouped4,0.02899589358518521,0.011492883807065625,0.012850935570895672,0.03869158402085304,0.035445161163806915,0.02899589358518521
probe_00715_spk02.wav,/home/hye0n/projects/cnn-based-audio-pii-classification/src/cnn/data_probe/output/probe_00715_spk02.wav,번호는 사공육삼 삼오육구입니다.,4063-3569,,male,spk02,probe_grp4x2,probe,1,3.92,8,2,4,sentence,grouped4,0.3808438877264659,0.055339266958513496,0.32048946619033813,0.3678741455078125,0.45416805148124695,0.3808438877264659
probe_00716_spk03.wav,/home/hye0n/projects/cnn-based-audio-pii-classification/src/cnn/data_probe/output/probe_00716_spk03.wav,번호는 삼구이구 공육공공입니다.,3929-0600,,female,spk03,probe_grp4x2,probe,1,3.12,8,2,4,sentence,grouped4,0.03770875558257103,0.017699917751020033,0.02112148515880108,0.0622374601662159,0.029767321422696114,0.03770875558257103
probe_00717_spk04.wav,/home/hye0n/projects/cnn-based-audio-pii-classification/src/cnn/data_probe/output/probe_00717_spk04.wav,번호는 칠팔공육 팔육칠일입니다.,7806-8671,,male,spk04,probe_grp4x2,probe,1,2.8,8,2,4,sentence,grouped4,0.24703230957190195,0.08306267110406174,0.13390259444713593,0.33098989725112915,0.2762044370174408,0.24703230957190195
probe_00718_spk05.wav,/home/hye0n/projects/cnn-based-audio-pii-classification/src/cnn/data_probe/output/probe_00718_spk05.wav,번호는 칠칠삼일 팔공육삼입니다.,7731-8063,,female,spk05,probe_grp4x2,probe,1,2.88,8,2,4,sentence,grouped4,0.06911023209492366,0.030581722385481958,0.025891438126564026,0.09212123602628708,0.08931802213191986,0.06911023209492366
probe_00719_spk06.wav,/home/hye0n/projects/cnn-based-audio-pii-classification/src/cnn/data_probe/output/probe_00719_spk06.wav,번호는 이오사삼 일공칠사입니다.,2543-1074,,male,spk06,probe_grp4x2,probe,1,2.56,8,2,4,sentence,grouped4,0.016712666178743046,0.00959654345306603,0.00808353815227747,0.030098838731646538,0.011955621652305126,0.016712666178743046
probe_00720_spk07.wav,/home/hye0n/projects/cnn-based-audio-pii-classification/src/cnn/data_probe/output/probe_00720_spk07.wav,번호는 이칠구구 공칠칠이입니다.,2799-0772,,female,spk07,probe_grp4x2,probe,1,2.56,8,2,4,sentence,grouped4,0.017829634870092075,0.004706432157275004,0.011208731681108475,0.021730413660407066,0.02054975926876068,0.017829634870092075
probe_00721_spk08.wav,/home/hye0n/projects/cnn-based-audio-pii-classification/src/cnn/data_probe/output/probe_00721_spk08.wav,번호는 육이오칠 공일육오입니다.,6257-0165,,male,spk08,probe_grp4x2,probe,1,2.72,8,2,4,sentence,grouped4,0.15464846541484198,0.09112152884300799,0.08754544705152512,0.2834763526916504,0.0929235965013504,0.15464846541484198
probe_00722_spk09.wav,/home/hye0n/projects/cnn-based-audio-pii-classification/src/cnn/data_probe/output/probe_00722_spk09.wav,번호는 팔공사육 사구팔구입니다.,8046-4989,,female,spk09,probe_grp4x2,probe,1,3.36,8,2,4,sentence,grouped4,0.029557733330875635,0.019825877358748085,0.007351802196353674,0.02583603747189045,0.05548536032438278,0.029557733330875635
probe_00723_spk10.wav,/home/hye0n/projects/cnn-based-audio-pii-classification/src/cnn/data_probe/output/probe_00723_spk10.wav,번호는 삼일구오 공팔오공입니다.,3195-0850,,male,spk10,probe_grp4x2,probe,1,2.4,8,2,4,sentence,grouped4,0.013507479180892309,0.007947502778380218,0.012000621296465397,0.02390669658780098,0.004615119658410549,0.013507479180892309
probe_00724_spk11.wav,/home/hye0n/projects/cnn-based-audio-pii-classification/src/cnn/data_probe/output/probe_00724_spk11.wav,번호는 일육오칠 구공오오입니다.,1657-9055,,female,spk11,probe_grp4x2,probe,1,3.84,8,2,4,sentence,grouped4,0.025899815062681835,0.005973695951238152,0.020096102729439735,0.02348516322672367,0.034118179231882095,0.025899815062681835
probe_00725_spk12.wav,/home/hye0n/projects/cnn-based-audio-pii-classification/src/cnn/data_probe/output/probe_00725_spk12.wav,번호는 이팔일팔 삼이오삼입니다.,2818-3253,,male,spk12,probe_grp4x2,probe,1,3.2,8,2,4,sentence,grouped4,0.19159314036369324,0.09503256576158295,0.10135851800441742,0.3229662775993347,0.15045462548732758,0.19159314036369324
probe_00726_spk13.wav,/home/hye0n/projects/cnn-based-audio-pii-classification/src/cnn/data_probe/output/probe_00726_spk13.wav,번호는 팔일칠구 삼삼오오입니다.,8179-3355,,male,spk13,probe_grp4x2,probe,1,2.48,8,2,4,sentence,grouped4,0.017958497628569603,0.009080105039919007,0.008963909931480885,0.01451882068067789,0.030392762273550034,0.017958497628569603
probe_00727_spk14.wav,/home/hye0n/projects/cnn-based-audio-pii-classification/src/cnn/data_probe/output/probe_00727_spk14.wav,번호는 사팔육사 공일오오입니다.,4864-0155,,female,spk14,probe_grp4x2,probe,1,2.96,8,2,4,sentence,grouped4,0.22221919894218445,0.16608383573206212,0.0949096605181694,0.45681247115135193,0.11493546515703201,0.22221919894218445
probe_00728_spk01.wav,/home/hye0n/projects/cnn-based-audio-pii-classification/src/cnn/data_probe/output/probe_00728_spk01.wav,번호는 칠칠팔팔 일칠팔팔입니다.,7788-1788,,female,spk01,probe_grp4x2,probe,1,3.36,8,2,4,sentence,grouped4,0.2890013058980306,0.1975534934870806,0.04252946376800537,0.5261661410331726,0.2983083128929138,0.2890013058980306
probe_00729_spk02.wav,/home/hye0n/projects/cnn-based-audio-pii-classification/src/cnn/data_probe/output/probe_00729_spk02.wav,번호는 사칠구오 일삼칠일입니다.,4795-1371,,male,spk02,probe_grp4x2,probe,1,2.72,8,2,4,sentence,grouped4,0.012660708588858446,0.002978233824331462,0.008461651392281055,0.015044409781694412,0.014476064592599869,0.012660708588858446
probe_00730_spk03.wav,/home/hye0n/projects/cnn-based-audio-pii-classification/src/cnn/data_probe/output/probe_00730_spk03.wav,번호는 일육이사 일일이사입니다.,1624-1124,,female,spk03,probe_grp4x2,probe,1,2.88,8,2,4,sentence,grouped4,0.051578196386496224,0.01298509478506263,0.062415361404418945,0.058998458087444305,0.03332076966762543,0.051578196386496224
probe_00731_spk04.wav,/home/hye0n/projects/cnn-based-audio-pii-classification/src/cnn/data_probe/output/probe_00731_spk04.wav,번호는 일이칠이 삼팔공사입니다.,1272-3804,,male,spk04,probe_grp4x2,probe,1,2.64,8,2,4,sentence,grouped4,0.02090481125439207,0.013298124723641657,0.006377216894179583,0.038511332124471664,0.017825884744524956,0.02090481125439207
probe_00732_spk05.wav,/home/hye0n/projects/cnn-based-audio-pii-classification/src/cnn/data_probe/output/probe_00732_spk05.wav,번호는 육팔이칠 오육칠공입니다.,6827-5670,,female,spk05,probe_grp4x2,probe,1,3.44,8,2,4,sentence,grouped4,0.35427312304576236,0.18117421438958106,0.10595712810754776,0.5331167578697205,0.4237454831600189,0.35427312304576236
probe_00733_spk06.wav,/home/hye0n/projects/cnn-based-audio-pii-classification/src/cnn/data_probe/output/probe_00733_spk06.wav,번호는 사삼일공 삼팔오육입니다.,4310-3856,,male,spk06,probe_grp4x2,probe,1,2.8,8,2,4,sentence,grouped4,0.011408601266642412,0.002013064249237426,0.011883688159286976,0.01360197551548481,0.008740140125155449,0.011408601266642412
probe_00734_spk07.wav,/home/hye0n/projects/cnn-based-audio-pii-classification/src/cnn/data_probe/output/probe_00734_spk07.wav,번호는 구오오칠 구팔팔칠입니다.,9557-9887,,female,spk07,probe_grp4x2,probe,1,3.36,8,2,4,sentence,grouped4,0.18158622334400812,0.10782224957872279,0.0468747541308403,0.31081336736679077,0.1870705485343933,0.18158622334400812
probe_00735_spk08.wav,/home/hye0n/projects/cnn-based-audio-pii-classification/src/cnn/data_probe/output/probe_00735_spk08.wav,번호는 칠사구이 사이사삼입니다.,7492-4243,,male,spk08,probe_grp4x2,probe,1,2.64,8,2,4,sentence,grouped4,0.2780119776725769,0.15882736614691367,0.05515429377555847,0.41373151540756226,0.36515012383461,0.2780119776725769
probe_00736_spk09.wav,/home/hye0n/projects/cnn-based-audio-pii-classification/src/cnn/data_probe/output/probe_00736_spk09.wav,번호는 칠오사공 이오사칠입니다.,7540-2547,,female,spk09,probe_grp4x2,probe,1,2.48,8,2,4,sentence,grouped4,0.02386556441585223,0.006711942754546218,0.016842229291796684,0.03290713578462601,0.021847328171133995,0.02386556441585223
probe_00737_spk10.wav,/home/hye0n/projects/cnn-based-audio-pii-classification/src/cnn/data_probe/output/probe_00737_spk10.wav,번호는 이구이팔 사이이이입니다.,2928-4222,,male,spk10,probe_grp4x2,probe,1,2.48,8,2,4,sentence,grouped4,0.010921905593325695,0.004199586051404086,0.005834849085658789,0.01611989736557007,0.010810970328748226,0.010921905593325695
probe_00738_spk11.wav,/home/hye0n/projects/cnn-based-audio-pii-classification/src/cnn/data_probe/output/probe_00738_spk11.wav,번호는 이삼일공 오구이칠입니다.,2310-5927,,female,spk11,probe_grp4x2,probe,1,2.64,8,2,4,sentence,grouped4,0.05510618258267641,0.04355490174101635,0.009249563328921795,0.1136494055390358,0.04241957888007164,0.05510618258267641
probe_00739_spk12.wav,/home/hye0n/projects/cnn-based-audio-pii-classification/src/cnn/data_probe/output/probe_00739_spk12.wav,번호는 사오이삼 팔공오오입니다.,4523-8055,,male,spk12,probe_grp4x2,probe,1,2.96,8,2,4,sentence,grouped4,0.011121831213434538,0.0009425286783213564,0.012207258492708206,0.011249137111008167,0.009909098036587238,0.011121831213434538
probe_00740_spk13.wav,/home/hye0n/projects/cnn-based-audio-pii-classification/src/cnn/data_probe/output/probe_00740_spk13.wav,번호는 이오칠팔 이팔사일입니다.,2578-2841,,male,spk13,probe_grp4x2,probe,1,2.4,8,2,4,sentence,grouped4,0.013950396794825792,0.005820579421768363,0.005719406064599752,0.017983363941311836,0.01814842037856579,0.013950396794825792
probe_00741_spk14.wav,/home/hye0n/projects/cnn-based-audio-pii-classification/src/cnn/data_probe/output/probe_00741_spk14.wav,번호는 공육칠이 칠오이공입니다.,0672-7520,,female,spk14,probe_grp4x2,probe,1,2.96,8,2,4,sentence,grouped4,0.21568294117848077,0.10294750646847474,0.07237588614225388,0.3095760643482208,0.26509687304496765,0.21568294117848077
probe_00742_spk01.wav,/home/hye0n/projects/cnn-based-audio-pii-classification/src/cnn/data_probe/output/probe_00742_spk01.wav,번호는 팔팔오사 칠사구이입니다.,8854-7492,,female,spk01,probe_grp4x2,probe,1,2.8,8,2,4,sentence,grouped4,0.07716774630049865,0.060055321525568806,0.0052917953580617905,0.1522892415523529,0.07392220199108124,0.07716774630049865
probe_00743_spk02.wav,/home/hye0n/projects/cnn-based-audio-pii-classification/src/cnn/data_probe/output/probe_00743_spk02.wav,번호는 구칠오일 칠공이팔입니다.,9751-7028,,male,spk02,probe_grp4x2,probe,1,2.48,8,2,4,sentence,grouped4,0.014887340522060791,0.009590576047919689,0.003284356091171503,0.014606334269046783,0.02677133120596409,0.014887340522060791
probe_00744_spk03.wav,/home/hye0n/projects/cnn-based-audio-pii-classification/src/cnn/data_probe/output/probe_00744_spk03.wav,번호는 일사공육 구삼칠오입니다.,1406-9375,,female,spk03,probe_grp4x2,probe,1,3.04,8,2,4,sentence,grouped4,0.1328900121152401,0.07831735633635441,0.10275033861398697,0.24025888741016388,0.05566081032156944,0.1328900121152401
probe_00745_spk04.wav,/home/hye0n/projects/cnn-based-audio-pii-classification/src/cnn/data_probe/output/probe_00745_spk04.wav,번호는 일오공구 삼구팔삼입니다.,1509-3983,,male,spk04,probe_grp4x2,probe,1,3.04,8,2,4,sentence,grouped4,0.09868257989486058,0.01974495091388146,0.07788914442062378,0.1252199113368988,0.09293868392705917,0.09868257989486058
probe_00746_spk05.wav,/home/hye0n/projects/cnn-based-audio-pii-classification/src/cnn/data_probe/output/probe_00746_spk05.wav,번호는 사삼공일 팔칠일팔입니다.,4301-8718,,female,spk05,probe_grp4x2,probe,1,3.04,8,2,4,sentence,grouped4,0.4745456924041112,0.22470999572920805,0.15890417993068695,0.6642991900444031,0.6004337072372437,0.4745456924041112
probe_00747_spk06.wav,/home/hye0n/projects/cnn-based-audio-pii-classification/src/cnn/data_probe/output/probe_00747_spk06.wav,번호는 육삼칠오 구구팔공입니다.,6375-9980,,male,spk06,probe_grp4x2,probe,1,2.32,8,2,4,sentence,grouped4,0.002771504921838641,0.0006068167813283491,0.0019454983994364738,0.003386064199730754,0.0029829521663486958,0.002771504921838641
probe_00748_spk07.wav,/home/hye0n/projects/cnn-based-audio-pii-classification/src/cnn/data_probe/output/probe_00748_spk07.wav,번호는 오육이육 오육오공입니다.,5626-5650,,female,spk07,probe_grp4x2,probe,1,2.96,8,2,4,sentence,grouped4,0.10165852680802345,0.04172401809999023,0.042763423174619675,0.1342470347881317,0.12796512246131897,0.10165852680802345
probe_00749_spk08.wav,/home/hye0n/projects/cnn-based-audio-pii-classification/src/cnn/data_probe/output/probe_00749_spk08.wav,번호는 사오오사 칠팔일삼입니다.,4554-7813,,male,spk08,probe_grp4x2,probe,1,2.4,8,2,4,sentence,grouped4,0.046637777239084244,0.01419828081510173,0.03446386009454727,0.03889601305127144,0.06655345857143402,0.046637777239084244
probe_00750_spk09.wav,/home/hye0n/projects/cnn-based-audio-pii-classification/src/cnn/data_probe/output/probe_00750_spk09.wav,번호는 칠육칠사 이육육이입니다.,7674-2662,,female,spk09,probe_grp4x2,probe,1,2.64,8,2,4,sentence,grouped4,0.014593109178046385,0.003974885203449362,0.018310604616999626,0.016386037692427635,0.009082685224711895,0.014593109178046385
probe_00751_spk10.wav,/home/hye0n/projects/cnn-based-audio-pii-classification/src/cnn/data_probe/output/probe_00751_spk10.wav,번호는 구구일이 삼사칠팔입니다.,9912-3478,,male,spk10,probe_grp4x2,probe,1,2.4,8,2,4,sentence,grouped4,0.003753572003915906,0.0006144195792054392,0.0041586305014789104,0.004216785077005625,0.0028853004332631826,0.003753572003915906
probe_00752_spk11.wav,/home/hye0n/projects/cnn-based-audio-pii-classification/src/cnn/data_probe/output/probe_00752_spk11.wav,번호는 오일구육 일공육사입니다.,5196-1064,,female,spk11,probe_grp4x2,probe,1,3.36,8,2,4,sentence,grouped4,0.19670945902665457,0.18180641396587705,0.08125261217355728,0.45339176058769226,0.05548400431871414,0.19670945902665457
probe_00753_spk12.wav,/home/hye0n/projects/cnn-based-audio-pii-classification/src/cnn/data_probe/output/probe_00753_spk12.wav,번호는 육이팔칠 구이삼이입니다.,6287-9232,,male,spk12,probe_grp4x2,probe,1,2.16,8,2,4,sentence,grouped4,0.009876010629038015,0.0011127041039348834,0.00843632873147726,0.01114599034190178,0.010045712813735008,0.009876010629038015
probe_00754_spk13.wav,/home/hye0n/projects/cnn-based-audio-pii-classification/src/cnn/data_probe/output/probe_00754_spk13.wav,번호는 육사팔칠 공사구사입니다.,6487-0494,,male,spk13,probe_grp4x2,probe,1,2.96,8,2,4,sentence,grouped4,0.02773230926444133,0.010053277539335607,0.014677786268293858,0.03913677856326103,0.029382362961769104,0.02773230926444133
probe_00755_spk14.wav,/home/hye0n/projects/cnn-based-audio-pii-classification/src/cnn/data_probe/output/probe_00755_spk14.wav,번호는 칠팔칠삼 공공이사입니다.,7873-0024,,female,spk14,probe_grp4x2,probe,1,2.96,8,2,4,sentence,grouped4,0.007576041699697574,0.000195299727970519,0.007300238125026226,0.007701205089688301,0.007726681884378195,0.007576041699697574
probe_00756_spk01.wav,/home/hye0n/projects/cnn-based-audio-pii-classification/src/cnn/data_probe/output/probe_00756_spk01.wav,번호는 사칠일사 육이칠삼입니다.,4714-6273,,female,spk01,probe_grp4x2,probe,1,3.52,8,2,4,sentence,grouped4,0.12414196754495303,0.10535536190245463,0.05927347391843796,0.2727385461330414,0.040413882583379745,0.12414196754495303
probe_00757_spk02.wav,/home/hye0n/projects/cnn-based-audio-pii-classification/src/cnn/data_probe/output/probe_00757_spk02.wav,번호는 공일사칠 일구오구입니다.,0147-1959,,male,spk02,probe_grp4x2,probe,1,2.72,8,2,4,sentence,grouped4,0.14316598822673163,0.08622426865494752,0.04342769831418991,0.25378990173339844,0.1322803646326065,0.14316598822673163
probe_00758_spk03.wav,/home/hye0n/projects/cnn-based-audio-pii-classification/src/cnn/data_probe/output/probe_00758_spk03.wav,번호는 칠구육사 칠일오팔입니다.,7964-7158,,female,spk03,probe_grp4x2,probe,1,2.8,8,2,4,sentence,grouped4,0.04066844191402197,0.023544783622213714,0.00811894703656435,0.050865933299064636,0.06302044540643692,0.04066844191402197
probe_00759_spk04.wav,/home/hye0n/projects/cnn-based-audio-pii-classification/src/cnn/data_probe/output/probe_00759_spk04.wav,번호는 구공사이 구공이오입니다.,9042-9025,,male,spk04,probe_grp4x2,probe,1,2.24,8,2,4,sentence,grouped4,0.005802817642688751,0.0018771119082073731,0.005561266094446182,0.008213039487600327,0.003634147346019745,0.005802817642688751
probe_00760_spk05.wav,/home/hye0n/projects/cnn-based-audio-pii-classification/src/cnn/data_probe/output/probe_00760_spk05.wav,번호는 칠이오이 공사오육입니다.,7252-0456,,female,spk05,probe_grp4x2,probe,1,2.56,8,2,4,sentence,grouped4,0.22702143341302872,0.07895647264559515,0.26059430837631226,0.30246207118034363,0.11800792068243027,0.22702143341302872
probe_00761_spk06.wav,/home/hye0n/projects/cnn-based-audio-pii-classification/src/cnn/data_probe/output/probe_00761_spk06.wav,번호는 오공사사 팔일팔삼입니다.,5044-8183,,male,spk06,probe_grp4x2,probe,1,2.72,8,2,4,sentence,grouped4,0.04878027799228827,0.022346248886552813,0.01760142110288143,0.0688352882862091,0.05990412458777428,0.04878027799228827
probe_00762_spk07.wav,/home/hye0n/projects/cnn-based-audio-pii-classification/src/cnn/data_probe/output/probe_00762_spk07.wav,번호는 이일구이 팔오오사입니다.,2192-8554,,female,spk07,probe_grp4x2,probe,1,2.16,8,2,4,sentence,grouped4,0.015864035735527676,0.006534872081983807,0.025102050974965096,0.011471159756183624,0.011018896475434303,0.015864035735527676
probe_00763_spk08.wav,/home/hye0n/projects/cnn-based-audio-pii-classification/src/cnn/data_probe/output/probe_00763_spk08.wav,번호는 사오일팔 구오이공입니다.,4518-9520,,male,spk08,probe_grp4x2,probe,1,2.88,8,2,4,sentence,grouped4,0.6626601020495096,0.11565209316802072,0.5159262418746948,0.7985969185829163,0.673457145690918,0.6626601020495096
probe_00764_spk09.wav,/home/hye0n/projects/cnn-based-audio-pii-classification/src/cnn/data_probe/output/probe_00764_spk09.wav,번호는 이팔사오 칠육오이입니다.,2845-7652,,female,spk09,probe_grp4x2,probe,1,2.88,8,2,4,sentence,grouped4,0.01646716861675183,0.011048591363408786,0.011964458040893078,0.031676195561885834,0.005760852247476578,0.01646716861675183
probe_00765_spk10.wav,/home/hye0n/projects/cnn-based-audio-pii-classification/src/cnn/data_probe/output/probe_00765_spk10.wav,번호는 일삼이팔 삼삼팔구입니다.,1328-3389,,male,spk10,probe_grp4x2,probe,1,2.88,8,2,4,sentence,grouped4,0.0032074274495244026,0.0009738660365581935,0.002783621195703745,0.004554193466901779,0.002284467685967684,0.0032074274495244026
probe_00766_spk11.wav,/home/hye0n/projects/cnn-based-audio-pii-classification/src/cnn/data_probe/output/probe_00766_spk11.wav,번호는 팔팔팔일 육칠일일입니다.,8881-6711,,female,spk11,probe_grp4x2,probe,1,3.76,8,2,4,sentence,grouped4,0.4672219554583232,0.21208404927146113,0.28891244530677795,0.7652397155761719,0.34751370549201965,0.4672219554583232
probe_00767_spk12.wav,/home/hye0n/projects/cnn-based-audio-pii-classification/src/cnn/data_probe/output/probe_00767_spk12.wav,번호는 이공칠오 사오이칠입니다.,2075-4527,,male,spk12,probe_grp4x2,probe,1,2.56,8,2,4,sentence,grouped4,0.005062529972443978,0.0009759186752641326,0.006422304082661867,0.004177980590611696,0.004587305244058371,0.005062529972443978
probe_00768_spk13.wav,/home/hye0n/projects/cnn-based-audio-pii-classification/src/cnn/data_probe/output/probe_00768_spk13.wav,번호는 구팔오이 사공일삼입니다.,9852-4013,,male,spk13,probe_grp4x2,probe,1,2.4,8,2,4,sentence,grouped4,0.01429202143723766,0.007125356001034872,0.005653125699609518,0.02310403622686863,0.014118902385234833,0.01429202143723766
probe_00769_spk14.wav,/home/hye0n/projects/cnn-based-audio-pii-classification/src/cnn/data_probe/output/probe_00769_spk14.wav,번호는 이이삼사 이삼이일입니다.,2234-2321,,female,spk14,probe_grp4x2,probe,1,2.88,8,2,4,sentence,grouped4,0.188680666188399,0.10177079992574482,0.3132781982421875,0.0639917179942131,0.1887720823287964,0.188680666188399
probe_00770_spk01.wav,/home/hye0n/projects/cnn-based-audio-pii-classification/src/cnn/data_probe/output/probe_00770_spk01.wav,번호는 육일일공 칠육공삼입니다.,6110-7603,,female,spk01,probe_grp4x2,probe,1,2.96,8,2,4,sentence,grouped4,0.09927126206457615,0.09157597001555223,0.027261527255177498,0.22849729657173157,0.04205496236681938,0.09927126206457615
probe_00771_spk02.wav,/home/hye0n/projects/cnn-based-audio-pii-classification/src/cnn/data_probe/output/probe_00771_spk02.wav,번호는 일공팔구 공칠일사입니다.,1089-0714,,male,spk02,probe_grp4x2,probe,1,2.96,8,2,4,sentence,grouped4,0.05548877486338218,0.032176751551848466,0.012865467928349972,0.09060098230838776,0.06299987435340881,0.05548877486338218
probe_00772_spk03.wav,/home/hye0n/projects/cnn-based-audio-pii-classification/src/cnn/data_probe/output/probe_00772_spk03.wav,번호는 공일사공 일일구삼입니다.,0140-1193,,female,spk03,probe_grp4x2,probe,1,2.72,8,2,4,sentence,grouped4,0.012081231456249952,0.008233629159956114,0.0062388465739786625,0.023725317791104317,0.006279530003666878,0.012081231456249952
probe_00773_spk04.wav,/home/hye0n/projects/cnn-based-audio-pii-classification/src/cnn/data_probe/output/probe_00773_spk04.wav,번호는 구삼이오 공일이사입니다.,9325-0124,,male,spk04,probe_grp4x2,probe,1,2.48,8,2,4,sentence,grouped4,0.03389172349125147,0.022810139087280395,0.026963580399751663,0.06464048475027084,0.0100711053237319,0.03389172349125147
probe_00774_spk05.wav,/home/hye0n/projects/cnn-based-audio-pii-classification/src/cnn/data_probe/output/probe_00774_spk05.wav,번호는 구오오이 팔구삼팔입니다.,9552-8938,,female,spk05,probe_grp4x2,probe,1,2.56,8,2,4,sentence,grouped4,0.0054563490363458795,0.0029477245287296396,0.003898557974025607,0.0095839137211442,0.0028865754138678312,0.0054563490363458795
probe_00775_spk06.wav,/home/hye0n/projects/cnn-based-audio-pii-classification/src/cnn/data_probe/output/probe_00775_spk06.wav,번호는 구일일구 공팔삼삼입니다.,9119-0833,,male,spk06,probe_grp4x2,probe,1,2.72,8,2,4,sentence,grouped4,0.033721342061956726,0.023875262654360224,0.016260573640465736,0.06747937947511673,0.017424073070287704,0.033721342061956726
probe_00776_spk07.wav,/home/hye0n/projects/cnn-based-audio-pii-classification/src/cnn/data_probe/output/probe_00776_spk07.wav,번호는 사이팔공 일삼팔칠입니다.,4280-1387,,female,spk07,probe_grp4x2,probe,1,2.8,8,2,4,sentence,grouped4,0.4020589739084244,0.2238043622707636,0.15452225506305695,0.6966394186019897,0.35501524806022644,0.4020589739084244
probe_00777_spk08.wav,/home/hye0n/projects/cnn-based-audio-pii-classification/src/cnn/data_probe/output/probe_00777_spk08.wav,번호는 오구이칠 일이오육입니다.,5927-1256,,male,spk08,probe_grp4x2,probe,1,2.56,8,2,4,sentence,grouped4,0.06466920052965482,0.034094349992718855,0.03460555523633957,0.04705489054322243,0.11234715580940247,0.06466920052965482
probe_00778_spk09.wav,/home/hye0n/projects/cnn-based-audio-pii-classification/src/cnn/data_probe/output/probe_00778_spk09.wav,번호는 육삼팔삼 육일오일입니다.,6383-6151,,female,spk09,probe_grp4x2,probe,1,3.52,8,2,4,sentence,grouped4,0.03172225349893173,0.01914021640367159,0.032831788063049316,0.05458966642618179,0.007745306007564068,0.03172225349893173
probe_00779_spk10.wav,/home/hye0n/projects/cnn-based-audio-pii-classification/src/cnn/data_probe/output/probe_00779_spk10.wav,번호는 칠일팔이 칠오사팔입니다.,7182-7548,,male,spk10,probe_grp4x2,probe,1,2.32,8,2,4,sentence,grouped4,0.008889808940390745,0.004588153632811159,0.004145216196775436,0.015095297247171402,0.007428913377225399,0.008889808940390745
probe_00780_spk11.wav,/home/hye0n/projects/cnn-based-audio-pii-classification/src/cnn/data_probe/output/probe_00780_spk11.wav,번호는 공일오칠 일육사칠입니다.,0157-1647,,female,spk11,probe_grp4x2,probe,1,2.88,8,2,4,sentence,grouped4,0.009042970060060421,0.005096688174421197,0.004103603307157755,0.0069666290655732155,0.016058677807450294,0.009042970060060421
probe_00781_spk12.wav,/home/hye0n/projects/cnn-based-audio-pii-classification/src/cnn/data_probe/output/probe_00781_spk12.wav,번호는 구사칠삼 팔육사육입니다.,9473-8646,,male,spk12,probe_grp4x2,probe,1,3.04,8,2,4,sentence,grouped4,0.005038475462545951,0.00032330565817110206,0.005330273415893316,0.0045877317897975445,0.005197421181946993,0.005038475462545951
probe_00782_spk13.wav,/home/hye0n/projects/cnn-based-audio-pii-classification/src/cnn/data_probe/output/probe_00782_spk13.wav,번호는 삼일칠오 이공칠일입니다.,3175-2071,,male,spk13,probe_grp4x2,probe,1,2.4,8,2,4,sentence,grouped4,0.005696389979372422,0.001613110711387667,0.004245635122060776,0.007946454919874668,0.004897079896181822,0.005696389979372422
probe_00783_spk14.wav,/home/hye0n/projects/cnn-based-audio-pii-classification/src/cnn/data_probe/output/probe_00783_spk14.wav,번호는 육칠팔일 일이육육입니다.,6781-1266,,female,spk14,probe_grp4x2,probe,1,2.8,8,2,4,sentence,grouped4,0.02606083359569311,0.008529017654178718,0.014001098461449146,0.03228641673922539,0.0318949855864048,0.02606083359569311
probe_00784_spk01.wav,/home/hye0n/projects/cnn-based-audio-pii-classification/src/cnn/data_probe/output/probe_00784_spk01.wav,번호는 구일이일 오삼오삼입니다.,9121-5353,,female,spk01,probe_grp4x2,probe,1,3.04,8,2,4,sentence,grouped4,0.040553029626607895,0.027754949750861888,0.015027264133095741,0.07913900911808014,0.027492815628647804,0.040553029626607895
probe_00785_spk02.wav,/home/hye0n/projects/cnn-based-audio-pii-classification/src/cnn/data_probe/output/probe_00785_spk02.wav,번호는 구육일삼 육칠사구입니다.,9613-6749,,male,spk02,probe_grp4x2,probe,1,2.72,8,2,4,sentence,grouped4,0.06093435610334078,0.04929275594267715,0.019518092274665833,0.033081356436014175,0.13020361959934235,0.06093435610334078
probe_00786_spk03.wav,/home/hye0n/projects/cnn-based-audio-pii-classification/src/cnn/data_probe/output/probe_00786_spk03.wav,번호는 구사육오 칠구육칠입니다.,9465-7967,,female,spk03,probe_grp4x2,probe,1,2.8,8,2,4,sentence,grouped4,0.5136897166570028,0.031075362732264675,0.536517858505249,0.5347975492477417,0.4697537422180176,0.5136897166570028
probe_00787_spk04.wav,/home/hye0n/projects/cnn-based-audio-pii-classification/src/cnn/data_probe/output/probe_00787_spk04.wav,번호는 팔사이칠 일일사칠입니다.,8427-1147,,male,spk04,probe_grp4x2,probe,1,2.8,8,2,4,sentence,grouped4,0.01016014131406943,0.0023908622373358516,0.007024572230875492,0.01282359380275011,0.010632257908582687,0.01016014131406943
probe_00788_spk05.wav,/home/hye0n/projects/cnn-based-audio-pii-classification/src/cnn/data_probe/output/probe_00788_spk05.wav,번호는 칠삼이공 일공일칠입니다.,7320-1017,,female,spk05,probe_grp4x2,probe,1,3.28,8,2,4,sentence,grouped4,0.14922471344470978,0.06810576735016861,0.13979198038578033,0.2369522899389267,0.0709298700094223,0.14922471344470978
probe_00789_spk06.wav,/home/hye0n/projects/cnn-based-audio-pii-classification/src/cnn/data_probe/output/probe_00789_spk06.wav,번호는 공이육구 오이사구입니다.,0269-5249,,male,spk06,probe_grp4x2,probe,1,2.08,8,2,4,sentence,grouped4,0.005081524917234977,0.002252393552847718,0.004852090962231159,0.00794768426567316,0.0024447995238006115,0.005081524917234977
probe_00790_spk07.wav,/home/hye0n/projects/cnn-based-audio-pii-classification/src/cnn/data_probe/output/probe_00790_spk07.wav,번호는 구일일팔 칠칠삼사입니다.,9118-7734,,female,spk07,probe_grp4x2,probe,1,2.56,8,2,4,sentence,grouped4,0.06047149871786436,0.03212180982968477,0.015421915799379349,0.07793493568897247,0.08805764466524124,0.06047149871786436
probe_00791_spk08.wav,/home/hye0n/projects/cnn-based-audio-pii-classification/src/cnn/data_probe/output/probe_00791_spk08.wav,번호는 칠칠팔사 팔오팔팔입니다.,7784-8588,,male,spk08,probe_grp4x2,probe,1,3.2,8,2,4,sentence,grouped4,0.04296663651863734,0.021708978631139006,0.02663840726017952,0.07364655286073685,0.02861494943499565,0.04296663651863734
probe_00792_spk09.wav,/home/hye0n/projects/cnn-based-audio-pii-classification/src/cnn/data_probe/output/probe_00792_spk09.wav,번호는 공공육일 육칠오육입니다.,0061-6756,,female,spk09,probe_grp4x2,probe,1,2.64,8,2,4,sentence,grouped4,0.10563337864975135,0.09156133740585291,0.0062516722828149796,0.22721077501773834,0.08343768864870071,0.10563337864975135
probe_00793_spk10.wav,/home/hye0n/projects/cnn-based-audio-pii-classification/src/cnn/data_probe/output/probe_00793_spk10.wav,번호는 칠칠공공 이팔사이입니다.,7700-2842,,male,spk10,probe_grp4x2,probe,1,2.8,8,2,4,sentence,grouped4,0.008506031706929207,0.0020305932683564944,0.0061201611533761024,0.008314886130392551,0.011083047837018967,0.008506031706929207
probe_00794_spk11.wav,/home/hye0n/projects/cnn-based-audio-pii-classification/src/cnn/data_probe/output/probe_00794_spk11.wav,번호는 칠육이사 육칠일구입니다.,7624-6719,,female,spk11,probe_grp4x2,probe,1,3.44,8,2,4,sentence,grouped4,0.23661609987417856,0.0755127503395913,0.30565497279167175,0.27265506982803345,0.1315382570028305,0.23661609987417856
probe_00795_spk12.wav,/home/hye0n/projects/cnn-based-audio-pii-classification/src/cnn/data_probe/output/probe_00795_spk12.wav,번호는 칠팔팔구 칠칠팔이입니다.,7889-7782,,male,spk12,probe_grp4x2,probe,1,2.88,8,2,4,sentence,grouped4,0.01712044406061371,0.010716179473407762,0.005353239830583334,0.031274743378162384,0.014733348973095417,0.01712044406061371
probe_00796_spk13.wav,/home/hye0n/projects/cnn-based-audio-pii-classification/src/cnn/data_probe/output/probe_00796_spk13.wav,번호는 팔공육사 칠구육구입니다.,8064-7969,,male,spk13,probe_grp4x2,probe,1,2.48,8,2,4,sentence,grouped4,0.009828866304208836,0.002997867338245961,0.005602375138550997,0.011653334833681583,0.012230888940393925,0.009828866304208836
probe_00797_spk14.wav,/home/hye0n/projects/cnn-based-audio-pii-classification/src/cnn/data_probe/output/probe_00797_spk14.wav,번호는 오사오공 공구공이입니다.,5450-0902,,female,spk14,probe_grp4x2,probe,1,2.72,8,2,4,sentence,grouped4,0.1713270420829455,0.14569450033824166,0.07378853857517242,0.3772745728492737,0.06291801482439041,0.1713270420829455
probe_00798_spk01.wav,/home/hye0n/projects/cnn-based-audio-pii-classification/src/cnn/data_probe/output/probe_00798_spk01.wav,번호는 오오구공 오육일육입니다.,5590-5616,,female,spk01,probe_grp4x2,probe,1,3.52,8,2,4,sentence,grouped4,0.2999040087064107,0.23456045502861456,0.12795154750347137,0.6315470337867737,0.14021344482898712,0.2999040087064107
probe_00799_spk02.wav,/home/hye0n/projects/cnn-based-audio-pii-classification/src/cnn/data_probe/output/probe_00799_spk02.wav,번호는 오오육오 공삼삼삼입니다.,5565-0333,,male,spk02,probe_grp4x2,probe,1,2.64,8,2,4,sentence,grouped4,0.0921826424698035,0.04956021031183834,0.031267132610082626,0.1526620090007782,0.09261878579854965,0.0921826424698035
probe_00800_spk03.wav,/home/hye0n/projects/cnn-based-audio-pii-classification/src/cnn/data_probe/output/probe_00800_spk03.wav,번호는 사구일일 사일오이 공팔오공입니다.,4911-4152-0850,,female,spk03,probe_grp4x3,probe,1,3.76,12,3,4,sentence,grouped4,0.8524185220400492,0.021783577946258938,0.821773111820221,0.8650153279304504,0.8704671263694763,0.8524185220400492
probe_00801_spk04.wav,/home/hye0n/projects/cnn-based-audio-pii-classification/src/cnn/data_probe/output/probe_00801_spk04.wav,번호는 칠육구팔 육사공칠 구공오육입니다.,7698-6407-9056,,male,spk04,probe_grp4x3,probe,1,3.84,12,3,4,sentence,grouped4,0.7245004177093506,0.2545946551872907,0.36447465419769287,0.9008058905601501,0.9082207083702087,0.7245004177093506
probe_00802_spk05.wav,/home/hye0n/projects/cnn-based-audio-pii-classification/src/cnn/data_probe/output/probe_00802_spk05.wav,번호는 구육오구 일칠일삼 오칠팔오입니다.,9659-1713-5785,,female,spk05,probe_grp4x3,probe,1,3.2,12,3,4,sentence,grouped4,0.6584481000900269,0.1781209640900021,0.41015398502349854,0.7458100914955139,0.8193802237510681,0.6584481000900269
probe_00803_spk06.wav,/home/hye0n/projects/cnn-based-audio-pii-classification/src/cnn/data_probe/output/probe_00803_spk06.wav,번호는 이구사오 육삼칠일 팔삼사사입니다.,2945-6371-8344,,male,spk06,probe_grp4x3,probe,1,3.36,12,3,4,sentence,grouped4,0.017223028155664604,0.0023551771868223744,0.01582294888794422,0.015305793844163418,0.02054034173488617,0.017223028155664604
probe_00804_spk07.wav,/home/hye0n/projects/cnn-based-audio-pii-classification/src/cnn/data_probe/output/probe_00804_spk07.wav,번호는 공사구육 삼구일구 일구오사입니다.,0496-3919-1954,,female,spk07,probe_grp4x3,probe,1,3.44,12,3,4,sentence,grouped4,0.7912965615590414,0.1659773680204832,0.5569697022438049,0.896588921546936,0.9203310608863831,0.7912965615590414
probe_00805_spk08.wav,/home/hye0n/projects/cnn-based-audio-pii-classification/src/cnn/data_probe/output/probe_00805_spk08.wav,번호는 일구팔칠 육삼오일 사팔사육입니다.,1987-6351-4846,,male,spk08,probe_grp4x3,probe,1,3.84,12,3,4,sentence,grouped4,0.9760599136352539,0.007113185264316094,0.982793927192688,0.9791648387908936,0.9662209749221802,0.9760599136352539
probe_00806_spk09.wav,/home/hye0n/projects/cnn-based-audio-pii-classification/src/cnn/data_probe/output/probe_00806_spk09.wav,번호는 팔오삼육 육사구팔 칠팔이공입니다.,8536-6498-7820,,female,spk09,probe_grp4x3,probe,1,3.52,12,3,4,sentence,grouped4,0.3495367219050725,0.15584178046909508,0.16122592985630035,0.5428600311279297,0.34452420473098755,0.3495367219050725
probe_00807_spk10.wav,/home/hye0n/projects/cnn-based-audio-pii-classification/src/cnn/data_probe/output/probe_00807_spk10.wav,번호는 팔이구칠 삼칠사팔 구육구공입니다.,8297-3748-9690,,male,spk10,probe_grp4x3,probe,1,3.36,12,3,4,sentence,grouped4,0.573265810807546,0.16143834869451468,0.6414446234703064,0.7278752326965332,0.35047757625579834,0.573265810807546
probe_00808_spk11.wav,/home/hye0n/projects/cnn-based-audio-pii-classification/src/cnn/data_probe/output/probe_00808_spk11.wav,번호는 팔삼오칠 이삼이사 육육오일입니다.,8357-2324-6651,,female,spk11,probe_grp4x3,probe,1,3.36,12,3,4,sentence,grouped4,0.36189250151316327,0.10361680045773303,0.27230554819107056,0.3062604069709778,0.5071115493774414,0.36189250151316327
probe_00809_spk12.wav,/home/hye0n/projects/cnn-based-audio-pii-classification/src/cnn/data_probe/output/probe_00809_spk12.wav,번호는 삼육사사 이사구삼 육삼일이입니다.,3644-2493-6312,,male,spk12,probe_grp4x3,probe,1,4.64,12,3,4,sentence,grouped4,0.8764843940734863,0.04302541504059291,0.8289592862129211,0.9331529140472412,0.8673409819602966,0.8764843940734863
probe_00810_spk13.wav,/home/hye0n/projects/cnn-based-audio-pii-classification/src/cnn/data_probe/output/probe_00810_spk13.wav,번호는 삼공삼사 칠칠팔육 육공삼이입니다.,3034-7786-6032,,male,spk13,probe_grp4x3,probe,1,3.28,12,3,4,sentence,grouped4,0.34888504693905514,0.21754794740787897,0.041482023894786835,0.49171456694602966,0.5134585499763489,0.34888504693905514
probe_00811_spk14.wav,/home/hye0n/projects/cnn-based-audio-pii-classification/src/cnn/data_probe/output/probe_00811_spk14.wav,번호는 사이공사 사팔이공 칠공공일입니다.,4204-4820-7001,,female,spk14,probe_grp4x3,probe,1,3.6,12,3,4,sentence,grouped4,0.12333498025933902,0.043644044565602697,0.15597394108772278,0.15238319337368011,0.06164780631661415,0.12333498025933902
probe_00812_spk01.wav,/home/hye0n/projects/cnn-based-audio-pii-classification/src/cnn/data_probe/output/probe_00812_spk01.wav,번호는 오구사일 육오일육 이삼일구입니다.,5941-6516-2319,,female,spk01,probe_grp4x3,probe,1,3.68,12,3,4,sentence,grouped4,0.9389471411705017,0.011198909488934618,0.9356672763824463,0.927168607711792,0.9540055394172668,0.9389471411705017
probe_00813_spk02.wav,/home/hye0n/projects/cnn-based-audio-pii-classification/src/cnn/data_probe/output/probe_00813_spk02.wav,번호는 팔일팔구 팔사칠일 삼구일오입니다.,8189-8471-3915,,male,spk02,probe_grp4x3,probe,1,3.52,12,3,4,sentence,grouped4,0.7325476408004761,0.04682235970014127,0.6863765120506287,0.7967388033866882,0.7145276069641113,0.7325476408004761
probe_00814_spk03.wav,/home/hye0n/projects/cnn-based-audio-pii-classification/src/cnn/data_probe/output/probe_00814_spk03.wav,번호는 오구육삼 육삼이일 이삼사칠입니다.,5963-6321-2347,,female,spk03,probe_grp4x3,probe,1,4.16,12,3,4,sentence,grouped4,0.49467478692531586,0.24125539853365083,0.15400071442127228,0.6812023520469666,0.6488212943077087,0.49467478692531586
probe_00815_spk04.wav,/home/hye0n/projects/cnn-based-audio-pii-classification/src/cnn/data_probe/output/probe_00815_spk04.wav,번호는 육사구공 칠팔오일 오팔육칠입니다.,6490-7851-5867,,male,spk04,probe_grp4x3,probe,1,3.44,12,3,4,sentence,grouped4,0.5529334743817648,0.12128058328920197,0.4003554582595825,0.5613738894462585,0.6970710754394531,0.5529334743817648
probe_00816_spk05.wav,/home/hye0n/projects/cnn-based-audio-pii-classification/src/cnn/data_probe/output/probe_00816_spk05.wav,번호는 삼사이오 칠오사공 구공공삼입니다.,3425-7540-9003,,female,spk05,probe_grp4x3,probe,1,3.6,12,3,4,sentence,grouped4,0.9837638934453329,0.0009689403779870739,0.9824031591415405,0.9845841526985168,0.9843043684959412,0.9837638934453329
probe_00817_spk06.wav,/home/hye0n/projects/cnn-based-audio-pii-classification/src/cnn/data_probe/output/probe_00817_spk06.wav,번호는 사팔육사 오일팔삼 칠육공육입니다.,4864-5183-7606,,male,spk06,probe_grp4x3,probe,1,3.6,12,3,4,sentence,grouped4,0.07723161205649376,0.027760170872210683,0.04118022695183754,0.10871701687574387,0.08179759234189987,0.07723161205649376
probe_00818_spk07.wav,/home/hye0n/projects/cnn-based-audio-pii-classification/src/cnn/data_probe/output/probe_00818_spk07.wav,번호는 사사일삼 사삼이칠 오육공사입니다.,4413-4327-5604,,female,spk07,probe_grp4x3,probe,1,3.84,12,3,4,sentence,grouped4,0.8692928155263265,0.10037742605725607,0.7309350967407227,0.9109708070755005,0.9659725427627563,0.8692928155263265
probe_00819_spk08.wav,/home/hye0n/projects/cnn-based-audio-pii-classification/src/cnn/data_probe/output/probe_00819_spk08.wav,번호는 일칠칠육 오육일이 사팔일오입니다.,1776-5612-4815,,male,spk08,probe_grp4x3,probe,1,3.44,12,3,4,sentence,grouped4,0.9732215205828348,0.005498761991457608,0.9787501096725464,0.9751933217048645,0.9657211303710938,0.9732215205828348
probe_00820_spk09.wav,/home/hye0n/projects/cnn-based-audio-pii-classification/src/cnn/data_probe/output/probe_00820_spk09.wav,번호는 육구팔오 칠공공이 칠이공육입니다.,6985-7002-7206,,female,spk09,probe_grp4x3,probe,1,3.2,12,3,4,sentence,grouped4,0.5811595221360525,0.18545862087093146,0.38543936610221863,0.8302233219146729,0.5278158783912659,0.5811595221360525
probe_00821_spk10.wav,/home/hye0n/projects/cnn-based-audio-pii-classification/src/cnn/data_probe/output/probe_00821_spk10.wav,번호는 삼사오구 일일이삼 팔이구육입니다.,3459-1123-8296,,male,spk10,probe_grp4x3,probe,1,3.52,12,3,4,sentence,grouped4,0.8759321967760721,0.05399658410346102,0.9464081525802612,0.8152324557304382,0.8661559820175171,0.8759321967760721
probe_00822_spk11.wav,/home/hye0n/projects/cnn-based-audio-pii-classification/src/cnn/data_probe/output/probe_00822_spk11.wav,번호는 오칠칠이 사이구오 사삼일육입니다.,5772-4295-4316,,female,spk11,probe_grp4x3,probe,1,3.2,12,3,4,sentence,grouped4,0.34284453094005585,0.1319560305370964,0.1562502235174179,0.4384899437427521,0.43379342555999756,0.34284453094005585
probe_00823_spk12.wav,/home/hye0n/projects/cnn-based-audio-pii-classification/src/cnn/data_probe/output/probe_00823_spk12.wav,번호는 오이육육 구삼공공 팔구삼일입니다.,5266-9300-8931,,male,spk12,probe_grp4x3,probe,1,3.36,12,3,4,sentence,grouped4,0.2093559925754865,0.14441789059549462,0.054026417434215546,0.17217595875263214,0.4018656015396118,0.2093559925754865
probe_00824_spk13.wav,/home/hye0n/projects/cnn-based-audio-pii-classification/src/cnn/data_probe/output/probe_00824_spk13.wav,번호는 칠삼사이 공육구육 구사이일입니다.,7342-0696-9421,,male,spk13,probe_grp4x3,probe,1,3.44,12,3,4,sentence,grouped4,0.18335924049218497,0.022509788340436713,0.170800119638443,0.21497133374214172,0.16430626809597015,0.18335924049218497
probe_00825_spk14.wav,/home/hye0n/projects/cnn-based-audio-pii-classification/src/cnn/data_probe/output/probe_00825_spk14.wav,번호는 오이구일 공팔육칠 칠일삼삼입니다.,5291-0867-7133,,female,spk14,probe_grp4x3,probe,1,3.76,12,3,4,sentence,grouped4,0.9603960911432902,0.012275520432889849,0.946388304233551,0.9762808084487915,0.9585191607475281,0.9603960911432902
probe_00826_spk01.wav,/home/hye0n/projects/cnn-based-audio-pii-classification/src/cnn/data_probe/output/probe_00826_spk01.wav,번호는 삼사사칠 육이육삼 구삼사삼입니다.,3447-6263-9343,,female,spk01,probe_grp4x3,probe,1,4.32,12,3,4,sentence,grouped4,0.9356677929560343,0.03722348314501639,0.9724604487419128,0.8846661448478699,0.9498767852783203,0.9356677929560343
probe_00827_spk02.wav,/home/hye0n/projects/cnn-based-audio-pii-classification/src/cnn/data_probe/output/probe_00827_spk02.wav,번호는 육이육이 공사사삼 구칠삼오입니다.,6262-0443-9735,,male,spk02,probe_grp4x3,probe,1,3.76,12,3,4,sentence,grouped4,0.18853221337000528,0.009416802071000102,0.17673459649085999,0.18908065557479858,0.1997813880443573,0.18853221337000528
probe_00828_spk03.wav,/home/hye0n/projects/cnn-based-audio-pii-classification/src/cnn/data_probe/output/probe_00828_spk03.wav,번호는 구칠일공 칠이오육 삼육육구입니다.,9710-7256-3669,,female,spk03,probe_grp4x3,probe,1,3.6,12,3,4,sentence,grouped4,0.7196683486302694,0.1761336711275917,0.7400870323181152,0.9244518280029297,0.4944661855697632,0.7196683486302694
probe_00829_spk04.wav,/home/hye0n/projects/cnn-based-audio-pii-classification/src/cnn/data_probe/output/probe_00829_spk04.wav,번호는 사일일팔 공공오삼 칠오구구입니다.,4118-0053-7599,,male,spk04,probe_grp4x3,probe,1,4.32,12,3,4,sentence,grouped4,0.9784526427586874,0.012999393766305264,0.9600691199302673,0.987748920917511,0.9875398874282837,0.9784526427586874
probe_00830_spk05.wav,/home/hye0n/projects/cnn-based-audio-pii-classification/src/cnn/data_probe/output/probe_00830_spk05.wav,번호는 공공사팔 구육사육 오이팔공입니다.,0048-9646-5280,,female,spk05,probe_grp4x3,probe,1,3.44,12,3,4,sentence,grouped4,0.7208662629127502,0.14687705381178906,0.8953167796134949,0.7312861084938049,0.5359959006309509,0.7208662629127502
probe_00831_spk06.wav,/home/hye0n/projects/cnn-based-audio-pii-classification/src/cnn/data_probe/output/probe_00831_spk06.wav,번호는 구이사이 팔칠오칠 이일오팔입니다.,9242-8757-2158,,male,spk06,probe_grp4x3,probe,1,2.96,12,3,4,sentence,grouped4,0.05467303407688936,0.02015882996040883,0.027562888339161873,0.07586666941642761,0.06058954447507858,0.05467303407688936
probe_00832_spk07.wav,/home/hye0n/projects/cnn-based-audio-pii-classification/src/cnn/data_probe/output/probe_00832_spk07.wav,번호는 육이사일 오공이칠 사오육사입니다.,6241-5027-4564,,female,spk07,probe_grp4x3,probe,1,3.6,12,3,4,sentence,grouped4,0.5553450087706248,0.11275085166709929,0.4070000946521759,0.5788768529891968,0.6801580786705017,0.5553450087706248
probe_00833_spk08.wav,/home/hye0n/projects/cnn-based-audio-pii-classification/src/cnn/data_probe/output/probe_00833_spk08.wav,번호는 사구사팔 오육이오 칠이팔칠입니다.,4948-5625-7287,,male,spk08,probe_grp4x3,probe,1,3.28,12,3,4,sentence,grouped4,0.17410936951637268,0.07366529893978077,0.07510697841644287,0.2516954243183136,0.19552570581436157,0.17410936951637268
probe_00834_spk09.wav,/home/hye0n/projects/cnn-based-audio-pii-classification/src/cnn/data_probe/output/probe_00834_spk09.wav,번호는 공삼이공 삼이공칠 사이칠육입니다.,0320-3207-4276,,female,spk09,probe_grp4x3,probe,1,3.92,12,3,4,sentence,grouped4,0.956144114335378,0.011462562057533985,0.9632242321968079,0.9652329683303833,0.9399751424789429,0.956144114335378
probe_00835_spk10.wav,/home/hye0n/projects/cnn-based-audio-pii-classification/src/cnn/data_probe/output/probe_00835_spk10.wav,번호는 일칠공칠 오팔칠칠 칠일이일입니다.,1707-5877-7121,,male,spk10,probe_grp4x3,probe,1,3.6,12,3,4,sentence,grouped4,0.7553232113520304,0.06401801965717897,0.7646647691726685,0.8286396861076355,0.6726651787757874,0.7553232113520304
probe_00836_spk11.wav,/home/hye0n/projects/cnn-based-audio-pii-classification/src/cnn/data_probe/output/probe_00836_spk11.wav,번호는 오일삼사 이이팔사 구구삼구입니다.,5134-2284-9939,,female,spk11,probe_grp4x3,probe,1,4.08,12,3,4,sentence,grouped4,0.45650925238927204,0.22341867125011974,0.14797377586364746,0.5518003106117249,0.6697536706924438,0.45650925238927204
probe_00837_spk12.wav,/home/hye0n/projects/cnn-based-audio-pii-classification/src/cnn/data_probe/output/probe_00837_spk12.wav,번호는 공팔구이 육일삼칠 일오공사입니다.,0892-6137-1504,,male,spk12,probe_grp4x3,probe,1,2.96,12,3,4,sentence,grouped4,0.02436119845757882,0.012023489986969471,0.012243525125086308,0.040750473737716675,0.02008959650993347,0.02436119845757882
probe_00838_spk13.wav,/home/hye0n/projects/cnn-based-audio-pii-classification/src/cnn/data_probe/output/probe_00838_spk13.wav,번호는 일육오구 일오이공 일칠칠칠입니다.,1659-1520-1777,,male,spk13,probe_grp4x3,probe,1,3.28,12,3,4,sentence,grouped4,0.2516954292853673,0.06661806178138988,0.32849183678627014,0.16603536903858185,0.26055908203125,0.2516954292853673
probe_00839_spk14.wav,/home/hye0n/projects/cnn-based-audio-pii-classification/src/cnn/data_probe/output/probe_00839_spk14.wav,번호는 사구공오 공구칠오 구이삼공입니다.,4905-0975-9230,,female,spk14,probe_grp4x3,probe,1,3.6,12,3,4,sentence,grouped4,0.7534972826639811,0.08160805354905525,0.8668370842933655,0.715678870677948,0.6779758930206299,0.7534972826639811
probe_00840_spk01.wav,/home/hye0n/projects/cnn-based-audio-pii-classification/src/cnn/data_probe/output/probe_00840_spk01.wav,번호는 사오공일 팔구육일 육사이삼입니다.,4501-8961-6423,,female,spk01,probe_grp4x3,probe,1,3.68,12,3,4,sentence,grouped4,0.38948119183381397,0.2309591676022358,0.06304396688938141,0.5430946350097656,0.5623049736022949,0.38948119183381397
probe_00841_spk02.wav,/home/hye0n/projects/cnn-based-audio-pii-classification/src/cnn/data_probe/output/probe_00841_spk02.wav,번호는 육일공삼 이육육사 이일사칠입니다.,6103-2664-2147,,male,spk02,probe_grp4x3,probe,1,3.44,12,3,4,sentence,grouped4,0.5000057419141134,0.15137496783159088,0.30199581384658813,0.5285435318946838,0.6694778800010681,0.5000057419141134
probe_00842_spk03.wav,/home/hye0n/projects/cnn-based-audio-pii-classification/src/cnn/data_probe/output/probe_00842_spk03.wav,번호는 육사구이 오일오팔 삼칠칠육입니다.,6492-5158-3776,,female,spk03,probe_grp4x3,probe,1,3.84,12,3,4,sentence,grouped4,0.9731812079747518,0.006847708846636307,0.9642302989959717,0.9808578491210938,0.9744554758071899,0.9731812079747518
probe_00843_spk04.wav,/home/hye0n/projects/cnn-based-audio-pii-classification/src/cnn/data_probe/output/probe_00843_spk04.wav,번호는 칠사구구 육일육오 구이육육입니다.,7499-6165-9266,,male,spk04,probe_grp4x3,probe,1,3.6,12,3,4,sentence,grouped4,0.8835192322731018,0.03534220508043459,0.9247975945472717,0.8872866034507751,0.8384734988212585,0.8835192322731018
probe_00844_spk05.wav,/home/hye0n/projects/cnn-based-audio-pii-classification/src/cnn/data_probe/output/probe_00844_spk05.wav,번호는 일공팔오 칠삼이칠 팔팔일사입니다.,1085-7327-8814,,female,spk05,probe_grp4x3,probe,1,3.52,12,3,4,sentence,grouped4,0.5001011689503988,0.03709178325019804,0.5441619753837585,0.4534195065498352,0.5027220249176025,0.5001011689503988
probe_00845_spk06.wav,/home/hye0n/projects/cnn-based-audio-pii-classification/src/cnn/data_probe/output/probe_00845_spk06.wav,번호는 칠육일칠 사이이사 삼팔육사입니다.,7617-4224-3864,,male,spk06,probe_grp4x3,probe,1,3.6,12,3,4,sentence,grouped4,0.12996729711691538,0.012686329712638382,0.14568443596363068,0.11461585760116577,0.1296015977859497,0.12996729711691538
probe_00846_spk07.wav,/home/hye0n/projects/cnn-based-audio-pii-classification/src/cnn/data_probe/output/probe_00846_spk07.wav,번호는 구공팔일 공팔일팔 육육일칠입니다.,9081-0818-6617,,female,spk07,probe_grp4x3,probe,1,3.36,12,3,4,sentence,grouped4,0.6959412296613058,0.15553287811301522,0.47659027576446533,0.79148930311203,0.8197441101074219,0.6959412296613058
probe_00847_spk08.wav,/home/hye0n/projects/cnn-based-audio-pii-classification/src/cnn/data_probe/output/probe_00847_spk08.wav,번호는 구사오사 구일팔공 일칠이이입니다.,9454-9180-1722,,male,spk08,probe_grp4x3,probe,1,3.44,12,3,4,sentence,grouped4,0.6034465332825979,0.07994606886184116,0.49555233120918274,0.6281328797340393,0.6866543889045715,0.6034465332825979
probe_00848_spk09.wav,/home/hye0n/projects/cnn-based-audio-pii-classification/src/cnn/data_probe/output/probe_00848_spk09.wav,번호는 육공일육 사오구칠 칠구사오입니다.,6016-4597-7945,,female,spk09,probe_grp4x3,probe,1,3.28,12,3,4,sentence,grouped4,0.6781916618347168,0.12076068581460497,0.791921854019165,0.7316614985466003,0.510991632938385,0.6781916618347168
probe_00849_spk10.wav,/home/hye0n/projects/cnn-based-audio-pii-classification/src/cnn/data_probe/output/probe_00849_spk10.wav,번호는 이삼이일 구사일육 팔공공육입니다.,2321-9416-8006,,male,spk10,probe_grp4x3,probe,1,4.32,12,3,4,sentence,grouped4,0.23514867822329202,0.02361826530761444,0.20219428837299347,0.246909961104393,0.2563417851924896,0.23514867822329202
probe_00850_spk11.wav,/home/hye0n/projects/cnn-based-audio-pii-classification/src/cnn/data_probe/output/probe_00850_spk11.wav,번호는 일공이칠 칠육구칠 사구구오입니다.,1027-7697-4995,,female,spk11,probe_grp4x3,probe,1,4.08,12,3,4,sentence,grouped4,0.9314233462015787,0.039462861023668,0.9584596157073975,0.9601870775222778,0.875623345375061,0.9314233462015787
probe_00851_spk12.wav,/home/hye0n/projects/cnn-based-audio-pii-classification/src/cnn/data_probe/output/probe_00851_spk12.wav,번호는 육사일이 이공삼일 공삼공삼입니다.,6412-2031-0303,,male,spk12,probe_grp4x3,probe,1,3.84,12,3,4,sentence,grouped4,0.5712799827257792,0.17670136855502086,0.5828080177307129,0.7816996574401855,0.3493322730064392,0.5712799827257792
probe_00852_spk13.wav,/home/hye0n/projects/cnn-based-audio-pii-classification/src/cnn/data_probe/output/probe_00852_spk13.wav,번호는 칠이삼육 팔삼일사 칠이칠육입니다.,7236-8314-7276,,male,spk13,probe_grp4x3,probe,1,2.88,12,3,4,sentence,grouped4,0.28503456711769104,0.07340461916935584,0.18123167753219604,0.33589810132980347,0.3379739224910736,0.28503456711769104
probe_00853_spk14.wav,/home/hye0n/projects/cnn-based-audio-pii-classification/src/cnn/data_probe/output/probe_00853_spk14.wav,번호는 공일이이 칠칠칠공 칠구삼삼입니다.,0122-7770-7933,,female,spk14,probe_grp4x3,probe,1,3.44,12,3,4,sentence,grouped4,0.9214123686154684,0.02710349715188219,0.9582040905952454,0.8937065005302429,0.9123265147209167,0.9214123686154684
probe_00854_spk01.wav,/home/hye0n/projects/cnn-based-audio-pii-classification/src/cnn/data_probe/output/probe_00854_spk01.wav,번호는 사구육공 오공일육 육칠구구입니다.,4960-5016-6799,,female,spk01,probe_grp4x3,probe,1,4.4,12,3,4,sentence,grouped4,0.9618099927902222,0.03823038584416216,0.907981812953949,0.9931102991104126,0.9843378663063049,0.9618099927902222
probe_00855_spk02.wav,/home/hye0n/projects/cnn-based-audio-pii-classification/src/cnn/data_probe/output/probe_00855_spk02.wav,번호는 팔사공칠 육칠팔구 구칠삼공입니다.,8407-6789-9730,,male,spk02,probe_grp4x3,probe,1,3.76,12,3,4,sentence,grouped4,0.8006218075752258,0.019350327588385573,0.7913405895233154,0.7829678654670715,0.8275569677352905,0.8006218075752258
probe_00856_spk03.wav,/home/hye0n/projects/cnn-based-audio-pii-classification/src/cnn/data_probe/output/probe_00856_spk03.wav,번호는 팔공육구 오팔일사 육칠일칠입니다.,8069-5814-6717,,female,spk03,probe_grp4x3,probe,1,3.92,12,3,4,sentence,grouped4,0.9658523996671041,0.015614635058014935,0.9439798593521118,0.9794191122055054,0.9741582274436951,0.9658523996671041
probe_00857_spk04.wav,/home/hye0n/projects/cnn-based-audio-pii-classification/src/cnn/data_probe/output/probe_00857_spk04.wav,번호는 구오칠육 공이사삼 칠오칠삼입니다.,9576-0243-7573,,male,spk04,probe_grp4x3,probe,1,3.52,12,3,4,sentence,grouped4,0.4281931718190511,0.12047037268735988,0.2606342136859894,0.4852769076824188,0.5386683940887451,0.4281931718190511
probe_00858_spk05.wav,/home/hye0n/projects/cnn-based-audio-pii-classification/src/cnn/data_probe/output/probe_00858_spk05.wav,번호는 팔삼구오 구칠이사 육육오칠입니다.,8395-9724-6657,,female,spk05,probe_grp4x3,probe,1,3.44,12,3,4,sentence,grouped4,0.8331748843193054,0.12844889082253164,0.6550382971763611,0.8914341926574707,0.9530521631240845,0.8331748843193054
probe_00859_spk06.wav,/home/hye0n/projects/cnn-based-audio-pii-classification/src/cnn/data_probe/output/probe_00859_spk06.wav,번호는 이구삼사 일칠이이 삼이구칠입니다.,2934-1722-3297,,male,spk06,probe_grp4x3,probe,1,3.12,12,3,4,sentence,grouped4,0.6129732926686605,0.05178655517761742,0.6017498970031738,0.5559088587760925,0.6812611222267151,0.6129732926686605
probe_00860_spk07.wav,/home/hye0n/projects/cnn-based-audio-pii-classification/src/cnn/data_probe/output/probe_00860_spk07.wav,번호는 일육칠사 삼삼팔공 공오사오입니다.,1674-3380-0545,,female,spk07,probe_grp4x3,probe,1,3.44,12,3,4,sentence,grouped4,0.8484737475713094,0.06516788699967616,0.7955977916717529,0.9402828216552734,0.8095406293869019,0.8484737475713094
probe_00861_spk08.wav,/home/hye0n/projects/cnn-based-audio-pii-classification/src/cnn/data_probe/output/probe_00861_spk08.wav,번호는 이이팔공 일오육일 구삼일팔입니다.,2280-1561-9318,,male,spk08,probe_grp4x3,probe,1,4.08,12,3,4,sentence,grouped4,0.638437807559967,0.12014246521349618,0.8081220984458923,0.5611288547515869,0.5460624694824219,0.638437807559967
probe_00862_spk09.wav,/home/hye0n/projects/cnn-based-audio-pii-classification/src/cnn/data_probe/output/probe_00862_spk09.wav,번호는 삼칠사오 오공팔사 이팔구일입니다.,3745-5084-2891,,female,spk09,probe_grp4x3,probe,1,3.6,12,3,4,sentence,grouped4,0.45372024923563004,0.24059814235647276,0.11472665518522263,0.6485884189605713,0.5978456735610962,0.45372024923563004
probe_00863_spk10.wav,/home/hye0n/projects/cnn-based-audio-pii-classification/src/cnn/data_probe/output/probe_00863_spk10.wav,번호는 공칠칠일 일구구일 팔공팔일입니다.,0771-1991-8081,,male,spk10,probe_grp4x3,probe,1,3.68,12,3,4,sentence,grouped4,0.10170063686867555,0.0939955407898975,0.021552355960011482,0.2336166650056839,0.04993288964033127,0.10170063686867555
probe_00864_spk11.wav,/home/hye0n/projects/cnn-based-audio-pii-classification/src/cnn/data_probe/output/probe_00864_spk11.wav,번호는 이일삼오 이사칠팔 칠일이오입니다.,2135-2478-7125,,female,spk11,probe_grp4x3,probe,1,3.04,12,3,4,sentence,grouped4,0.5151570836702982,0.14898813769022812,0.39298659563064575,0.4275749921798706,0.7249096632003784,0.5151570836702982
probe_00865_spk12.wav,/home/hye0n/projects/cnn-based-audio-pii-classification/src/cnn/data_probe/output/probe_00865_spk12.wav,번호는 오이일삼 칠육공삼 칠오사팔입니다.,5213-7603-7548,,male,spk12,probe_grp4x3,probe,1,3.52,12,3,4,sentence,grouped4,0.7526018023490906,0.1338506084455311,0.7623511552810669,0.9114423990249634,0.5840118527412415,0.7526018023490906
probe_00866_spk13.wav,/home/hye0n/projects/cnn-based-audio-pii-classification/src/cnn/data_probe/output/probe_00866_spk13.wav,번호는 이일사오 육오삼이 팔육삼이입니다.,2145-6532-8632,,male,spk13,probe_grp4x3,probe,1,3.12,12,3,4,sentence,grouped4,0.18761551131804785,0.11367519072147242,0.1215808317065239,0.09369727969169617,0.34756842255592346,0.18761551131804785
probe_00867_spk14.wav,/home/hye0n/projects/cnn-based-audio-pii-classification/src/cnn/data_probe/output/probe_00867_spk14.wav,번호는 육육육칠 팔오공칠 이공팔일입니다.,6667-8507-2081,,female,spk14,probe_grp4x3,probe,1,3.92,12,3,4,sentence,grouped4,0.922075112660726,0.021145277412103935,0.9093718528747559,0.9049820303916931,0.9518714547157288,0.922075112660726
probe_00868_spk01.wav,/home/hye0n/projects/cnn-based-audio-pii-classification/src/cnn/data_probe/output/probe_00868_spk01.wav,번호는 일오오육 이육공육 공이구공입니다.,1556-2606-0290,,female,spk01,probe_grp4x3,probe,1,3.36,12,3,4,sentence,grouped4,0.6907815734545389,0.08096165800677885,0.6242336630821228,0.80474454164505,0.6433665156364441,0.6907815734545389
probe_00869_spk02.wav,/home/hye0n/projects/cnn-based-audio-pii-classification/src/cnn/data_probe/output/probe_00869_spk02.wav,번호는 팔사육육 팔사오오 공사팔구입니다.,8466-8455-0489,,male,spk02,probe_grp4x3,probe,1,3.84,12,3,4,sentence,grouped4,0.8187424143155416,0.027034658024538114,0.8409383296966553,0.8346039652824402,0.7806849479675293,0.8187424143155416
probe_00870_spk03.wav,/home/hye0n/projects/cnn-based-audio-pii-classification/src/cnn/data_probe/output/probe_00870_spk03.wav,번호는 이육칠삼 팔구구칠 오육삼사입니다.,2673-8997-5634,,female,spk03,probe_grp4x3,probe,1,4.32,12,3,4,sentence,grouped4,0.7843199372291565,0.053932709131370646,0.7082749009132385,0.8274385333061218,0.8172463774681091,0.7843199372291565
probe_00871_spk04.wav,/home/hye0n/projects/cnn-based-audio-pii-classification/src/cnn/data_probe/output/probe_00871_spk04.wav,번호는 일공팔오 육이팔팔 사삼일팔입니다.,1085-6288-4318,,male,spk04,probe_grp4x3,probe,1,3.12,12,3,4,sentence,grouped4,0.43117084602514905,0.2902669853154539,0.11043436825275421,0.36966419219970703,0.8134139776229858,0.43117084602514905
probe_00872_spk05.wav,/home/hye0n/projects/cnn-based-audio-pii-classification/src/cnn/data_probe/output/probe_00872_spk05.wav,번호는 팔사팔오 이공공팔 구사삼사입니다.,8485-2008-9434,,female,spk05,probe_grp4x3,probe,1,3.92,12,3,4,sentence,grouped4,0.7407315770785013,0.0764360937687218,0.6415857076644897,0.8276044726371765,0.7530045509338379,0.7407315770785013
probe_00873_spk06.wav,/home/hye0n/projects/cnn-based-audio-pii-classification/src/cnn/data_probe/output/probe_00873_spk06.wav,번호는 육팔일공 오사팔오 일공일칠입니다.,6810-5485-1017,,male,spk06,probe_grp4x3,probe,1,3.76,12,3,4,sentence,grouped4,0.3284962822993596,0.10404418263712835,0.2633814215660095,0.24678285419940948,0.4753245711326599,0.3284962822993596
probe_00874_spk07.wav,/home/hye0n/projects/cnn-based-audio-pii-classification/src/cnn/data_probe/output/probe_00874_spk07.wav,번호는 사구공칠 오삼구구 팔구삼오입니다.,4907-5399-8935,,female,spk07,probe_grp4x3,probe,1,3.2,12,3,4,sentence,grouped4,0.9230788946151733,0.010174611077428694,0.9092450141906738,0.9334239363670349,0.9265677332878113,0.9230788946151733
probe_00875_spk08.wav,/home/hye0n/projects/cnn-based-audio-pii-classification/src/cnn/data_probe/output/probe_00875_spk08.wav,번호는 사사구이 육팔삼일 오팔구삼입니다.,4492-6831-5893,,male,spk08,probe_grp4x3,probe,1,3.6,12,3,4,sentence,grouped4,0.9868994752566019,0.0028144041796095,0.988919198513031,0.9888597726821899,0.982919454574585,0.9868994752566019
probe_00876_spk09.wav,/home/hye0n/projects/cnn-based-audio-pii-classification/src/cnn/data_probe/output/probe_00876_spk09.wav,번호는 오칠일이 육육일일 공육이칠입니다.,5712-6611-0627,,female,spk09,probe_grp4x3,probe,1,3.28,12,3,4,sentence,grouped4,0.8533680240313212,0.060946883436000146,0.7932196259498596,0.9369063377380371,0.8299781084060669,0.8533680240313212
probe_00877_spk10.wav,/home/hye0n/projects/cnn-based-audio-pii-classification/src/cnn/data_probe/output/probe_00877_spk10.wav,번호는 삼칠일오 팔육구팔 팔육사구입니다.,3715-8698-8649,,male,spk10,probe_grp4x3,probe,1,3.68,12,3,4,sentence,grouped4,0.08094446981946628,0.04960959647856232,0.017122868448495865,0.13808958232402802,0.08762095868587494,0.08094446981946628
probe_00878_spk11.wav,/home/hye0n/projects/cnn-based-audio-pii-classification/src/cnn/data_probe/output/probe_00878_spk11.wav,번호는 칠육칠칠 육이이팔 이칠칠이입니다.,7677-6228-2772,,female,spk11,probe_grp4x3,probe,1,4.64,12,3,4,sentence,grouped4,0.9810396234194437,0.004059418425253121,0.9812629818916321,0.9759599566459656,0.9858959317207336,0.9810396234194437
probe_00879_spk12.wav,/home/hye0n/projects/cnn-based-audio-pii-classification/src/cnn/data_probe/output/probe_00879_spk12.wav,번호는 팔팔일삼 칠칠공이 팔오일구입니다.,8813-7702-8519,,male,spk12,probe_grp4x3,probe,1,2.72,12,3,4,sentence,grouped4,0.03416780134042104,0.006203783814074222,0.038286998867988586,0.02539965882897377,0.038816746324300766,0.03416780134042104
probe_00880_spk13.wav,/home/hye0n/projects/cnn-based-audio-pii-classification/src/cnn/data_probe/output/probe_00880_spk13.wav,번호는 육일일오 구사공팔 이일오사입니다.,6115-9408-2154,,male,spk13,probe_grp4x3,probe,1,3.12,12,3,4,sentence,grouped4,0.4046972170472145,0.2155017355159387,0.10196363180875778,0.5864906311035156,0.5256373882293701,0.4046972170472145
probe_00881_spk14.wav,/home/hye0n/projects/cnn-based-audio-pii-classification/src/cnn/data_probe/output/probe_00881_spk14.wav,번호는 오사사칠 공이이구 육공사사입니다.,5447-0229-6044,,female,spk14,probe_grp4x3,probe,1,4.32,12,3,4,sentence,grouped4,0.6149059931437174,0.2449102619946974,0.7773764729499817,0.2687668800354004,0.7985746264457703,0.6149059931437174
probe_00882_spk01.wav,/home/hye0n/projects/cnn-based-audio-pii-classification/src/cnn/data_probe/output/probe_00882_spk01.wav,번호는 삼이칠공 일팔오일 공육칠구입니다.,3270-1851-0679,,female,spk01,probe_grp4x3,probe,1,4.4,12,3,4,sentence,grouped4,0.9928861061731974,0.0005732039582688309,0.993129312992096,0.9920948147773743,0.9934341907501221,0.9928861061731974
probe_00883_spk02.wav,/home/hye0n/projects/cnn-based-audio-pii-classification/src/cnn/data_probe/output/probe_00883_spk02.wav,번호는 사구칠오 육칠구이 이팔칠칠입니다.,4975-6792-2877,,male,spk02,probe_grp4x3,probe,1,3.76,12,3,4,sentence,grouped4,0.6789353688557943,0.04136100575065466,0.715278148651123,0.6210713982582092,0.7004565596580505,0.6789353688557943
probe_00884_spk03.wav,/home/hye0n/projects/cnn-based-audio-pii-classification/src/cnn/data_probe/output/probe_00884_spk03.wav,번호는 칠이오일 구구육육 삼육오팔입니다.,7251-9966-3658,,female,spk03,probe_grp4x3,probe,1,3.6,12,3,4,sentence,grouped4,0.7907089392344157,0.1483507907480846,0.5810874104499817,0.8880332708358765,0.9030061364173889,0.7907089392344157
probe_00885_spk04.wav,/home/hye0n/projects/cnn-based-audio-pii-classification/src/cnn/data_probe/output/probe_00885_spk04.wav,번호는 공칠사일 이공구사 팔일팔일입니다.,0741-2094-8181,,male,spk04,probe_grp4x3,probe,1,4.08,12,3,4,sentence,grouped4,0.6898602843284607,0.06807535910169954,0.6085320115089417,0.7751412987709045,0.6859075427055359,0.6898602843284607
probe_00886_spk05.wav,/home/hye0n/projects/cnn-based-audio-pii-classification/src/cnn/data_probe/output/probe_00886_spk05.wav,번호는 삼구팔구 공구팔삼 칠팔공일입니다.,3989-0983-7801,,female,spk05,probe_grp4x3,probe,1,3.28,12,3,4,sentence,grouped4,0.9070650537808737,0.06670599209520787,0.9576826691627502,0.9506977200508118,0.8128147721290588,0.9070650537808737
probe_00887_spk06.wav,/home/hye0n/projects/cnn-based-audio-pii-classification/src/cnn/data_probe/output/probe_00887_spk06.wav,번호는 팔이공사 삼삼구칠 일팔구오입니다.,8204-3397-1895,,male,spk06,probe_grp4x3,probe,1,4.32,12,3,4,sentence,grouped4,0.2042847822109858,0.09874016433755224,0.06581546366214752,0.2891436517238617,0.25789523124694824,0.2042847822109858
probe_00888_spk07.wav,/home/hye0n/projects/cnn-based-audio-pii-classification/src/cnn/data_probe/output/probe_00888_spk07.wav,번호는 육구공칠 공오육이 육공팔오입니다.,6907-0562-6085,,female,spk07,probe_grp4x3,probe,1,3.6,12,3,4,sentence,grouped4,0.953994631767273,0.011524892909031118,0.956951379776001,0.9386354088783264,0.9663971066474915,0.953994631767273
probe_00889_spk08.wav,/home/hye0n/projects/cnn-based-audio-pii-classification/src/cnn/data_probe/output/probe_00889_spk08.wav,번호는 육사일일 일팔이사 이이사일입니다.,6411-1824-2241,,male,spk08,probe_grp4x3,probe,1,3.92,12,3,4,sentence,grouped4,0.5280000070730845,0.12865928779234972,0.6407385468482971,0.3479483425617218,0.5953131318092346,0.5280000070730845
probe_00890_spk09.wav,/home/hye0n/projects/cnn-based-audio-pii-classification/src/cnn/data_probe/output/probe_00890_spk09.wav,번호는 이사육이 공구오이 공공사육입니다.,2462-0952-0046,,female,spk09,probe_grp4x3,probe,1,3.52,12,3,4,sentence,grouped4,0.27530143161614734,0.09776821666262751,0.14698149263858795,0.2948695719242096,0.38405323028564453,0.27530143161614734
probe_00891_spk10.wav,/home/hye0n/projects/cnn-based-audio-pii-classification/src/cnn/data_probe/output/probe_00891_spk10.wav,번호는 일오이육 오사육일 공삼삼구입니다.,1526-5461-0339,,male,spk10,probe_grp4x3,probe,1,3.76,12,3,4,sentence,grouped4,0.5557383894920349,0.08142573394483779,0.5628852248191833,0.6516984701156616,0.45263147354125977,0.5557383894920349
probe_00892_spk11.wav,/home/hye0n/projects/cnn-based-audio-pii-classification/src/cnn/data_probe/output/probe_00892_spk11.wav,번호는 구삼칠팔 팔육일사 공오칠팔입니다.,9378-8614-0578,,female,spk11,probe_grp4x3,probe,1,3.28,12,3,4,sentence,grouped4,0.022299796032408874,0.005392321065549212,0.015624928288161755,0.022443439811468124,0.02883101999759674,0.022299796032408874
probe_00893_spk12.wav,/home/hye0n/projects/cnn-based-audio-pii-classification/src/cnn/data_probe/output/probe_00893_spk12.wav,번호는 육일칠공 육삼공사 팔구일삼입니다.,6170-6304-8913,,male,spk12,probe_grp4x3,probe,1,3.52,12,3,4,sentence,grouped4,0.6227519710858663,0.12177282263746993,0.7926583886146545,0.5621254444122314,0.5134720802307129,0.6227519710858663
probe_00894_spk13.wav,/home/hye0n/projects/cnn-based-audio-pii-classification/src/cnn/data_probe/output/probe_00894_spk13.wav,번호는 팔이사구 육칠일팔 삼이오팔입니다.,8249-6718-3258,,male,spk13,probe_grp4x3,probe,1,3.2,12,3,4,sentence,grouped4,0.25218865772088367,0.14861009620168583,0.0972423404455185,0.4526299834251404,0.2066936492919922,0.25218865772088367
probe_00895_spk14.wav,/home/hye0n/projects/cnn-based-audio-pii-classification/src/cnn/data_probe/output/probe_00895_spk14.wav,번호는 이삼팔육 팔칠공공 칠구사이입니다.,2386-8700-7942,,female,spk14,probe_grp4x3,probe,1,3.84,12,3,4,sentence,grouped4,0.8250108162562052,0.015302198681535258,0.8464651107788086,0.8118299245834351,0.8167374134063721,0.8250108162562052
probe_00896_spk01.wav,/home/hye0n/projects/cnn-based-audio-pii-classification/src/cnn/data_probe/output/probe_00896_spk01.wav,번호는 공공칠사 구사육오 삼구팔사입니다.,0074-9465-3984,,female,spk01,probe_grp4x3,probe,1,4.64,12,3,4,sentence,grouped4,0.8234420816103617,0.06825851060595296,0.8533616065979004,0.7289999127388,0.8879647254943848,0.8234420816103617
probe_00897_spk02.wav,/home/hye0n/projects/cnn-based-audio-pii-classification/src/cnn/data_probe/output/probe_00897_spk02.wav,번호는 공이팔구 일사일육 일이팔사입니다.,0289-1416-1284,,male,spk02,probe_grp4x3,probe,1,3.28,12,3,4,sentence,grouped4,0.8351971109708151,0.08360154406036306,0.7263164520263672,0.9295445680618286,0.8497303128242493,0.8351971109708151
probe_00898_spk03.wav,/home/hye0n/projects/cnn-based-audio-pii-classification/src/cnn/data_probe/output/probe_00898_spk03.wav,번호는 육삼구팔 오오사칠 사삼오오입니다.,6398-5547-4355,,female,spk03,probe_grp4x3,probe,1,4.16,12,3,4,sentence,grouped4,0.964672863483429,0.01410689947501327,0.9447596669197083,0.9756808280944824,0.9735780954360962,0.964672863483429
probe_00899_spk04.wav,/home/hye0n/projects/cnn-based-audio-pii-classification/src/cnn/data_probe/output/probe_00899_spk04.wav,번호는 삼칠구오 공이공구 칠공공이입니다.,3795-0209-7002,,male,spk04,probe_grp4x3,probe,1,3.6,12,3,4,sentence,grouped4,0.9659332434336344,0.005987131660329499,0.9617902040481567,0.9743996858596802,0.9616098403930664,0.9659332434336344
probe_00900_spk05.wav,/home/hye0n/projects/cnn-based-audio-pii-classification/src/cnn/data_probe/output/probe_00900_spk05.wav,번호는 육팔칠육 팔일일팔 공칠일오 육구오육입니다.,6876-8118-0715-6956,,female,spk05,probe_grp4x4,probe,1,4.72,16,4,4,sentence,grouped4,0.9931495587031046,0.0012577901085831038,0.9945763349533081,0.9915162324905396,0.9933561086654663,0.9931495587031046
probe_00901_spk06.wav,/home/hye0n/projects/cnn-based-audio-pii-classification/src/cnn/data_probe/output/probe_00901_spk06.wav,번호는 이공일칠 오삼칠공 삼공사오 삼일구사입니다.,2017-5370-3045-3194,,male,spk06,probe_grp4x4,probe,1,5.44,16,4,4,sentence,grouped4,0.8448740442593893,0.011322142433635031,0.8585519194602966,0.8452443480491638,0.8308258652687073,0.8448740442593893
probe_00902_spk07.wav,/home/hye0n/projects/cnn-based-audio-pii-classification/src/cnn/data_probe/output/probe_00902_spk07.wav,번호는 삼삼칠오 공사칠구 삼공삼육 일사구팔입니다.,3375-0479-3036-1498,,female,spk07,probe_grp4x4,probe,1,4.64,16,4,4,sentence,grouped4,0.9972393910090128,0.00022121487130429777,0.9973112344741821,0.9969397783279419,0.9974671602249146,0.9972393910090128
probe_00903_spk08.wav,/home/hye0n/projects/cnn-based-audio-pii-classification/src/cnn/data_probe/output/probe_00903_spk08.wav,번호는 칠이팔삼 구구구이 일구이일 이사구삼입니다.,7283-9992-1921-2493,,male,spk08,probe_grp4x4,probe,1,4.64,16,4,4,sentence,grouped4,0.9592834909756979,0.0040953027602147335,0.9536939263343811,0.9607649445533752,0.9633916020393372,0.9592834909756979
probe_00904_spk09.wav,/home/hye0n/projects/cnn-based-audio-pii-classification/src/cnn/data_probe/output/probe_00904_spk09.wav,번호는 팔사삼공 팔구사팔 칠공육공 오육육사입니다.,8430-8948-7060-5664,,female,spk09,probe_grp4x4,probe,1,5.44,16,4,4,sentence,grouped4,0.7284937898317972,0.026982740515335578,0.7091034054756165,0.7097265124320984,0.766651451587677,0.7284937898317972
probe_00905_spk10.wav,/home/hye0n/projects/cnn-based-audio-pii-classification/src/cnn/data_probe/output/probe_00905_spk10.wav,번호는 일팔칠칠 오팔공삼 공사육팔 칠오공육입니다.,1877-5803-0468-7506,,male,spk10,probe_grp4x4,probe,1,4.72,16,4,4,sentence,grouped4,0.9811607400576273,0.003798872676021697,0.9863271713256836,0.9773015379905701,0.9798535108566284,0.9811607400576273
probe_00906_spk11.wav,/home/hye0n/projects/cnn-based-audio-pii-classification/src/cnn/data_probe/output/probe_00906_spk11.wav,번호는 삼오일구 공삼육일 삼삼이오 사일일공입니다.,3519-0361-3325-4110,,female,spk11,probe_grp4x4,probe,1,3.68,16,4,4,sentence,grouped4,0.9878630439440409,0.005456220453898948,0.9801517128944397,0.9914798736572266,0.9919575452804565,0.9878630439440409
probe_00907_spk12.wav,/home/hye0n/projects/cnn-based-audio-pii-classification/src/cnn/data_probe/output/probe_00907_spk12.wav,번호는 칠육공구 오사삼일 칠삼오공 오팔삼일입니다.,7609-5431-7350-5831,,male,spk12,probe_grp4x4,probe,1,3.92,16,4,4,sentence,grouped4,0.9786671002705892,0.005035744220672136,0.9779822826385498,0.9851484298706055,0.9728705883026123,0.9786671002705892
probe_00908_spk13.wav,/home/hye0n/projects/cnn-based-audio-pii-classification/src/cnn/data_probe/output/probe_00908_spk13.wav,번호는 구구칠일 칠구일일 공공육오 일이공칠입니다.,9971-7911-0065-1207,,male,spk13,probe_grp4x4,probe,1,4.08,16,4,4,sentence,grouped4,0.7693163951237997,0.16007898869973602,0.8640365600585938,0.9000265002250671,0.543886125087738,0.7693163951237997
probe_00909_spk14.wav,/home/hye0n/projects/cnn-based-audio-pii-classification/src/cnn/data_probe/output/probe_00909_spk14.wav,번호는 공사구육 일일공팔 공사육육 일구육삼입니다.,0496-1108-0466-1963,,female,spk14,probe_grp4x4,probe,1,5.04,16,4,4,sentence,grouped4,0.9874327182769775,0.0025899389703771375,0.9895458817481995,0.9837852716445923,0.9889670014381409,0.9874327182769775
probe_00910_spk01.wav,/home/hye0n/projects/cnn-based-audio-pii-classification/src/cnn/data_probe/output/probe_00910_spk01.wav,번호는 구구공칠 육칠육구 구일오공 칠팔오구입니다.,9907-6769-9150-7859,,female,spk01,probe_grp4x4,probe,1,5.04,16,4,4,sentence,grouped4,0.9825396537780762,0.006777620003620902,0.9729647040367126,0.9869470596313477,0.9877071976661682,0.9825396537780762
probe_00911_spk02.wav,/home/hye0n/projects/cnn-based-audio-pii-classification/src/cnn/data_probe/output/probe_00911_spk02.wav,번호는 삼일일공 구일구삼 구이팔사 오육칠구입니다.,3110-9193-9284-5679,,male,spk02,probe_grp4x4,probe,1,4.32,16,4,4,sentence,grouped4,0.9901285568873087,0.004806730862061959,0.9939737915992737,0.9930605888366699,0.9833512902259827,0.9901285568873087
probe_00912_spk03.wav,/home/hye0n/projects/cnn-based-audio-pii-classification/src/cnn/data_probe/output/probe_00912_spk03.wav,번호는 칠이삼이 공공이사 구육팔오 사구팔이입니다.,7232-0024-9685-4982,,female,spk03,probe_grp4x4,probe,1,3.92,16,4,4,sentence,grouped4,0.9809773166974386,0.006482174424692297,0.9719120860099792,0.9866906404495239,0.9843292236328125,0.9809773166974386
probe_00913_spk04.wav,/home/hye0n/projects/cnn-based-audio-pii-classification/src/cnn/data_probe/output/probe_00913_spk04.wav,번호는 이칠사구 오사오공 팔구이공 삼팔팔공입니다.,2749-5450-8920-3880,,male,spk04,probe_grp4x4,probe,1,4.24,16,4,4,sentence,grouped4,0.9889459212621053,0.0030753860012572524,0.9845970273017883,0.991168737411499,0.9910719990730286,0.9889459212621053
probe_00914_spk05.wav,/home/hye0n/projects/cnn-based-audio-pii-classification/src/cnn/data_probe/output/probe_00914_spk05.wav,번호는 육오삼삼 삼일오삼 칠칠구오 구구오구입니다.,6533-3153-7795-9959,,female,spk05,probe_grp4x4,probe,1,4.8,16,4,4,sentence,grouped4,0.9943939050038656,0.0010024062537244119,0.9941337704658508,0.9957308173179626,0.9933171272277832,0.9943939050038656
probe_00915_spk06.wav,/home/hye0n/projects/cnn-based-audio-pii-classification/src/cnn/data_probe/output/probe_00915_spk06.wav,번호는 사육오이 일칠공칠 삼공삼삼 칠구삼삼입니다.,4652-1707-3033-7933,,male,spk06,probe_grp4x4,probe,1,5.52,16,4,4,sentence,grouped4,0.9953726728757223,0.00045869097237437534,0.9948452711105347,0.995963454246521,0.9953092932701111,0.9953726728757223
probe_00916_spk07.wav,/home/hye0n/projects/cnn-based-audio-pii-classification/src/cnn/data_probe/output/probe_00916_spk07.wav,번호는 칠오육삼 육이공오 공일오공 팔일이사입니다.,7563-6205-0150-8124,,female,spk07,probe_grp4x4,probe,1,4.16,16,4,4,sentence,grouped4,0.9931480685869852,0.0015139438382040851,0.9929553866386414,0.9913977384567261,0.9950910806655884,0.9931480685869852
probe_00917_spk08.wav,/home/hye0n/projects/cnn-based-audio-pii-classification/src/cnn/data_probe/output/probe_00917_spk08.wav,번호는 칠삼구오 공공삼삼 사이삼사 이오팔삼입니다.,7395-0033-4234-2583,,male,spk08,probe_grp4x4,probe,1,5.44,16,4,4,sentence,grouped4,0.9767217636108398,0.0031993509491351443,0.9805192351341248,0.9726927280426025,0.9769533276557922,0.9767217636108398
probe_00918_spk09.wav,/home/hye0n/projects/cnn-based-audio-pii-classification/src/cnn/data_probe/output/probe_00918_spk09.wav,번호는 이삼공이 사일공이 육일오삼 사칠삼오입니다.,2302-4102-6153-4735,,female,spk09,probe_grp4x4,probe,1,3.76,16,4,4,sentence,grouped4,0.8151487112045288,0.10324145312964339,0.6737138032913208,0.8544763326644897,0.9172559976577759,0.8151487112045288
probe_00919_spk10.wav,/home/hye0n/projects/cnn-based-audio-pii-classification/src/cnn/data_probe/output/probe_00919_spk10.wav,번호는 오이팔구 육일일이 이삼삼팔 육오오구입니다.,5289-6112-2338-6559,,male,spk10,probe_grp4x4,probe,1,3.92,16,4,4,sentence,grouped4,0.9690388639767965,0.0029092940340720514,0.9657089710235596,0.972796618938446,0.9686110019683838,0.9690388639767965
probe_00920_spk11.wav,/home/hye0n/projects/cnn-based-audio-pii-classification/src/cnn/data_probe/output/probe_00920_spk11.wav,번호는 육삼공구 구삼팔사 이오삼공 사이팔구입니다.,6309-9384-2530-4289,,female,spk11,probe_grp4x4,probe,1,5.68,16,4,4,sentence,grouped4,0.9704650640487671,0.0009058977629022381,0.9699897170066833,0.971733033657074,0.969672441482544,0.9704650640487671
probe_00921_spk12.wav,/home/hye0n/projects/cnn-based-audio-pii-classification/src/cnn/data_probe/output/probe_00921_spk12.wav,번호는 칠삼일칠 구일이팔 육팔오칠 팔칠이오입니다.,7317-9128-6857-8725,,male,spk12,probe_grp4x4,probe,1,5.12,16,4,4,sentence,grouped4,0.8098810712496439,0.11538251224452649,0.9490590691566467,0.814060628414154,0.6665235161781311,0.8098810712496439
probe_00922_spk13.wav,/home/hye0n/projects/cnn-based-audio-pii-classification/src/cnn/data_probe/output/probe_00922_spk13.wav,번호는 오팔칠칠 칠사구육 구공삼삼 삼칠삼육입니다.,5877-7496-9033-3736,,male,spk13,probe_grp4x4,probe,1,4.16,16,4,4,sentence,grouped4,0.9891931215922037,0.001253735735644691,0.9881934523582458,0.9884247779846191,0.9909611344337463,0.9891931215922037
probe_00923_spk14.wav,/home/hye0n/projects/cnn-based-audio-pii-classification/src/cnn/data_probe/output/probe_00923_spk14.wav,번호는 삼사육육 구이오사 팔일이일 사칠팔오입니다.,3466-9254-8121-4785,,female,spk14,probe_grp4x4,probe,1,4.32,16,4,4,sentence,grouped4,0.9720215598742167,0.021544707589284194,0.9832289814949036,0.941881000995636,0.9909546971321106,0.9720215598742167
probe_00924_spk01.wav,/home/hye0n/projects/cnn-based-audio-pii-classification/src/cnn/data_probe/output/probe_00924_spk01.wav,번호는 삼구공칠 팔구오육 칠칠육육 오칠오사입니다.,3907-8956-7766-5754,,female,spk01,probe_grp4x4,probe,1,5.68,16,4,4,sentence,grouped4,0.9905257026354471,0.0017655739492910614,0.9919330477714539,0.991608202457428,0.9880358576774597,0.9905257026354471
probe_00925_spk02.wav,/home/hye0n/projects/cnn-based-audio-pii-classification/src/cnn/data_probe/output/probe_00925_spk02.wav,번호는 육공이칠 삼사일오 일사팔팔 팔일사삼입니다.,6027-3415-1488-8143,,male,spk02,probe_grp4x4,probe,1,4.72,16,4,4,sentence,grouped4,0.979496955871582,0.0061833449501031215,0.9844569563865662,0.9832538962364197,0.9707800149917603,0.979496955871582
probe_00926_spk03.wav,/home/hye0n/projects/cnn-based-audio-pii-classification/src/cnn/data_probe/output/probe_00926_spk03.wav,번호는 일일일오 공팔삼오 삼오사사 사삼구이입니다.,1115-0835-3544-4392,,female,spk03,probe_grp4x4,probe,1,4.48,16,4,4,sentence,grouped4,0.993673582871755,0.0008216912291797121,0.9938932657241821,0.994551956653595,0.9925755262374878,0.993673582871755
probe_00927_spk04.wav,/home/hye0n/projects/cnn-based-audio-pii-classification/src/cnn/data_probe/output/probe_00927_spk04.wav,번호는 팔사공사 사오육육 구공칠팔 이육삼삼입니다.,8404-4566-9078-2633,,male,spk04,probe_grp4x4,probe,1,4.48,16,4,4,sentence,grouped4,0.9780296683311462,0.007894897846432557,0.9699625968933105,0.9887479543685913,0.9753784537315369,0.9780296683311462
probe_00928_spk05.wav,/home/hye0n/projects/cnn-based-audio-pii-classification/src/cnn/data_probe/output/probe_00928_spk05.wav,번호는 삼칠삼팔 구팔칠칠 오일오삼 육육삼칠입니다.,3738-9877-5153-6637,,female,spk05,probe_grp4x4,probe,1,4.32,16,4,4,sentence,grouped4,0.9901986519495646,0.0023863582450537528,0.9915732741355896,0.992180585861206,0.9868420958518982,0.9901986519495646
probe_00929_spk06.wav,/home/hye0n/projects/cnn-based-audio-pii-classification/src/cnn/data_probe/output/probe_00929_spk06.wav,번호는 칠팔공오 이구이사 공칠오오 삼육육육입니다.,7805-2924-0755-3666,,male,spk06,probe_grp4x4,probe,1,3.68,16,4,4,sentence,grouped4,0.9304097294807434,0.02965069689456287,0.8886270523071289,0.9543672800064087,0.9482348561286926,0.9304097294807434
probe_00930_spk07.wav,/home/hye0n/projects/cnn-based-audio-pii-classification/src/cnn/data_probe/output/probe_00930_spk07.wav,번호는 팔사오구 공구공이 이오구구 구구육육입니다.,8459-0902-2599-9966,,female,spk07,probe_grp4x4,probe,1,4.08,16,4,4,sentence,grouped4,0.9784747163454691,0.007673675752696962,0.9758793115615845,0.970646858215332,0.988897979259491,0.9784747163454691
probe_00931_spk08.wav,/home/hye0n/projects/cnn-based-audio-pii-classification/src/cnn/data_probe/output/probe_00931_spk08.wav,번호는 삼육일팔 육삼칠일 오구칠사 일이일팔입니다.,3618-6371-5974-1218,,male,spk08,probe_grp4x4,probe,1,5.12,16,4,4,sentence,grouped4,0.9831314086914062,0.0034345126440811567,0.9878723621368408,0.9816754460334778,0.9798464179039001,0.9831314086914062
probe_00932_spk09.wav,/home/hye0n/projects/cnn-based-audio-pii-classification/src/cnn/data_probe/output/probe_00932_spk09.wav,번호는 이공구칠 공이삼일 육사삼삼 사팔일칠입니다.,2097-0231-6433-4817,,female,spk09,probe_grp4x4,probe,1,4.32,16,4,4,sentence,grouped4,0.9560749729474386,0.013123448753651732,0.9737507104873657,0.9521374702453613,0.9423367381095886,0.9560749729474386
probe_00933_spk10.wav,/home/hye0n/projects/cnn-based-audio-pii-classification/src/cnn/data_probe/output/probe_00933_spk10.wav,번호는 공오팔공 이오육육 이일이팔 육칠일육입니다.,0580-2566-2128-6716,,male,spk10,probe_grp4x4,probe,1,3.92,16,4,4,sentence,grouped4,0.9650211731592814,0.013922758944166055,0.9743537306785583,0.9753696322441101,0.9453401565551758,0.9650211731592814
probe_00934_spk11.wav,/home/hye0n/projects/cnn-based-audio-pii-classification/src/cnn/data_probe/output/probe_00934_spk11.wav,번호는 삼이삼사 육칠이구 구사구삼 팔칠사삼입니다.,3234-6729-9493-8743,,female,spk11,probe_grp4x4,probe,1,4.56,16,4,4,sentence,grouped4,0.9176575541496277,0.028715653535764735,0.8783476948738098,0.9461405277252197,0.9284844398498535,0.9176575541496277
probe_00935_spk12.wav,/home/hye0n/projects/cnn-based-audio-pii-classification/src/cnn/data_probe/output/probe_00935_spk12.wav,번호는 공이칠일 육구삼팔 오구칠칠 칠구공일입니다.,0271-6938-5977-7901,,male,spk12,probe_grp4x4,probe,1,3.92,16,4,4,sentence,grouped4,0.9852192004521688,0.006401781304091598,0.9878677129745483,0.9913924932479858,0.9763973951339722,0.9852192004521688
probe_00936_spk13.wav,/home/hye0n/projects/cnn-based-audio-pii-classification/src/cnn/data_probe/output/probe_00936_spk13.wav,번호는 사칠오사 육구이육 삼이구육 칠육이구입니다.,4754-6926-3296-7629,,male,spk13,probe_grp4x4,probe,1,3.6,16,4,4,sentence,grouped4,0.874734898408254,0.0571884641300432,0.8275932669639587,0.841393232345581,0.9552181959152222,0.874734898408254
probe_00937_spk14.wav,/home/hye0n/projects/cnn-based-audio-pii-classification/src/cnn/data_probe/output/probe_00937_spk14.wav,번호는 일육공삼 이사팔사 일삼칠육 팔일오일입니다.,1603-2484-1376-8151,,female,spk14,probe_grp4x4,probe,1,4.88,16,4,4,sentence,grouped4,0.9116427898406982,0.03375262051509807,0.86589515209198,0.9463159441947937,0.922717273235321,0.9116427898406982
probe_00938_spk01.wav,/home/hye0n/projects/cnn-based-audio-pii-classification/src/cnn/data_probe/output/probe_00938_spk01.wav,번호는 일팔오육 칠이사삼 팔공칠공 일칠육오입니다.,1856-7243-8070-1765,,female,spk01,probe_grp4x4,probe,1,4.8,16,4,4,sentence,grouped4,0.9972530404726664,0.0001783400277941299,0.9971083998680115,0.9971464276313782,0.9975042939186096,0.9972530404726664
probe_00939_spk02.wav,/home/hye0n/projects/cnn-based-audio-pii-classification/src/cnn/data_probe/output/probe_00939_spk02.wav,번호는 육삼육공 공사일이 오칠칠칠 일일팔삼입니다.,6360-0412-5777-1183,,male,spk02,probe_grp4x4,probe,1,5.04,16,4,4,sentence,grouped4,0.9925777514775594,0.001084711335152839,0.991083025932312,0.9936238527297974,0.9930263757705688,0.9925777514775594
probe_00940_spk03.wav,/home/hye0n/projects/cnn-based-audio-pii-classification/src/cnn/data_probe/output/probe_00940_spk03.wav,번호는 칠이칠사 이이공구 일이사일 팔육이일입니다.,7274-2209-1241-8621,,female,spk03,probe_grp4x4,probe,1,4.8,16,4,4,sentence,grouped4,0.9963641365369161,0.00032655565472501153,0.9965152740478516,0.99591064453125,0.9966664910316467,0.9963641365369161
probe_00941_spk04.wav,/home/hye0n/projects/cnn-based-audio-pii-classification/src/cnn/data_probe/output/probe_00941_spk04.wav,번호는 공사이칠 오이삼공 팔삼칠공 팔일육사입니다.,0427-5230-8370-8164,,male,spk04,probe_grp4x4,probe,1,4.24,16,4,4,sentence,grouped4,0.9919583201408386,0.001616118650879166,0.9914408922195435,0.9941449761390686,0.9902890920639038,0.9919583201408386
probe_00942_spk05.wav,/home/hye0n/projects/cnn-based-audio-pii-classification/src/cnn/data_probe/output/probe_00942_spk05.wav,번호는 칠공구공 공육삼삼 오삼삼일 공육공공입니다.,7090-0633-5331-0600,,female,spk05,probe_grp4x4,probe,1,4.56,16,4,4,sentence,grouped4,0.9959323008855184,0.0010630261970638818,0.9964092373847961,0.9969285130500793,0.9944591522216797,0.9959323008855184
probe_00943_spk06.wav,/home/hye0n/projects/cnn-based-audio-pii-classification/src/cnn/data_probe/output/probe_00943_spk06.wav,번호는 오삼일삼 일이이공 육팔일오 오팔삼구입니다.,5313-1220-6815-5839,,male,spk06,probe_grp4x4,probe,1,4.32,16,4,4,sentence,grouped4,0.9788099527359009,0.007019153889067084,0.9885109663009644,0.9721372127532959,0.9757816791534424,0.9788099527359009
probe_00944_spk07.wav,/home/hye0n/projects/cnn-based-audio-pii-classification/src/cnn/data_probe/output/probe_00944_spk07.wav,번호는 삼팔육육 일삼삼일 오오이공 육오공육입니다.,3866-1331-5520-6506,,female,spk07,probe_grp4x4,probe,1,4.4,16,4,4,sentence,grouped4,0.9944725831349691,0.0010581749534229886,0.9935775399208069,0.9938814640045166,0.9959587454795837,0.9944725831349691
probe_00945_spk08.wav,/home/hye0n/projects/cnn-based-audio-pii-classification/src/cnn/data_probe/output/probe_00945_spk08.wav,번호는 삼칠삼일 사구오공 일삼육사 구칠일팔입니다.,3731-4950-1364-9718,,male,spk08,probe_grp4x4,probe,1,4.8,16,4,4,sentence,grouped4,0.9925450881322225,0.0018805005238333925,0.9951531887054443,0.9907907247543335,0.9916913509368896,0.9925450881322225
probe_00946_spk09.wav,/home/hye0n/projects/cnn-based-audio-pii-classification/src/cnn/data_probe/output/probe_00946_spk09.wav,번호는 구이사일 구오육이 오이오칠 일오공구입니다.,9241-9562-5257-1509,,female,spk09,probe_grp4x4,probe,1,3.84,16,4,4,sentence,grouped4,0.9876432021458944,0.00397588718103245,0.990971565246582,0.9899036884307861,0.9820543527603149,0.9876432021458944
probe_00947_spk10.wav,/home/hye0n/projects/cnn-based-audio-pii-classification/src/cnn/data_probe/output/probe_00947_spk10.wav,번호는 구칠육팔 삼팔구공 삼공구일 사삼육삼입니다.,9768-3890-3091-4363,,male,spk10,probe_grp4x4,probe,1,4.4,16,4,4,sentence,grouped4,0.9853341579437256,0.004423724999132892,0.9864298105239868,0.990120530128479,0.9794521331787109,0.9853341579437256
probe_00948_spk11.wav,/home/hye0n/projects/cnn-based-audio-pii-classification/src/cnn/data_probe/output/probe_00948_spk11.wav,번호는 구일공이 오칠사삼 이육삼공 삼구칠오입니다.,9102-5743-2630-3975,,female,spk11,probe_grp4x4,probe,1,4.72,16,4,4,sentence,grouped4,0.9047425190607706,0.006552560751399003,0.8955796360969543,0.9081259369850159,0.9105219841003418,0.9047425190607706
probe_00949_spk12.wav,/home/hye0n/projects/cnn-based-audio-pii-classification/src/cnn/data_probe/output/probe_00949_spk12.wav,번호는 이사오공 팔육사공 삼오오삼 삼팔공삼입니다.,2450-8640-3553-3803,,male,spk12,probe_grp4x4,probe,1,4.16,16,4,4,sentence,grouped4,0.9549371004104614,0.040227027008802284,0.8981223106384277,0.9808185696601868,0.9858704209327698,0.9549371004104614
probe_00950_spk13.wav,/home/hye0n/projects/cnn-based-audio-pii-classification/src/cnn/data_probe/output/probe_00950_spk13.wav,번호는 삼구육팔 오이칠공 일칠일삼 공이삼이입니다.,3968-5270-1713-0232,,male,spk13,probe_grp4x4,probe,1,3.92,16,4,4,sentence,grouped4,0.9466168681780497,0.007116195580275097,0.9552507400512695,0.9467779397964478,0.9378219246864319,0.9466168681780497
probe_00951_spk14.wav,/home/hye0n/projects/cnn-based-audio-pii-classification/src/cnn/data_probe/output/probe_00951_spk14.wav,번호는 일이구팔 삼삼팔일 육칠사이 삼삼육이입니다.,1298-3381-6742-3362,,female,spk14,probe_grp4x4,probe,1,3.68,16,4,4,sentence,grouped4,0.6776498357454935,0.10454776057312637,0.5320754051208496,0.7280447483062744,0.7728293538093567,0.6776498357454935
probe_00952_spk01.wav,/home/hye0n/projects/cnn-based-audio-pii-classification/src/cnn/data_probe/output/probe_00952_spk01.wav,번호는 구삼사사 구칠삼사 칠일오육 육이칠칠입니다.,9344-9734-7156-6277,,female,spk01,probe_grp4x4,probe,1,5.92,16,4,4,sentence,grouped4,0.9883386492729187,0.0027831707131687976,0.9864778518676758,0.9922727346420288,0.9862653613090515,0.9883386492729187
probe_00953_spk02.wav,/home/hye0n/projects/cnn-based-audio-pii-classification/src/cnn/data_probe/output/probe_00953_spk02.wav,번호는 육팔구육 이칠공육 육일사구 팔이팔이입니다.,6896-2706-6149-8282,,male,spk02,probe_grp4x4,probe,1,4.72,16,4,4,sentence,grouped4,0.9654844005902609,0.008832730242300838,0.958756685256958,0.9779630303382874,0.9597334861755371,0.9654844005902609
probe_00954_spk03.wav,/home/hye0n/projects/cnn-based-audio-pii-classification/src/cnn/data_probe/output/probe_00954_spk03.wav,번호는 사육칠사 칠사육팔 구칠일오 이칠삼이입니다.,4674-7468-9715-2732,,female,spk03,probe_grp4x4,probe,1,4.56,16,4,4,sentence,grouped4,0.9918296933174133,0.0030709701094169587,0.9936699271202087,0.9875027537345886,0.9943163990974426,0.9918296933174133
probe_00955_spk04.wav,/home/hye0n/projects/cnn-based-audio-pii-classification/src/cnn/data_probe/output/probe_00955_spk04.wav,번호는 삼공공팔 오칠육육 육오육칠 사구일육입니다.,3008-5766-6567-4916,,male,spk04,probe_grp4x4,probe,1,4.56,16,4,4,sentence,grouped4,0.997469445069631,0.0003791007050810711,0.9974007606506348,0.9970433115959167,0.9979642629623413,0.997469445069631
probe_00956_spk05.wav,/home/hye0n/projects/cnn-based-audio-pii-classification/src/cnn/data_probe/output/probe_00956_spk05.wav,번호는 공일육구 이삼육사 오팔칠오 공육육삼입니다.,0169-2364-5875-0663,,female,spk05,probe_grp4x4,probe,1,4.32,16,4,4,sentence,grouped4,0.9954709013303121,0.000620260112496803,0.9946054816246033,0.9960275888442993,0.9957796335220337,0.9954709013303121
probe_00957_spk06.wav,/home/hye0n/projects/cnn-based-audio-pii-classification/src/cnn/data_probe/output/probe_00957_spk06.wav,번호는 삼칠공오 공이사구 칠이사삼 구구이공입니다.,3705-0249-7243-9920,,male,spk06,probe_grp4x4,probe,1,4.0,16,4,4,sentence,grouped4,0.9922012885411581,0.0010826787848547135,0.9937322735786438,0.9914169907569885,0.9914546012878418,0.9922012885411581
probe_00958_spk07.wav,/home/hye0n/projects/cnn-based-audio-pii-classification/src/cnn/data_probe/output/probe_00958_spk07.wav,번호는 일일육육 구일팔삼 육이육사 사팔팔육입니다.,1166-9183-6264-4886,,female,spk07,probe_grp4x4,probe,1,4.16,16,4,4,sentence,grouped4,0.9762622515360514,0.009506989106408206,0.9808604717254639,0.9630216360092163,0.9849046468734741,0.9762622515360514
probe_00959_spk08.wav,/home/hye0n/projects/cnn-based-audio-pii-classification/src/cnn/data_probe/output/probe_00959_spk08.wav,번호는 구사육일 일구오이 사삼육사 공이칠공입니다.,9461-1952-4364-0270,,male,spk08,probe_grp4x4,probe,1,4.24,16,4,4,sentence,grouped4,0.9949180285135905,0.001565049972968295,0.9927049279212952,0.9959979057312012,0.9960512518882751,0.9949180285135905
probe_00960_spk09.wav,/home/hye0n/projects/cnn-based-audio-pii-classification/src/cnn/data_probe/output/probe_00960_spk09.wav,번호는 일일육팔 육사육이 이오이이 삼칠이팔입니다.,1168-6462-2522-3728,,female,spk09,probe_grp4x4,probe,1,4.16,16,4,4,sentence,grouped4,0.9920403957366943,0.001007183685959605,0.9928939938545227,0.9926010966300964,0.9906260967254639,0.9920403957366943
probe_00961_spk10.wav,/home/hye0n/projects/cnn-based-audio-pii-classification/src/cnn/data_probe/output/probe_00961_spk10.wav,번호는 일칠구삼 이삼공이 삼사육칠 구일이일입니다.,1793-2302-3467-9121,,male,spk10,probe_grp4x4,probe,1,4.32,16,4,4,sentence,grouped4,0.9888348380724589,0.0005111533491063771,0.9881886839866638,0.9888772368431091,0.9894385933876038,0.9888348380724589
probe_00962_spk11.wav,/home/hye0n/projects/cnn-based-audio-pii-classification/src/cnn/data_probe/output/probe_00962_spk11.wav,번호는 사일육일 사일오공 구삼칠칠 일공공사입니다.,4161-4150-9377-1004,,female,spk11,probe_grp4x4,probe,1,4.48,16,4,4,sentence,grouped4,0.9940110643704733,0.0005190822250735512,0.9933377504348755,0.9940944314002991,0.9946010112762451,0.9940110643704733
probe_00963_spk12.wav,/home/hye0n/projects/cnn-based-audio-pii-classification/src/cnn/data_probe/output/probe_00963_spk12.wav,번호는 공구공일 삼팔공육 구팔사칠 칠오구육입니다.,0901-3806-9847-7596,,male,spk12,probe_grp4x4,probe,1,4.08,16,4,4,sentence,grouped4,0.9736717144648234,0.011906387520840785,0.9797971844673157,0.9841921329498291,0.9570258259773254,0.9736717144648234
probe_00964_spk13.wav,/home/hye0n/projects/cnn-based-audio-pii-classification/src/cnn/data_probe/output/probe_00964_spk13.wav,번호는 오오오오 삼오육육 구공오오 일공칠육입니다.,5555-3566-9055-1076,,male,spk13,probe_grp4x4,probe,1,3.84,16,4,4,sentence,grouped4,0.8997462590535482,0.023931309258977507,0.9272319674491882,0.9031049609184265,0.8689018487930298,0.8997462590535482
probe_00965_spk14.wav,/home/hye0n/projects/cnn-based-audio-pii-classification/src/cnn/data_probe/output/probe_00965_spk14.wav,번호는 이공구일 팔사삼오 칠구칠팔 육삼공오입니다.,2091-8435-7978-6305,,female,spk14,probe_grp4x4,probe,1,4.72,16,4,4,sentence,grouped4,0.9782104889551798,0.005656660418513354,0.9757633209228516,0.9728382229804993,0.9860299229621887,0.9782104889551798
probe_00966_spk01.wav,/home/hye0n/projects/cnn-based-audio-pii-classification/src/cnn/data_probe/output/probe_00966_spk01.wav,번호는 공오공오 칠삼구칠 육구일오 육칠일육입니다.,0505-7397-6915-6716,,female,spk01,probe_grp4x4,probe,1,4.8,16,4,4,sentence,grouped4,0.9948621789614359,0.0005682964970720077,0.9954860806465149,0.9949889779090881,0.9941114783287048,0.9948621789614359
probe_00967_spk02.wav,/home/hye0n/projects/cnn-based-audio-pii-classification/src/cnn/data_probe/output/probe_00967_spk02.wav,번호는 사구삼이 팔구팔공 이칠일사 팔칠이칠입니다.,4932-8980-2714-8727,,male,spk02,probe_grp4x4,probe,1,3.84,16,4,4,sentence,grouped4,0.9829373359680176,0.004263523549744303,0.9772452712059021,0.9840609431266785,0.9875057935714722,0.9829373359680176
probe_00968_spk03.wav,/home/hye0n/projects/cnn-based-audio-pii-classification/src/cnn/data_probe/output/probe_00968_spk03.wav,번호는 일칠팔삼 삼삼이일 일육공이 오육사삼입니다.,1783-3321-1602-5643,,female,spk03,probe_grp4x4,probe,1,4.88,16,4,4,sentence,grouped4,0.9670659502347311,0.004950262358214143,0.9616621732711792,0.9736223220825195,0.9659133553504944,0.9670659502347311
probe_00969_spk04.wav,/home/hye0n/projects/cnn-based-audio-pii-classification/src/cnn/data_probe/output/probe_00969_spk04.wav,번호는 사칠일이 팔칠일오 삼구구일 오육육팔입니다.,4712-8715-3991-5668,,male,spk04,probe_grp4x4,probe,1,4.0,16,4,4,sentence,grouped4,0.9851418137550354,0.0067238876843908335,0.9763928651809692,0.9927424192428589,0.9862901568412781,0.9851418137550354
probe_00970_spk05.wav,/home/hye0n/projects/cnn-based-audio-pii-classification/src/cnn/data_probe/output/probe_00970_spk05.wav,번호는 육삼삼사 일사일일 일오구삼 일구오이입니다.,6334-1411-1593-1952,,female,spk05,probe_grp4x4,probe,1,4.0,16,4,4,sentence,grouped4,0.9880254864692688,0.002343009960295423,0.9847347736358643,0.9900069236755371,0.989334762096405,0.9880254864692688
probe_00971_spk06.wav,/home/hye0n/projects/cnn-based-audio-pii-classification/src/cnn/data_probe/output/probe_00971_spk06.wav,번호는 오육구공 사공구팔 삼육육오 오이팔구입니다.,5690-4098-3665-5289,,male,spk06,probe_grp4x4,probe,1,4.16,16,4,4,sentence,grouped4,0.9918769399325053,0.004116979490669174,0.9940598011016846,0.986111044883728,0.9954599738121033,0.9918769399325053
probe_00972_spk07.wav,/home/hye0n/projects/cnn-based-audio-pii-classification/src/cnn/data_probe/output/probe_00972_spk07.wav,번호는 구삼일육 공팔칠오 이사삼칠 칠이구사입니다.,9316-0875-2437-7294,,female,spk07,probe_grp4x4,probe,1,4.72,16,4,4,sentence,grouped4,0.990027666091919,0.0013934097050822432,0.9919925928115845,0.9891743659973145,0.9889160394668579,0.990027666091919
probe_00973_spk08.wav,/home/hye0n/projects/cnn-based-audio-pii-classification/src/cnn/data_probe/output/probe_00973_spk08.wav,번호는 이공구오 사팔일사 구칠삼칠 사육공오입니다.,2095-4814-9737-4605,,male,spk08,probe_grp4x4,probe,1,4.32,16,4,4,sentence,grouped4,0.9897574385007223,0.002211290748723239,0.9913200736045837,0.9866302013397217,0.9913220405578613,0.9897574385007223
probe_00974_spk09.wav,/home/hye0n/projects/cnn-based-audio-pii-classification/src/cnn/data_probe/output/probe_00974_spk09.wav,번호는 이삼삼공 이칠육사 이공팔육 오육칠오입니다.,2330-2764-2086-5675,,female,spk09,probe_grp4x4,probe,1,4.24,16,4,4,sentence,grouped4,0.9802553653717041,0.010101939417900477,0.9739111065864563,0.9945129156112671,0.9723420739173889,0.9802553653717041
probe_00975_spk10.wav,/home/hye0n/projects/cnn-based-audio-pii-classification/src/cnn/data_probe/output/probe_00975_spk10.wav,번호는 육육일팔 사사삼팔 육일이오 구공사칠입니다.,6618-4438-6125-9047,,male,spk10,probe_grp4x4,probe,1,4.0,16,4,4,sentence,grouped4,0.965921958287557,0.018579864428813684,0.9921972155570984,0.9526256322860718,0.9529430270195007,0.965921958287557
probe_00976_spk11.wav,/home/hye0n/projects/cnn-based-audio-pii-classification/src/cnn/data_probe/output/probe_00976_spk11.wav,번호는 이구이칠 칠사이삼 삼삼공오 구일이육입니다.,2927-7423-3305-9126,,female,spk11,probe_grp4x4,probe,1,4.0,16,4,4,sentence,grouped4,0.995623509089152,0.0004021573288852724,0.9961677193641663,0.9954944849014282,0.9952083230018616,0.995623509089152
probe_00977_spk12.wav,/home/hye0n/projects/cnn-based-audio-pii-classification/src/cnn/data_probe/output/probe_00977_spk12.wav,번호는 육이공일 오칠이공 일팔오구 육이육삼입니다.,6201-5720-1859-6263,,male,spk12,probe_grp4x4,probe,1,3.28,16,4,4,sentence,grouped4,0.28955067694187164,0.090747899476182,0.3865920603275299,0.313762366771698,0.16829760372638702,0.28955067694187164
probe_00978_spk13.wav,/home/hye0n/projects/cnn-based-audio-pii-classification/src/cnn/data_probe/output/probe_00978_spk13.wav,번호는 공일삼육 칠사구이 육일칠육 사칠오공입니다.,0136-7492-6176-4750,,male,spk13,probe_grp4x4,probe,1,4.56,16,4,4,sentence,grouped4,0.9482459227244059,0.017455764663068363,0.9289076924324036,0.9446266889572144,0.9712033867835999,0.9482459227244059
probe_00979_spk14.wav,/home/hye0n/projects/cnn-based-audio-pii-classification/src/cnn/data_probe/output/probe_00979_spk14.wav,번호는 일일일일 칠팔삼공 구구구칠 사일구이입니다.,1111-7830-9997-4192,,female,spk14,probe_grp4x4,probe,1,4.48,16,4,4,sentence,grouped4,0.9879369338353475,0.005086396351804553,0.9946601986885071,0.986790120601654,0.9823604822158813,0.9879369338353475
probe_00980_spk01.wav,/home/hye0n/projects/cnn-based-audio-pii-classification/src/cnn/data_probe/output/probe_00980_spk01.wav,번호는 육칠육사 구이일오 일팔이육 공육팔팔입니다.,6764-9215-1826-0688,,female,spk01,probe_grp4x4,probe,1,4.56,16,4,4,sentence,grouped4,0.9955443541208903,0.0012938848960891698,0.9967712759971619,0.9937552213668823,0.9961065649986267,0.9955443541208903
probe_00981_spk02.wav,/home/hye0n/projects/cnn-based-audio-pii-classification/src/cnn/data_probe/output/probe_00981_spk02.wav,번호는 팔칠일팔 구팔일삼 일이구이 공팔칠오입니다.,8718-9813-1292-0875,,male,spk02,probe_grp4x4,probe,1,4.0,16,4,4,sentence,grouped4,0.9535718560218811,0.027766705877880115,0.9778427481651306,0.9147029519081116,0.9681698679924011,0.9535718560218811
probe_00982_spk03.wav,/home/hye0n/projects/cnn-based-audio-pii-classification/src/cnn/data_probe/output/probe_00982_spk03.wav,번호는 일공이구 삼이일팔 사공일일 팔사오팔입니다.,1029-3218-4011-8458,,female,spk03,probe_grp4x4,probe,1,4.88,16,4,4,sentence,grouped4,0.9968623717625936,0.0004865721397467973,0.9970782995223999,0.9973202347755432,0.9961885809898376,0.9968623717625936
probe_00983_spk04.wav,/home/hye0n/projects/cnn-based-audio-pii-classification/src/cnn/data_probe/output/probe_00983_spk04.wav,번호는 이육공삼 사공팔사 팔칠이구 칠오팔오입니다.,2603-4084-8729-7585,,male,spk04,probe_grp4x4,probe,1,3.92,16,4,4,sentence,grouped4,0.9939760367075602,0.002729216880620451,0.9901881814002991,0.9965118765830994,0.9952280521392822,0.9939760367075602
probe_00984_spk05.wav,/home/hye0n/projects/cnn-based-audio-pii-classification/src/cnn/data_probe/output/probe_00984_spk05.wav,번호는 구팔팔삼 일공삼공 삼이사삼 이구팔삼입니다.,9883-1030-3243-2983,,female,spk05,probe_grp4x4,probe,1,4.4,16,4,4,sentence,grouped4,0.9894018769264221,0.004424046934632367,0.9846541881561279,0.9882468581199646,0.9953045845031738,0.9894018769264221
probe_00985_spk06.wav,/home/hye0n/projects/cnn-based-audio-pii-classification/src/cnn/data_probe/output/probe_00985_spk06.wav,번호는 구오사이 구육일팔 사사육이 육칠일사입니다.,9542-9618-4462-6714,,male,spk06,probe_grp4x4,probe,1,3.92,16,4,4,sentence,grouped4,0.990299642086029,0.003976225638826796,0.9948134422302246,0.9909470081329346,0.985138475894928,0.990299642086029
probe_00986_spk07.wav,/home/hye0n/projects/cnn-based-audio-pii-classification/src/cnn/data_probe/output/probe_00986_spk07.wav,번호는 육이팔삼 일사삼오 구팔구이 육이오육입니다.,6283-1435-9892-6256,,female,spk07,probe_grp4x4,probe,1,4.32,16,4,4,sentence,grouped4,0.9391781489054362,0.030573059281812937,0.9568914175033569,0.896163821220398,0.9644792079925537,0.9391781489054362
probe_00987_spk08.wav,/home/hye0n/projects/cnn-based-audio-pii-classification/src/cnn/data_probe/output/probe_00987_spk08.wav,번호는 육공구삼 일사일팔 일팔육일 오일오오입니다.,6093-1418-1861-5155,,male,spk08,probe_grp4x4,probe,1,4.48,16,4,4,sentence,grouped4,0.990580161412557,0.0027830032176052164,0.9941493272781372,0.9873591065406799,0.9902320504188538,0.990580161412557
probe_00988_spk09.wav,/home/hye0n/projects/cnn-based-audio-pii-classification/src/cnn/data_probe/output/probe_00988_spk09.wav,번호는 사이삼사 공일육삼 육일일이 팔사구칠입니다.,4234-0163-6112-8497,,female,spk09,probe_grp4x4,probe,1,4.0,16,4,4,sentence,grouped4,0.8892770806948344,0.01936739396039393,0.8985840082168579,0.8623148798942566,0.9069323539733887,0.8892770806948344
probe_00989_spk10.wav,/home/hye0n/projects/cnn-based-audio-pii-classification/src/cnn/data_probe/output/probe_00989_spk10.wav,번호는 일팔오구 사팔사구 일공이오 육이오팔입니다.,1859-4849-1025-6258,,male,spk10,probe_grp4x4,probe,1,3.76,16,4,4,sentence,grouped4,0.7628041903177897,0.1415376272025517,0.5667053461074829,0.8260932564735413,0.895613968372345,0.7628041903177897
probe_00990_spk11.wav,/home/hye0n/projects/cnn-based-audio-pii-classification/src/cnn/data_probe/output/probe_00990_spk11.wav,번호는 팔구육칠 구이사공 팔이이이 육구사공입니다.,8967-9240-8222-6940,,female,spk11,probe_grp4x4,probe,1,3.84,16,4,4,sentence,grouped4,0.944356381893158,0.024500715835689087,0.9122607707977295,0.9717104434967041,0.9490979313850403,0.944356381893158
probe_00991_spk12.wav,/home/hye0n/projects/cnn-based-audio-pii-classification/src/cnn/data_probe/output/probe_00991_spk12.wav,번호는 오삼구육 칠이칠오 칠팔사사 육팔삼사입니다.,5396-7275-7844-6834,,male,spk12,probe_grp4x4,probe,1,3.6,16,4,4,sentence,grouped4,0.9036125143369039,0.05326202884783604,0.8322858810424805,0.9183080196380615,0.9602436423301697,0.9036125143369039
probe_00992_spk13.wav,/home/hye0n/projects/cnn-based-audio-pii-classification/src/cnn/data_probe/output/probe_00992_spk13.wav,번호는 일사육오 일일일삼 일이구공 일사팔칠입니다.,1465-1113-1290-1487,,male,spk13,probe_grp4x4,probe,1,3.76,16,4,4,sentence,grouped4,0.9365650614102682,0.04166070124810673,0.9678376317024231,0.9641715884208679,0.8776859641075134,0.9365650614102682
probe_00993_spk14.wav,/home/hye0n/projects/cnn-based-audio-pii-classification/src/cnn/data_probe/output/probe_00993_spk14.wav,번호는 공육팔이 칠칠팔팔 일육공구 삼공육팔입니다.,0682-7788-1609-3068,,female,spk14,probe_grp4x4,probe,1,4.32,16,4,4,sentence,grouped4,0.9902175863583883,0.005044869201203809,0.9949475526809692,0.9832269549369812,0.9924782514572144,0.9902175863583883
probe_00994_spk01.wav,/home/hye0n/projects/cnn-based-audio-pii-classification/src/cnn/data_probe/output/probe_00994_spk01.wav,번호는 오삼팔구 공구칠이 팔삼이일 오이팔오입니다.,5389-0972-8321-5285,,female,spk01,probe_grp4x4,probe,1,4.32,16,4,4,sentence,grouped4,0.9958349068959554,0.0007269707801500485,0.9953339695930481,0.9968628883361816,0.9953078627586365,0.9958349068959554
probe_00995_spk02.wav,/home/hye0n/projects/cnn-based-audio-pii-classification/src/cnn/data_probe/output/probe_00995_spk02.wav,번호는 공육칠육 이오일오 삼팔일사 사칠사사입니다.,0676-2515-3814-4744,,male,spk02,probe_grp4x4,probe,1,4.64,16,4,4,sentence,grouped4,0.992573062578837,0.0023840345346300544,0.9904536008834839,0.9959035515785217,0.9913620352745056,0.992573062578837
probe_00996_spk03.wav,/home/hye0n/projects/cnn-based-audio-pii-classification/src/cnn/data_probe/output/probe_00996_spk03.wav,번호는 삼공구육 삼사팔공 칠구칠공 오공구칠입니다.,3096-3480-7970-5097,,female,spk03,probe_grp4x4,probe,1,4.8,16,4,4,sentence,grouped4,0.9966599146525065,0.00048509399066208733,0.997345507144928,0.9963382482528687,0.9962959885597229,0.9966599146525065
probe_00997_spk04.wav,/home/hye0n/projects/cnn-based-audio-pii-classification/src/cnn/data_probe/output/probe_00997_spk04.wav,번호는 오사오일 공오이육 오공일육 칠삼일팔입니다.,5451-0526-5016-7318,,male,spk04,probe_grp4x4,probe,1,5.28,16,4,4,sentence,grouped4,0.9941825469334921,0.0006002577037249048,0.9933632612228394,0.9943997263908386,0.9947846531867981,0.9941825469334921
probe_00998_spk05.wav,/home/hye0n/projects/cnn-based-audio-pii-classification/src/cnn/data_probe/output/probe_00998_spk05.wav,번호는 팔이육일 칠공이사 삼칠육오 사오육이입니다.,8261-7024-3765-4562,,female,spk05,probe_grp4x4,probe,1,4.32,16,4,4,sentence,grouped4,0.8003590703010559,0.12622805869320064,0.8490568399429321,0.9247437715530396,0.627276599407196,0.8003590703010559
probe_00999_spk06.wav,/home/hye0n/projects/cnn-based-audio-pii-classification/src/cnn/data_probe/output/probe_00999_spk06.wav,번호는 팔사일칠 칠이이오 육공오삼 일삼사공입니다.,8417-7225-6053-1340,,male,spk06,probe_grp4x4,probe,1,5.84,16,4,4,sentence,grouped4,0.9846492608388265,0.003269553349794006,0.9882082343101501,0.9854261875152588,0.9803133606910706,0.9846492608388265
probe_01000_spk07.wav,/home/hye0n/projects/cnn-based-audio-pii-classification/src/cnn/data_probe/output/probe_01000_spk07.wav,이육육오.,2665,,female,spk07,probe_bare_4,probe,1,1.28,4,1,4,bare,continuous,0.04769228709240755,0.03291890250842568,0.008966999128460884,0.08943226933479309,0.04467759281396866,0.04769228709240755
probe_01001_spk08.wav,/home/hye0n/projects/cnn-based-audio-pii-classification/src/cnn/data_probe/output/probe_01001_spk08.wav,공이삼칠.,0237,,male,spk08,probe_bare_4,probe,1,1.36,4,1,4,bare,continuous,0.00805811700411141,0.004072975547274866,0.003677394473925233,0.013487405143678188,0.007009551394730806,0.00805811700411141
probe_01002_spk09.wav,/home/hye0n/projects/cnn-based-audio-pii-classification/src/cnn/data_probe/output/probe_01002_spk09.wav,사일육칠.,4167,,female,spk09,probe_bare_4,probe,1,1.44,4,1,4,bare,continuous,0.0027172587967167297,0.0009261653248388556,0.002093989634886384,0.004026553127914667,0.0020312336273491383,0.0027172587967167297
probe_01003_spk10.wav,/home/hye0n/projects/cnn-based-audio-pii-classification/src/cnn/data_probe/output/probe_01003_spk10.wav,팔칠이오.,8725,,male,spk10,probe_bare_4,probe,1,0.96,4,1,4,bare,continuous,0.02466721956928571,0.012527865814768868,0.007792074233293533,0.03777846693992615,0.02843111753463745,0.02466721956928571
probe_01004_spk11.wav,/home/hye0n/projects/cnn-based-audio-pii-classification/src/cnn/data_probe/output/probe_01004_spk11.wav,육팔육이.,6862,,female,spk11,probe_bare_4,probe,1,1.44,4,1,4,bare,continuous,0.02759312962492307,0.018487120926029128,0.005956362932920456,0.05112167447805405,0.025701351463794708,0.02759312962492307
probe_01005_spk12.wav,/home/hye0n/projects/cnn-based-audio-pii-classification/src/cnn/data_probe/output/probe_01005_spk12.wav,일일공이.,1102,,male,spk12,probe_bare_4,probe,1,0.8,4,1,4,bare,continuous,0.030304537309954565,0.027590157238092095,0.004181000869721174,0.06846602261066437,0.01826658844947815,0.030304537309954565
probe_01006_spk13.wav,/home/hye0n/projects/cnn-based-audio-pii-classification/src/cnn/data_probe/output/probe_01006_spk13.wav,이오팔공.,2580,,male,spk13,probe_bare_4,probe,1,1.2,4,1,4,bare,continuous,0.010791823888818422,0.007266298383421855,0.003127157688140869,0.02055191434919834,0.008696399629116058,0.010791823888818422
probe_01007_spk14.wav,/home/hye0n/projects/cnn-based-audio-pii-classification/src/cnn/data_probe/output/probe_01007_spk14.wav,삼공오육.,3056,,female,spk14,probe_bare_4,probe,1,1.36,4,1,4,bare,continuous,0.017335751404364903,0.01430592511443017,0.0044729942455887794,0.037291232496500015,0.010243027471005917,0.017335751404364903
probe_01008_spk01.wav,/home/hye0n/projects/cnn-based-audio-pii-classification/src/cnn/data_probe/output/probe_01008_spk01.wav,구공육칠.,9067,,female,spk01,probe_bare_4,probe,1,1.36,4,1,4,bare,continuous,0.014394115811834732,0.006008650288357053,0.00654342258349061,0.02113562636077404,0.015503298491239548,0.014394115811834732
probe_01009_spk02.wav,/home/hye0n/projects/cnn-based-audio-pii-classification/src/cnn/data_probe/output/probe_01009_spk02.wav,사사칠일.,4471,,male,spk02,probe_bare_4,probe,1,1.2,4,1,4,bare,continuous,0.02258211358760794,0.01523951709336097,0.005424426402896643,0.042455852031707764,0.019866062328219414,0.02258211358760794
probe_01010_spk03.wav,/home/hye0n/projects/cnn-based-audio-pii-classification/src/cnn/data_probe/output/probe_01010_spk03.wav,육삼구이.,6392,,female,spk03,probe_bare_4,probe,1,1.36,4,1,4,bare,continuous,0.0037538314160580435,0.0020850325785802706,0.0019297649851068854,0.006672261282801628,0.0026594679802656174,0.0037538314160580435
probe_01011_spk04.wav,/home/hye0n/projects/cnn-based-audio-pii-classification/src/cnn/data_probe/output/probe_01011_spk04.wav,팔이삼사.,8234,,male,spk04,probe_bare_4,probe,1,0.96,4,1,4,bare,continuous,0.0033986104341844716,0.001615688230467764,0.002234215848147869,0.0056833974085748196,0.0022782180458307266,0.0033986104341844716
probe_01012_spk05.wav,/home/hye0n/projects/cnn-based-audio-pii-classification/src/cnn/data_probe/output/probe_01012_spk05.wav,일사삼육.,1436,,female,spk05,probe_bare_4,probe,1,1.12,4,1,4,bare,continuous,0.002635885418082277,0.00044106714984587216,0.0025995848700404167,0.0031933148857206106,0.0021147564984858036,0.002635885418082277
probe_01013_spk06.wav,/home/hye0n/projects/cnn-based-audio-pii-classification/src/cnn/data_probe/output/probe_01013_spk06.wav,삼칠일팔.,3718,,male,spk06,probe_bare_4,probe,1,5.44,4,1,4,bare,continuous,0.005301910762985547,0.0002706581693551211,0.005549953784793615,0.00492542190477252,0.005430356599390507,0.005301910762985547
probe_01014_spk07.wav,/home/hye0n/projects/cnn-based-audio-pii-classification/src/cnn/data_probe/output/probe_01014_spk07.wav,구이삼구.,9239,,female,spk07,probe_bare_4,probe,1,1.04,4,1,4,bare,continuous,0.008253270527347922,0.007329117103322678,0.002635416341945529,0.018605653196573257,0.0035187420435249805,0.008253270527347922
probe_01015_spk08.wav,/home/hye0n/projects/cnn-based-audio-pii-classification/src/cnn/data_probe/output/probe_01015_spk08.wav,이삼일이.,2312,,male,spk08,probe_bare_4,probe,1,1.04,4,1,4,bare,continuous,0.0753328005472819,0.07037446633582341,0.014266382902860641,0.17392493784427643,0.03780708089470863,0.0753328005472819
probe_01016_spk09.wav,/home/hye0n/projects/cnn-based-audio-pii-classification/src/cnn/data_probe/output/probe_01016_spk09.wav,육공사삼.,6043,,female,spk09,probe_bare_4,probe,1,0.96,4,1,4,bare,continuous,0.007644666203608115,0.003301289183493637,0.003451759461313486,0.011519437655806541,0.007962801493704319,0.007644666203608115
probe_01017_spk10.wav,/home/hye0n/projects/cnn-based-audio-pii-classification/src/cnn/data_probe/output/probe_01017_spk10.wav,이육공구.,2609,,male,spk10,probe_bare_4,probe,1,0.88,4,1,4,bare,continuous,0.013063410917917887,0.010381788900204005,0.004122006706893444,0.027619289234280586,0.007448936812579632,0.013063410917917887
probe_01018_spk11.wav,/home/hye0n/projects/cnn-based-audio-pii-classification/src/cnn/data_probe/output/probe_01018_spk11.wav,삼일공육.,3106,,female,spk11,probe_bare_4,probe,1,1.04,4,1,4,bare,continuous,0.012860313756391406,0.008846417199390062,0.0032366246450692415,0.024595098569989204,0.010749218054115772,0.012860313756391406
probe_01019_spk12.wav,/home/hye0n/projects/cnn-based-audio-pii-classification/src/cnn/data_probe/output/probe_01019_spk12.wav,육팔사삼.,6843,,male,spk12,probe_bare_4,probe,1,0.88,4,1,4,bare,continuous,0.00422431668266654,0.00218155278844827,0.0024857090320438147,0.007300811354070902,0.002886429661884904,0.00422431668266654
probe_01020_spk13.wav,/home/hye0n/projects/cnn-based-audio-pii-classification/src/cnn/data_probe/output/probe_01020_spk13.wav,삼오육칠.,3567,,male,spk13,probe_bare_4,probe,1,1.28,4,1,4,bare,continuous,0.010434022716556987,0.007582776551408532,0.003291854402050376,0.020932575687766075,0.0070776380598545074,0.010434022716556987
probe_01021_spk14.wav,/home/hye0n/projects/cnn-based-audio-pii-classification/src/cnn/data_probe/output/probe_01021_spk14.wav,공팔육공.,0860,,female,spk14,probe_bare_4,probe,1,1.2,4,1,4,bare,continuous,0.0061291340583314495,0.00412841673157242,0.0025249167811125517,0.011909049935638905,0.003953435458242893,0.0061291340583314495
probe_01022_spk01.wav,/home/hye0n/projects/cnn-based-audio-pii-classification/src/cnn/data_probe/output/probe_01022_spk01.wav,사일사오.,4145,,female,spk01,probe_bare_4,probe,1,1.84,4,1,4,bare,continuous,0.007456702645868063,0.002421234751732436,0.004184131044894457,0.009965498000383377,0.008220478892326355,0.007456702645868063
probe_01023_spk02.wav,/home/hye0n/projects/cnn-based-audio-pii-classification/src/cnn/data_probe/output/probe_01023_spk02.wav,사오육삼.,4563,,male,spk02,probe_bare_4,probe,1,1.36,4,1,4,bare,continuous,0.006132871999094884,0.0030148339409825013,0.0028426731005311012,0.010126328095793724,0.0054296148009598255,0.006132871999094884
probe_01024_spk03.wav,/home/hye0n/projects/cnn-based-audio-pii-classification/src/cnn/data_probe/output/probe_01024_spk03.wav,오공이공.,5020,,female,spk03,probe_bare_4,probe,1,1.04,4,1,4,bare,continuous,0.01216779618213574,0.011088965032763758,0.0030545201152563095,0.027776984497904778,0.005671883933246136,0.01216779618213574
probe_01025_spk04.wav,/home/hye0n/projects/cnn-based-audio-pii-classification/src/cnn/data_probe/output/probe_01025_spk04.wav,공공오삼.,0053,,male,spk04,probe_bare_4,probe,1,1.6,4,1,4,bare,continuous,0.005612382510056098,0.002899302226205265,0.002816834021359682,0.009607773274183273,0.0044125402346253395,0.005612382510056098
probe_01026_spk05.wav,/home/hye0n/projects/cnn-based-audio-pii-classification/src/cnn/data_probe/output/probe_01026_spk05.wav,사칠사구.,4749,,female,spk05,probe_bare_4,probe,1,1.36,4,1,4,bare,continuous,0.003939090684677164,0.0013975985473217074,0.0025074626319110394,0.005835054442286491,0.0034747549798339605,0.003939090684677164
probe_01027_spk06.wav,/home/hye0n/projects/cnn-based-audio-pii-classification/src/cnn/data_probe/output/probe_01027_spk06.wav,일육이사.,1624,,male,spk06,probe_bare_4,probe,1,0.88,4,1,4,bare,continuous,0.02513232361525297,0.0118303684943486,0.008755429647862911,0.030356915667653084,0.03628462553024292,0.02513232361525297
probe_01028_spk07.wav,/home/hye0n/projects/cnn-based-audio-pii-classification/src/cnn/data_probe/output/probe_01028_spk07.wav,칠오오사.,7554,,female,spk07,probe_bare_4,probe,1,0.96,4,1,4,bare,continuous,0.01030813444716235,0.006337503467054469,0.0038414488080888987,0.01891571283340454,0.00816724169999361,0.01030813444716235
probe_01029_spk08.wav,/home/hye0n/projects/cnn-based-audio-pii-classification/src/cnn/data_probe/output/probe_01029_spk08.wav,일일공팔.,1108,,male,spk08,probe_bare_4,probe,1,1.04,4,1,4,bare,continuous,0.01475689459281663,0.01536750590323467,0.003302039345726371,0.03647901117801666,0.00448963325470686,0.01475689459281663
probe_01030_spk09.wav,/home/hye0n/projects/cnn-based-audio-pii-classification/src/cnn/data_probe/output/probe_01030_spk09.wav,이오오오.,2555,,female,spk09,probe_bare_4,probe,1,0.96,4,1,4,bare,continuous,0.20188031966487566,0.15651958044790784,0.03186793252825737,0.4096440374851227,0.16412898898124695,0.20188031966487566
probe_01031_spk10.wav,/home/hye0n/projects/cnn-based-audio-pii-classification/src/cnn/data_probe/output/probe_01031_spk10.wav,구팔구오.,9895,,male,spk10,probe_bare_4,probe,1,0.72,4,1,4,bare,continuous,0.024657168270399172,0.02235340342272536,0.004544834140688181,0.05583518370985985,0.01359148696064949,0.024657168270399172
probe_01032_spk11.wav,/home/hye0n/projects/cnn-based-audio-pii-classification/src/cnn/data_probe/output/probe_01032_spk11.wav,삼사삼구.,3439,,female,spk11,probe_bare_4,probe,1,1.36,4,1,4,bare,continuous,0.0037272970657795668,0.0012598253000350782,0.0020134516526013613,0.005005871411412954,0.004162568133324385,0.0037272970657795668
probe_01033_spk12.wav,/home/hye0n/projects/cnn-based-audio-pii-classification/src/cnn/data_probe/output/probe_01033_spk12.wav,육일일이.,6112,,male,spk12,probe_bare_4,probe,1,0.72,4,1,4,bare,continuous,0.02927963901311159,0.028465943186436866,0.006354396231472492,0.06940041482448578,0.012084105983376503,0.02927963901311159
probe_01034_spk13.wav,/home/hye0n/projects/cnn-based-audio-pii-classification/src/cnn/data_probe/output/probe_01034_spk13.wav,구일공구.,9109,,male,spk13,probe_bare_4,probe,1,1.92,4,1,4,bare,continuous,0.06735911344488461,0.036561628680256704,0.04727183282375336,0.11866417527198792,0.03614133223891258,0.06735911344488461
probe_01035_spk14.wav,/home/hye0n/projects/cnn-based-audio-pii-classification/src/cnn/data_probe/output/probe_01035_spk14.wav,삼삼칠일.,3371,,female,spk14,probe_bare_4,probe,1,1.28,4,1,4,bare,continuous,0.008779060561209917,0.006206499497233949,0.0030956813134253025,0.01741344854235649,0.005828051827847958,0.008779060561209917
probe_01036_spk01.wav,/home/hye0n/projects/cnn-based-audio-pii-classification/src/cnn/data_probe/output/probe_01036_spk01.wav,일팔구오.,1895,,female,spk01,probe_bare_4,probe,1,1.2,4,1,4,bare,continuous,0.006490846086914341,0.0031847069369372893,0.00352832511998713,0.010909986682236195,0.005034226458519697,0.006490846086914341
probe_01037_spk02.wav,/home/hye0n/projects/cnn-based-audio-pii-classification/src/cnn/data_probe/output/probe_01037_spk02.wav,사칠삼팔.,4738,,male,spk02,probe_bare_4,probe,1,1.36,4,1,4,bare,continuous,0.021359964196259778,0.013393022142655624,0.0036438393872231245,0.03602007403969765,0.02441597916185856,0.021359964196259778
probe_01038_spk03.wav,/home/hye0n/projects/cnn-based-audio-pii-classification/src/cnn/data_probe/output/probe_01038_spk03.wav,이공이삼.,2023,,female,spk03,probe_bare_4,probe,1,0.96,4,1,4,bare,continuous,0.006641901098191738,0.004179019349703904,0.0027591618709266186,0.012441969476640224,0.004724571947008371,0.006641901098191738
probe_01039_spk04.wav,/home/hye0n/projects/cnn-based-audio-pii-classification/src/cnn/data_probe/output/probe_01039_spk04.wav,육팔사팔.,6848,,male,spk04,probe_bare_4,probe,1,1.28,4,1,4,bare,continuous,0.0031000224019711218,0.0013020665351575246,0.0019308434566482902,0.004916614852845669,0.002452608896419406,0.0031000224019711218
probe_01040_spk05.wav,/home/hye0n/projects/cnn-based-audio-pii-classification/src/cnn/data_probe/output/probe_01040_spk05.wav,오오칠일육일.,557161,,female,spk05,probe_bare_6,probe,1,1.76,6,1,6,bare,continuous,0.002818080596625805,0.0007027779201756812,0.0022122894879430532,0.0038033309392631054,0.002438621362671256,0.002818080596625805
probe_01041_spk06.wav,/home/hye0n/projects/cnn-based-audio-pii-classification/src/cnn/data_probe/output/probe_01041_spk06.wav,칠육팔팔공이.,768802,,male,spk06,probe_bare_6,probe,1,1.28,6,1,6,bare,continuous,0.00757627507361273,0.0039316918721637876,0.0024545977357774973,0.012011578306555748,0.008262649178504944,0.00757627507361273
probe_01042_spk07.wav,/home/hye0n/projects/cnn-based-audio-pii-classification/src/cnn/data_probe/output/probe_01042_spk07.wav,구사이사공구.,942409,,female,spk07,probe_bare_6,probe,1,1.28,6,1,6,bare,continuous,0.006950079385812084,0.004996268616975309,0.003215223317965865,0.014011945575475693,0.0036230692639946938,0.006950079385812084
probe_01043_spk08.wav,/home/hye0n/projects/cnn-based-audio-pii-classification/src/cnn/data_probe/output/probe_01043_spk08.wav,공삼육칠팔팔.,036788,,male,spk08,probe_bare_6,probe,1,1.84,6,1,6,bare,continuous,0.004113379555443923,0.0010443151784849743,0.002650486771017313,0.004669184796512127,0.005020467098802328,0.004113379555443923
probe_01044_spk09.wav,/home/hye0n/projects/cnn-based-audio-pii-classification/src/cnn/data_probe/output/probe_01044_spk09.wav,일이칠팔육팔.,127868,,female,spk09,probe_bare_6,probe,1,1.44,6,1,6,bare,continuous,0.007958863706638416,0.001992365440877766,0.005349417682737112,0.01018411573022604,0.008343057706952095,0.007958863706638416
probe_01045_spk10.wav,/home/hye0n/projects/cnn-based-audio-pii-classification/src/cnn/data_probe/output/probe_01045_spk10.wav,육육구사삼이.,669432,,male,spk10,probe_bare_6,probe,1,1.28,6,1,6,bare,continuous,0.011315916354457537,0.008764841318146793,0.003232691902667284,0.023495696485042572,0.007219360675662756,0.011315916354457537
probe_01046_spk11.wav,/home/hye0n/projects/cnn-based-audio-pii-classification/src/cnn/data_probe/output/probe_01046_spk11.wav,공이구삼구공.,029390,,female,spk11,probe_bare_6,probe,1,1.44,6,1,6,bare,continuous,0.0032442125181357064,0.0013237619636739843,0.0018839426338672638,0.005038245115429163,0.002810449805110693,0.0032442125181357064
probe_01047_spk12.wav,/home/hye0n/projects/cnn-based-audio-pii-classification/src/cnn/data_probe/output/probe_01047_spk12.wav,팔칠팔팔사사.,878844,,male,spk12,probe_bare_6,probe,1,1.28,6,1,6,bare,continuous,0.002652676310390234,0.0008204718632330403,0.001861173426732421,0.003783209016546607,0.002313646487891674,0.002652676310390234
probe_01048_spk13.wav,/home/hye0n/projects/cnn-based-audio-pii-classification/src/cnn/data_probe/output/probe_01048_spk13.wav,삼사사팔일이.,344812,,male,spk13,probe_bare_6,probe,1,1.76,6,1,6,bare,continuous,0.005309600305433075,0.0016044252041147236,0.0031307365279644728,0.006947379559278488,0.005850684829056263,0.005309600305433075
probe_01049_spk14.wav,/home/hye0n/projects/cnn-based-audio-pii-classification/src/cnn/data_probe/output/probe_01049_spk14.wav,삼공팔삼사공.,308340,,female,spk14,probe_bare_6,probe,1,1.6,6,1,6,bare,continuous,0.004948283468062679,0.0017762218343848279,0.0024469972122460604,0.006399229634553194,0.0059986235573887825,0.004948283468062679
probe_01050_spk01.wav,/home/hye0n/projects/cnn-based-audio-pii-classification/src/cnn/data_probe/output/probe_01050_spk01.wav,이사이사공삼.,242403,,female,spk01,probe_bare_6,probe,1,1.52,6,1,6,bare,continuous,0.014477238524705172,0.006278584904663799,0.006133244838565588,0.021278735250234604,0.016019735485315323,0.014477238524705172
probe_01051_spk02.wav,/home/hye0n/projects/cnn-based-audio-pii-classification/src/cnn/data_probe/output/probe_01051_spk02.wav,삼팔일공오구.,381059,,male,spk02,probe_bare_6,probe,1,1.44,6,1,6,bare,continuous,0.008707543524603048,0.005067972365990461,0.003220244310796261,0.01544414646923542,0.007458239793777466,0.008707543524603048
probe_01052_spk03.wav,/home/hye0n/projects/cnn-based-audio-pii-classification/src/cnn/data_probe/output/probe_01052_spk03.wav,오오일팔사이.,551842,,female,spk03,probe_bare_6,probe,1,1.44,6,1,6,bare,continuous,0.004337653362502654,0.0029719813208491804,0.0022066158708184958,0.008540530689060688,0.0022658135276287794,0.004337653362502654
probe_01053_spk04.wav,/home/hye0n/projects/cnn-based-audio-pii-classification/src/cnn/data_probe/output/probe_01053_spk04.wav,육구사오공공.,694500,,male,spk04,probe_bare_6,probe,1,1.6,6,1,6,bare,continuous,0.003912463628997405,0.0011787661405440134,0.0022607184946537018,0.004543303046375513,0.004933369345963001,0.003912463628997405
probe_01054_spk05.wav,/home/hye0n/projects/cnn-based-audio-pii-classification/src/cnn/data_probe/output/probe_01054_spk05.wav,오삼사이사공.,534240,,female,spk05,probe_bare_6,probe,1,1.36,6,1,6,bare,continuous,0.0038838392744461694,0.0015999796957865179,0.0025321757420897484,0.006131185218691826,0.0029881568625569344,0.0038838392744461694
probe_01055_spk06.wav,/home/hye0n/projects/cnn-based-audio-pii-classification/src/cnn/data_probe/output/probe_01055_spk06.wav,팔구일육사구.,891649,,male,spk06,probe_bare_6,probe,1,1.36,6,1,6,bare,continuous,0.0022732329089194536,0.0007007780103551749,0.0018234478775411844,0.00326291611418128,0.0017333347350358963,0.0022732329089194536
probe_01056_spk07.wav,/home/hye0n/projects/cnn-based-audio-pii-classification/src/cnn/data_probe/output/probe_01056_spk07.wav,팔삼칠삼오사.,837354,,female,spk07,probe_bare_6,probe,1,1.6,6,1,6,bare,continuous,0.0031937129873161516,0.0012355032537307443,0.0019219530513510108,0.004867221228778362,0.0027919646818190813,0.0031937129873161516
probe_01057_spk08.wav,/home/hye0n/projects/cnn-based-audio-pii-classification/src/cnn/data_probe/output/probe_01057_spk08.wav,삼구육이칠삼.,396273,,male,spk08,probe_bare_6,probe,1,1.76,6,1,6,bare,continuous,0.013654769243051609,0.007901869799370069,0.0032106968574225903,0.022319236770272255,0.01543437410145998,0.013654769243051609
probe_01058_spk09.wav,/home/hye0n/projects/cnn-based-audio-pii-classification/src/cnn/data_probe/output/probe_01058_spk09.wav,육오이칠일칠.,652717,,female,spk09,probe_bare_6,probe,1,1.92,6,1,6,bare,continuous,0.1336587369441986,0.01862835844066665,0.10740558803081512,0.14868339896202087,0.14488722383975983,0.1336587369441986
probe_01059_spk10.wav,/home/hye0n/projects/cnn-based-audio-pii-classification/src/cnn/data_probe/output/probe_01059_spk10.wav,이칠이이삼구.,272239,,male,spk10,probe_bare_6,probe,1,1.68,6,1,6,bare,continuous,0.007683159162600835,0.002300949391655461,0.006397510413080454,0.010914782993495464,0.005737184081226587,0.007683159162600835
probe_01060_spk11.wav,/home/hye0n/projects/cnn-based-audio-pii-classification/src/cnn/data_probe/output/probe_01060_spk11.wav,칠이사공사이.,724042,,female,spk11,probe_bare_6,probe,1,1.92,6,1,6,bare,continuous,0.00749234474884967,0.0029736922131174894,0.003705010050907731,0.01096915453672409,0.007802869658917189,0.00749234474884967
probe_01061_spk12.wav,/home/hye0n/projects/cnn-based-audio-pii-classification/src/cnn/data_probe/output/probe_01061_spk12.wav,이육구삼일이.,269312,,male,spk12,probe_bare_6,probe,1,1.2,6,1,6,bare,continuous,0.009722197505955895,0.006033042536597569,0.003471196861937642,0.017876628786325455,0.007818766869604588,0.009722197505955895
probe_01062_spk13.wav,/home/hye0n/projects/cnn-based-audio-pii-classification/src/cnn/data_probe/output/probe_01062_spk13.wav,일육삼칠육일.,163761,,male,spk13,probe_bare_6,probe,1,1.52,6,1,6,bare,continuous,0.002492343463624517,0.0006519876580945753,0.0018649830017238855,0.0033912125509232283,0.0022208348382264376,0.002492343463624517
probe_01063_spk14.wav,/home/hye0n/projects/cnn-based-audio-pii-classification/src/cnn/data_probe/output/probe_01063_spk14.wav,팔이공구일육.,820916,,female,spk14,probe_bare_6,probe,1,1.52,6,1,6,bare,continuous,0.012197313054154316,0.006293790332224533,0.004796093795448542,0.020179763436317444,0.011616081930696964,0.012197313054154316
probe_01064_spk01.wav,/home/hye0n/projects/cnn-based-audio-pii-classification/src/cnn/data_probe/output/probe_01064_spk01.wav,육공일공공이.,601002,,female,spk01,probe_bare_6,probe,1,1.84,6,1,6,bare,continuous,0.18122679367661476,0.09143176712935161,0.0550568513572216,0.26881709694862366,0.21980643272399902,0.18122679367661476
probe_01065_spk02.wav,/home/hye0n/projects/cnn-based-audio-pii-classification/src/cnn/data_probe/output/probe_01065_spk02.wav,삼일사이구공.,314290,,male,spk02,probe_bare_6,probe,1,1.6,6,1,6,bare,continuous,0.009327312388146916,0.0044117992700404285,0.0030906323809176683,0.01229129545390606,0.012600009329617023,0.009327312388146916
probe_01066_spk03.wav,/home/hye0n/projects/cnn-based-audio-pii-classification/src/cnn/data_probe/output/probe_01066_spk03.wav,공일팔오일삼.,018513,,female,spk03,probe_bare_6,probe,1,1.28,6,1,6,bare,continuous,0.00517429302756985,0.004244046643656839,0.00224100798368454,0.011175775900483131,0.0021060951985418797,0.00517429302756985
probe_01067_spk04.wav,/home/hye0n/projects/cnn-based-audio-pii-classification/src/cnn/data_probe/output/probe_01067_spk04.wav,이칠구칠이사.,279724,,male,spk04,probe_bare_6,probe,1,1.44,6,1,6,bare,continuous,0.002286325713309149,0.0006076264494426552,0.001833263086155057,0.00314520625397563,0.00188050779979676,0.002286325713309149
probe_01068_spk05.wav,/home/hye0n/projects/cnn-based-audio-pii-classification/src/cnn/data_probe/output/probe_01068_spk05.wav,오칠이삼공팔.,572308,,female,spk05,probe_bare_6,probe,1,1.6,6,1,6,bare,continuous,0.0028528654171774783,0.0005664608928136953,0.0023590815253555775,0.0036460631527006626,0.0025534515734761953,0.0028528654171774783
probe_01069_spk06.wav,/home/hye0n/projects/cnn-based-audio-pii-classification/src/cnn/data_probe/output/probe_01069_spk06.wav,사팔일공공일.,481001,,male,spk06,probe_bare_6,probe,1,1.2,6,1,6,bare,continuous,0.0022330148300776878,0.00044054259145487177,0.0016711743082851171,0.002747104736045003,0.0022807654459029436,0.0022330148300776878
probe_01070_spk07.wav,/home/hye0n/projects/cnn-based-audio-pii-classification/src/cnn/data_probe/output/probe_01070_spk07.wav,팔사일팔육이.,841862,,female,spk07,probe_bare_6,probe,1,1.28,6,1,6,bare,continuous,0.005154880850265424,0.004113116457031863,0.002066434593871236,0.010967911221086979,0.0024302967358380556,0.005154880850265424
probe_01071_spk08.wav,/home/hye0n/projects/cnn-based-audio-pii-classification/src/cnn/data_probe/output/probe_01071_spk08.wav,공삼공삼육육.,030366,,male,spk08,probe_bare_6,probe,1,1.84,6,1,6,bare,continuous,0.00673672432700793,0.003381276462055059,0.003699982538819313,0.011454031802713871,0.005056158639490604,0.00673672432700793
probe_01072_spk09.wav,/home/hye0n/projects/cnn-based-audio-pii-classification/src/cnn/data_probe/output/probe_01072_spk09.wav,이오사삼육일.,254361,,female,spk09,probe_bare_6,probe,1,1.36,6,1,6,bare,continuous,0.005444377350310485,0.0024278416548542997,0.004399801604449749,0.008799202740192413,0.0031341277062892914,0.005444377350310485
probe_01073_spk10.wav,/home/hye0n/projects/cnn-based-audio-pii-classification/src/cnn/data_probe/output/probe_01073_spk10.wav,칠이일삼일사.,721314,,male,spk10,probe_bare_6,probe,1,1.2,6,1,6,bare,continuous,0.0027089546977852783,0.000830868854222858,0.0018112013349309564,0.0038143706042319536,0.0025012921541929245,0.0027089546977852783
probe_01074_spk11.wav,/home/hye0n/projects/cnn-based-audio-pii-classification/src/cnn/data_probe/output/probe_01074_spk11.wav,오일구오일오.,519515,,female,spk11,probe_bare_6,probe,1,1.68,6,1,6,bare,continuous,0.006631879989678661,0.00467106694565833,0.0030712615698575974,0.013230881653726101,0.003593496745452285,0.006631879989678661
probe_01075_spk12.wav,/home/hye0n/projects/cnn-based-audio-pii-classification/src/cnn/data_probe/output/probe_01075_spk12.wav,일공구이이육.,109226,,male,spk12,probe_bare_6,probe,1,1.12,6,1,6,bare,continuous,0.005111695034429431,0.003076790818423163,0.0028106113895773888,0.009460474364459515,0.0030639993492513895,0.005111695034429431
probe_01076_spk13.wav,/home/hye0n/projects/cnn-based-audio-pii-classification/src/cnn/data_probe/output/probe_01076_spk13.wav,팔오구이육이.,859262,,male,spk13,probe_bare_6,probe,1,2.0,6,1,6,bare,continuous,0.004224755413209398,0.001277510404313768,0.0030977774877101183,0.0060111465863883495,0.003565342165529728,0.004224755413209398
probe_01077_spk14.wav,/home/hye0n/projects/cnn-based-audio-pii-classification/src/cnn/data_probe/output/probe_01077_spk14.wav,사구사오일사.,494514,,female,spk14,probe_bare_6,probe,1,1.84,6,1,6,bare,continuous,0.0033201451102892556,0.0010107709658657847,0.002619890496134758,0.0047494941391050816,0.0025910506956279278,0.0033201451102892556
probe_01078_spk01.wav,/home/hye0n/projects/cnn-based-audio-pii-classification/src/cnn/data_probe/output/probe_01078_spk01.wav,칠오사일공이.,754102,,female,spk01,probe_bare_6,probe,1,1.68,6,1,6,bare,continuous,0.009053759276866913,0.00658605562152018,0.003148052841424942,0.018244093284010887,0.005769131705164909,0.009053759276866913
probe_01079_spk02.wav,/home/hye0n/projects/cnn-based-audio-pii-classification/src/cnn/data_probe/output/probe_01079_spk02.wav,이오이육칠칠.,252677,,male,spk02,probe_bare_6,probe,1,1.68,6,1,6,bare,continuous,0.006840090810631712,0.0021377106481349347,0.0038889881689101458,0.008883933536708355,0.007747350726276636,0.006840090810631712
probe_01080_spk03.wav,/home/hye0n/projects/cnn-based-audio-pii-classification/src/cnn/data_probe/output/probe_01080_spk03.wav,일일구육사이일오.,11964215,,female,spk03,probe_bare_8,probe,1,1.84,8,1,8,bare,continuous,0.002949073833102981,0.0008044437145817817,0.00281654205173254,0.003993869759142399,0.002036809688434005,0.002949073833102981
probe_01081_spk04.wav,/home/hye0n/projects/cnn-based-audio-pii-classification/src/cnn/data_probe/output/probe_01081_spk04.wav,이이육오오칠육칠.,22655767,,male,spk04,probe_bare_8,probe,1,1.92,8,1,8,bare,continuous,0.032966161922862135,0.025756209718475427,0.00687456177547574,0.0680232048034668,0.02400071918964386,0.032966161922862135
probe_01082_spk05.wav,/home/hye0n/projects/cnn-based-audio-pii-classification/src/cnn/data_probe/output/probe_01082_spk05.wav,육구오이삼육육팔.,69523668,,female,spk05,probe_bare_8,probe,1,1.92,8,1,8,bare,continuous,0.012905693147331476,0.013010180704153437,0.0030822339467704296,0.03129043057560921,0.004344414919614792,0.012905693147331476
probe_01083_spk06.wav,/home/hye0n/projects/cnn-based-audio-pii-classification/src/cnn/data_probe/output/probe_01083_spk06.wav,칠팔팔칠팔팔삼육.,78878836,,male,spk06,probe_bare_8,probe,1,1.6,8,1,8,bare,continuous,0.0024556051939725876,0.0003642689691666211,0.0020449396688491106,0.002391580957919359,0.002930294955149293,0.0024556051939725876
probe_01084_spk07.wav,/home/hye0n/projects/cnn-based-audio-pii-classification/src/cnn/data_probe/output/probe_01084_spk07.wav,일구육팔구삼일삼.,19689313,,female,spk07,probe_bare_8,probe,1,2.32,8,1,8,bare,continuous,0.06785126527150472,0.03594801720543243,0.029876790940761566,0.1161104068160057,0.05756659805774689,0.06785126527150472
probe_01085_spk08.wav,/home/hye0n/projects/cnn-based-audio-pii-classification/src/cnn/data_probe/output/probe_01085_spk08.wav,오공삼공오팔칠이.,50305872,,male,spk08,probe_bare_8,probe,1,3.04,8,1,8,bare,continuous,0.027221764748295147,0.002159974525693173,0.027567265555262566,0.024420572444796562,0.029677456244826317,0.027221764748295147
probe_01086_spk09.wav,/home/hye0n/projects/cnn-based-audio-pii-classification/src/cnn/data_probe/output/probe_01086_spk09.wav,일공오오이사칠이.,10552472,,female,spk09,probe_bare_8,probe,1,1.84,8,1,8,bare,continuous,0.013457830684880415,0.007242820481392216,0.006104201078414917,0.023309657350182533,0.010959633626043797,0.013457830684880415
probe_01087_spk10.wav,/home/hye0n/projects/cnn-based-audio-pii-classification/src/cnn/data_probe/output/probe_01087_spk10.wav,팔육삼삼삼공이일.,86333021,,male,spk10,probe_bare_8,probe,1,2.64,8,1,8,bare,continuous,0.00914656650274992,0.001359784127100003,0.007778041064739227,0.011000817641615868,0.008660840801894665,0.00914656650274992
probe_01088_spk11.wav,/home/hye0n/projects/cnn-based-audio-pii-classification/src/cnn/data_probe/output/probe_01088_spk11.wav,이육공육오공일구.,26065019,,female,spk11,probe_bare_8,probe,1,2.32,8,1,8,bare,continuous,0.003748507471755147,0.0014208444626887754,0.003411640413105488,0.005632484331727028,0.0022013976704329252,0.003748507471755147
probe_01089_spk12.wav,/home/hye0n/projects/cnn-based-audio-pii-classification/src/cnn/data_probe/output/probe_01089_spk12.wav,일칠구이공이오이.,17920252,,male,spk12,probe_bare_8,probe,1,1.52,8,1,8,bare,continuous,0.0030153761617839336,0.00043135082725131573,0.0025602008681744337,0.0035946837160736322,0.002891243901103735,0.0030153761617839336
probe_01090_spk13.wav,/home/hye0n/projects/cnn-based-audio-pii-classification/src/cnn/data_probe/output/probe_01090_spk13.wav,일삼일공구육이이.,13109622,,male,spk13,probe_bare_8,probe,1,2.24,8,1,8,bare,continuous,0.008097329021741947,0.0030917836251339622,0.005699534900486469,0.012462710961699486,0.006129741203039885,0.008097329021741947
probe_01091_spk14.wav,/home/hye0n/projects/cnn-based-audio-pii-classification/src/cnn/data_probe/output/probe_01091_spk14.wav,칠이팔사칠육오칠.,72847657,,female,spk14,probe_bare_8,probe,1,2.08,8,1,8,bare,continuous,0.008487697380284468,0.006089578696734798,0.0035021849907934666,0.017061814665794373,0.004899092484265566,0.008487697380284468
probe_01092_spk01.wav,/home/hye0n/projects/cnn-based-audio-pii-classification/src/cnn/data_probe/output/probe_01092_spk01.wav,공사일이공공구이.,04120092,,female,spk01,probe_bare_8,probe,1,1.84,8,1,8,bare,continuous,0.035276081413030624,0.03465817112564585,0.004783641546964645,0.08375544100999832,0.017289161682128906,0.035276081413030624
probe_01093_spk02.wav,/home/hye0n/projects/cnn-based-audio-pii-classification/src/cnn/data_probe/output/probe_01093_spk02.wav,팔이공육육칠팔사.,82066784,,male,spk02,probe_bare_8,probe,1,1.68,8,1,8,bare,continuous,0.010425575077533722,0.0068118717577952265,0.004020766820758581,0.01985985040664673,0.007396108005195856,0.010425575077533722
probe_01094_spk03.wav,/home/hye0n/projects/cnn-based-audio-pii-classification/src/cnn/data_probe/output/probe_01094_spk03.wav,구팔사삼육이사일.,98436241,,female,spk03,probe_bare_8,probe,1,1.68,8,1,8,bare,continuous,0.003656902816146612,0.0008842896466789684,0.0025352174416184425,0.0037388731725513935,0.0046966178342700005,0.003656902816146612
probe_01095_spk04.wav,/home/hye0n/projects/cnn-based-audio-pii-classification/src/cnn/data_probe/output/probe_01095_spk04.wav,팔육이삼육구공삼.,86236903,,male,spk04,probe_bare_8,probe,1,1.76,8,1,8,bare,continuous,0.004254169917354981,0.0013543269929412367,0.0023681577295064926,0.004908176138997078,0.005486175883561373,0.004254169917354981
probe_01096_spk05.wav,/home/hye0n/projects/cnn-based-audio-pii-classification/src/cnn/data_probe/output/probe_01096_spk05.wav,육이팔구일칠칠오.,62891775,,female,spk05,probe_bare_8,probe,1,1.68,8,1,8,bare,continuous,0.005424408862988154,0.0014128890260302473,0.0035604326985776424,0.005733036901801825,0.006979756988584995,0.005424408862988154
probe_01097_spk06.wav,/home/hye0n/projects/cnn-based-audio-pii-classification/src/cnn/data_probe/output/probe_01097_spk06.wav,육육이공오육삼사.,66205634,,male,spk06,probe_bare_8,probe,1,1.92,8,1,8,bare,continuous,0.0024329344742000103,0.000424758960558914,0.00225375615991652,0.0030190632678568363,0.0020259839948266745,0.0024329344742000103
probe_01098_spk07.wav,/home/hye0n/projects/cnn-based-audio-pii-classification/src/cnn/data_probe/output/probe_01098_spk07.wav,일일일오구오공삼.,11159503,,female,spk07,probe_bare_8,probe,1,1.44,8,1,8,bare,continuous,0.016049266171952088,0.013668006081703666,0.004708544351160526,0.03527553379535675,0.00816372036933899,0.016049266171952088
probe_01099_spk08.wav,/home/hye0n/projects/cnn-based-audio-pii-classification/src/cnn/data_probe/output/probe_01099_spk08.wav,사이팔일일삼구공.,42811390,,male,spk08,probe_bare_8,probe,1,1.84,8,1,8,bare,continuous,0.022095810311535995,0.011981973151006546,0.009654137305915356,0.03827933222055435,0.018353961408138275,0.022095810311535995
probe_01100_spk09.wav,/home/hye0n/projects/cnn-based-audio-pii-classification/src/cnn/data_probe/output/probe_01100_spk09.wav,사삼팔삼공삼사일.,43830341,,female,spk09,probe_bare_8,probe,1,2.08,8,1,8,bare,continuous,0.00842073280364275,0.002163696067933818,0.00585701409727335,0.01114927139133215,0.00825591292232275,0.00842073280364275
probe_01101_spk10.wav,/home/hye0n/projects/cnn-based-audio-pii-classification/src/cnn/data_probe/output/probe_01101_spk10.wav,구구공구칠공공오.,99097005,,male,spk10,probe_bare_8,probe,1,2.08,8,1,8,bare,continuous,0.024170709773898125,0.007736748356330463,0.013257184997200966,0.02895134687423706,0.030303597450256348,0.024170709773898125
probe_01102_spk11.wav,/home/hye0n/projects/cnn-based-audio-pii-classification/src/cnn/data_probe/output/probe_01102_spk11.wav,일사공오사육팔삼.,14054683,,female,spk11,probe_bare_8,probe,1,2.48,8,1,8,bare,continuous,0.019724846972773474,0.009627371036739588,0.0062174140475690365,0.024998242035508156,0.027958884835243225,0.019724846972773474
probe_01103_spk12.wav,/home/hye0n/projects/cnn-based-audio-pii-classification/src/cnn/data_probe/output/probe_01103_spk12.wav,오육오이일오육팔.,56521568,,male,spk12,probe_bare_8,probe,1,1.44,8,1,8,bare,continuous,0.0034476945099110403,0.0012028778919592504,0.0035243071615695953,0.004881111904978752,0.001937664463184774,0.0034476945099110403
probe_01104_spk13.wav,/home/hye0n/projects/cnn-based-audio-pii-classification/src/cnn/data_probe/output/probe_01104_spk13.wav,일팔이공구육칠구.,18209679,,male,spk13,probe_bare_8,probe,1,2.16,8,1,8,bare,continuous,0.01818434630210201,0.009685307221136443,0.004589573945850134,0.023534532636404037,0.026428932324051857,0.01818434630210201
probe_01105_spk14.wav,/home/hye0n/projects/cnn-based-audio-pii-classification/src/cnn/data_probe/output/probe_01105_spk14.wav,공사이이칠일일삼.,04227113,,female,spk14,probe_bare_8,probe,1,1.6,8,1,8,bare,continuous,0.008277124104400476,0.0035861434665133904,0.0055330125615000725,0.013342826627194881,0.0059555331245064735,0.008277124104400476
probe_01106_spk01.wav,/home/hye0n/projects/cnn-based-audio-pii-classification/src/cnn/data_probe/output/probe_01106_spk01.wav,삼이이팔팔구팔오.,32288985,,female,spk01,probe_bare_8,probe,1,2.24,8,1,8,bare,continuous,0.16325933175782362,0.16288309179853455,0.024145452305674553,0.07381360232830048,0.39181894063949585,0.16325933175782362
probe_01107_spk02.wav,/home/hye0n/projects/cnn-based-audio-pii-classification/src/cnn/data_probe/output/probe_01107_spk02.wav,칠이오사오구육공.,72545960,,male,spk02,probe_bare_8,probe,1,1.84,8,1,8,bare,continuous,0.006463122554123402,0.002539438603738926,0.003624460194259882,0.00597729766741395,0.009787609800696373,0.006463122554123402
probe_01108_spk03.wav,/home/hye0n/projects/cnn-based-audio-pii-classification/src/cnn/data_probe/output/probe_01108_spk03.wav,육삼삼구구일이구.,63399129,,female,spk03,probe_bare_8,probe,1,1.92,8,1,8,bare,continuous,0.003901142238949736,0.0011281704419946132,0.0037031022366136312,0.00537119759246707,0.002629126887768507,0.003901142238949736
probe_01109_spk04.wav,/home/hye0n/projects/cnn-based-audio-pii-classification/src/cnn/data_probe/output/probe_01109_spk04.wav,칠일공이사팔일칠.,71024817,,male,spk04,probe_bare_8,probe,1,1.76,8,1,8,bare,continuous,0.011079834618916115,0.006074360396105916,0.0025668530724942684,0.016333140432834625,0.014339510351419449,0.011079834618916115
probe_01110_spk05.wav,/home/hye0n/projects/cnn-based-audio-pii-classification/src/cnn/data_probe/output/probe_01110_spk05.wav,일칠오이사이일사.,17524214,,female,spk05,probe_bare_8,probe,1,2.0,8,1,8,bare,continuous,0.008221006641785303,0.00767373410616092,0.002936054253950715,0.019072091206908226,0.00265487446449697,0.008221006641785303
probe_01111_spk06.wav,/home/hye0n/projects/cnn-based-audio-pii-classification/src/cnn/data_probe/output/probe_01111_spk06.wav,구오오일일이칠사.,95511274,,male,spk06,probe_bare_8,probe,1,1.68,8,1,8,bare,continuous,0.0030526057040939727,0.00039860316223288086,0.003092369297519326,0.003519695019349456,0.0025457527954131365,0.0030526057040939727
probe_01112_spk07.wav,/home/hye0n/projects/cnn-based-audio-pii-classification/src/cnn/data_probe/output/probe_01112_spk07.wav,칠사칠이일구칠공.,74721970,,female,spk07,probe_bare_8,probe,1,1.92,8,1,8,bare,continuous,0.041638610884547234,0.04168862602127016,0.008808372542262077,0.10046297311782837,0.015644486993551254,0.041638610884547234
probe_01113_spk08.wav,/home/hye0n/projects/cnn-based-audio-pii-classification/src/cnn/data_probe/output/probe_01113_spk08.wav,오사육육구이칠오.,54669275,,male,spk08,probe_bare_8,probe,1,1.6,8,1,8,bare,continuous,0.003848206251859665,0.0008344040366661226,0.0027021332643926144,0.0046646203845739365,0.004177865106612444,0.003848206251859665
probe_01114_spk09.wav,/home/hye0n/projects/cnn-based-audio-pii-classification/src/cnn/data_probe/output/probe_01114_spk09.wav,팔구오오일육팔칠.,89551687,,female,spk09,probe_bare_8,probe,1,1.84,8,1,8,bare,continuous,0.04290433010707299,0.03753830450146258,0.009400228969752789,0.09531858563423157,0.02399417571723461,0.04290433010707299
probe_01115_spk10.wav,/home/hye0n/projects/cnn-based-audio-pii-classification/src/cnn/data_probe/output/probe_01115_spk10.wav,사공구공삼팔공이.,40903802,,male,spk10,probe_bare_8,probe,1,1.68,8,1,8,bare,continuous,0.006200635883336266,0.0023186227908035765,0.0033489142078906298,0.00902820285409689,0.006224790588021278,0.006200635883336266
probe_01116_spk11.wav,/home/hye0n/projects/cnn-based-audio-pii-classification/src/cnn/data_probe/output/probe_01116_spk11.wav,일사육이구육일삼.,14629613,,female,spk11,probe_bare_8,probe,1,2.08,8,1,8,bare,continuous,0.0036709511963029704,0.0015020211194541316,0.00269980332814157,0.005792604293674231,0.00252044596709311,0.0036709511963029704
probe_01117_spk12.wav,/home/hye0n/projects/cnn-based-audio-pii-classification/src/cnn/data_probe/output/probe_01117_spk12.wav,육칠일오칠칠팔칠.,67157787,,male,spk12,probe_bare_8,probe,1,1.84,8,1,8,bare,continuous,0.002690562279894948,0.00020878192904070532,0.002524430165067315,0.002985016442835331,0.002562240231782198,0.002690562279894948
probe_01118_spk13.wav,/home/hye0n/projects/cnn-based-audio-pii-classification/src/cnn/data_probe/output/probe_01118_spk13.wav,일일이일육육삼육.,11216636,,male,spk13,probe_bare_8,probe,1,1.52,8,1,8,bare,continuous,0.0031037788527707257,0.0007926236145736385,0.002904313150793314,0.0041587804444134235,0.00224824296310544,0.0031037788527707257
probe_01119_spk14.wav,/home/hye0n/projects/cnn-based-audio-pii-classification/src/cnn/data_probe/output/probe_01119_spk14.wav,오일오오구칠삼칠.,51559737,,female,spk14,probe_bare_8,probe,1,2.16,8,1,8,bare,continuous,0.031233342364430428,0.009340104073416719,0.04338693246245384,0.02067614533007145,0.02963694930076599,0.031233342364430428
probe_01120_spk01.wav,/home/hye0n/projects/cnn-based-audio-pii-classification/src/cnn/data_probe/output/probe_01120_spk01.wav,일사칠공팔이칠이삼오.,1470827235,,female,spk01,probe_bare_10,probe,1,2.32,10,1,10,bare,continuous,0.08948981265227,0.06024392740165422,0.017265230417251587,0.16473908722400665,0.08646512031555176,0.08948981265227
probe_01121_spk02.wav,/home/hye0n/projects/cnn-based-audio-pii-classification/src/cnn/data_probe/output/probe_01121_spk02.wav,구공구육공오육칠삼공.,9096056730,,male,spk02,probe_bare_10,probe,1,2.4,10,1,10,bare,continuous,0.022859572743376095,0.003342934056590216,0.0183330699801445,0.026304302737116814,0.023941345512866974,0.022859572743376095
probe_01122_spk03.wav,/home/hye0n/projects/cnn-based-audio-pii-classification/src/cnn/data_probe/output/probe_01122_spk03.wav,삼공육사사이일이일사.,3064421214,,female,spk03,probe_bare_10,probe,1,3.6,10,1,10,bare,continuous,0.005315232478703062,0.0015178565354727839,0.0036186303477734327,0.007302387617528439,0.005024679470807314,0.005315232478703062
probe_01123_spk04.wav,/home/hye0n/projects/cnn-based-audio-pii-classification/src/cnn/data_probe/output/probe_01123_spk04.wav,육일사칠육팔삼사이공.,6147683420,,male,spk04,probe_bare_10,probe,1,2.24,10,1,10,bare,continuous,0.045215499276916184,0.029729936716523547,0.012085916474461555,0.08419962972402573,0.039360951632261276,0.045215499276916184
probe_01124_spk05.wav,/home/hye0n/projects/cnn-based-audio-pii-classification/src/cnn/data_probe/output/probe_01124_spk05.wav,일육오사이삼오육칠칠.,1654235677,,female,spk05,probe_bare_10,probe,1,2.08,10,1,10,bare,continuous,0.02280860487371683,0.013012151453968175,0.008515319786965847,0.03999270871281624,0.019917786121368408,0.02280860487371683
probe_01125_spk06.wav,/home/hye0n/projects/cnn-based-audio-pii-classification/src/cnn/data_probe/output/probe_01125_spk06.wav,팔이육오구육공팔구삼.,8265960893,,male,spk06,probe_bare_10,probe,1,2.4,10,1,10,bare,continuous,0.005782795526708166,0.0017759971236896964,0.00379562028683722,0.008106646127998829,0.005446120165288448,0.005782795526708166
probe_01126_spk07.wav,/home/hye0n/projects/cnn-based-audio-pii-classification/src/cnn/data_probe/output/probe_01126_spk07.wav,일구구이오오공이칠이.,1992550272,,female,spk07,probe_bare_10,probe,1,1.68,10,1,10,bare,continuous,0.02903753922631343,0.015819322126166144,0.009851577691733837,0.04859548807144165,0.02866555191576481,0.02903753922631343
probe_01127_spk08.wav,/home/hye0n/projects/cnn-based-audio-pii-classification/src/cnn/data_probe/output/probe_01127_spk08.wav,칠오일육사팔공칠이칠.,7516480727,,male,spk08,probe_bare_10,probe,1,2.56,10,1,10,bare,continuous,0.030580826103687286,0.022016902011174816,0.01405363343656063,0.06169731914997101,0.01599152572453022,0.030580826103687286
probe_01128_spk09.wav,/home/hye0n/projects/cnn-based-audio-pii-classification/src/cnn/data_probe/output/probe_01128_spk09.wav,구일공삼삼육팔이구육.,9103368296,,female,spk09,probe_bare_10,probe,1,2.32,10,1,10,bare,continuous,0.22942969078818956,0.2281536576217573,0.04350356385111809,0.5507668852806091,0.09401862323284149,0.22942969078818956
probe_01129_spk10.wav,/home/hye0n/projects/cnn-based-audio-pii-classification/src/cnn/data_probe/output/probe_01129_spk10.wav,삼오삼삼구공오오공사.,3533905504,,male,spk10,probe_bare_10,probe,1,2.56,10,1,10,bare,continuous,0.008245351569106182,0.0019653658301144266,0.005602035205811262,0.008822930976748466,0.010311088524758816,0.008245351569106182
probe_01130_spk11.wav,/home/hye0n/projects/cnn-based-audio-pii-classification/src/cnn/data_probe/output/probe_01130_spk11.wav,사팔일칠칠육육오오팔.,4817766558,,female,spk11,probe_bare_10,probe,1,2.88,10,1,10,bare,continuous,0.027351244042317074,0.019060725586465307,0.0089335385710001,0.053605858236551285,0.019514335319399834,0.027351244042317074
probe_01131_spk12.wav,/home/hye0n/projects/cnn-based-audio-pii-classification/src/cnn/data_probe/output/probe_01131_spk12.wav,육팔오일이칠육오이팔.,6851276528,,male,spk12,probe_bare_10,probe,1,2.08,10,1,10,bare,continuous,0.0022106394559765854,0.0004061771756859236,0.0021328460425138474,0.0027424164582043886,0.0017566558672115207,0.0022106394559765854
probe_01132_spk13.wav,/home/hye0n/projects/cnn-based-audio-pii-classification/src/cnn/data_probe/output/probe_01132_spk13.wav,구이팔육육사육사구일.,9286646491,,male,spk13,probe_bare_10,probe,1,2.32,10,1,10,bare,continuous,0.007912251011778912,0.005416885992155413,0.0030179163441061974,0.015463151969015598,0.005255684722214937,0.007912251011778912
probe_01133_spk14.wav,/home/hye0n/projects/cnn-based-audio-pii-classification/src/cnn/data_probe/output/probe_01133_spk14.wav,일일일공구육일칠구팔.,1110961798,,female,spk14,probe_bare_10,probe,1,3.12,10,1,10,bare,continuous,0.028789228449265163,0.0054365224162652905,0.02119646966457367,0.031538624316453934,0.03363259136676788,0.028789228449265163
probe_01134_spk01.wav,/home/hye0n/projects/cnn-based-audio-pii-classification/src/cnn/data_probe/output/probe_01134_spk01.wav,일칠팔구공사육삼삼칠.,1789046337,,female,spk01,probe_bare_10,probe,1,2.96,10,1,10,bare,continuous,0.17035186601181826,0.13487320588947688,0.020285556092858315,0.3473470211029053,0.14342302083969116,0.17035186601181826
probe_01135_spk02.wav,/home/hye0n/projects/cnn-based-audio-pii-classification/src/cnn/data_probe/output/probe_01135_spk02.wav,팔육일삼칠일오칠육육.,8613715766,,male,spk02,probe_bare_10,probe,1,2.72,10,1,10,bare,continuous,0.045582679410775505,0.038274802309890874,0.015871912240982056,0.09962216019630432,0.02125396579504013,0.045582679410775505
probe_01136_spk03.wav,/home/hye0n/projects/cnn-based-audio-pii-classification/src/cnn/data_probe/output/probe_01136_spk03.wav,공오삼팔사사사사육삼.,0538444463,,female,spk03,probe_bare_10,probe,1,2.56,10,1,10,bare,continuous,0.008047864927599827,0.004018823551089581,0.0034155352041125298,0.013215793296694756,0.007512266281992197,0.008047864927599827
probe_01137_spk04.wav,/home/hye0n/projects/cnn-based-audio-pii-classification/src/cnn/data_probe/output/probe_01137_spk04.wav,공육공공공이오팔구오.,0600025895,,male,spk04,probe_bare_10,probe,1,2.8,10,1,10,bare,continuous,0.055375564843416214,0.05446725097664242,0.010364977642893791,0.13201548159122467,0.02374623529613018,0.055375564843416214
probe_01138_spk05.wav,/home/hye0n/projects/cnn-based-audio-pii-classification/src/cnn/data_probe/output/probe_01138_spk05.wav,오이구육삼팔육삼구육.,5296386396,,female,spk05,probe_bare_10,probe,1,2.0,10,1,10,bare,continuous,0.015447806722174088,0.009491794154915783,0.006133916322141886,0.02847612090408802,0.011733382940292358,0.015447806722174088
probe_01139_spk06.wav,/home/hye0n/projects/cnn-based-audio-pii-classification/src/cnn/data_probe/output/probe_01139_spk06.wav,공구육이육이육오팔이.,0962626582,,male,spk06,probe_bare_10,probe,1,1.92,10,1,10,bare,continuous,0.0042533705321451025,0.0027455114640729658,0.0022163693793118,0.008134513162076473,0.0024092290550470352,0.0042533705321451025
probe_01140_spk07.wav,/home/hye0n/projects/cnn-based-audio-pii-classification/src/cnn/data_probe/output/probe_01140_spk07.wav,육삼일이팔일구육사팔.,6312819648,,female,spk07,probe_bare_10,probe,1,2.16,10,1,10,bare,continuous,0.012517944754411777,0.003960849778510337,0.0073218741454184055,0.016927922144532204,0.013304037973284721,0.012517944754411777
probe_01141_spk08.wav,/home/hye0n/projects/cnn-based-audio-pii-classification/src/cnn/data_probe/output/probe_01141_spk08.wav,이오삼일일공육공구이.,2531106092,,male,spk08,probe_bare_10,probe,1,2.16,10,1,10,bare,continuous,0.01069248327985406,0.00306522726198441,0.014003679156303406,0.006613991688936949,0.011459778994321823,0.01069248327985406
probe_01142_spk09.wav,/home/hye0n/projects/cnn-based-audio-pii-classification/src/cnn/data_probe/output/probe_01142_spk09.wav,공구팔일구육공이칠오.,0981960275,,female,spk09,probe_bare_10,probe,1,1.92,10,1,10,bare,continuous,0.012812620184073845,0.011913346154026403,0.0038373232819139957,0.02964833565056324,0.004952201619744301,0.012812620184073845
probe_01143_spk10.wav,/home/hye0n/projects/cnn-based-audio-pii-classification/src/cnn/data_probe/output/probe_01143_spk10.wav,이삼삼사삼팔삼육사공.,2334383640,,male,spk10,probe_bare_10,probe,1,2.08,10,1,10,bare,continuous,0.006437097132826845,0.0022152356360300896,0.008953435346484184,0.006795076187700033,0.003562779864296317,0.006437097132826845
probe_01144_spk11.wav,/home/hye0n/projects/cnn-based-audio-pii-classification/src/cnn/data_probe/output/probe_01144_spk11.wav,사일이공구일일칠구일.,4120911791,,female,spk11,probe_bare_10,probe,1,2.8,10,1,10,bare,continuous,0.01841910198951761,0.008898135057640068,0.00775296101346612,0.029534930363297462,0.017969414591789246,0.01841910198951761
probe_01145_spk12.wav,/home/hye0n/projects/cnn-based-audio-pii-classification/src/cnn/data_probe/output/probe_01145_spk12.wav,일이사사이일일칠오삼.,1244211753,,male,spk12,probe_bare_10,probe,1,1.76,10,1,10,bare,continuous,0.0035290258626143136,0.00024808263976543204,0.003859196323901415,0.003261188045144081,0.0034666932187974453,0.0035290258626143136
probe_01146_spk13.wav,/home/hye0n/projects/cnn-based-audio-pii-classification/src/cnn/data_probe/output/probe_01146_spk13.wav,육일칠공육일칠일삼육.,6170617136,,male,spk13,probe_bare_10,probe,1,2.0,10,1,10,bare,continuous,0.0031111033943792186,0.0007111653588771786,0.002361268736422062,0.004066490568220615,0.002905550878494978,0.0031111033943792186
probe_01147_spk14.wav,/home/hye0n/projects/cnn-based-audio-pii-classification/src/cnn/data_probe/output/probe_01147_spk14.wav,육오칠이이사공이구구.,6572240299,,female,spk14,probe_bare_10,probe,1,2.32,10,1,10,bare,continuous,0.057240502908825874,0.03256114227267923,0.028091629967093468,0.04094263166189194,0.10268724709749222,0.057240502908825874
probe_01148_spk01.wav,/home/hye0n/projects/cnn-based-audio-pii-classification/src/cnn/data_probe/output/probe_01148_spk01.wav,공일오오칠구구팔공이.,0155799802,,female,spk01,probe_bare_10,probe,1,2.8,10,1,10,bare,continuous,0.30895478278398514,0.15095818247721013,0.09580820053815842,0.40508967638015747,0.4259664714336395,0.30895478278398514
probe_01149_spk02.wav,/home/hye0n/projects/cnn-based-audio-pii-classification/src/cnn/data_probe/output/probe_01149_spk02.wav,팔사일삼구공팔공팔팔.,8413908088,,male,spk02,probe_bare_10,probe,1,2.64,10,1,10,bare,continuous,0.008534302624563376,0.003984491884090431,0.005655053071677685,0.014168770052492619,0.005779084749519825,0.008534302624563376
probe_01150_spk03.wav,/home/hye0n/projects/cnn-based-audio-pii-classification/src/cnn/data_probe/output/probe_01150_spk03.wav,이삼오일삼공오이삼일.,2351305231,,female,spk03,probe_bare_10,probe,1,2.32,10,1,10,bare,continuous,0.03363714056710402,0.017449904028864587,0.025285834446549416,0.05792349949479103,0.01770208775997162,0.03363714056710402
probe_01151_spk04.wav,/home/hye0n/projects/cnn-based-audio-pii-classification/src/cnn/data_probe/output/probe_01151_spk04.wav,이사사칠삼일오팔사칠.,2447315847,,male,spk04,probe_bare_10,probe,1,2.48,10,1,10,bare,continuous,0.004893037800987561,0.0009678208314279268,0.0035727880895137787,0.005865766666829586,0.00524055864661932,0.004893037800987561
probe_01152_spk05.wav,/home/hye0n/projects/cnn-based-audio-pii-classification/src/cnn/data_probe/output/probe_01152_spk05.wav,칠육팔육삼사이삼사육.,7686342346,,female,spk05,probe_bare_10,probe,1,2.0,10,1,10,bare,continuous,0.05382788212349018,0.05992513599209974,0.008464783430099487,0.13850277662277222,0.01451608631759882,0.05382788212349018
probe_01153_spk06.wav,/home/hye0n/projects/cnn-based-audio-pii-classification/src/cnn/data_probe/output/probe_01153_spk06.wav,일구구사이삼칠육칠육.,1994237676,,male,spk06,probe_bare_10,probe,1,2.0,10,1,10,bare,continuous,0.0037788531432549157,0.001246202286753332,0.002388997469097376,0.0035352949053049088,0.005412267055362463,0.0037788531432549157
probe_01154_spk07.wav,/home/hye0n/projects/cnn-based-audio-pii-classification/src/cnn/data_probe/output/probe_01154_spk07.wav,구사오구일구육육삼구.,9459196639,,female,spk07,probe_bare_10,probe,1,2.32,10,1,10,bare,continuous,0.07193068414926529,0.049739286800130414,0.0458628311753273,0.14154504239559174,0.02838417887687683,0.07193068414926529
probe_01155_spk08.wav,/home/hye0n/projects/cnn-based-audio-pii-classification/src/cnn/data_probe/output/probe_01155_spk08.wav,오오일칠이공팔사구육.,5517208496,,male,spk08,probe_bare_10,probe,1,2.32,10,1,10,bare,continuous,0.010019166395068169,0.004465491911765471,0.004740086384117603,0.015660274773836136,0.009657138027250767,0.010019166395068169
probe_01156_spk09.wav,/home/hye0n/projects/cnn-based-audio-pii-classification/src/cnn/data_probe/output/probe_01156_spk09.wav,사구팔오육공일이오육.,4985601256,,female,spk09,probe_bare_10,probe,1,1.68,10,1,10,bare,continuous,0.017296467597285908,0.018443672473658076,0.0043415408581495285,0.04337956756353378,0.004168294370174408,0.017296467597285908
probe_01157_spk10.wav,/home/hye0n/projects/cnn-based-audio-pii-classification/src/cnn/data_probe/output/probe_01157_spk10.wav,이오삼일삼오오이오일.,2531355251,,male,spk10,probe_bare_10,probe,1,2.48,10,1,10,bare,continuous,0.004106613031278054,9.362968440591755e-05,0.004013128113001585,0.004072144627571106,0.004234566353261471,0.004106613031278054
probe_01158_spk11.wav,/home/hye0n/projects/cnn-based-audio-pii-classification/src/cnn/data_probe/output/probe_01158_spk11.wav,공오공오삼칠구오삼팔.,0505379538,,female,spk11,probe_bare_10,probe,1,3.84,10,1,10,bare,continuous,0.0057824477553367615,0.003245967686475538,0.003606489161029458,0.010370907373726368,0.0033699467312544584,0.0057824477553367615
probe_01159_spk12.wav,/home/hye0n/projects/cnn-based-audio-pii-classification/src/cnn/data_probe/output/probe_01159_spk12.wav,일육사구삼팔삼일팔사.,1649383184,,male,spk12,probe_bare_10,probe,1,2.48,10,1,10,bare,continuous,0.02407849207520485,0.005267423430583778,0.017502084374427795,0.0303968396037817,0.024336552247405052,0.02407849207520485
probe_01160_spk13.wav,/home/hye0n/projects/cnn-based-audio-pii-classification/src/cnn/data_probe/output/probe_01160_spk13.wav,구일구육육오오삼삼공칠칠.,919665533077,,male,spk13,probe_bare_12,probe,1,2.8,12,1,12,bare,continuous,0.057603598882754646,0.025239676681174893,0.0329599566757679,0.09228789061307907,0.04756294935941696,0.057603598882754646
probe_01161_spk14.wav,/home/hye0n/projects/cnn-based-audio-pii-classification/src/cnn/data_probe/output/probe_01161_spk14.wav,공사육일일칠이구오구육삼.,046117295963,,female,spk14,probe_bare_12,probe,1,2.8,12,1,12,bare,continuous,0.1567570020755132,0.07630408648855687,0.049078136682510376,0.21671336889266968,0.20447950065135956,0.1567570020755132
probe_01162_spk01.wav,/home/hye0n/projects/cnn-based-audio-pii-classification/src/cnn/data_probe/output/probe_01162_spk01.wav,구공사공구공칠사이육공팔.,904090742608,,female,spk01,probe_bare_12,probe,1,2.88,12,1,12,bare,continuous,0.2670363249878089,0.15820227474515322,0.04367454722523689,0.3675782382488251,0.3898561894893646,0.2670363249878089
probe_01163_spk02.wav,/home/hye0n/projects/cnn-based-audio-pii-classification/src/cnn/data_probe/output/probe_01163_spk02.wav,팔공오공일칠일육사사오오.,805017164455,,male,spk02,probe_bare_12,probe,1,2.48,12,1,12,bare,continuous,0.1358091893295447,0.06707992665062212,0.044277358800172806,0.1599876582622528,0.2031625509262085,0.1358091893295447
probe_01164_spk03.wav,/home/hye0n/projects/cnn-based-audio-pii-classification/src/cnn/data_probe/output/probe_01164_spk03.wav,육일팔오칠구공육사칠칠일.,618579064771,,female,spk03,probe_bare_12,probe,1,2.72,12,1,12,bare,continuous,0.05436409388979276,0.016743472782217883,0.03126206248998642,0.06141645088791847,0.07041376829147339,0.05436409388979276
probe_01165_spk04.wav,/home/hye0n/projects/cnn-based-audio-pii-classification/src/cnn/data_probe/output/probe_01165_spk04.wav,오구일공삼공공이일오육삼.,591030021563,,male,spk04,probe_bare_12,probe,1,2.56,12,1,12,bare,continuous,0.10486300972600777,0.08282825197819366,0.02028888277709484,0.21733690798282623,0.07696323841810226,0.10486300972600777
probe_01166_spk05.wav,/home/hye0n/projects/cnn-based-audio-pii-classification/src/cnn/data_probe/output/probe_01166_spk05.wav,이일삼오팔공공사공일공사.,213580040104,,female,spk05,probe_bare_12,probe,1,3.52,12,1,12,bare,continuous,0.42201777795950574,0.1863785788505755,0.4104669690132141,0.1997462660074234,0.6558400988578796,0.42201777795950574
probe_01167_spk06.wav,/home/hye0n/projects/cnn-based-audio-pii-classification/src/cnn/data_probe/output/probe_01167_spk06.wav,일사오구육사이이구칠일이.,145964229712,,male,spk06,probe_bare_12,probe,1,2.4,12,1,12,bare,continuous,0.004040752615158756,0.0006014833959713324,0.0032054849434643984,0.004597739782184362,0.004319033119827509,0.004040752615158756
probe_01168_spk07.wav,/home/hye0n/projects/cnn-based-audio-pii-classification/src/cnn/data_probe/output/probe_01168_spk07.wav,오이구육칠일팔팔삼구칠칠.,529671883977,,female,spk07,probe_bare_12,probe,1,2.48,12,1,12,bare,continuous,0.13907243063052496,0.10828995386857197,0.07660657167434692,0.29139864444732666,0.049212075769901276,0.13907243063052496
probe_01169_spk08.wav,/home/hye0n/projects/cnn-based-audio-pii-classification/src/cnn/data_probe/output/probe_01169_spk08.wav,사오칠삼일사사일오팔삼삼.,457314415833,,male,spk08,probe_bare_12,probe,1,3.68,12,1,12,bare,continuous,0.6110689143339793,0.13864410785890063,0.420955091714859,0.6645826697349548,0.747668981552124,0.6110689143339793
probe_01170_spk09.wav,/home/hye0n/projects/cnn-based-audio-pii-classification/src/cnn/data_probe/output/probe_01170_spk09.wav,일일칠공삼공삼칠육삼칠일.,117030376371,,female,spk09,probe_bare_12,probe,1,3.52,12,1,12,bare,continuous,0.7977819045384725,0.08870428475434955,0.8440868854522705,0.8755975365638733,0.6736612915992737,0.7977819045384725
probe_01171_spk10.wav,/home/hye0n/projects/cnn-based-audio-pii-classification/src/cnn/data_probe/output/probe_01171_spk10.wav,오삼구팔팔오사칠이팔일이.,539885472812,,male,spk10,probe_bare_12,probe,1,2.56,12,1,12,bare,continuous,0.006979300330082576,0.0034924763403714207,0.003182206768542528,0.011613289825618267,0.006142404396086931,0.006979300330082576
probe_01172_spk11.wav,/home/hye0n/projects/cnn-based-audio-pii-classification/src/cnn/data_probe/output/probe_01172_spk11.wav,삼오육칠구팔삼육삼일사육.,356798363146,,female,spk11,probe_bare_12,probe,1,3.6,12,1,12,bare,continuous,0.240924051652352,0.21197353327712812,0.05593964830040932,0.1291254162788391,0.5377070903778076,0.240924051652352
probe_01173_spk12.wav,/home/hye0n/projects/cnn-based-audio-pii-classification/src/cnn/data_probe/output/probe_01173_spk12.wav,이사구일이칠일일삼공칠이.,249127113072,,male,spk12,probe_bare_12,probe,1,1.92,12,1,12,bare,continuous,0.0037637698308875165,0.0013195785719354312,0.0026074128691107035,0.005610435735434294,0.003073460888117552,0.0037637698308875165
probe_01174_spk13.wav,/home/hye0n/projects/cnn-based-audio-pii-classification/src/cnn/data_probe/output/probe_01174_spk13.wav,사공칠팔칠오사일팔일오육.,407875418156,,male,spk13,probe_bare_12,probe,1,2.24,12,1,12,bare,continuous,0.020591624391575653,0.013273310357134643,0.009003084152936935,0.013597209937870502,0.039174579083919525,0.020591624391575653
probe_01175_spk14.wav,/home/hye0n/projects/cnn-based-audio-pii-classification/src/cnn/data_probe/output/probe_01175_spk14.wav,삼이육팔육팔오공칠사오일.,326868507451,,female,spk14,probe_bare_12,probe,1,2.8,12,1,12,bare,continuous,0.23957665637135506,0.15247769899482636,0.04682430252432823,0.41967302560806274,0.2522326409816742,0.23957665637135506
probe_01176_spk01.wav,/home/hye0n/projects/cnn-based-audio-pii-classification/src/cnn/data_probe/output/probe_01176_spk01.wav,공육육삼사삼육이구사팔구.,066343629489,,female,spk01,probe_bare_12,probe,1,3.04,12,1,12,bare,continuous,0.21107863510648409,0.1364541410376731,0.042978886514902115,0.21305260062217712,0.37720441818237305,0.21107863510648409
probe_01177_spk02.wav,/home/hye0n/projects/cnn-based-audio-pii-classification/src/cnn/data_probe/output/probe_01177_spk02.wav,칠팔육일공삼일삼일공공구.,786103131009,,male,spk02,probe_bare_12,probe,1,2.88,12,1,12,bare,continuous,0.17697794611255327,0.1272767376676443,0.03910338506102562,0.3461250364780426,0.1457054167985916,0.17697794611255327
probe_01178_spk03.wav,/home/hye0n/projects/cnn-based-audio-pii-classification/src/cnn/data_probe/output/probe_01178_spk03.wav,사삼일팔일사삼구육육육일.,431814396661,,female,spk03,probe_bare_12,probe,1,3.52,12,1,12,bare,continuous,0.49910597999890643,0.08686939178252873,0.4110325872898102,0.46896892786026,0.6173164248466492,0.49910597999890643
probe_01179_spk04.wav,/home/hye0n/projects/cnn-based-audio-pii-classification/src/cnn/data_probe/output/probe_01179_spk04.wav,삼사칠삼이삼오사구사공일.,347323549401,,male,spk04,probe_bare_12,probe,1,2.8,12,1,12,bare,continuous,0.14590606838464737,0.04254943368802937,0.08744432777166367,0.16279391944408417,0.18747995793819427,0.14590606838464737
probe_01180_spk05.wav,/home/hye0n/projects/cnn-based-audio-pii-classification/src/cnn/data_probe/output/probe_01180_spk05.wav,이팔구칠사삼이오일이이오.,289743251225,,female,spk05,probe_bare_12,probe,1,2.0,12,1,12,bare,continuous,0.03755057572076718,0.023546578996449904,0.013670715503394604,0.029391344636678696,0.06958966702222824,0.03755057572076718
probe_01181_spk06.wav,/home/hye0n/projects/cnn-based-audio-pii-classification/src/cnn/data_probe/output/probe_01181_spk06.wav,칠이공칠육오공이사일이공.,720765024120,,male,spk06,probe_bare_12,probe,1,2.8,12,1,12,bare,continuous,0.006645235077788432,0.0018901527749091295,0.0053945258259773254,0.009316515177488327,0.005224664229899645,0.006645235077788432
probe_01182_spk07.wav,/home/hye0n/projects/cnn-based-audio-pii-classification/src/cnn/data_probe/output/probe_01182_spk07.wav,구오칠구공칠삼칠일공공구.,957907371009,,female,spk07,probe_bare_12,probe,1,2.96,12,1,12,bare,continuous,0.4383065054814021,0.1482847240198068,0.22926823794841766,0.5283414721488953,0.5573098063468933,0.4383065054814021
probe_01183_spk08.wav,/home/hye0n/projects/cnn-based-audio-pii-classification/src/cnn/data_probe/output/probe_01183_spk08.wav,사삼팔팔이이일일사오칠칠.,438822114577,,male,spk08,probe_bare_12,probe,1,2.64,12,1,12,bare,continuous,0.048596554125348725,0.025302216225553977,0.01282370276749134,0.06721136718988419,0.06575459241867065,0.048596554125348725
probe_01184_spk09.wav,/home/hye0n/projects/cnn-based-audio-pii-classification/src/cnn/data_probe/output/probe_01184_spk09.wav,오팔사칠사오칠공오사오팔.,584745705458,,female,spk09,probe_bare_12,probe,1,2.72,12,1,12,bare,continuous,0.008783096292366585,0.003570041754636936,0.004032547120004892,0.00967782735824585,0.01263891439884901,0.008783096292366585
probe_01185_spk10.wav,/home/hye0n/projects/cnn-based-audio-pii-classification/src/cnn/data_probe/output/probe_01185_spk10.wav,구칠일사팔공이육삼이오칠.,971480263257,,male,spk10,probe_bare_12,probe,1,2.32,12,1,12,bare,continuous,0.004709464808305104,0.002109567808848515,0.003401478985324502,0.007685589138418436,0.0030413263011723757,0.004709464808305104
probe_01186_spk11.wav,/home/hye0n/projects/cnn-based-audio-pii-classification/src/cnn/data_probe/output/probe_01186_spk11.wav,공삼구육오삼일삼육일사팔.,039653136148,,female,spk11,probe_bare_12,probe,1,3.36,12,1,12,bare,continuous,0.00904418776432673,0.001142170434117022,0.007539929822087288,0.009286673739552498,0.010305959731340408,0.00904418776432673
probe_01187_spk12.wav,/home/hye0n/projects/cnn-based-audio-pii-classification/src/cnn/data_probe/output/probe_01187_spk12.wav,칠팔이사오오육구육사사삼.,782455696443,,male,spk12,probe_bare_12,probe,1,2.4,12,1,12,bare,continuous,0.06740769371390343,0.03079052082359719,0.037230778485536575,0.10968253761529922,0.05530976504087448,0.06740769371390343
probe_01188_spk13.wav,/home/hye0n/projects/cnn-based-audio-pii-classification/src/cnn/data_probe/output/probe_01188_spk13.wav,공구팔오구일육칠구오사일.,098591679541,,male,spk13,probe_bare_12,probe,1,2.48,12,1,12,bare,continuous,0.05147618614137173,0.037814227821445195,0.021634133532643318,0.10482848435640335,0.027965940535068512,0.05147618614137173
probe_01189_spk14.wav,/home/hye0n/projects/cnn-based-audio-pii-classification/src/cnn/data_probe/output/probe_01189_spk14.wav,공칠이칠이팔사구팔이사칠.,072728498247,,female,spk14,probe_bare_12,probe,1,2.72,12,1,12,bare,continuous,0.08466071883837382,0.03705349866171512,0.058289509266614914,0.05863073840737343,0.13706190884113312,0.08466071883837382
probe_01190_spk01.wav,/home/hye0n/projects/cnn-based-audio-pii-classification/src/cnn/data_probe/output/probe_01190_spk01.wav,사일사공칠공삼사구일공칠.,414070349107,,female,spk01,probe_bare_12,probe,1,3.28,12,1,12,bare,continuous,0.4020465463399887,0.21583496778383507,0.12480844557285309,0.6512611508369446,0.43007004261016846,0.4020465463399887
probe_01191_spk02.wav,/home/hye0n/projects/cnn-based-audio-pii-classification/src/cnn/data_probe/output/probe_01191_spk02.wav,사공육오공공사이오사팔팔.,406500425488,,male,spk02,probe_bare_12,probe,1,3.2,12,1,12,bare,continuous,0.037703366639713444,0.02588246776391468,0.008709457702934742,0.032851725816726685,0.07154891639947891,0.037703366639713444
probe_01192_spk03.wav,/home/hye0n/projects/cnn-based-audio-pii-classification/src/cnn/data_probe/output/probe_01192_spk03.wav,이일사이삼육구일사삼공칠.,214236914307,,female,spk03,probe_bare_12,probe,1,2.56,12,1,12,bare,continuous,0.2978276461362839,0.19812792733655052,0.07454271614551544,0.5560644268989563,0.2628757953643799,0.2978276461362839
probe_01193_spk04.wav,/home/hye0n/projects/cnn-based-audio-pii-classification/src/cnn/data_probe/output/probe_01193_spk04.wav,오삼육육육일사사구사이구.,536661449429,,male,spk04,probe_bare_12,probe,1,2.72,12,1,12,bare,continuous,0.7024368643760681,0.07668186853299797,0.8064934015274048,0.6239635348320007,0.6768536567687988,0.7024368643760681
probe_01194_spk05.wav,/home/hye0n/projects/cnn-based-audio-pii-classification/src/cnn/data_probe/output/probe_01194_spk05.wav,육오구이삼사이육팔삼사사.,659234268344,,female,spk05,probe_bare_12,probe,1,3.12,12,1,12,bare,continuous,0.11333075910806656,0.04138342409699789,0.1683812290430069,0.06860186159610748,0.1030091866850853,0.11333075910806656
probe_01195_spk06.wav,/home/hye0n/projects/cnn-based-audio-pii-classification/src/cnn/data_probe/output/probe_01195_spk06.wav,일사구칠팔이육육일이팔칠.,149782661287,,male,spk06,probe_bare_12,probe,1,3.2,12,1,12,bare,continuous,0.01374560035765171,0.0037807112941859707,0.00882482435554266,0.014394872821867466,0.018017103895545006,0.01374560035765171
probe_01196_spk07.wav,/home/hye0n/projects/cnn-based-audio-pii-classification/src/cnn/data_probe/output/probe_01196_spk07.wav,오팔오칠오육칠육육칠공팔.,585756766708,,female,spk07,probe_bare_12,probe,1,2.56,12,1,12,bare,continuous,0.40841733912626904,0.14887842599107046,0.21153326332569122,0.571471095085144,0.4422476589679718,0.40841733912626904
probe_01197_spk08.wav,/home/hye0n/projects/cnn-based-audio-pii-classification/src/cnn/data_probe/output/probe_01197_spk08.wav,공육일이구사삼구팔오이구.,061294398529,,male,spk08,probe_bare_12,probe,1,2.64,12,1,12,bare,continuous,0.016723100406428177,0.0052287800970198615,0.013586924411356449,0.012491747736930847,0.024090629070997238,0.016723100406428177
probe_01198_spk09.wav,/home/hye0n/projects/cnn-based-audio-pii-classification/src/cnn/data_probe/output/probe_01198_spk09.wav,팔구사공육이육공칠팔칠공.,894062607870,,female,spk09,probe_bare_12,probe,1,2.4,12,1,12,bare,continuous,0.15383484897514185,0.12441831915732737,0.019673673436045647,0.12232303619384766,0.3195078372955322,0.15383484897514185
probe_01199_spk10.wav,/home/hye0n/projects/cnn-based-audio-pii-classification/src/cnn/data_probe/output/probe_01199_spk10.wav,일공사일오구일사구칠오공.,104159149750,,male,spk10,probe_bare_12,probe,1,2.48,12,1,12,bare,continuous,0.009209544708331427,0.0028088200461994896,0.01012838538736105,0.01209691446274519,0.005403334274888039,0.009209544708331427
probe_01200_spk11.wav,/home/hye0n/projects/cnn-based-audio-pii-classification/src/cnn/data_probe/output/probe_01200_spk11.wav,일구팔공삼팔이팔칠이삼이사사.,19803828723244,,female,spk11,probe_bare_14,probe,1,2.96,14,1,14,bare,continuous,0.3849165340264638,0.09000951522070011,0.2606935501098633,0.471091628074646,0.4229644238948822,0.3849165340264638
probe_01201_spk12.wav,/home/hye0n/projects/cnn-based-audio-pii-classification/src/cnn/data_probe/output/probe_01201_spk12.wav,공칠구삼일일공이구일팔일삼삼.,07931102918133,,male,spk12,probe_bare_14,probe,1,2.4,14,1,14,bare,continuous,0.019143826017777126,0.007588315089815891,0.00964205339550972,0.028214553371071815,0.01957487128674984,0.019143826017777126
probe_01202_spk13.wav,/home/hye0n/projects/cnn-based-audio-pii-classification/src/cnn/data_probe/output/probe_01202_spk13.wav,일칠공팔칠육공일사육칠이삼팔.,17087601467238,,male,spk13,probe_bare_14,probe,1,3.6,14,1,14,bare,continuous,0.9202761848767599,0.021895924177518757,0.8903152346611023,0.9420318603515625,0.9284814596176147,0.9202761848767599
probe_01203_spk14.wav,/home/hye0n/projects/cnn-based-audio-pii-classification/src/cnn/data_probe/output/probe_01203_spk14.wav,사구칠구일육이공이이삼이팔팔.,49791620223288,,female,spk14,probe_bare_14,probe,1,2.72,14,1,14,bare,continuous,0.018752236540118854,0.008723847285143565,0.007493801414966583,0.02875112183392048,0.020011786371469498,0.018752236540118854
probe_01204_spk01.wav,/home/hye0n/projects/cnn-based-audio-pii-classification/src/cnn/data_probe/output/probe_01204_spk01.wav,삼칠칠사사일구칠오사육육일칠.,37744197546617,,female,spk01,probe_bare_14,probe,1,4.24,14,1,14,bare,continuous,0.8229604760805765,0.10353817024612093,0.6900915503501892,0.9426829814910889,0.8361068964004517,0.8229604760805765
probe_01205_spk02.wav,/home/hye0n/projects/cnn-based-audio-pii-classification/src/cnn/data_probe/output/probe_01205_spk02.wav,육육이공사칠일구육공구사공구.,66204719609409,,male,spk02,probe_bare_14,probe,1,3.2,14,1,14,bare,continuous,0.8260344862937927,0.06363584391941511,0.7380569577217102,0.8864319920539856,0.8536145091056824,0.8260344862937927
probe_01206_spk03.wav,/home/hye0n/projects/cnn-based-audio-pii-classification/src/cnn/data_probe/output/probe_01206_spk03.wav,칠공오이칠칠사공이오팔팔삼오.,70527740258835,,female,spk03,probe_bare_14,probe,1,3.52,14,1,14,bare,continuous,0.8606237967809042,0.04267581944227732,0.8857454061508179,0.8955868482589722,0.8005391359329224,0.8606237967809042
probe_01207_spk04.wav,/home/hye0n/projects/cnn-based-audio-pii-classification/src/cnn/data_probe/output/probe_01207_spk04.wav,팔육팔일이이오구오칠이사사육.,86812259572446,,male,spk04,probe_bare_14,probe,1,2.64,14,1,14,bare,continuous,0.03782444975028435,0.023898549473064218,0.014086767099797726,0.07052842527627945,0.028858156874775887,0.03782444975028435
probe_01208_spk05.wav,/home/hye0n/projects/cnn-based-audio-pii-classification/src/cnn/data_probe/output/probe_01208_spk05.wav,일칠육칠구이구팔팔사이오구구.,17679298842599,,female,spk05,probe_bare_14,probe,1,3.2,14,1,14,bare,continuous,0.23225121945142746,0.12683226511812642,0.3922794461250305,0.08207400888204575,0.22240020334720612,0.23225121945142746
probe_01209_spk06.wav,/home/hye0n/projects/cnn-based-audio-pii-classification/src/cnn/data_probe/output/probe_01209_spk06.wav,오구구육일공공이삼일일칠칠오.,59961002311775,,male,spk06,probe_bare_14,probe,1,2.4,14,1,14,bare,continuous,0.031804061805208526,0.008754577989240491,0.031115539371967316,0.04285385459661484,0.02144279144704342,0.031804061805208526
probe_01210_spk07.wav,/home/hye0n/projects/cnn-based-audio-pii-classification/src/cnn/data_probe/output/probe_01210_spk07.wav,삼삼일이육육일공구사일공일칠.,33126610941017,,female,spk07,probe_bare_14,probe,1,3.68,14,1,14,bare,continuous,0.8071651657422384,0.04698161866358258,0.8215933442115784,0.7437836527824402,0.8561185002326965,0.8071651657422384
probe_01211_spk08.wav,/home/hye0n/projects/cnn-based-audio-pii-classification/src/cnn/data_probe/output/probe_01211_spk08.wav,오구공이오일칠육이구팔삼삼사.,59025176298334,,male,spk08,probe_bare_14,probe,1,3.04,14,1,14,bare,continuous,0.42386723061402637,0.20203443831874857,0.2480938881635666,0.31667783856391907,0.7068299651145935,0.42386723061402637
probe_01212_spk09.wav,/home/hye0n/projects/cnn-based-audio-pii-classification/src/cnn/data_probe/output/probe_01212_spk09.wav,칠칠사삼삼이육팔삼일구공일삼.,77433268319013,,female,spk09,probe_bare_14,probe,1,2.88,14,1,14,bare,continuous,0.2383347029487292,0.1088403354158996,0.08526947349309921,0.3289245069026947,0.3008101284503937,0.2383347029487292
probe_01213_spk10.wav,/home/hye0n/projects/cnn-based-audio-pii-classification/src/cnn/data_probe/output/probe_01213_spk10.wav,공이공오육구팔일오이팔칠삼삼.,02056981528733,,male,spk10,probe_bare_14,probe,1,2.88,14,1,14,bare,continuous,0.2464963048696518,0.0843121821595381,0.12843020260334015,0.3199554681777954,0.2911032438278198,0.2464963048696518
probe_01214_spk11.wav,/home/hye0n/projects/cnn-based-audio-pii-classification/src/cnn/data_probe/output/probe_01214_spk11.wav,구칠팔오오구팔이일칠육육일구.,97855982176619,,female,spk11,probe_bare_14,probe,1,3.52,14,1,14,bare,continuous,0.7196037570635477,0.0660696739506787,0.634829580783844,0.7960174083709717,0.7279642820358276,0.7196037570635477
probe_01215_spk12.wav,/home/hye0n/projects/cnn-based-audio-pii-classification/src/cnn/data_probe/output/probe_01215_spk12.wav,일이팔사일일칠삼공구팔오공삼.,12841173098503,,male,spk12,probe_bare_14,probe,1,2.96,14,1,14,bare,continuous,0.10377727448940277,0.035589181804731085,0.061484768986701965,0.14855386316776276,0.10129319131374359,0.10377727448940277
probe_01216_spk13.wav,/home/hye0n/projects/cnn-based-audio-pii-classification/src/cnn/data_probe/output/probe_01216_spk13.wav,사사육오일이사일팔구삼팔구팔.,44651241893898,,male,spk13,probe_bare_14,probe,1,2.72,14,1,14,bare,continuous,0.08775446936488152,0.08171904533273328,0.027308162301778793,0.20328111946582794,0.03267412632703781,0.08775446936488152
probe_01217_spk14.wav,/home/hye0n/projects/cnn-based-audio-pii-classification/src/cnn/data_probe/output/probe_01217_spk14.wav,사육구공팔일구칠사공공오육사.,46908197400564,,female,spk14,probe_bare_14,probe,1,3.04,14,1,14,bare,continuous,0.18008375664552054,0.12358879492639373,0.028585225343704224,0.331314355134964,0.18035168945789337,0.18008375664552054
probe_01218_spk01.wav,/home/hye0n/projects/cnn-based-audio-pii-classification/src/cnn/data_probe/output/probe_01218_spk01.wav,삼오공이삼팔오공삼칠일구구공.,35023850371990,,female,spk01,probe_bare_14,probe,1,3.04,14,1,14,bare,continuous,0.5710480709870657,0.22272167599655132,0.25807246565818787,0.7582298517227173,0.6968418955802917,0.5710480709870657
probe_01219_spk02.wav,/home/hye0n/projects/cnn-based-audio-pii-classification/src/cnn/data_probe/output/probe_01219_spk02.wav,오일육구구일팔칠이사공일공칠.,51699187240107,,male,spk02,probe_bare_14,probe,1,2.96,14,1,14,bare,continuous,0.18015962342421213,0.06567037775352873,0.17348584532737732,0.26371803879737854,0.10327498614788055,0.18015962342421213
probe_01220_spk03.wav,/home/hye0n/projects/cnn-based-audio-pii-classification/src/cnn/data_probe/output/probe_01220_spk03.wav,팔삼오육칠사삼공공공삼팔구육.,83567430003896,,female,spk03,probe_bare_14,probe,1,3.84,14,1,14,bare,continuous,0.9022909998893738,0.08996647980889651,0.7751846313476562,0.9707359671592712,0.9609524011611938,0.9022909998893738
probe_01221_spk04.wav,/home/hye0n/projects/cnn-based-audio-pii-classification/src/cnn/data_probe/output/probe_01221_spk04.wav,공팔칠공육육이육육팔이일칠일.,08706626682171,,male,spk04,probe_bare_14,probe,1,2.72,14,1,14,bare,continuous,0.5396803021430969,0.13035867775298934,0.6310065984725952,0.6327064037322998,0.35532790422439575,0.5396803021430969
probe_01222_spk05.wav,/home/hye0n/projects/cnn-based-audio-pii-classification/src/cnn/data_probe/output/probe_01222_spk05.wav,구오오삼오육공삼삼일구공삼육.,95535603319036,,female,spk05,probe_bare_14,probe,1,3.04,14,1,14,bare,continuous,0.4392843743165334,0.2921280851777999,0.07841023802757263,0.44555020332336426,0.7938926815986633,0.4392843743165334
probe_01223_spk06.wav,/home/hye0n/projects/cnn-based-audio-pii-classification/src/cnn/data_probe/output/probe_01223_spk06.wav,팔구공공삼공일공이칠이사공오.,89003010272405,,male,spk06,probe_bare_14,probe,1,3.04,14,1,14,bare,continuous,0.07189615815877914,0.006230452168857151,0.07341016829013824,0.07865637540817261,0.06362193077802658,0.07189615815877914
probe_01224_spk07.wav,/home/hye0n/projects/cnn-based-audio-pii-classification/src/cnn/data_probe/output/probe_01224_spk07.wav,오구삼사이구육칠일일일사팔삼.,59342967111483,,female,spk07,probe_bare_14,probe,1,2.48,14,1,14,bare,continuous,0.20132329563299814,0.11792412158256912,0.035724565386772156,0.2670363187789917,0.3012090027332306,0.20132329563299814
probe_01225_spk08.wav,/home/hye0n/projects/cnn-based-audio-pii-classification/src/cnn/data_probe/output/probe_01225_spk08.wav,칠오삼칠사오팔사삼팔사오팔팔.,75374584384588,,male,spk08,probe_bare_14,probe,1,3.52,14,1,14,bare,continuous,0.8507264057795206,0.068916698554914,0.9474531412124634,0.7920082807540894,0.8127177953720093,0.8507264057795206
probe_01226_spk09.wav,/home/hye0n/projects/cnn-based-audio-pii-classification/src/cnn/data_probe/output/probe_01226_spk09.wav,일공오육구칠사일삼이팔삼사팔.,10569741328348,,female,spk09,probe_bare_14,probe,1,2.8,14,1,14,bare,continuous,0.012814107351005077,0.003199721582590484,0.008382724598050117,0.01423641201108694,0.015823185443878174,0.012814107351005077
probe_01227_spk10.wav,/home/hye0n/projects/cnn-based-audio-pii-classification/src/cnn/data_probe/output/probe_01227_spk10.wav,삼일오이공삼칠칠일공칠공사사.,31520377107044,,male,spk10,probe_bare_14,probe,1,3.52,14,1,14,bare,continuous,0.23889860262473425,0.10540591311164026,0.10136427730321884,0.25787779688835144,0.35745373368263245,0.23889860262473425
probe_01228_spk11.wav,/home/hye0n/projects/cnn-based-audio-pii-classification/src/cnn/data_probe/output/probe_01228_spk11.wav,구육사일공사구육칠공육육칠공.,96410496706670,,female,spk11,probe_bare_14,probe,1,3.84,14,1,14,bare,continuous,0.9003810087839762,0.043639377473514526,0.8418235182762146,0.9465374946594238,0.9127820134162903,0.9003810087839762
probe_01229_spk12.wav,/home/hye0n/projects/cnn-based-audio-pii-classification/src/cnn/data_probe/output/probe_01229_spk12.wav,삼삼육이육팔공사공팔오공구오.,33626804085095,,male,spk12,probe_bare_14,probe,1,2.96,14,1,14,bare,continuous,0.1067133570710818,0.10624660913294547,0.017932262271642685,0.2560846209526062,0.046123187988996506,0.1067133570710818
probe_01230_spk13.wav,/home/hye0n/projects/cnn-based-audio-pii-classification/src/cnn/data_probe/output/probe_01230_spk13.wav,사구삼공오구육육공일팔육사팔.,49305966018648,,male,spk13,probe_bare_14,probe,1,3.28,14,1,14,bare,continuous,0.8802034656206766,0.06579899889133915,0.8922820687294006,0.9540693759918213,0.7942589521408081,0.8802034656206766
probe_01231_spk14.wav,/home/hye0n/projects/cnn-based-audio-pii-classification/src/cnn/data_probe/output/probe_01231_spk14.wav,칠육구구팔사이육칠삼이공사사.,76998426732044,,female,spk14,probe_bare_14,probe,1,3.12,14,1,14,bare,continuous,0.17499673863252005,0.07501184636872447,0.07875429093837738,0.18447589874267578,0.26176002621650696,0.17499673863252005
probe_01232_spk01.wav,/home/hye0n/projects/cnn-based-audio-pii-classification/src/cnn/data_probe/output/probe_01232_spk01.wav,일삼팔사오구육공구사오사사구.,13845960945449,,female,spk01,probe_bare_14,probe,1,3.44,14,1,14,bare,continuous,0.3437669326861699,0.24164238403127936,0.09602473676204681,0.671487033367157,0.26378902792930603,0.3437669326861699
probe_01233_spk02.wav,/home/hye0n/projects/cnn-based-audio-pii-classification/src/cnn/data_probe/output/probe_01233_spk02.wav,공일사구오사이칠칠공칠공칠공.,01495427707070,,male,spk02,probe_bare_14,probe,1,3.68,14,1,14,bare,continuous,0.038078103214502335,0.013893616084442643,0.034882914274930954,0.022886060178279877,0.05646533519029617,0.038078103214502335
probe_01234_spk03.wav,/home/hye0n/projects/cnn-based-audio-pii-classification/src/cnn/data_probe/output/probe_01234_spk03.wav,오칠팔삼육공구일사구팔오일칠.,57836091498517,,female,spk03,probe_bare_14,probe,1,3.92,14,1,14,bare,continuous,0.6996041536331177,0.2639641152872897,0.32775574922561646,0.8570300340652466,0.91402667760849,0.6996041536331177
probe_01235_spk04.wav,/home/hye0n/projects/cnn-based-audio-pii-classification/src/cnn/data_probe/output/probe_01235_spk04.wav,이사사사칠이삼이이구공삼일공.,24447232290310,,male,spk04,probe_bare_14,probe,1,2.72,14,1,14,bare,continuous,0.06487636889020602,0.04403840645438487,0.039338935166597366,0.1268380880355835,0.028452083468437195,0.06487636889020602
probe_01236_spk05.wav,/home/hye0n/projects/cnn-based-audio-pii-classification/src/cnn/data_probe/output/probe_01236_spk05.wav,이팔칠구오공팔삼공사사공오팔.,28795083044058,,female,spk05,probe_bare_14,probe,1,3.04,14,1,14,bare,continuous,0.5102909803390503,0.07439340327544797,0.4082944393157959,0.5389487743377686,0.5836297273635864,0.5102909803390503
probe_01237_spk06.wav,/home/hye0n/projects/cnn-based-audio-pii-classification/src/cnn/data_probe/output/probe_01237_spk06.wav,공구삼오일일팔칠일팔일삼삼오.,09351187181335,,male,spk06,probe_bare_14,probe,1,2.56,14,1,14,bare,continuous,0.015202964035173258,0.005504332359406959,0.012037345208227634,0.010626986622810364,0.022944560274481773,0.015202964035173258
probe_01238_spk07.wav,/home/hye0n/projects/cnn-based-audio-pii-classification/src/cnn/data_probe/output/probe_01238_spk07.wav,구오육일육사이공오구오오육오.,95616420595565,,female,spk07,probe_bare_14,probe,1,2.96,14,1,14,bare,continuous,0.472444752852122,0.1428688941956676,0.27084630727767944,0.5848986506462097,0.5615893006324768,0.472444752852122
probe_01239_spk08.wav,/home/hye0n/projects/cnn-based-audio-pii-classification/src/cnn/data_probe/output/probe_01239_spk08.wav,칠사구공이오공사이구공일구삼.,74902504290193,,male,spk08,probe_bare_14,probe,1,3.52,14,1,14,bare,continuous,0.8164052963256836,0.025156796929234615,0.7813430428504944,0.8287138342857361,0.8391590118408203,0.8164052963256836
probe_01240_spk09.wav,/home/hye0n/projects/cnn-based-audio-pii-classification/src/cnn/data_probe/output/probe_01240_spk09.wav,오팔팔구오삼육구공이육일일삼구팔.,5889536902611398,,female,spk09,probe_bare_16,probe,1,3.28,16,1,16,bare,continuous,0.6145458320776621,0.17168462479826935,0.42688366770744324,0.841795802116394,0.5749580264091492,0.6145458320776621
probe_01241_spk10.wav,/home/hye0n/projects/cnn-based-audio-pii-classification/src/cnn/data_probe/output/probe_01241_spk10.wav,구팔육팔일팔공구칠팔팔칠오사삼구.,9868180978875439,,male,spk10,probe_bare_16,probe,1,2.8,16,1,16,bare,continuous,0.11604042599598567,0.07594825720235222,0.0369061604142189,0.21850058436393738,0.09271453320980072,0.11604042599598567
probe_01242_spk11.wav,/home/hye0n/projects/cnn-based-audio-pii-classification/src/cnn/data_probe/output/probe_01242_spk11.wav,사삼오삼오삼칠오일삼칠육오일오팔.,4353537513765158,,female,spk11,probe_bare_16,probe,1,4.08,16,1,16,bare,continuous,0.6174524029095968,0.11970472111595046,0.521063506603241,0.7861695289611816,0.5451241731643677,0.6174524029095968
probe_01243_spk12.wav,/home/hye0n/projects/cnn-based-audio-pii-classification/src/cnn/data_probe/output/probe_01243_spk12.wav,팔일오칠구삼칠육삼구이팔삼육구이.,8157937639283692,,male,spk12,probe_bare_16,probe,1,3.28,16,1,16,bare,continuous,0.0188996276507775,0.0022789392811825566,0.016164131462574005,0.021743228659033775,0.018791522830724716,0.0188996276507775
probe_01244_spk13.wav,/home/hye0n/projects/cnn-based-audio-pii-classification/src/cnn/data_probe/output/probe_01244_spk13.wav,구사사오오일일육육팔이구칠삼이칠.,9445511668297327,,male,spk13,probe_bare_16,probe,1,4.0,16,1,16,bare,continuous,0.6234545608361562,0.1825353568495985,0.36609789729118347,0.7346859574317932,0.7695798277854919,0.6234545608361562
probe_01245_spk14.wav,/home/hye0n/projects/cnn-based-audio-pii-classification/src/cnn/data_probe/output/probe_01245_spk14.wav,공이일육사팔칠일이공육공이일이팔.,0216487120602128,,female,spk14,probe_bare_16,probe,1,2.88,16,1,16,bare,continuous,0.2504638185103734,0.13773425049159066,0.08793383836746216,0.42470240592956543,0.2387552112340927,0.2504638185103734
probe_01246_spk01.wav,/home/hye0n/projects/cnn-based-audio-pii-classification/src/cnn/data_probe/output/probe_01246_spk01.wav,팔육육오이육팔삼사일오오구구구일.,8665268341559991,,female,spk01,probe_bare_16,probe,1,4.0,16,1,16,bare,continuous,0.8555331627527872,0.010148712604171306,0.8529036045074463,0.8690671324729919,0.8446287512779236,0.8555331627527872
probe_01247_spk02.wav,/home/hye0n/projects/cnn-based-audio-pii-classification/src/cnn/data_probe/output/probe_01247_spk02.wav,공일오칠육칠육사칠이이구팔일이공.,0157676472298120,,male,spk02,probe_bare_16,probe,1,3.12,16,1,16,bare,continuous,0.28779640793800354,0.10151365735402014,0.14767169952392578,0.3308155834674835,0.3849019408226013,0.28779640793800354
probe_01248_spk03.wav,/home/hye0n/projects/cnn-based-audio-pii-classification/src/cnn/data_probe/output/probe_01248_spk03.wav,구구오칠육오칠이팔구사일삼사칠오.,9957657289413475,,female,spk03,probe_bare_16,probe,1,3.36,16,1,16,bare,continuous,0.8761085867881775,0.03195947961866215,0.8356423377990723,0.9137765765190125,0.8789068460464478,0.8761085867881775
probe_01249_spk04.wav,/home/hye0n/projects/cnn-based-audio-pii-classification/src/cnn/data_probe/output/probe_01249_spk04.wav,공구팔팔구팔육사오육오이이공삼육.,0988986456522036,,male,spk04,probe_bare_16,probe,1,3.28,16,1,16,bare,continuous,0.7684977650642395,0.13241934819448503,0.5812386274337769,0.8604429364204407,0.863811731338501,0.7684977650642395
probe_01250_spk05.wav,/home/hye0n/projects/cnn-based-audio-pii-classification/src/cnn/data_probe/output/probe_01250_spk05.wav,팔사구구오일오사이일사사칠칠삼이.,8499515421447732,,female,spk05,probe_bare_16,probe,1,3.44,16,1,16,bare,continuous,0.7281747857729594,0.1361544227012576,0.538959801197052,0.8536903262138367,0.7918742299079895,0.7281747857729594
probe_01251_spk06.wav,/home/hye0n/projects/cnn-based-audio-pii-classification/src/cnn/data_probe/output/probe_01251_spk06.wav,사사구일삼사이일삼팔팔이공구공팔.,4491342138820908,,male,spk06,probe_bare_16,probe,1,3.36,16,1,16,bare,continuous,0.15924300253391266,0.1097007350390315,0.05088082700967789,0.3095729649066925,0.11727521568536758,0.15924300253391266
probe_01252_spk07.wav,/home/hye0n/projects/cnn-based-audio-pii-classification/src/cnn/data_probe/output/probe_01252_spk07.wav,팔삼공칠공오삼사구육칠팔이칠사일.,8307053496782741,,female,spk07,probe_bare_16,probe,1,4.16,16,1,16,bare,continuous,0.92181263367335,0.028981333391293395,0.8824600577354431,0.9514089822769165,0.9315688610076904,0.92181263367335
probe_01253_spk08.wav,/home/hye0n/projects/cnn-based-audio-pii-classification/src/cnn/data_probe/output/probe_01253_spk08.wav,일칠육칠사일이사일오일삼일오이팔.,1767412415131528,,male,spk08,probe_bare_16,probe,1,4.16,16,1,16,bare,continuous,0.7936201492945353,0.10419857732537377,0.9382302761077881,0.7458497285842896,0.6967804431915283,0.7936201492945353
probe_01254_spk09.wav,/home/hye0n/projects/cnn-based-audio-pii-classification/src/cnn/data_probe/output/probe_01254_spk09.wav,오사칠팔일오공육일팔오삼팔공공삼.,5478150618538003,,female,spk09,probe_bare_16,probe,1,3.36,16,1,16,bare,continuous,0.8653628627459208,0.07723614834663341,0.7767121195793152,0.9649505019187927,0.8544259667396545,0.8653628627459208
probe_01255_spk10.wav,/home/hye0n/projects/cnn-based-audio-pii-classification/src/cnn/data_probe/output/probe_01255_spk10.wav,이구육삼삼사칠이칠이칠사이삼일팔.,2963347272742318,,male,spk10,probe_bare_16,probe,1,2.8,16,1,16,bare,continuous,0.015107198618352413,0.008750743474006043,0.005493214353919029,0.013165728189051151,0.02666265331208706,0.015107198618352413
probe_01256_spk11.wav,/home/hye0n/projects/cnn-based-audio-pii-classification/src/cnn/data_probe/output/probe_01256_spk11.wav,삼공육일칠팔구삼이공육사구육구삼.,3061789320649693,,female,spk11,probe_bare_16,probe,1,3.84,16,1,16,bare,continuous,0.8465249141057333,0.06856529980853986,0.7620405554771423,0.9299811124801636,0.8475530743598938,0.8465249141057333
probe_01257_spk12.wav,/home/hye0n/projects/cnn-based-audio-pii-classification/src/cnn/data_probe/output/probe_01257_spk12.wav,오칠팔이사삼사칠칠육구오팔칠사일.,5782434776958741,,male,spk12,probe_bare_16,probe,1,3.52,16,1,16,bare,continuous,0.9499096671740214,0.021530620959051467,0.957183301448822,0.9206667542457581,0.9718789458274841,0.9499096671740214
probe_01258_spk13.wav,/home/hye0n/projects/cnn-based-audio-pii-classification/src/cnn/data_probe/output/probe_01258_spk13.wav,삼일사육칠오삼육일이칠오일오육이.,3146753612751562,,male,spk13,probe_bare_16,probe,1,2.88,16,1,16,bare,continuous,0.19956474006175995,0.07387180922962344,0.22070801258087158,0.10039125382900238,0.2775949537754059,0.19956474006175995
probe_01259_spk14.wav,/home/hye0n/projects/cnn-based-audio-pii-classification/src/cnn/data_probe/output/probe_01259_spk14.wav,칠칠구육삼공사사팔삼육공팔오사오.,7796304483608545,,female,spk14,probe_bare_16,probe,1,3.2,16,1,16,bare,continuous,0.7838419278462728,0.08545454385845261,0.9018765091896057,0.7472878694534302,0.7023614048957825,0.7838419278462728
probe_01260_spk01.wav,/home/hye0n/projects/cnn-based-audio-pii-classification/src/cnn/data_probe/output/probe_01260_spk01.wav,육육칠육육사공사칠삼오공사칠육삼.,6676640473504763,,female,spk01,probe_bare_16,probe,1,3.92,16,1,16,bare,continuous,0.8679044842720032,0.00739586179169684,0.8726409673690796,0.8736122846603394,0.8574602007865906,0.8679044842720032
probe_01261_spk02.wav,/home/hye0n/projects/cnn-based-audio-pii-classification/src/cnn/data_probe/output/probe_01261_spk02.wav,구이팔삼일구구오이구팔공공육일오.,9283199529800615,,male,spk02,probe_bare_16,probe,1,2.88,16,1,16,bare,continuous,0.20301144321759543,0.10728807738065133,0.06429597735404968,0.3256102502346039,0.2191281020641327,0.20301144321759543
probe_01262_spk03.wav,/home/hye0n/projects/cnn-based-audio-pii-classification/src/cnn/data_probe/output/probe_01262_spk03.wav,오팔일공팔삼오팔삼이팔육삼사이오.,5810835832863425,,female,spk03,probe_bare_16,probe,1,3.36,16,1,16,bare,continuous,0.7714659174283346,0.04725337613513603,0.7440674901008606,0.7323795557022095,0.8379507064819336,0.7714659174283346
probe_01263_spk04.wav,/home/hye0n/projects/cnn-based-audio-pii-classification/src/cnn/data_probe/output/probe_01263_spk04.wav,오육삼팔삼공공공팔일팔육칠공이사.,5638300081867024,,male,spk04,probe_bare_16,probe,1,3.52,16,1,16,bare,continuous,0.9793025851249695,0.005220782320594851,0.9791560173034668,0.985768735408783,0.9729830026626587,0.9793025851249695
probe_01264_spk05.wav,/home/hye0n/projects/cnn-based-audio-pii-classification/src/cnn/data_probe/output/probe_01264_spk05.wav,사공삼삼공사일육육이사일일일팔육.,4033041662411186,,female,spk05,probe_bare_16,probe,1,3.44,16,1,16,bare,continuous,0.9529836177825928,0.02571682823442514,0.9172530174255371,0.9767248034477234,0.9649730324745178,0.9529836177825928
probe_01265_spk06.wav,/home/hye0n/projects/cnn-based-audio-pii-classification/src/cnn/data_probe/output/probe_01265_spk06.wav,공공팔구이일구육삼구사오육팔공사.,0089219639456804,,male,spk06,probe_bare_16,probe,1,3.2,16,1,16,bare,continuous,0.33478476107120514,0.08888299829248175,0.3606759011745453,0.4283639192581177,0.21531446278095245,0.33478476107120514
probe_01266_spk07.wav,/home/hye0n/projects/cnn-based-audio-pii-classification/src/cnn/data_probe/output/probe_01266_spk07.wav,사칠삼일사구칠육사육일삼육팔사칠.,4731497646136847,,female,spk07,probe_bare_16,probe,1,4.72,16,1,16,bare,continuous,0.9157528479894003,0.034607670235557615,0.9285275936126709,0.8684492111206055,0.9502817392349243,0.9157528479894003
probe_01267_spk08.wav,/home/hye0n/projects/cnn-based-audio-pii-classification/src/cnn/data_probe/output/probe_01267_spk08.wav,사팔팔삼육공칠육오팔일칠삼구공육.,4883607658173906,,male,spk08,probe_bare_16,probe,1,3.92,16,1,16,bare,continuous,0.9922680258750916,0.0008832466227650318,0.9934224486351013,0.9921039342880249,0.9912776947021484,0.9922680258750916
probe_01268_spk09.wav,/home/hye0n/projects/cnn-based-audio-pii-classification/src/cnn/data_probe/output/probe_01268_spk09.wav,삼칠오칠구일사오이일일팔이삼칠구.,3757914521182379,,female,spk09,probe_bare_16,probe,1,3.2,16,1,16,bare,continuous,0.8611286282539368,0.09308572808555937,0.7294884324073792,0.9277058839797974,0.9261915683746338,0.8611286282539368
probe_01269_spk10.wav,/home/hye0n/projects/cnn-based-audio-pii-classification/src/cnn/data_probe/output/probe_01269_spk10.wav,삼일이육구칠팔구삼공칠사육사오이.,3126978930746452,,male,spk10,probe_bare_16,probe,1,2.88,16,1,16,bare,continuous,0.06727750164767106,0.03200793117585554,0.023346954956650734,0.07979069650173187,0.09869485348463058,0.06727750164767106
probe_01270_spk11.wav,/home/hye0n/projects/cnn-based-audio-pii-classification/src/cnn/data_probe/output/probe_01270_spk11.wav,공오구구육공사삼팔칠팔칠오삼오칠.,0599604387875357,,female,spk11,probe_bare_16,probe,1,3.76,16,1,16,bare,continuous,0.6562801698843638,0.1700948000424196,0.490746408700943,0.5878938436508179,0.8902002573013306,0.6562801698843638
probe_01271_spk12.wav,/home/hye0n/projects/cnn-based-audio-pii-classification/src/cnn/data_probe/output/probe_01271_spk12.wav,칠팔팔일일육일육이공이팔일이삼칠.,7881161620281237,,male,spk12,probe_bare_16,probe,1,2.72,16,1,16,bare,continuous,0.0676363967359066,0.035213104266495834,0.023615200072526932,0.10980994999408722,0.06948404014110565,0.0676363967359066
probe_01272_spk13.wav,/home/hye0n/projects/cnn-based-audio-pii-classification/src/cnn/data_probe/output/probe_01272_spk13.wav,일공육칠이팔칠이팔육육공사일육사.,1067287286604164,,male,spk13,probe_bare_16,probe,1,2.88,16,1,16,bare,continuous,0.380925012131532,0.24138682647223714,0.08832249790430069,0.6795063614845276,0.3749461770057678,0.380925012131532
probe_01273_spk14.wav,/home/hye0n/projects/cnn-based-audio-pii-classification/src/cnn/data_probe/output/probe_01273_spk14.wav,사팔오구오구이이사팔삼구오팔구사.,4859592248395894,,female,spk14,probe_bare_16,probe,1,2.88,16,1,16,bare,continuous,0.7282873392105103,0.06478188588405838,0.6584373712539673,0.8145521283149719,0.7118725180625916,0.7282873392105103
probe_01274_spk01.wav,/home/hye0n/projects/cnn-based-audio-pii-classification/src/cnn/data_probe/output/probe_01274_spk01.wav,칠칠삼오이이팔칠공오육이이칠일공.,7735228705622710,,female,spk01,probe_bare_16,probe,1,3.52,16,1,16,bare,continuous,0.9627381563186646,0.010368674030427787,0.9679926633834839,0.971966564655304,0.9482552409172058,0.9627381563186646
probe_01275_spk02.wav,/home/hye0n/projects/cnn-based-audio-pii-classification/src/cnn/data_probe/output/probe_01275_spk02.wav,사삼삼일팔칠오일공구칠구이일오팔.,4331875109792158,,male,spk02,probe_bare_16,probe,1,3.36,16,1,16,bare,continuous,0.9459046324094137,0.01872176401095319,0.9209162592887878,0.9659779071807861,0.950819730758667,0.9459046324094137
probe_01276_spk03.wav,/home/hye0n/projects/cnn-based-audio-pii-classification/src/cnn/data_probe/output/probe_01276_spk03.wav,삼오공삼사사육구사오구육사팔팔삼.,3503446945964883,,female,spk03,probe_bare_16,probe,1,3.84,16,1,16,bare,continuous,0.8950751026471456,0.08869060890627742,0.7707335352897644,0.9429834485054016,0.9715083241462708,0.8950751026471456
probe_01277_spk04.wav,/home/hye0n/projects/cnn-based-audio-pii-classification/src/cnn/data_probe/output/probe_01277_spk04.wav,일구이일삼사이사구일이팔구육오구.,1921342491289659,,male,spk04,probe_bare_16,probe,1,3.04,16,1,16,bare,continuous,0.7705869277318319,0.0638938739808097,0.7777784466743469,0.8449966311454773,0.6889857053756714,0.7705869277318319
probe_01278_spk05.wav,/home/hye0n/projects/cnn-based-audio-pii-classification/src/cnn/data_probe/output/probe_01278_spk05.wav,구구사구칠삼이공삼삼일구이이이칠.,9949732033192227,,female,spk05,probe_bare_16,probe,1,4.08,16,1,16,bare,continuous,0.7596527735392252,0.1468131314513087,0.9025717377662659,0.5577641129493713,0.8186224699020386,0.7596527735392252
probe_01279_spk06.wav,/home/hye0n/projects/cnn-based-audio-pii-classification/src/cnn/data_probe/output/probe_01279_spk06.wav,공오일공이팔칠육칠오사팔일삼팔육.,0510287675481386,,male,spk06,probe_bare_16,probe,1,2.88,16,1,16,bare,continuous,0.6131888826688131,0.05982794981543757,0.5580486059188843,0.5851826071739197,0.6963354349136353,0.6131888826688131
