filename,filepath,text,value,pii_type,gender,speaker_id,template_id,source_type,label,duration,n_digits,n_groups,max_run,frame,axis,prob_mean,prob_std,prob_ckpt_seq_indist_attn_cnn_s42,prob_ckpt_seq_indist_attn_cnn_s43,prob_ckpt_seq_indist_attn_cnn_s44,prob
probe_00000_spk01.wav,/home/hye0n/projects/cnn-based-audio-pii-classification/src/cnn/data_probe/output/probe_00000_spk01.wav,번호는 일공사삼입니다.,1043,,female,spk01,probe_cont_4,probe,1,2.24,4,1,4,sentence,continuous,0.01270394865423441,0.004325200226517671,0.018238810822367668,0.007681520655751228,0.012191514484584332,0.01270394865423441
probe_00001_spk02.wav,/home/hye0n/projects/cnn-based-audio-pii-classification/src/cnn/data_probe/output/probe_00001_spk02.wav,번호는 삼이일팔입니다.,3218,,male,spk02,probe_cont_4,probe,1,1.84,4,1,4,sentence,continuous,0.011662520778675875,0.0023432182314518913,0.012187696993350983,0.00856635719537735,0.01423350814729929,0.011662520778675875
probe_00002_spk03.wav,/home/hye0n/projects/cnn-based-audio-pii-classification/src/cnn/data_probe/output/probe_00002_spk03.wav,번호는 일구육공입니다.,1960,,female,spk03,probe_cont_4,probe,1,2.0,4,1,4,sentence,continuous,0.009405474023272594,0.0034573284591234363,0.014077791012823582,0.005821609403938055,0.008317021653056145,0.009405474023272594
probe_00003_spk04.wav,/home/hye0n/projects/cnn-based-audio-pii-classification/src/cnn/data_probe/output/probe_00003_spk04.wav,번호는 공일삼삼입니다.,0133,,male,spk04,probe_cont_4,probe,1,2.0,4,1,4,sentence,continuous,0.010310792519400517,0.0033760214747113816,0.012738374061882496,0.005536606069654226,0.01265739742666483,0.010310792519400517
probe_00004_spk05.wav,/home/hye0n/projects/cnn-based-audio-pii-classification/src/cnn/data_probe/output/probe_00004_spk05.wav,번호는 팔구공팔입니다.,8908,,female,spk05,probe_cont_4,probe,1,2.0,4,1,4,sentence,continuous,0.006590610059599082,0.0019490278311601297,0.00800953060388565,0.003834674134850502,0.007927625440061092,0.006590610059599082
probe_00005_spk06.wav,/home/hye0n/projects/cnn-based-audio-pii-classification/src/cnn/data_probe/output/probe_00005_spk06.wav,번호는 삼팔육삼입니다.,3863,,male,spk06,probe_cont_4,probe,1,2.24,4,1,4,sentence,continuous,0.0055180542015781,0.0014595775243824497,0.007047366350889206,0.003552792826667428,0.005954003427177668,0.0055180542015781
probe_00006_spk07.wav,/home/hye0n/projects/cnn-based-audio-pii-classification/src/cnn/data_probe/output/probe_00006_spk07.wav,번호는 칠구사공입니다.,7940,,female,spk07,probe_cont_4,probe,1,1.68,4,1,4,sentence,continuous,0.010940497430662314,0.0028134671149347085,0.011781818233430386,0.007151969708502293,0.013887704350054264,0.010940497430662314
probe_00007_spk08.wav,/home/hye0n/projects/cnn-based-audio-pii-classification/src/cnn/data_probe/output/probe_00007_spk08.wav,번호는 이육오사입니다.,2654,,male,spk08,probe_cont_4,probe,1,1.76,4,1,4,sentence,continuous,0.02368155245979627,0.011354635512633394,0.024762431159615517,0.009266121312975883,0.03701610490679741,0.02368155245979627
probe_00008_spk09.wav,/home/hye0n/projects/cnn-based-audio-pii-classification/src/cnn/data_probe/output/probe_00008_spk09.wav,번호는 이삼오일입니다.,2351,,female,spk09,probe_cont_4,probe,1,1.6,4,1,4,sentence,continuous,0.011623550982524952,0.0029740840368569403,0.014300492592155933,0.007475587073713541,0.01309457328170538,0.011623550982524952
probe_00009_spk10.wav,/home/hye0n/projects/cnn-based-audio-pii-classification/src/cnn/data_probe/output/probe_00009_spk10.wav,번호는 일육일오입니다.,1615,,male,spk10,probe_cont_4,probe,1,2.24,4,1,4,sentence,continuous,0.01931538339704275,0.00814955887900021,0.015221795067191124,0.012031857855618,0.03069249726831913,0.01931538339704275
probe_00010_spk11.wav,/home/hye0n/projects/cnn-based-audio-pii-classification/src/cnn/data_probe/output/probe_00010_spk11.wav,번호는 오구사공입니다.,5940,,female,spk11,probe_cont_4,probe,1,2.4,4,1,4,sentence,continuous,0.01132906430090467,0.003356499944803274,0.012242752127349377,0.006838237401098013,0.014906203374266624,0.01132906430090467
probe_00011_spk12.wav,/home/hye0n/projects/cnn-based-audio-pii-classification/src/cnn/data_probe/output/probe_00011_spk12.wav,번호는 칠팔일육입니다.,7816,,male,spk12,probe_cont_4,probe,1,1.68,4,1,4,sentence,continuous,0.007071058886746566,0.0015337016078302832,0.00833588931709528,0.0049126967787742615,0.007964590564370155,0.007071058886746566
probe_00012_spk13.wav,/home/hye0n/projects/cnn-based-audio-pii-classification/src/cnn/data_probe/output/probe_00012_spk13.wav,번호는 일팔사구입니다.,1849,,male,spk13,probe_cont_4,probe,1,1.76,4,1,4,sentence,continuous,0.010195672667274872,0.003115632533046264,0.012218360789120197,0.005794299300760031,0.01257435791194439,0.010195672667274872
probe_00013_spk14.wav,/home/hye0n/projects/cnn-based-audio-pii-classification/src/cnn/data_probe/output/probe_00013_spk14.wav,번호는 오구삼일입니다.,5931,,female,spk14,probe_cont_4,probe,1,1.92,4,1,4,sentence,continuous,0.009444827989985546,0.0026723068110862513,0.01204601489007473,0.005769954528659582,0.010518514551222324,0.009444827989985546
probe_00014_spk01.wav,/home/hye0n/projects/cnn-based-audio-pii-classification/src/cnn/data_probe/output/probe_00014_spk01.wav,번호는 공삼사일입니다.,0341,,female,spk01,probe_cont_4,probe,1,2.16,4,1,4,sentence,continuous,0.00981577392667532,0.002786379689837865,0.011671021580696106,0.005877434276044369,0.011898865923285484,0.00981577392667532
probe_00015_spk02.wav,/home/hye0n/projects/cnn-based-audio-pii-classification/src/cnn/data_probe/output/probe_00015_spk02.wav,번호는 삼일육사입니다.,3164,,male,spk02,probe_cont_4,probe,1,2.0,4,1,4,sentence,continuous,0.014765872620046139,0.0055567348602228025,0.015381495468318462,0.007673393934965134,0.02124272845685482,0.014765872620046139
probe_00016_spk03.wav,/home/hye0n/projects/cnn-based-audio-pii-classification/src/cnn/data_probe/output/probe_00016_spk03.wav,번호는 칠오이오입니다.,7525,,female,spk03,probe_cont_4,probe,1,2.0,4,1,4,sentence,continuous,0.008037105978777012,0.0025488519476022757,0.011095816269516945,0.004856028128415346,0.008159473538398743,0.008037105978777012
probe_00017_spk04.wav,/home/hye0n/projects/cnn-based-audio-pii-classification/src/cnn/data_probe/output/probe_00017_spk04.wav,번호는 오삼사일입니다.,5341,,male,spk04,probe_cont_4,probe,1,1.6,4,1,4,sentence,continuous,0.021874199931820233,0.01787077904648716,0.010015740990638733,0.00847521610558033,0.04713164269924164,0.021874199931820233
probe_00018_spk05.wav,/home/hye0n/projects/cnn-based-audio-pii-classification/src/cnn/data_probe/output/probe_00018_spk05.wav,번호는 구이팔삼입니다.,9283,,female,spk05,probe_cont_4,probe,1,1.92,4,1,4,sentence,continuous,0.00716103349501888,0.001759441553156249,0.008626934140920639,0.004686875734478235,0.008169290609657764,0.00716103349501888
probe_00019_spk06.wav,/home/hye0n/projects/cnn-based-audio-pii-classification/src/cnn/data_probe/output/probe_00019_spk06.wav,번호는 이칠육사입니다.,2764,,male,spk06,probe_cont_4,probe,1,2.88,4,1,4,sentence,continuous,0.00864235901584228,0.001425302193074535,0.00883908849209547,0.006806696765124798,0.010281291790306568,0.00864235901584228
probe_00020_spk07.wav,/home/hye0n/projects/cnn-based-audio-pii-classification/src/cnn/data_probe/output/probe_00020_spk07.wav,번호는 팔삼오공입니다.,8350,,female,spk07,probe_cont_4,probe,1,1.76,4,1,4,sentence,continuous,0.01350000873208046,0.002699699155214629,0.015334798023104668,0.009683006443083286,0.015482221730053425,0.01350000873208046
probe_00021_spk08.wav,/home/hye0n/projects/cnn-based-audio-pii-classification/src/cnn/data_probe/output/probe_00021_spk08.wav,번호는 삼공오육입니다.,3056,,male,spk08,probe_cont_4,probe,1,1.92,4,1,4,sentence,continuous,0.017471501293281715,0.005149479886529471,0.01744256727397442,0.011179219000041485,0.02379271760582924,0.017471501293281715
probe_00022_spk09.wav,/home/hye0n/projects/cnn-based-audio-pii-classification/src/cnn/data_probe/output/probe_00022_spk09.wav,번호는 사일삼구입니다.,4139,,female,spk09,probe_cont_4,probe,1,1.6,4,1,4,sentence,continuous,0.013442018224547306,0.004455025118313572,0.01531444862484932,0.007296064402908087,0.017715541645884514,0.013442018224547306
probe_00023_spk10.wav,/home/hye0n/projects/cnn-based-audio-pii-classification/src/cnn/data_probe/output/probe_00023_spk10.wav,번호는 오삼칠육입니다.,5376,,male,spk10,probe_cont_4,probe,1,2.24,4,1,4,sentence,continuous,0.02032036582628886,0.008297644708860501,0.01786285638809204,0.011611975729465485,0.03148626536130905,0.02032036582628886
probe_00024_spk11.wav,/home/hye0n/projects/cnn-based-audio-pii-classification/src/cnn/data_probe/output/probe_00024_spk11.wav,번호는 칠이사이입니다.,7242,,female,spk11,probe_cont_4,probe,1,2.96,4,1,4,sentence,continuous,0.014909148526688417,0.007467724959210312,0.012360013090074062,0.007308086380362511,0.025059346109628677,0.014909148526688417
probe_00025_spk12.wav,/home/hye0n/projects/cnn-based-audio-pii-classification/src/cnn/data_probe/output/probe_00025_spk12.wav,번호는 삼팔팔사입니다.,3884,,male,spk12,probe_cont_4,probe,1,2.0,4,1,4,sentence,continuous,0.01479277697702249,0.006997511371345757,0.023728692904114723,0.006642455235123634,0.01400718279182911,0.01479277697702249
probe_00026_spk13.wav,/home/hye0n/projects/cnn-based-audio-pii-classification/src/cnn/data_probe/output/probe_00026_spk13.wav,번호는 구육구육입니다.,9696,,male,spk13,probe_cont_4,probe,1,2.16,4,1,4,sentence,continuous,0.015097168274223804,0.004700845203931522,0.017842160537838936,0.0084810396656394,0.018968304619193077,0.015097168274223804
probe_00027_spk14.wav,/home/hye0n/projects/cnn-based-audio-pii-classification/src/cnn/data_probe/output/probe_00027_spk14.wav,번호는 오삼이팔입니다.,5328,,female,spk14,probe_cont_4,probe,1,2.16,4,1,4,sentence,continuous,0.010851860822488865,0.005345017805237425,0.017577936872839928,0.0045015583746135235,0.010476087220013142,0.010851860822488865
probe_00028_spk01.wav,/home/hye0n/projects/cnn-based-audio-pii-classification/src/cnn/data_probe/output/probe_00028_spk01.wav,번호는 칠일공일입니다.,7101,,female,spk01,probe_cont_4,probe,1,2.16,4,1,4,sentence,continuous,0.02222275175154209,0.012605943697527194,0.019818495959043503,0.008126860484480858,0.03872289881110191,0.02222275175154209
probe_00029_spk02.wav,/home/hye0n/projects/cnn-based-audio-pii-classification/src/cnn/data_probe/output/probe_00029_spk02.wav,번호는 이이육구입니다.,2269,,male,spk02,probe_cont_4,probe,1,1.68,4,1,4,sentence,continuous,0.17014129335681596,0.18836198755058098,0.04117194190621376,0.032770730555057526,0.43648120760917664,0.17014129335681596
probe_00030_spk03.wav,/home/hye0n/projects/cnn-based-audio-pii-classification/src/cnn/data_probe/output/probe_00030_spk03.wav,번호는 일육육구입니다.,1669,,female,spk03,probe_cont_4,probe,1,2.16,4,1,4,sentence,continuous,0.009221970569342375,0.0019547064353550134,0.011823227629065514,0.007111149374395609,0.008731534704566002,0.009221970569342375
probe_00031_spk04.wav,/home/hye0n/projects/cnn-based-audio-pii-classification/src/cnn/data_probe/output/probe_00031_spk04.wav,번호는 칠팔사팔입니다.,7848,,male,spk04,probe_cont_4,probe,1,1.68,4,1,4,sentence,continuous,0.011107053142040968,0.0032230946279359165,0.01486138068139553,0.0069913011975586414,0.011468477547168732,0.011107053142040968
probe_00032_spk05.wav,/home/hye0n/projects/cnn-based-audio-pii-classification/src/cnn/data_probe/output/probe_00032_spk05.wav,번호는 공일팔사입니다.,0184,,female,spk05,probe_cont_4,probe,1,1.84,4,1,4,sentence,continuous,0.007368885135898988,0.0019975435094191935,0.009460053406655788,0.004678450990468264,0.00796815101057291,0.007368885135898988
probe_00033_spk06.wav,/home/hye0n/projects/cnn-based-audio-pii-classification/src/cnn/data_probe/output/probe_00033_spk06.wav,번호는 오일사육입니다.,5146,,male,spk06,probe_cont_4,probe,1,2.56,4,1,4,sentence,continuous,0.015499085187911987,0.004608691844726538,0.014997925609350204,0.0101219043135643,0.021377425640821457,0.015499085187911987
probe_00034_spk07.wav,/home/hye0n/projects/cnn-based-audio-pii-classification/src/cnn/data_probe/output/probe_00034_spk07.wav,번호는 이칠공사입니다.,2704,,female,spk07,probe_cont_4,probe,1,1.92,4,1,4,sentence,continuous,0.007768070170034965,0.0020366325828633687,0.010004537180066109,0.005078063812106848,0.008221609517931938,0.007768070170034965
probe_00035_spk08.wav,/home/hye0n/projects/cnn-based-audio-pii-classification/src/cnn/data_probe/output/probe_00035_spk08.wav,번호는 팔이팔일입니다.,8281,,male,spk08,probe_cont_4,probe,1,1.84,4,1,4,sentence,continuous,0.013771366017560164,0.0039143261165760735,0.015869636088609695,0.008285918273031712,0.017158543691039085,0.013771366017560164
probe_00036_spk09.wav,/home/hye0n/projects/cnn-based-audio-pii-classification/src/cnn/data_probe/output/probe_00036_spk09.wav,번호는 사팔구삼입니다.,4893,,female,spk09,probe_cont_4,probe,1,1.76,4,1,4,sentence,continuous,0.007885023796310028,0.0014511838333664238,0.009655906818807125,0.0061013163067400455,0.007897848263382912,0.007885023796310028
probe_00037_spk10.wav,/home/hye0n/projects/cnn-based-audio-pii-classification/src/cnn/data_probe/output/probe_00037_spk10.wav,번호는 이오이팔입니다.,2528,,male,spk10,probe_cont_4,probe,1,1.84,4,1,4,sentence,continuous,0.019333537047108013,0.006670531323082928,0.02070220559835434,0.010565945878624916,0.026732459664344788,0.019333537047108013
probe_00038_spk11.wav,/home/hye0n/projects/cnn-based-audio-pii-classification/src/cnn/data_probe/output/probe_00038_spk11.wav,번호는 팔공구오입니다.,8095,,female,spk11,probe_cont_4,probe,1,3.76,4,1,4,sentence,continuous,0.031894609332084656,0.005941693104405683,0.0239485464990139,0.033501073718070984,0.03823420777916908,0.031894609332084656
probe_00039_spk12.wav,/home/hye0n/projects/cnn-based-audio-pii-classification/src/cnn/data_probe/output/probe_00039_spk12.wav,번호는 칠공일오입니다.,7015,,male,spk12,probe_cont_4,probe,1,1.6,4,1,4,sentence,continuous,0.022276513278484344,0.00844994641861728,0.024762939661741257,0.010910768061876297,0.03115583211183548,0.022276513278484344
probe_00040_spk13.wav,/home/hye0n/projects/cnn-based-audio-pii-classification/src/cnn/data_probe/output/probe_00040_spk13.wav,번호는 사삼공삼입니다.,4303,,male,spk13,probe_cont_4,probe,1,2.16,4,1,4,sentence,continuous,0.010546864631275335,0.0033254042464380337,0.013781755231320858,0.005973225459456444,0.011885613203048706,0.010546864631275335
probe_00041_spk14.wav,/home/hye0n/projects/cnn-based-audio-pii-classification/src/cnn/data_probe/output/probe_00041_spk14.wav,번호는 구일일칠입니다.,9117,,female,spk14,probe_cont_4,probe,1,2.72,4,1,4,sentence,continuous,0.02506125842531522,0.007179568624614129,0.01968218758702278,0.020293012261390686,0.035208575427532196,0.02506125842531522
probe_00042_spk01.wav,/home/hye0n/projects/cnn-based-audio-pii-classification/src/cnn/data_probe/output/probe_00042_spk01.wav,번호는 일팔이이입니다.,1822,,female,spk01,probe_cont_4,probe,1,2.24,4,1,4,sentence,continuous,0.062145413209994636,0.033174599729158184,0.043089691549539566,0.03454524278640747,0.10880130529403687,0.062145413209994636
probe_00043_spk02.wav,/home/hye0n/projects/cnn-based-audio-pii-classification/src/cnn/data_probe/output/probe_00043_spk02.wav,번호는 칠팔이사입니다.,7824,,male,spk02,probe_cont_4,probe,1,1.84,4,1,4,sentence,continuous,0.007853560149669647,0.002019890555264303,0.009165642783045769,0.005000073462724686,0.009394964203238487,0.007853560149669647
probe_00044_spk03.wav,/home/hye0n/projects/cnn-based-audio-pii-classification/src/cnn/data_probe/output/probe_00044_spk03.wav,번호는 팔구육삼입니다.,8963,,female,spk03,probe_cont_4,probe,1,3.36,4,1,4,sentence,continuous,0.012434007289508978,0.002916780186116335,0.015315168537199497,0.00843694619834423,0.013549907132983208,0.012434007289508978
probe_00045_spk04.wav,/home/hye0n/projects/cnn-based-audio-pii-classification/src/cnn/data_probe/output/probe_00045_spk04.wav,번호는 팔삼사육입니다.,8346,,male,spk04,probe_cont_4,probe,1,2.64,4,1,4,sentence,continuous,0.00536614004522562,0.0014608207651650052,0.0063619427382946014,0.003300667740404606,0.0064358096569776535,0.00536614004522562
probe_00046_spk05.wav,/home/hye0n/projects/cnn-based-audio-pii-classification/src/cnn/data_probe/output/probe_00046_spk05.wav,번호는 오칠팔칠입니다.,5787,,female,spk05,probe_cont_4,probe,1,2.16,4,1,4,sentence,continuous,0.006879661697894335,0.0016552017827299002,0.008156811818480492,0.004542203154414892,0.00793997012078762,0.006879661697894335
probe_00047_spk06.wav,/home/hye0n/projects/cnn-based-audio-pii-classification/src/cnn/data_probe/output/probe_00047_spk06.wav,번호는 일삼삼일입니다.,1331,,male,spk06,probe_cont_4,probe,1,2.32,4,1,4,sentence,continuous,0.0152837581311663,0.005396539365178728,0.017636168748140335,0.007819979451596737,0.020395126193761826,0.0152837581311663
probe_00048_spk07.wav,/home/hye0n/projects/cnn-based-audio-pii-classification/src/cnn/data_probe/output/probe_00048_spk07.wav,번호는 오공구팔입니다.,5098,,female,spk07,probe_cont_4,probe,1,2.48,4,1,4,sentence,continuous,0.012272694613784552,0.004782525647182324,0.015889501199126244,0.005514760036021471,0.01541382260620594,0.012272694613784552
probe_00049_spk08.wav,/home/hye0n/projects/cnn-based-audio-pii-classification/src/cnn/data_probe/output/probe_00049_spk08.wav,번호는 삼구삼공입니다.,3930,,male,spk08,probe_cont_4,probe,1,2.16,4,1,4,sentence,continuous,0.03270844276994467,0.025488022762866394,0.016431082040071487,0.01299493107944727,0.06869931519031525,0.03270844276994467
probe_00050_spk09.wav,/home/hye0n/projects/cnn-based-audio-pii-classification/src/cnn/data_probe/output/probe_00050_spk09.wav,번호는 일공삼일입니다.,1031,,female,spk09,probe_cont_4,probe,1,1.68,4,1,4,sentence,continuous,0.008147026412189007,0.0019460229898946321,0.010340241715312004,0.005610674619674683,0.008490162901580334,0.008147026412189007
probe_00051_spk10.wav,/home/hye0n/projects/cnn-based-audio-pii-classification/src/cnn/data_probe/output/probe_00051_spk10.wav,번호는 공오일팔입니다.,0518,,male,spk10,probe_cont_4,probe,1,2.4,4,1,4,sentence,continuous,0.016251586998502415,0.007636535802861229,0.012361561879515648,0.00947158969938755,0.026921609416604042,0.016251586998502415
probe_00052_spk11.wav,/home/hye0n/projects/cnn-based-audio-pii-classification/src/cnn/data_probe/output/probe_00052_spk11.wav,번호는 삼사칠삼입니다.,3473,,female,spk11,probe_cont_4,probe,1,2.0,4,1,4,sentence,continuous,0.02345855130503575,0.015909102981323506,0.013924884609878063,0.010576553642749786,0.0458742156624794,0.02345855130503575
probe_00053_spk12.wav,/home/hye0n/projects/cnn-based-audio-pii-classification/src/cnn/data_probe/output/probe_00053_spk12.wav,번호는 팔이구구입니다.,8299,,male,spk12,probe_cont_4,probe,1,1.68,4,1,4,sentence,continuous,0.012578393643101057,0.002907448383593823,0.01396565418690443,0.008532672189176083,0.015236854553222656,0.012578393643101057
probe_00054_spk13.wav,/home/hye0n/projects/cnn-based-audio-pii-classification/src/cnn/data_probe/output/probe_00054_spk13.wav,번호는 칠삼칠육입니다.,7376,,male,spk13,probe_cont_4,probe,1,1.76,4,1,4,sentence,continuous,0.010115661037464937,0.0025373049182346222,0.011736661195755005,0.00653277151286602,0.012077550403773785,0.010115661037464937
probe_00055_spk14.wav,/home/hye0n/projects/cnn-based-audio-pii-classification/src/cnn/data_probe/output/probe_00055_spk14.wav,번호는 삼일일육입니다.,3116,,female,spk14,probe_cont_4,probe,1,1.68,4,1,4,sentence,continuous,0.009397696703672409,0.0014348413855362477,0.010061796754598618,0.007405109703540802,0.010726183652877808,0.009397696703672409
probe_00056_spk01.wav,/home/hye0n/projects/cnn-based-audio-pii-classification/src/cnn/data_probe/output/probe_00056_spk01.wav,번호는 오육육칠입니다.,5667,,female,spk01,probe_cont_4,probe,1,2.48,4,1,4,sentence,continuous,0.01951426857461532,0.006322564014952889,0.023297114297747612,0.010606451891362667,0.02463923953473568,0.01951426857461532
probe_00057_spk02.wav,/home/hye0n/projects/cnn-based-audio-pii-classification/src/cnn/data_probe/output/probe_00057_spk02.wav,번호는 공일공육입니다.,0106,,male,spk02,probe_cont_4,probe,1,2.24,4,1,4,sentence,continuous,0.04381059172252814,0.014681461750486643,0.03845296800136566,0.02911730296909809,0.06386150419712067,0.04381059172252814
probe_00058_spk03.wav,/home/hye0n/projects/cnn-based-audio-pii-classification/src/cnn/data_probe/output/probe_00058_spk03.wav,번호는 오일삼삼입니다.,5133,,female,spk03,probe_cont_4,probe,1,2.24,4,1,4,sentence,continuous,0.007342345391710599,0.0019169455517927614,0.009195714257657528,0.004702246747910976,0.008129075169563293,0.007342345391710599
probe_00059_spk04.wav,/home/hye0n/projects/cnn-based-audio-pii-classification/src/cnn/data_probe/output/probe_00059_spk04.wav,번호는 삼팔칠이입니다.,3872,,male,spk04,probe_cont_4,probe,1,1.92,4,1,4,sentence,continuous,0.008694205588350693,0.0025174886543920644,0.010941816493868828,0.005179206375032663,0.009961593896150589,0.008694205588350693
probe_00060_spk05.wav,/home/hye0n/projects/cnn-based-audio-pii-classification/src/cnn/data_probe/output/probe_00060_spk05.wav,번호는 육이사칠입니다.,6247,,female,spk05,probe_cont_4,probe,1,1.76,4,1,4,sentence,continuous,0.00992537367468079,0.0034293982159394783,0.010667024180293083,0.0054038106463849545,0.01370528619736433,0.00992537367468079
probe_00061_spk06.wav,/home/hye0n/projects/cnn-based-audio-pii-classification/src/cnn/data_probe/output/probe_00061_spk06.wav,번호는 삼일칠팔입니다.,3178,,male,spk06,probe_cont_4,probe,1,2.08,4,1,4,sentence,continuous,0.00820276839658618,0.003484318780236845,0.007737035863101482,0.004187336657196283,0.012683932669460773,0.00820276839658618
probe_00062_spk07.wav,/home/hye0n/projects/cnn-based-audio-pii-classification/src/cnn/data_probe/output/probe_00062_spk07.wav,번호는 일공팔공입니다.,1080,,female,spk07,probe_cont_4,probe,1,2.0,4,1,4,sentence,continuous,0.025122361878554027,0.008839035771704506,0.01867598667740822,0.01907052844762802,0.03762057051062584,0.025122361878554027
probe_00063_spk08.wav,/home/hye0n/projects/cnn-based-audio-pii-classification/src/cnn/data_probe/output/probe_00063_spk08.wav,번호는 일삼이육입니다.,1326,,male,spk08,probe_cont_4,probe,1,2.56,4,1,4,sentence,continuous,0.021465580289562542,0.011340641950528587,0.03653930127620697,0.009185045957565308,0.018672393634915352,0.021465580289562542
probe_00064_spk09.wav,/home/hye0n/projects/cnn-based-audio-pii-classification/src/cnn/data_probe/output/probe_00064_spk09.wav,번호는 칠칠삼육입니다.,7736,,female,spk09,probe_cont_4,probe,1,1.84,4,1,4,sentence,continuous,0.009387827478349209,0.0019263689003772213,0.011450295336544514,0.006815160624682903,0.00989802647382021,0.009387827478349209
probe_00065_spk10.wav,/home/hye0n/projects/cnn-based-audio-pii-classification/src/cnn/data_probe/output/probe_00065_spk10.wav,번호는 공이육공입니다.,0260,,male,spk10,probe_cont_4,probe,1,2.24,4,1,4,sentence,continuous,0.026140815888841946,0.012867165305414223,0.018552590161561966,0.015611520037055016,0.04425833746790886,0.026140815888841946
probe_00066_spk11.wav,/home/hye0n/projects/cnn-based-audio-pii-classification/src/cnn/data_probe/output/probe_00066_spk11.wav,번호는 육사칠사입니다.,6474,,female,spk11,probe_cont_4,probe,1,2.4,4,1,4,sentence,continuous,0.007923936316122612,0.001942272259851318,0.009808678179979324,0.005251119378954172,0.008712011389434338,0.007923936316122612
probe_00067_spk12.wav,/home/hye0n/projects/cnn-based-audio-pii-classification/src/cnn/data_probe/output/probe_00067_spk12.wav,번호는 육팔칠이입니다.,6872,,male,spk12,probe_cont_4,probe,1,1.68,4,1,4,sentence,continuous,0.009537795558571815,0.0022090491971257053,0.01171958353370428,0.006510487757623196,0.01038331538438797,0.009537795558571815
probe_00068_spk13.wav,/home/hye0n/projects/cnn-based-audio-pii-classification/src/cnn/data_probe/output/probe_00068_spk13.wav,번호는 삼사삼공입니다.,3430,,male,spk13,probe_cont_4,probe,1,1.92,4,1,4,sentence,continuous,0.01977063405017058,0.006909019995975173,0.022825781255960464,0.01020556129515171,0.026280559599399567,0.01977063405017058
probe_00069_spk14.wav,/home/hye0n/projects/cnn-based-audio-pii-classification/src/cnn/data_probe/output/probe_00069_spk14.wav,번호는 구팔공오입니다.,9805,,female,spk14,probe_cont_4,probe,1,1.84,4,1,4,sentence,continuous,0.014605110511183739,0.004850175704553195,0.016393879428505898,0.007976047694683075,0.019445404410362244,0.014605110511183739
probe_00070_spk01.wav,/home/hye0n/projects/cnn-based-audio-pii-classification/src/cnn/data_probe/output/probe_00070_spk01.wav,번호는 공공구칠입니다.,0097,,female,spk01,probe_cont_4,probe,1,2.08,4,1,4,sentence,continuous,0.11663820346196492,0.08762162933684281,0.035698868334293365,0.07584937661886215,0.23836636543273926,0.11663820346196492
probe_00071_spk02.wav,/home/hye0n/projects/cnn-based-audio-pii-classification/src/cnn/data_probe/output/probe_00071_spk02.wav,번호는 팔팔이공입니다.,8820,,male,spk02,probe_cont_4,probe,1,2.4,4,1,4,sentence,continuous,0.016964339340726536,0.006028337939521524,0.0178960133343935,0.009159546345472336,0.023837458342313766,0.016964339340726536
probe_00072_spk03.wav,/home/hye0n/projects/cnn-based-audio-pii-classification/src/cnn/data_probe/output/probe_00072_spk03.wav,번호는 팔일이일입니다.,8121,,female,spk03,probe_cont_4,probe,1,2.88,4,1,4,sentence,continuous,0.02422466470549504,0.008648012304591127,0.023846367374062538,0.013827272690832615,0.035000354051589966,0.02422466470549504
probe_00073_spk04.wav,/home/hye0n/projects/cnn-based-audio-pii-classification/src/cnn/data_probe/output/probe_00073_spk04.wav,번호는 구일삼육입니다.,9136,,male,spk04,probe_cont_4,probe,1,2.16,4,1,4,sentence,continuous,0.008487381817152103,0.00281861557692677,0.010023918002843857,0.004533806350082159,0.010904421098530293,0.008487381817152103
probe_00074_spk05.wav,/home/hye0n/projects/cnn-based-audio-pii-classification/src/cnn/data_probe/output/probe_00074_spk05.wav,번호는 일구삼구입니다.,1939,,female,spk05,probe_cont_4,probe,1,1.92,4,1,4,sentence,continuous,0.014061260347565016,0.005440785924593915,0.015066252090036869,0.0069522736594080925,0.020165255293250084,0.014061260347565016
probe_00075_spk06.wav,/home/hye0n/projects/cnn-based-audio-pii-classification/src/cnn/data_probe/output/probe_00075_spk06.wav,번호는 구공구일입니다.,9091,,male,spk06,probe_cont_4,probe,1,2.48,4,1,4,sentence,continuous,0.006822376511991024,0.0019366741416609002,0.00924402941018343,0.004503507632762194,0.006719592493027449,0.006822376511991024
probe_00076_spk07.wav,/home/hye0n/projects/cnn-based-audio-pii-classification/src/cnn/data_probe/output/probe_00076_spk07.wav,번호는 육구구팔입니다.,6998,,female,spk07,probe_cont_4,probe,1,1.92,4,1,4,sentence,continuous,0.014057548406223455,0.0047876233703617495,0.014766061678528786,0.007871867157518864,0.01953471638262272,0.014057548406223455
probe_00077_spk08.wav,/home/hye0n/projects/cnn-based-audio-pii-classification/src/cnn/data_probe/output/probe_00077_spk08.wav,번호는 오사삼오입니다.,5435,,male,spk08,probe_cont_4,probe,1,1.76,4,1,4,sentence,continuous,0.011728157289326191,0.0027971167604610883,0.014923680573701859,0.008111171424388885,0.012149619869887829,0.011728157289326191
probe_00078_spk09.wav,/home/hye0n/projects/cnn-based-audio-pii-classification/src/cnn/data_probe/output/probe_00078_spk09.wav,번호는 삼사육이입니다.,3462,,female,spk09,probe_cont_4,probe,1,1.68,4,1,4,sentence,continuous,0.008736380375921726,0.0014642591403633976,0.009778319858014584,0.0066656190901994705,0.009765202179551125,0.008736380375921726
probe_00079_spk10.wav,/home/hye0n/projects/cnn-based-audio-pii-classification/src/cnn/data_probe/output/probe_00079_spk10.wav,번호는 사칠오일입니다.,4751,,male,spk10,probe_cont_4,probe,1,2.0,4,1,4,sentence,continuous,0.020937404595315456,0.007571408757707437,0.02176840417087078,0.011276829056441784,0.029766980558633804,0.020937404595315456
probe_00080_spk11.wav,/home/hye0n/projects/cnn-based-audio-pii-classification/src/cnn/data_probe/output/probe_00080_spk11.wav,번호는 공칠구구입니다.,0799,,female,spk11,probe_cont_4,probe,1,2.4,4,1,4,sentence,continuous,0.00872037885710597,0.0027472926103603314,0.010176466777920723,0.004872834775596857,0.011111835017800331,0.00872037885710597
probe_00081_spk12.wav,/home/hye0n/projects/cnn-based-audio-pii-classification/src/cnn/data_probe/output/probe_00081_spk12.wav,번호는 일일팔삼입니다.,1183,,male,spk12,probe_cont_4,probe,1,1.92,4,1,4,sentence,continuous,0.009129900019615889,0.0018966332711887388,0.0112785454839468,0.006665138993412256,0.00944601558148861,0.009129900019615889
probe_00082_spk13.wav,/home/hye0n/projects/cnn-based-audio-pii-classification/src/cnn/data_probe/output/probe_00082_spk13.wav,번호는 팔사이오입니다.,8425,,male,spk13,probe_cont_4,probe,1,1.92,4,1,4,sentence,continuous,0.028289856389164925,0.00965094642865264,0.02648891881108284,0.017473729327321053,0.04090692102909088,0.028289856389164925
probe_00083_spk14.wav,/home/hye0n/projects/cnn-based-audio-pii-classification/src/cnn/data_probe/output/probe_00083_spk14.wav,번호는 일삼오사입니다.,1354,,female,spk14,probe_cont_4,probe,1,1.84,4,1,4,sentence,continuous,0.008200940520813068,0.0022044649429402165,0.010779094882309437,0.0053938585333526134,0.008429868146777153,0.008200940520813068
probe_00084_spk01.wav,/home/hye0n/projects/cnn-based-audio-pii-classification/src/cnn/data_probe/output/probe_00084_spk01.wav,번호는 이칠팔사입니다.,2784,,female,spk01,probe_cont_4,probe,1,2.4,4,1,4,sentence,continuous,0.03051085863262415,0.014064657223012967,0.03271616995334625,0.012288789264857769,0.046527616679668427,0.03051085863262415
probe_00085_spk02.wav,/home/hye0n/projects/cnn-based-audio-pii-classification/src/cnn/data_probe/output/probe_00085_spk02.wav,번호는 구팔공팔입니다.,9808,,male,spk02,probe_cont_4,probe,1,1.68,4,1,4,sentence,continuous,0.008060780353844166,0.0018751475565810104,0.009820615872740746,0.005462869070470333,0.008898856118321419,0.008060780353844166
probe_00086_spk03.wav,/home/hye0n/projects/cnn-based-audio-pii-classification/src/cnn/data_probe/output/probe_00086_spk03.wav,번호는 사일이사입니다.,4124,,female,spk03,probe_cont_4,probe,1,1.92,4,1,4,sentence,continuous,0.00947799626737833,0.001715440793459641,0.0099789435043931,0.00717182457447052,0.01128322072327137,0.00947799626737833
probe_00087_spk04.wav,/home/hye0n/projects/cnn-based-audio-pii-classification/src/cnn/data_probe/output/probe_00087_spk04.wav,번호는 일일팔이입니다.,1182,,male,spk04,probe_cont_4,probe,1,1.68,4,1,4,sentence,continuous,0.007474159045765798,0.0017847298799980392,0.009399228729307652,0.005097951274365187,0.007925297133624554,0.007474159045765798
probe_00088_spk05.wav,/home/hye0n/projects/cnn-based-audio-pii-classification/src/cnn/data_probe/output/probe_00088_spk05.wav,번호는 사사구삼입니다.,4493,,female,spk05,probe_cont_4,probe,1,1.68,4,1,4,sentence,continuous,0.008333534933626652,0.0026466039151001996,0.009552499279379845,0.00465935654938221,0.0107887489721179,0.008333534933626652
probe_00089_spk06.wav,/home/hye0n/projects/cnn-based-audio-pii-classification/src/cnn/data_probe/output/probe_00089_spk06.wav,번호는 오삼사팔입니다.,5348,,male,spk06,probe_cont_4,probe,1,2.16,4,1,4,sentence,continuous,0.008302257706721624,0.002571120806059777,0.009220380336046219,0.004796266555786133,0.01089012622833252,0.008302257706721624
probe_00090_spk07.wav,/home/hye0n/projects/cnn-based-audio-pii-classification/src/cnn/data_probe/output/probe_00090_spk07.wav,번호는 칠사공일입니다.,7401,,female,spk07,probe_cont_4,probe,1,2.0,4,1,4,sentence,continuous,0.009304541939248642,0.0025714531527938674,0.01175333745777607,0.005751817021518946,0.010408471338450909,0.009304541939248642
probe_00091_spk08.wav,/home/hye0n/projects/cnn-based-audio-pii-classification/src/cnn/data_probe/output/probe_00091_spk08.wav,번호는 육사공공입니다.,6400,,male,spk08,probe_cont_4,probe,1,1.84,4,1,4,sentence,continuous,0.019349043257534504,0.0065286781742838725,0.02597050368785858,0.01046582218259573,0.0216108039021492,0.019349043257534504
probe_00092_spk09.wav,/home/hye0n/projects/cnn-based-audio-pii-classification/src/cnn/data_probe/output/probe_00092_spk09.wav,번호는 오이사이입니다.,5242,,female,spk09,probe_cont_4,probe,1,1.92,4,1,4,sentence,continuous,0.009221151315917572,0.002572595580906775,0.010630792006850243,0.005611669737845659,0.011420992203056812,0.009221151315917572
probe_00093_spk10.wav,/home/hye0n/projects/cnn-based-audio-pii-classification/src/cnn/data_probe/output/probe_00093_spk10.wav,번호는 칠팔육팔입니다.,7868,,male,spk10,probe_cont_4,probe,1,2.08,4,1,4,sentence,continuous,0.012061482140173515,0.0036700215498880126,0.01651793159544468,0.007529210764914751,0.012137304060161114,0.012061482140173515
probe_00094_spk11.wav,/home/hye0n/projects/cnn-based-audio-pii-classification/src/cnn/data_probe/output/probe_00094_spk11.wav,번호는 공일일이입니다.,0112,,female,spk11,probe_cont_4,probe,1,2.0,4,1,4,sentence,continuous,0.011518930085003376,0.0036873546235990855,0.01076454296708107,0.007427561096847057,0.016364686191082,0.011518930085003376
probe_00095_spk12.wav,/home/hye0n/projects/cnn-based-audio-pii-classification/src/cnn/data_probe/output/probe_00095_spk12.wav,번호는 팔공오구입니다.,8059,,male,spk12,probe_cont_4,probe,1,1.52,4,1,4,sentence,continuous,0.01060341065749526,0.0022948018426806336,0.012136823497712612,0.007359678391367197,0.012313730083405972,0.01060341065749526
probe_00096_spk13.wav,/home/hye0n/projects/cnn-based-audio-pii-classification/src/cnn/data_probe/output/probe_00096_spk13.wav,번호는 팔이육이입니다.,8262,,male,spk13,probe_cont_4,probe,1,2.16,4,1,4,sentence,continuous,0.031709653635819755,0.01056266852316829,0.03154030442237854,0.018858585506677628,0.04473007097840309,0.031709653635819755
probe_00097_spk14.wav,/home/hye0n/projects/cnn-based-audio-pii-classification/src/cnn/data_probe/output/probe_00097_spk14.wav,번호는 공사오공입니다.,0450,,female,spk14,probe_cont_4,probe,1,2.08,4,1,4,sentence,continuous,0.008993939186135927,0.003259262579347251,0.013296065852046013,0.005410057492554188,0.008275694213807583,0.008993939186135927
probe_00098_spk01.wav,/home/hye0n/projects/cnn-based-audio-pii-classification/src/cnn/data_probe/output/probe_00098_spk01.wav,번호는 오삼삼일입니다.,5331,,female,spk01,probe_cont_4,probe,1,2.4,4,1,4,sentence,continuous,0.007755604727814595,0.002432040743034511,0.008912554942071438,0.004372074734419584,0.009982184506952763,0.007755604727814595
probe_00099_spk02.wav,/home/hye0n/projects/cnn-based-audio-pii-classification/src/cnn/data_probe/output/probe_00099_spk02.wav,번호는 오팔육구입니다.,5869,,male,spk02,probe_cont_4,probe,1,1.84,4,1,4,sentence,continuous,0.03585190760592619,0.006988715512037002,0.031329136341810226,0.030502667650580406,0.045723918825387955,0.03585190760592619
probe_00100_spk03.wav,/home/hye0n/projects/cnn-based-audio-pii-classification/src/cnn/data_probe/output/probe_00100_spk03.wav,번호는 이삼이이육공입니다.,232260,,female,spk03,probe_cont_6,probe,1,2.64,6,1,6,sentence,continuous,0.05384168277184168,0.03172422385521083,0.07953531295061111,0.009143374860286713,0.07284636050462723,0.05384168277184168
probe_00101_spk04.wav,/home/hye0n/projects/cnn-based-audio-pii-classification/src/cnn/data_probe/output/probe_00101_spk04.wav,번호는 이오육삼사이입니다.,256342,,male,spk04,probe_cont_6,probe,1,2.24,6,1,6,sentence,continuous,0.010232904770721992,0.002805519141442548,0.011644330807030201,0.006315912585705519,0.012738470919430256,0.010232904770721992
probe_00102_spk05.wav,/home/hye0n/projects/cnn-based-audio-pii-classification/src/cnn/data_probe/output/probe_00102_spk05.wav,번호는 일육공칠삼삼입니다.,160733,,female,spk05,probe_cont_6,probe,1,2.8,6,1,6,sentence,continuous,0.01600910226504008,0.006722248343525814,0.024498846381902695,0.00805935263633728,0.015469107776880264,0.01600910226504008
probe_00103_spk06.wav,/home/hye0n/projects/cnn-based-audio-pii-classification/src/cnn/data_probe/output/probe_00103_spk06.wav,번호는 칠오사삼삼공입니다.,754330,,male,spk06,probe_cont_6,probe,1,2.88,6,1,6,sentence,continuous,0.00708079772690932,0.0014748275626443636,0.00751639436930418,0.005096543580293655,0.008629455231130123,0.00708079772690932
probe_00104_spk07.wav,/home/hye0n/projects/cnn-based-audio-pii-classification/src/cnn/data_probe/output/probe_00104_spk07.wav,번호는 삼육오사일사입니다.,365414,,female,spk07,probe_cont_6,probe,1,2.24,6,1,6,sentence,continuous,0.030978161841630936,0.01631609805015085,0.028484970331192017,0.012358691543340683,0.05209082365036011,0.030978161841630936
probe_00105_spk08.wav,/home/hye0n/projects/cnn-based-audio-pii-classification/src/cnn/data_probe/output/probe_00105_spk08.wav,번호는 오팔육팔오공입니다.,586850,,male,spk08,probe_cont_6,probe,1,2.72,6,1,6,sentence,continuous,0.026035746559500694,0.009990084833047268,0.035164061933755875,0.01213306188583374,0.030810115858912468,0.026035746559500694
probe_00106_spk09.wav,/home/hye0n/projects/cnn-based-audio-pii-classification/src/cnn/data_probe/output/probe_00106_spk09.wav,번호는 일사이구사공입니다.,142940,,female,spk09,probe_cont_6,probe,1,2.4,6,1,6,sentence,continuous,0.014220589150985083,0.0029337425935579745,0.01433055754750967,0.010573781095445156,0.01775742881000042,0.014220589150985083
probe_00107_spk10.wav,/home/hye0n/projects/cnn-based-audio-pii-classification/src/cnn/data_probe/output/probe_00107_spk10.wav,번호는 일구육오오육입니다.,196556,,male,spk10,probe_cont_6,probe,1,2.16,6,1,6,sentence,continuous,0.017428616372247536,0.007262634122776946,0.015528310090303421,0.00963746476918459,0.0271200742572546,0.017428616372247536
probe_00108_spk11.wav,/home/hye0n/projects/cnn-based-audio-pii-classification/src/cnn/data_probe/output/probe_00108_spk11.wav,번호는 구팔일육구삼입니다.,981693,,female,spk11,probe_cont_6,probe,1,2.56,6,1,6,sentence,continuous,0.01585319001848499,0.010590057209235015,0.03078397549688816,0.007374041248112917,0.009401553310453892,0.01585319001848499
probe_00109_spk12.wav,/home/hye0n/projects/cnn-based-audio-pii-classification/src/cnn/data_probe/output/probe_00109_spk12.wav,번호는 사공육공팔팔입니다.,406088,,male,spk12,probe_cont_6,probe,1,2.16,6,1,6,sentence,continuous,0.04568994541962942,0.047086294317037015,0.01801210641860962,0.007077634334564209,0.11198009550571442,0.04568994541962942
probe_00110_spk13.wav,/home/hye0n/projects/cnn-based-audio-pii-classification/src/cnn/data_probe/output/probe_00110_spk13.wav,번호는 삼오육일오구입니다.,356159,,male,spk13,probe_cont_6,probe,1,2.0,6,1,6,sentence,continuous,0.015009629229704538,0.005623195046937279,0.015102814882993698,0.008076529949903488,0.02184954285621643,0.015009629229704538
probe_00111_spk14.wav,/home/hye0n/projects/cnn-based-audio-pii-classification/src/cnn/data_probe/output/probe_00111_spk14.wav,번호는 오일사팔사육입니다.,514846,,female,spk14,probe_cont_6,probe,1,2.56,6,1,6,sentence,continuous,0.008157234483708939,0.003022088584325188,0.012135034427046776,0.00481468765065074,0.007521981373429298,0.008157234483708939
probe_00112_spk01.wav,/home/hye0n/projects/cnn-based-audio-pii-classification/src/cnn/data_probe/output/probe_00112_spk01.wav,번호는 오육사팔이삼입니다.,564823,,female,spk01,probe_cont_6,probe,1,2.4,6,1,6,sentence,continuous,0.018614882603287697,0.0010329363322846945,0.019790587946772575,0.018777845427393913,0.017276214435696602,0.018614882603287697
probe_00113_spk02.wav,/home/hye0n/projects/cnn-based-audio-pii-classification/src/cnn/data_probe/output/probe_00113_spk02.wav,번호는 육육이구구사입니다.,662994,,male,spk02,probe_cont_6,probe,1,2.0,6,1,6,sentence,continuous,0.011042647063732147,0.003481678904768442,0.01082836277782917,0.006889660842716694,0.015409917570650578,0.011042647063732147
probe_00114_spk03.wav,/home/hye0n/projects/cnn-based-audio-pii-classification/src/cnn/data_probe/output/probe_00114_spk03.wav,번호는 육팔공사사삼입니다.,680443,,female,spk03,probe_cont_6,probe,1,2.64,6,1,6,sentence,continuous,0.014923940567920605,0.00726456103772082,0.02445971593260765,0.006845084484666586,0.01346702128648758,0.014923940567920605
probe_00115_spk04.wav,/home/hye0n/projects/cnn-based-audio-pii-classification/src/cnn/data_probe/output/probe_00115_spk04.wav,번호는 육구구오칠칠입니다.,699577,,male,spk04,probe_cont_6,probe,1,2.4,6,1,6,sentence,continuous,0.018809056530396145,0.009349014932256842,0.026384906843304634,0.005637049674987793,0.024405213072896004,0.018809056530396145
probe_00116_spk05.wav,/home/hye0n/projects/cnn-based-audio-pii-classification/src/cnn/data_probe/output/probe_00116_spk05.wav,번호는 칠삼팔칠이일입니다.,738721,,female,spk05,probe_cont_6,probe,1,2.16,6,1,6,sentence,continuous,0.013365620747208595,0.003003684520148894,0.013572730123996735,0.009587693959474564,0.016936438158154488,0.013365620747208595
probe_00117_spk06.wav,/home/hye0n/projects/cnn-based-audio-pii-classification/src/cnn/data_probe/output/probe_00117_spk06.wav,번호는 사팔구오일삼입니다.,489513,,male,spk06,probe_cont_6,probe,1,2.32,6,1,6,sentence,continuous,0.0166969271376729,0.006728490472036604,0.021344497799873352,0.007182248868048191,0.02156403474509716,0.0166969271376729
probe_00118_spk07.wav,/home/hye0n/projects/cnn-based-audio-pii-classification/src/cnn/data_probe/output/probe_00118_spk07.wav,번호는 사삼삼이공공입니다.,433200,,female,spk07,probe_cont_6,probe,1,2.4,6,1,6,sentence,continuous,0.026499706630905468,0.014554165733171994,0.021621495485305786,0.011621540412306786,0.046256083995103836,0.026499706630905468
probe_00119_spk08.wav,/home/hye0n/projects/cnn-based-audio-pii-classification/src/cnn/data_probe/output/probe_00119_spk08.wav,번호는 삼칠구일칠육입니다.,379176,,male,spk08,probe_cont_6,probe,1,2.4,6,1,6,sentence,continuous,0.021602760689953964,0.006554264502178564,0.02877604402601719,0.012932264246046543,0.023099973797798157,0.021602760689953964
probe_00120_spk09.wav,/home/hye0n/projects/cnn-based-audio-pii-classification/src/cnn/data_probe/output/probe_00120_spk09.wav,번호는 구삼육칠육삼입니다.,936763,,female,spk09,probe_cont_6,probe,1,2.56,6,1,6,sentence,continuous,0.06663172816236813,0.0543642238275343,0.03759955242276192,0.01949513703584671,0.1428004950284958,0.06663172816236813
probe_00121_spk10.wav,/home/hye0n/projects/cnn-based-audio-pii-classification/src/cnn/data_probe/output/probe_00121_spk10.wav,번호는 이공일육삼이입니다.,201632,,male,spk10,probe_cont_6,probe,1,1.68,6,1,6,sentence,continuous,0.009885592541346947,0.0021304796331850563,0.010142276994884014,0.0071574426256120205,0.012357058003544807,0.009885592541346947
probe_00122_spk11.wav,/home/hye0n/projects/cnn-based-audio-pii-classification/src/cnn/data_probe/output/probe_00122_spk11.wav,번호는 팔칠공팔삼일입니다.,870831,,female,spk11,probe_cont_6,probe,1,2.88,6,1,6,sentence,continuous,0.010306786590566238,0.0036650214402337493,0.014195328578352928,0.005394687410444021,0.011330343782901764,0.010306786590566238
probe_00123_spk12.wav,/home/hye0n/projects/cnn-based-audio-pii-classification/src/cnn/data_probe/output/probe_00123_spk12.wav,번호는 칠이칠팔팔구입니다.,727889,,male,spk12,probe_cont_6,probe,1,2.16,6,1,6,sentence,continuous,0.008843432180583477,0.0034205102984297383,0.009352863766252995,0.004422759637236595,0.012754673138260841,0.008843432180583477
probe_00124_spk13.wav,/home/hye0n/projects/cnn-based-audio-pii-classification/src/cnn/data_probe/output/probe_00124_spk13.wav,번호는 오칠구팔육팔입니다.,579868,,male,spk13,probe_cont_6,probe,1,2.56,6,1,6,sentence,continuous,0.015500459664811691,0.009930051853125125,0.010878786444664001,0.00632700277492404,0.02929558977484703,0.015500459664811691
probe_00125_spk14.wav,/home/hye0n/projects/cnn-based-audio-pii-classification/src/cnn/data_probe/output/probe_00125_spk14.wav,번호는 칠이칠칠사삼입니다.,727743,,female,spk14,probe_cont_6,probe,1,2.56,6,1,6,sentence,continuous,0.012662972789257765,0.00529975688771961,0.012767971493303776,0.006120260339230299,0.01910068653523922,0.012662972789257765
probe_00126_spk01.wav,/home/hye0n/projects/cnn-based-audio-pii-classification/src/cnn/data_probe/output/probe_00126_spk01.wav,번호는 사팔칠삼사칠입니다.,487347,,female,spk01,probe_cont_6,probe,1,2.64,6,1,6,sentence,continuous,0.05760699634750684,0.023000833723872176,0.03582053631544113,0.08941840380430222,0.047582048922777176,0.05760699634750684
probe_00127_spk02.wav,/home/hye0n/projects/cnn-based-audio-pii-classification/src/cnn/data_probe/output/probe_00127_spk02.wav,번호는 일사삼사오오입니다.,143455,,male,spk02,probe_cont_6,probe,1,3.36,6,1,6,sentence,continuous,0.03152434124300877,0.015314111977813008,0.03192904219031334,0.012569385580718517,0.05007459595799446,0.03152434124300877
probe_00128_spk03.wav,/home/hye0n/projects/cnn-based-audio-pii-classification/src/cnn/data_probe/output/probe_00128_spk03.wav,번호는 팔일이이삼육입니다.,812236,,female,spk03,probe_cont_6,probe,1,2.64,6,1,6,sentence,continuous,0.01852814604838689,0.007737337520618498,0.024907780811190605,0.007639316841959953,0.023037340492010117,0.01852814604838689
probe_00129_spk04.wav,/home/hye0n/projects/cnn-based-audio-pii-classification/src/cnn/data_probe/output/probe_00129_spk04.wav,번호는 이삼일육육오입니다.,231665,,male,spk04,probe_cont_6,probe,1,2.4,6,1,6,sentence,continuous,0.006432807305827737,0.0023766940258717474,0.009211872704327106,0.003406018251553178,0.006680530961602926,0.006432807305827737
probe_00130_spk05.wav,/home/hye0n/projects/cnn-based-audio-pii-classification/src/cnn/data_probe/output/probe_00130_spk05.wav,번호는 팔칠육공삼육입니다.,876036,,female,spk05,probe_cont_6,probe,1,2.48,6,1,6,sentence,continuous,0.02679949936767419,0.008205108857815445,0.03756914287805557,0.017673447728157043,0.02515590749680996,0.02679949936767419
probe_00131_spk06.wav,/home/hye0n/projects/cnn-based-audio-pii-classification/src/cnn/data_probe/output/probe_00131_spk06.wav,번호는 육구공구육칠입니다.,690967,,male,spk06,probe_cont_6,probe,1,3.68,6,1,6,sentence,continuous,0.006903846825783451,0.005300422847564575,0.014388381503522396,0.0028037680312991142,0.003519390942528844,0.006903846825783451
probe_00132_spk07.wav,/home/hye0n/projects/cnn-based-audio-pii-classification/src/cnn/data_probe/output/probe_00132_spk07.wav,번호는 공오사육육팔입니다.,054668,,female,spk07,probe_cont_6,probe,1,2.96,6,1,6,sentence,continuous,0.04882860245803992,0.018251003558112967,0.02316463552415371,0.059279557317495346,0.0640416145324707,0.04882860245803992
probe_00133_spk08.wav,/home/hye0n/projects/cnn-based-audio-pii-classification/src/cnn/data_probe/output/probe_00133_spk08.wav,번호는 팔구삼칠삼사입니다.,893734,,male,spk08,probe_cont_6,probe,1,2.72,6,1,6,sentence,continuous,0.019425448185453813,0.009063342186556125,0.026680434122681618,0.006646991241723299,0.02494891919195652,0.019425448185453813
probe_00134_spk09.wav,/home/hye0n/projects/cnn-based-audio-pii-classification/src/cnn/data_probe/output/probe_00134_spk09.wav,번호는 육칠공육오육입니다.,670656,,female,spk09,probe_cont_6,probe,1,2.32,6,1,6,sentence,continuous,0.02561332130183776,0.011380460508603902,0.037141669541597366,0.010123140178620815,0.029575154185295105,0.02561332130183776
probe_00135_spk10.wav,/home/hye0n/projects/cnn-based-audio-pii-classification/src/cnn/data_probe/output/probe_00135_spk10.wav,번호는 이칠이구팔공입니다.,272980,,male,spk10,probe_cont_6,probe,1,2.56,6,1,6,sentence,continuous,0.027771318952242535,0.01352196276222585,0.02415371686220169,0.013318203389644623,0.04584203660488129,0.027771318952242535
probe_00136_spk11.wav,/home/hye0n/projects/cnn-based-audio-pii-classification/src/cnn/data_probe/output/probe_00136_spk11.wav,번호는 육구구공일육입니다.,699016,,female,spk11,probe_cont_6,probe,1,2.88,6,1,6,sentence,continuous,0.030050229902068775,0.014085153055436148,0.049966443330049515,0.01978287100791931,0.020401375368237495,0.030050229902068775
probe_00137_spk12.wav,/home/hye0n/projects/cnn-based-audio-pii-classification/src/cnn/data_probe/output/probe_00137_spk12.wav,번호는 이칠이공사육입니다.,272046,,male,spk12,probe_cont_6,probe,1,2.0,6,1,6,sentence,continuous,0.008022299191604057,0.0019943247794453316,0.009432693012058735,0.0052018980495631695,0.00943230651319027,0.008022299191604057
probe_00138_spk13.wav,/home/hye0n/projects/cnn-based-audio-pii-classification/src/cnn/data_probe/output/probe_00138_spk13.wav,번호는 오삼칠오오육입니다.,537556,,male,spk13,probe_cont_6,probe,1,1.92,6,1,6,sentence,continuous,0.021132832548270624,0.012180790000406725,0.02048306353390217,0.006549973506480455,0.036365460604429245,0.021132832548270624
probe_00139_spk14.wav,/home/hye0n/projects/cnn-based-audio-pii-classification/src/cnn/data_probe/output/probe_00139_spk14.wav,번호는 사육사일칠공입니다.,464170,,female,spk14,probe_cont_6,probe,1,2.56,6,1,6,sentence,continuous,0.00809041146809856,0.0027266864329056326,0.008879924193024635,0.004426904488354921,0.010964405722916126,0.00809041146809856
probe_00140_spk01.wav,/home/hye0n/projects/cnn-based-audio-pii-classification/src/cnn/data_probe/output/probe_00140_spk01.wav,번호는 팔공오삼일공입니다.,805310,,female,spk01,probe_cont_6,probe,1,2.8,6,1,6,sentence,continuous,0.024323268483082455,0.00810285889221531,0.0356660895049572,0.020062457770109177,0.017241258174180984,0.024323268483082455
probe_00141_spk02.wav,/home/hye0n/projects/cnn-based-audio-pii-classification/src/cnn/data_probe/output/probe_00141_spk02.wav,번호는 공삼삼공구이입니다.,033092,,male,spk02,probe_cont_6,probe,1,2.24,6,1,6,sentence,continuous,0.010607550852000713,0.0038375957966562835,0.013079492375254631,0.0051873428747057915,0.013555817306041718,0.010607550852000713
probe_00142_spk03.wav,/home/hye0n/projects/cnn-based-audio-pii-classification/src/cnn/data_probe/output/probe_00142_spk03.wav,번호는 삼이칠일구삼입니다.,327193,,female,spk03,probe_cont_6,probe,1,2.8,6,1,6,sentence,continuous,0.0171670891965429,0.0040980821666126935,0.015757301822304726,0.013003637082874775,0.022740328684449196,0.0171670891965429
probe_00143_spk04.wav,/home/hye0n/projects/cnn-based-audio-pii-classification/src/cnn/data_probe/output/probe_00143_spk04.wav,번호는 칠사오이구구입니다.,745299,,male,spk04,probe_cont_6,probe,1,2.24,6,1,6,sentence,continuous,0.010129382989058891,0.003507964021561503,0.010899489745497704,0.005500048864632845,0.013988610357046127,0.010129382989058891
probe_00144_spk05.wav,/home/hye0n/projects/cnn-based-audio-pii-classification/src/cnn/data_probe/output/probe_00144_spk05.wav,번호는 일이사일구공입니다.,124190,,female,spk05,probe_cont_6,probe,1,3.04,6,1,6,sentence,continuous,0.022984393561879795,0.005252888416186436,0.0184968039393425,0.020101258531212807,0.030355118215084076,0.022984393561879795
probe_00145_spk06.wav,/home/hye0n/projects/cnn-based-audio-pii-classification/src/cnn/data_probe/output/probe_00145_spk06.wav,번호는 사구육육삼일입니다.,496631,,male,spk06,probe_cont_6,probe,1,2.48,6,1,6,sentence,continuous,0.016136767032245796,0.007019051983059924,0.0150900948792696,0.008111477829515934,0.02520872838795185,0.016136767032245796
probe_00146_spk07.wav,/home/hye0n/projects/cnn-based-audio-pii-classification/src/cnn/data_probe/output/probe_00146_spk07.wav,번호는 구삼일사구일입니다.,931491,,female,spk07,probe_cont_6,probe,1,2.88,6,1,6,sentence,continuous,0.01063783885911107,0.0034098636371975768,0.014006623066961765,0.005965265911072493,0.011941627599298954,0.01063783885911107
probe_00147_spk08.wav,/home/hye0n/projects/cnn-based-audio-pii-classification/src/cnn/data_probe/output/probe_00147_spk08.wav,번호는 구공오팔육오입니다.,905865,,male,spk08,probe_cont_6,probe,1,2.56,6,1,6,sentence,continuous,0.033234489150345325,0.012689185763625573,0.041169486939907074,0.015327836386859417,0.043206144124269485,0.033234489150345325
probe_00148_spk09.wav,/home/hye0n/projects/cnn-based-audio-pii-classification/src/cnn/data_probe/output/probe_00148_spk09.wav,번호는 일팔오공육칠입니다.,185067,,female,spk09,probe_cont_6,probe,1,2.4,6,1,6,sentence,continuous,0.01850695504496495,0.0074052120724219525,0.020069386810064316,0.008757748641073704,0.02669372968375683,0.01850695504496495
probe_00149_spk10.wav,/home/hye0n/projects/cnn-based-audio-pii-classification/src/cnn/data_probe/output/probe_00149_spk10.wav,번호는 일육오칠이육입니다.,165726,,male,spk10,probe_cont_6,probe,1,3.44,6,1,6,sentence,continuous,0.03877965174615383,0.014483592602338747,0.02847566083073616,0.02860087715089321,0.05926241725683212,0.03877965174615383
probe_00150_spk11.wav,/home/hye0n/projects/cnn-based-audio-pii-classification/src/cnn/data_probe/output/probe_00150_spk11.wav,번호는 이팔사구팔칠입니다.,284987,,female,spk11,probe_cont_6,probe,1,3.04,6,1,6,sentence,continuous,0.00878742104396224,0.003465383903936288,0.011506261304020882,0.003896817099303007,0.010959184728562832,0.00878742104396224
probe_00151_spk12.wav,/home/hye0n/projects/cnn-based-audio-pii-classification/src/cnn/data_probe/output/probe_00151_spk12.wav,번호는 칠육구사오삼입니다.,769453,,male,spk12,probe_cont_6,probe,1,1.68,6,1,6,sentence,continuous,0.009448973772426447,0.002295895525583561,0.011106014251708984,0.006202320568263531,0.011038586497306824,0.009448973772426447
probe_00152_spk13.wav,/home/hye0n/projects/cnn-based-audio-pii-classification/src/cnn/data_probe/output/probe_00152_spk13.wav,번호는 일사칠삼칠구입니다.,147379,,male,spk13,probe_cont_6,probe,1,1.92,6,1,6,sentence,continuous,0.008419523015618324,0.002300816788678022,0.009824329987168312,0.005175363272428513,0.010258875787258148,0.008419523015618324
probe_00153_spk14.wav,/home/hye0n/projects/cnn-based-audio-pii-classification/src/cnn/data_probe/output/probe_00153_spk14.wav,번호는 구육오공칠오입니다.,965075,,female,spk14,probe_cont_6,probe,1,2.4,6,1,6,sentence,continuous,0.009196816788365444,0.003437189216534389,0.013057210482656956,0.004708412569016218,0.009824827313423157,0.009196816788365444
probe_00154_spk01.wav,/home/hye0n/projects/cnn-based-audio-pii-classification/src/cnn/data_probe/output/probe_00154_spk01.wav,번호는 이칠삼오사오입니다.,273545,,female,spk01,probe_cont_6,probe,1,2.64,6,1,6,sentence,continuous,0.05484066158533096,0.025874656099303832,0.03153615444898605,0.042060934007167816,0.09092489629983902,0.05484066158533096
probe_00155_spk02.wav,/home/hye0n/projects/cnn-based-audio-pii-classification/src/cnn/data_probe/output/probe_00155_spk02.wav,번호는 사구사팔공팔입니다.,494808,,male,spk02,probe_cont_6,probe,1,2.4,6,1,6,sentence,continuous,0.01805162274589141,0.00510318614506969,0.01569804921746254,0.013320001773536205,0.02513681724667549,0.01805162274589141
probe_00156_spk03.wav,/home/hye0n/projects/cnn-based-audio-pii-classification/src/cnn/data_probe/output/probe_00156_spk03.wav,번호는 삼일삼육칠팔입니다.,313678,,female,spk03,probe_cont_6,probe,1,3.28,6,1,6,sentence,continuous,0.015013856813311577,0.0040165545400506555,0.013046092353761196,0.011383089236915112,0.020612388849258423,0.015013856813311577
probe_00157_spk04.wav,/home/hye0n/projects/cnn-based-audio-pii-classification/src/cnn/data_probe/output/probe_00157_spk04.wav,번호는 삼칠칠칠공일입니다.,377701,,male,spk04,probe_cont_6,probe,1,2.56,6,1,6,sentence,continuous,0.03126494834820429,0.01402710991451677,0.022221289575099945,0.020496293902397156,0.051077261567115784,0.03126494834820429
probe_00158_spk05.wav,/home/hye0n/projects/cnn-based-audio-pii-classification/src/cnn/data_probe/output/probe_00158_spk05.wav,번호는 사삼육삼사구입니다.,436349,,female,spk05,probe_cont_6,probe,1,2.4,6,1,6,sentence,continuous,0.018739387082556885,0.00528208042853878,0.017245477065443993,0.013147830031812191,0.025824854150414467,0.018739387082556885
probe_00159_spk06.wav,/home/hye0n/projects/cnn-based-audio-pii-classification/src/cnn/data_probe/output/probe_00159_spk06.wav,번호는 오칠팔팔오육입니다.,578856,,male,spk06,probe_cont_6,probe,1,2.0,6,1,6,sentence,continuous,0.010378873907029629,0.004314815446215784,0.011053891852498055,0.00478924997150898,0.015293479897081852,0.010378873907029629
probe_00160_spk07.wav,/home/hye0n/projects/cnn-based-audio-pii-classification/src/cnn/data_probe/output/probe_00160_spk07.wav,번호는 팔오오칠사사입니다.,855744,,female,spk07,probe_cont_6,probe,1,2.48,6,1,6,sentence,continuous,0.008902760688215494,0.0022206567952467297,0.01086810976266861,0.005798759404569864,0.010041412897408009,0.008902760688215494
probe_00161_spk08.wav,/home/hye0n/projects/cnn-based-audio-pii-classification/src/cnn/data_probe/output/probe_00161_spk08.wav,번호는 사삼일삼오일입니다.,431351,,male,spk08,probe_cont_6,probe,1,2.24,6,1,6,sentence,continuous,0.029285706890126068,0.01724076675875538,0.024676816537976265,0.010855286382138729,0.052325017750263214,0.029285706890126068
probe_00162_spk09.wav,/home/hye0n/projects/cnn-based-audio-pii-classification/src/cnn/data_probe/output/probe_00162_spk09.wav,번호는 팔이삼삼칠사입니다.,823374,,female,spk09,probe_cont_6,probe,1,2.32,6,1,6,sentence,continuous,0.013194293715059757,0.006383135990879956,0.02220042236149311,0.008158432319760323,0.009224026463925838,0.013194293715059757
probe_00163_spk10.wav,/home/hye0n/projects/cnn-based-audio-pii-classification/src/cnn/data_probe/output/probe_00163_spk10.wav,번호는 구팔구사일삼입니다.,989413,,male,spk10,probe_cont_6,probe,1,2.8,6,1,6,sentence,continuous,0.019932194302479427,0.0022654168909137817,0.020835023373365402,0.016818666830658913,0.022142892703413963,0.019932194302479427
probe_00164_spk11.wav,/home/hye0n/projects/cnn-based-audio-pii-classification/src/cnn/data_probe/output/probe_00164_spk11.wav,번호는 사삼오이사공입니다.,435240,,female,spk11,probe_cont_6,probe,1,2.56,6,1,6,sentence,continuous,0.012039927765727043,0.004434131889629326,0.01729150488972664,0.006446313112974167,0.012381965294480324,0.012039927765727043
probe_00165_spk12.wav,/home/hye0n/projects/cnn-based-audio-pii-classification/src/cnn/data_probe/output/probe_00165_spk12.wav,번호는 팔이사공공팔입니다.,824008,,male,spk12,probe_cont_6,probe,1,2.56,6,1,6,sentence,continuous,0.007798509982724984,0.002286299157144334,0.009821431711316109,0.004602652974426746,0.008971445262432098,0.007798509982724984
probe_00166_spk13.wav,/home/hye0n/projects/cnn-based-audio-pii-classification/src/cnn/data_probe/output/probe_00166_spk13.wav,번호는 사이칠일공구입니다.,427109,,male,spk13,probe_cont_6,probe,1,2.32,6,1,6,sentence,continuous,0.008756513396898905,0.0018328041913418913,0.009523115120828152,0.006228918209671974,0.01051750686019659,0.008756513396898905
probe_00167_spk14.wav,/home/hye0n/projects/cnn-based-audio-pii-classification/src/cnn/data_probe/output/probe_00167_spk14.wav,번호는 사칠칠칠오이입니다.,477752,,female,spk14,probe_cont_6,probe,1,2.56,6,1,6,sentence,continuous,0.013339669598887363,0.005414745004723008,0.013885406777262688,0.006451982539147139,0.019681619480252266,0.013339669598887363
probe_00168_spk01.wav,/home/hye0n/projects/cnn-based-audio-pii-classification/src/cnn/data_probe/output/probe_00168_spk01.wav,번호는 공사칠일일육입니다.,047116,,female,spk01,probe_cont_6,probe,1,3.12,6,1,6,sentence,continuous,0.03423037442068259,0.005492139288346738,0.038364384323358536,0.026468822732567787,0.037857916206121445,0.03423037442068259
probe_00169_spk02.wav,/home/hye0n/projects/cnn-based-audio-pii-classification/src/cnn/data_probe/output/probe_00169_spk02.wav,번호는 칠일구공이이입니다.,719022,,male,spk02,probe_cont_6,probe,1,2.0,6,1,6,sentence,continuous,0.009574884548783302,0.00226533365236417,0.011460836976766586,0.006389143876731396,0.010874672792851925,0.009574884548783302
probe_00170_spk03.wav,/home/hye0n/projects/cnn-based-audio-pii-classification/src/cnn/data_probe/output/probe_00170_spk03.wav,번호는 구사일삼일팔입니다.,941318,,female,spk03,probe_cont_6,probe,1,2.32,6,1,6,sentence,continuous,0.0071409752902885275,0.0017328759246775663,0.008740573190152645,0.004733304027467966,0.007949048653244972,0.0071409752902885275
probe_00171_spk04.wav,/home/hye0n/projects/cnn-based-audio-pii-classification/src/cnn/data_probe/output/probe_00171_spk04.wav,번호는 육구구구삼팔입니다.,699938,,male,spk04,probe_cont_6,probe,1,2.32,6,1,6,sentence,continuous,0.016824395551035803,0.007631603580294102,0.021482713520526886,0.006063919048756361,0.022926554083824158,0.016824395551035803
probe_00172_spk05.wav,/home/hye0n/projects/cnn-based-audio-pii-classification/src/cnn/data_probe/output/probe_00172_spk05.wav,번호는 육칠칠사구육입니다.,677496,,female,spk05,probe_cont_6,probe,1,3.12,6,1,6,sentence,continuous,0.015217218703279892,0.007325349474524787,0.017401371151208878,0.005355123896151781,0.02289516106247902,0.015217218703279892
probe_00173_spk06.wav,/home/hye0n/projects/cnn-based-audio-pii-classification/src/cnn/data_probe/output/probe_00173_spk06.wav,번호는 사구구공구일입니다.,499091,,male,spk06,probe_cont_6,probe,1,2.4,6,1,6,sentence,continuous,0.027763836085796356,0.005838990440756498,0.03066420741379261,0.01961801014840603,0.03300929069519043,0.027763836085796356
probe_00174_spk07.wav,/home/hye0n/projects/cnn-based-audio-pii-classification/src/cnn/data_probe/output/probe_00174_spk07.wav,번호는 삼삼사일이삼입니다.,334123,,female,spk07,probe_cont_6,probe,1,2.88,6,1,6,sentence,continuous,0.01177426396558682,0.003382865946267109,0.01047496497631073,0.008436490781605244,0.01641133613884449,0.01177426396558682
probe_00175_spk08.wav,/home/hye0n/projects/cnn-based-audio-pii-classification/src/cnn/data_probe/output/probe_00175_spk08.wav,번호는 이팔일이공육입니다.,281206,,male,spk08,probe_cont_6,probe,1,2.16,6,1,6,sentence,continuous,0.030256112727026146,0.01295105028690056,0.03464343771338463,0.012662512250244617,0.04346238821744919,0.030256112727026146
probe_00176_spk09.wav,/home/hye0n/projects/cnn-based-audio-pii-classification/src/cnn/data_probe/output/probe_00176_spk09.wav,번호는 칠구칠사공삼입니다.,797403,,female,spk09,probe_cont_6,probe,1,2.56,6,1,6,sentence,continuous,0.011478296325852474,0.0037424226180874003,0.015403964556753635,0.006441305857151747,0.012589618563652039,0.011478296325852474
probe_00177_spk10.wav,/home/hye0n/projects/cnn-based-audio-pii-classification/src/cnn/data_probe/output/probe_00177_spk10.wav,번호는 사사칠일삼사입니다.,447134,,male,spk10,probe_cont_6,probe,1,2.4,6,1,6,sentence,continuous,0.0061254365524897976,0.001997991492739267,0.008029818534851074,0.0033654978033155203,0.006980993319302797,0.0061254365524897976
probe_00178_spk11.wav,/home/hye0n/projects/cnn-based-audio-pii-classification/src/cnn/data_probe/output/probe_00178_spk11.wav,번호는 구삼육일팔삼입니다.,936183,,female,spk11,probe_cont_6,probe,1,2.96,6,1,6,sentence,continuous,0.006793187232688069,0.0020554061198705276,0.008390205912292004,0.003891302039846778,0.008098053745925426,0.006793187232688069
probe_00179_spk12.wav,/home/hye0n/projects/cnn-based-audio-pii-classification/src/cnn/data_probe/output/probe_00179_spk12.wav,번호는 이사이일공이입니다.,242102,,male,spk12,probe_cont_6,probe,1,1.92,6,1,6,sentence,continuous,0.010635829685876766,0.0026611311308649124,0.01247997023165226,0.006872670259326696,0.012554848566651344,0.010635829685876766
probe_00180_spk13.wav,/home/hye0n/projects/cnn-based-audio-pii-classification/src/cnn/data_probe/output/probe_00180_spk13.wav,번호는 사구구사칠일입니다.,499471,,male,spk13,probe_cont_6,probe,1,1.92,6,1,6,sentence,continuous,0.008568448790659508,0.0022663058582841826,0.009432105347514153,0.005463647190481424,0.010809593833982944,0.008568448790659508
probe_00181_spk14.wav,/home/hye0n/projects/cnn-based-audio-pii-classification/src/cnn/data_probe/output/probe_00181_spk14.wav,번호는 칠사육사팔팔입니다.,746488,,female,spk14,probe_cont_6,probe,1,2.8,6,1,6,sentence,continuous,0.007754131996383269,0.0018465456281424016,0.010265757329761982,0.005879126489162445,0.007117512170225382,0.007754131996383269
probe_00182_spk01.wav,/home/hye0n/projects/cnn-based-audio-pii-classification/src/cnn/data_probe/output/probe_00182_spk01.wav,번호는 칠칠일구공육입니다.,771906,,female,spk01,probe_cont_6,probe,1,2.72,6,1,6,sentence,continuous,0.022643921586374443,0.007705354222786404,0.03195367753505707,0.01308444794267416,0.022893639281392097,0.022643921586374443
probe_00183_spk02.wav,/home/hye0n/projects/cnn-based-audio-pii-classification/src/cnn/data_probe/output/probe_00183_spk02.wav,번호는 오구사공일삼입니다.,594013,,male,spk02,probe_cont_6,probe,1,2.72,6,1,6,sentence,continuous,0.022825210044781368,0.003921680990834037,0.026465149596333504,0.01738136075437069,0.024629119783639908,0.022825210044781368
probe_00184_spk03.wav,/home/hye0n/projects/cnn-based-audio-pii-classification/src/cnn/data_probe/output/probe_00184_spk03.wav,번호는 구구공사구공입니다.,990490,,female,spk03,probe_cont_6,probe,1,3.12,6,1,6,sentence,continuous,0.010734689111510912,0.0018022447881866554,0.010459092445671558,0.008678139187395573,0.013066835701465607,0.010734689111510912
probe_00185_spk04.wav,/home/hye0n/projects/cnn-based-audio-pii-classification/src/cnn/data_probe/output/probe_00185_spk04.wav,번호는 이칠팔칠사이입니다.,278742,,male,spk04,probe_cont_6,probe,1,2.4,6,1,6,sentence,continuous,0.01316865161061287,0.006068032064996108,0.021038271486759186,0.006270173005759716,0.012197510339319706,0.01316865161061287
probe_00186_spk05.wav,/home/hye0n/projects/cnn-based-audio-pii-classification/src/cnn/data_probe/output/probe_00186_spk05.wav,번호는 구육칠일칠오입니다.,967175,,female,spk05,probe_cont_6,probe,1,2.48,6,1,6,sentence,continuous,0.007268209010362625,0.0018655152712255196,0.008842927403748035,0.00464770570397377,0.00831399392336607,0.007268209010362625
probe_00187_spk06.wav,/home/hye0n/projects/cnn-based-audio-pii-classification/src/cnn/data_probe/output/probe_00187_spk06.wav,번호는 육오오일이오입니다.,655125,,male,spk06,probe_cont_6,probe,1,3.12,6,1,6,sentence,continuous,0.0074994115469356375,0.0025979583848064368,0.008213352411985397,0.004021255765110254,0.010263626463711262,0.0074994115469356375
probe_00188_spk07.wav,/home/hye0n/projects/cnn-based-audio-pii-classification/src/cnn/data_probe/output/probe_00188_spk07.wav,번호는 육칠사육팔공입니다.,674680,,female,spk07,probe_cont_6,probe,1,3.76,6,1,6,sentence,continuous,0.03452910544971625,0.011146462107725219,0.019971324130892754,0.04704428091645241,0.03657171130180359,0.03452910544971625
probe_00189_spk08.wav,/home/hye0n/projects/cnn-based-audio-pii-classification/src/cnn/data_probe/output/probe_00189_spk08.wav,번호는 칠일오사오일입니다.,715451,,male,spk08,probe_cont_6,probe,1,2.32,6,1,6,sentence,continuous,0.04609895342340072,0.030532859625601566,0.05128571763634682,0.006381369195878506,0.08062977343797684,0.04609895342340072
probe_00190_spk09.wav,/home/hye0n/projects/cnn-based-audio-pii-classification/src/cnn/data_probe/output/probe_00190_spk09.wav,번호는 육팔공팔칠육입니다.,680876,,female,spk09,probe_cont_6,probe,1,2.4,6,1,6,sentence,continuous,0.02438148840640982,0.016245339704470996,0.04633604362607002,0.007542067673057318,0.01926635392010212,0.02438148840640982
probe_00191_spk10.wav,/home/hye0n/projects/cnn-based-audio-pii-classification/src/cnn/data_probe/output/probe_00191_spk10.wav,번호는 공삼팔오구칠입니다.,038597,,male,spk10,probe_cont_6,probe,1,3.04,6,1,6,sentence,continuous,0.10605368514855702,0.027477487523804946,0.09266221523284912,0.08115796744823456,0.1443408727645874,0.10605368514855702
probe_00192_spk11.wav,/home/hye0n/projects/cnn-based-audio-pii-classification/src/cnn/data_probe/output/probe_00192_spk11.wav,번호는 칠공삼사팔이입니다.,703482,,female,spk11,probe_cont_6,probe,1,2.96,6,1,6,sentence,continuous,0.014720915195842585,0.004284707503362634,0.0188129972666502,0.00880457367748022,0.01654517464339733,0.014720915195842585
probe_00193_spk12.wav,/home/hye0n/projects/cnn-based-audio-pii-classification/src/cnn/data_probe/output/probe_00193_spk12.wav,번호는 사칠칠일공구입니다.,477109,,male,spk12,probe_cont_6,probe,1,2.0,6,1,6,sentence,continuous,0.009583984035998583,0.003121754781269217,0.009596668183803558,0.005754304584115744,0.013400979340076447,0.009583984035998583
probe_00194_spk13.wav,/home/hye0n/projects/cnn-based-audio-pii-classification/src/cnn/data_probe/output/probe_00194_spk13.wav,번호는 삼이사팔공팔입니다.,324808,,male,spk13,probe_cont_6,probe,1,2.08,6,1,6,sentence,continuous,0.007887562426428,0.002018327682440722,0.00980069674551487,0.005096490494906902,0.008765500038862228,0.007887562426428
probe_00195_spk14.wav,/home/hye0n/projects/cnn-based-audio-pii-classification/src/cnn/data_probe/output/probe_00195_spk14.wav,번호는 육일삼일칠일입니다.,613171,,female,spk14,probe_cont_6,probe,1,2.4,6,1,6,sentence,continuous,0.009935659356415272,0.004478803898650459,0.015428955666720867,0.00445820577442646,0.009919816628098488,0.009935659356415272
probe_00196_spk01.wav,/home/hye0n/projects/cnn-based-audio-pii-classification/src/cnn/data_probe/output/probe_00196_spk01.wav,번호는 이칠사팔사육입니다.,274846,,female,spk01,probe_cont_6,probe,1,2.72,6,1,6,sentence,continuous,0.02181969831387202,0.006069480359536682,0.0196212250739336,0.015733329579234123,0.030104540288448334,0.02181969831387202
probe_00197_spk02.wav,/home/hye0n/projects/cnn-based-audio-pii-classification/src/cnn/data_probe/output/probe_00197_spk02.wav,번호는 칠칠삼칠팔이입니다.,773782,,male,spk02,probe_cont_6,probe,1,2.4,6,1,6,sentence,continuous,0.012340753184010586,0.0052664781036228315,0.011123675853013992,0.006585902068763971,0.019312681630253792,0.012340753184010586
probe_00198_spk03.wav,/home/hye0n/projects/cnn-based-audio-pii-classification/src/cnn/data_probe/output/probe_00198_spk03.wav,번호는 육삼구팔이일입니다.,639821,,female,spk03,probe_cont_6,probe,1,2.24,6,1,6,sentence,continuous,0.011596170409272114,0.005868012486227139,0.019599556922912598,0.005694553721696138,0.009494400583207607,0.011596170409272114
probe_00199_spk04.wav,/home/hye0n/projects/cnn-based-audio-pii-classification/src/cnn/data_probe/output/probe_00199_spk04.wav,번호는 사육오팔사공입니다.,465840,,male,spk04,probe_cont_6,probe,1,2.16,6,1,6,sentence,continuous,0.010697077804555496,0.002708274672635426,0.010256198234856129,0.007622620556503534,0.014212414622306824,0.010697077804555496
probe_00200_spk05.wav,/home/hye0n/projects/cnn-based-audio-pii-classification/src/cnn/data_probe/output/probe_00200_spk05.wav,번호는 사사구구칠이칠팔입니다.,44997278,,female,spk05,probe_cont_8,probe,1,2.8,8,1,8,sentence,continuous,0.007283594148854415,0.002448029502512089,0.0064558242447674274,0.004786230158060789,0.010608728043735027,0.007283594148854415
probe_00201_spk06.wav,/home/hye0n/projects/cnn-based-audio-pii-classification/src/cnn/data_probe/output/probe_00201_spk06.wav,번호는 칠오오팔팔육칠오입니다.,75588675,,male,spk06,probe_cont_8,probe,1,10.8,8,1,8,sentence,continuous,0.7582183082898458,0.08967561648889354,0.7650843262672424,0.8644539713859558,0.6451166272163391,0.7582183082898458
probe_00202_spk07.wav,/home/hye0n/projects/cnn-based-audio-pii-classification/src/cnn/data_probe/output/probe_00202_spk07.wav,번호는 삼삼구육삼육공오입니다.,33963605,,female,spk07,probe_cont_8,probe,1,3.36,8,1,8,sentence,continuous,0.263496791323026,0.09236283890986437,0.14427150785923004,0.3693191707134247,0.27689969539642334,0.263496791323026
probe_00203_spk08.wav,/home/hye0n/projects/cnn-based-audio-pii-classification/src/cnn/data_probe/output/probe_00203_spk08.wav,번호는 칠육육이칠공이팔입니다.,76627028,,male,spk08,probe_cont_8,probe,1,3.04,8,1,8,sentence,continuous,0.20455287396907806,0.07339701943117077,0.15569396317005157,0.14967098832130432,0.3082936704158783,0.20455287396907806
probe_00204_spk09.wav,/home/hye0n/projects/cnn-based-audio-pii-classification/src/cnn/data_probe/output/probe_00204_spk09.wav,번호는 구오일칠일팔칠공입니다.,95171870,,female,spk09,probe_cont_8,probe,1,2.48,8,1,8,sentence,continuous,0.03494585615893205,0.01651094588154044,0.058277759701013565,0.02248384617269039,0.024075962603092194,0.03494585615893205
probe_00205_spk10.wav,/home/hye0n/projects/cnn-based-audio-pii-classification/src/cnn/data_probe/output/probe_00205_spk10.wav,번호는 이육이일칠사오구입니다.,26217459,,male,spk10,probe_cont_8,probe,1,2.72,8,1,8,sentence,continuous,0.011458596214652061,0.0022115233315752377,0.011931993067264557,0.008544553071260452,0.013899242505431175,0.011458596214652061
probe_00206_spk11.wav,/home/hye0n/projects/cnn-based-audio-pii-classification/src/cnn/data_probe/output/probe_00206_spk11.wav,번호는 육일오팔육오칠팔입니다.,61586578,,female,spk11,probe_cont_8,probe,1,3.04,8,1,8,sentence,continuous,0.022261430509388447,0.009451041824066165,0.017846113070845604,0.013543796725571156,0.03539438173174858,0.022261430509388447
probe_00207_spk12.wav,/home/hye0n/projects/cnn-based-audio-pii-classification/src/cnn/data_probe/output/probe_00207_spk12.wav,번호는 공구일삼사삼일육입니다.,09134316,,male,spk12,probe_cont_8,probe,1,2.4,8,1,8,sentence,continuous,0.011245327536016703,0.0039505295953150095,0.015290623530745506,0.005885508377104998,0.012559850700199604,0.011245327536016703
probe_00208_spk13.wav,/home/hye0n/projects/cnn-based-audio-pii-classification/src/cnn/data_probe/output/probe_00208_spk13.wav,번호는 일일칠이사공공오입니다.,11724005,,male,spk13,probe_cont_8,probe,1,2.48,8,1,8,sentence,continuous,0.008805651993801197,0.0025697351863256616,0.010194686241447926,0.00520282844081521,0.011019441299140453,0.008805651993801197
probe_00209_spk14.wav,/home/hye0n/projects/cnn-based-audio-pii-classification/src/cnn/data_probe/output/probe_00209_spk14.wav,번호는 공사오오육이삼팔입니다.,04556238,,female,spk14,probe_cont_8,probe,1,3.04,8,1,8,sentence,continuous,0.044578881934285164,0.009787985727201456,0.052485935389995575,0.030785849317908287,0.05046486109495163,0.044578881934285164
probe_00210_spk01.wav,/home/hye0n/projects/cnn-based-audio-pii-classification/src/cnn/data_probe/output/probe_00210_spk01.wav,번호는 육구이이이일구육입니다.,69222196,,female,spk01,probe_cont_8,probe,1,2.96,8,1,8,sentence,continuous,0.1500196009874344,0.03986235894241352,0.16101381182670593,0.09663870930671692,0.1924062818288803,0.1500196009874344
probe_00211_spk02.wav,/home/hye0n/projects/cnn-based-audio-pii-classification/src/cnn/data_probe/output/probe_00211_spk02.wav,번호는 구삼칠구이삼칠사입니다.,93792374,,male,spk02,probe_cont_8,probe,1,3.36,8,1,8,sentence,continuous,0.020501587229470413,0.005841334399802229,0.017676543444395065,0.015191302634775639,0.028636915609240532,0.020501587229470413
probe_00212_spk03.wav,/home/hye0n/projects/cnn-based-audio-pii-classification/src/cnn/data_probe/output/probe_00212_spk03.wav,번호는 칠사공칠사팔이일입니다.,74074821,,female,spk03,probe_cont_8,probe,1,2.56,8,1,8,sentence,continuous,0.03720703596870104,0.011830744515947341,0.05072813853621483,0.021912164986133575,0.03898080438375473,0.03720703596870104
probe_00213_spk04.wav,/home/hye0n/projects/cnn-based-audio-pii-classification/src/cnn/data_probe/output/probe_00213_spk04.wav,번호는 칠오구사육사칠사입니다.,75946474,,male,spk04,probe_cont_8,probe,1,2.72,8,1,8,sentence,continuous,0.09133778512477875,0.0865578887394601,0.03472188860177994,0.02565433830022812,0.21363712847232819,0.09133778512477875
probe_00214_spk05.wav,/home/hye0n/projects/cnn-based-audio-pii-classification/src/cnn/data_probe/output/probe_00214_spk05.wav,번호는 삼육칠일삼육구오입니다.,36713695,,female,spk05,probe_cont_8,probe,1,2.8,8,1,8,sentence,continuous,0.155454371124506,0.10239320979011349,0.1147635206580162,0.055447209626436234,0.29615238308906555,0.155454371124506
probe_00215_spk06.wav,/home/hye0n/projects/cnn-based-audio-pii-classification/src/cnn/data_probe/output/probe_00215_spk06.wav,번호는 구사사공육사공구입니다.,94406409,,male,spk06,probe_cont_8,probe,1,2.64,8,1,8,sentence,continuous,0.02699570668240388,0.008188612957281008,0.030995486304163933,0.015584047883749008,0.034407585859298706,0.02699570668240388
probe_00216_spk07.wav,/home/hye0n/projects/cnn-based-audio-pii-classification/src/cnn/data_probe/output/probe_00216_spk07.wav,번호는 공구칠사삼구오삼입니다.,09743953,,female,spk07,probe_cont_8,probe,1,3.2,8,1,8,sentence,continuous,0.03742089122533798,0.01372656516762142,0.020143859088420868,0.03839416056871414,0.05372465401887894,0.03742089122533798
probe_00217_spk08.wav,/home/hye0n/projects/cnn-based-audio-pii-classification/src/cnn/data_probe/output/probe_00217_spk08.wav,번호는 삼구사이일공사칠입니다.,39421047,,male,spk08,probe_cont_8,probe,1,3.04,8,1,8,sentence,continuous,0.09006872648994128,0.03262246019228041,0.05238218978047371,0.1319582760334015,0.08586571365594864,0.09006872648994128
probe_00218_spk09.wav,/home/hye0n/projects/cnn-based-audio-pii-classification/src/cnn/data_probe/output/probe_00218_spk09.wav,번호는 공구오이일사오육입니다.,09521456,,female,spk09,probe_cont_8,probe,1,2.48,8,1,8,sentence,continuous,0.036230734859903656,0.010254078793161096,0.04242708906531334,0.021778127178549767,0.044486988335847855,0.036230734859903656
probe_00219_spk10.wav,/home/hye0n/projects/cnn-based-audio-pii-classification/src/cnn/data_probe/output/probe_00219_spk10.wav,번호는 이삼이팔오팔팔사입니다.,23285884,,male,spk10,probe_cont_8,probe,1,2.64,8,1,8,sentence,continuous,0.014599038287997246,0.004400446801026284,0.020328985527157784,0.00963128637522459,0.013836842961609364,0.014599038287997246
probe_00220_spk11.wav,/home/hye0n/projects/cnn-based-audio-pii-classification/src/cnn/data_probe/output/probe_00220_spk11.wav,번호는 이사칠사오일칠일입니다.,24745171,,female,spk11,probe_cont_8,probe,1,2.8,8,1,8,sentence,continuous,0.061001650989055634,0.016593792177997228,0.08410828560590744,0.04589960351586342,0.05299706384539604,0.061001650989055634
probe_00221_spk12.wav,/home/hye0n/projects/cnn-based-audio-pii-classification/src/cnn/data_probe/output/probe_00221_spk12.wav,번호는 이삼육팔오일육공입니다.,23685160,,male,spk12,probe_cont_8,probe,1,2.24,8,1,8,sentence,continuous,0.01829583973934253,0.005754616584418139,0.019110307097434998,0.010876053012907505,0.02490115910768509,0.01829583973934253
probe_00222_spk13.wav,/home/hye0n/projects/cnn-based-audio-pii-classification/src/cnn/data_probe/output/probe_00222_spk13.wav,번호는 사팔일칠오사구육입니다.,48175496,,male,spk13,probe_cont_8,probe,1,2.24,8,1,8,sentence,continuous,0.011183098734666904,0.003188512611137265,0.014831225387752056,0.007063758093863726,0.01165431272238493,0.011183098734666904
probe_00223_spk14.wav,/home/hye0n/projects/cnn-based-audio-pii-classification/src/cnn/data_probe/output/probe_00223_spk14.wav,번호는 오일삼칠공구팔오입니다.,51370985,,female,spk14,probe_cont_8,probe,1,2.56,8,1,8,sentence,continuous,0.015299007451782623,0.006649392883319728,0.023339956998825073,0.007056094240397215,0.015500971116125584,0.015299007451782623
probe_00224_spk01.wav,/home/hye0n/projects/cnn-based-audio-pii-classification/src/cnn/data_probe/output/probe_00224_spk01.wav,번호는 구삼일칠사육일이입니다.,93174612,,female,spk01,probe_cont_8,probe,1,2.72,8,1,8,sentence,continuous,0.02315793962528308,0.008049242630279644,0.0205780491232872,0.034049633890390396,0.01484613586217165,0.02315793962528308
probe_00225_spk02.wav,/home/hye0n/projects/cnn-based-audio-pii-classification/src/cnn/data_probe/output/probe_00225_spk02.wav,번호는 공공사칠일일삼팔입니다.,00471138,,male,spk02,probe_cont_8,probe,1,3.04,8,1,8,sentence,continuous,0.13013131668170294,0.05128622664321761,0.09387800842523575,0.20266099274158478,0.09385494887828827,0.13013131668170294
probe_00226_spk03.wav,/home/hye0n/projects/cnn-based-audio-pii-classification/src/cnn/data_probe/output/probe_00226_spk03.wav,번호는 이육칠오팔육구이입니다.,26758692,,female,spk03,probe_cont_8,probe,1,3.52,8,1,8,sentence,continuous,0.13146784653266272,0.02557998695258062,0.16442357003688812,0.12791065871715546,0.10206931084394455,0.13146784653266272
probe_00227_spk04.wav,/home/hye0n/projects/cnn-based-audio-pii-classification/src/cnn/data_probe/output/probe_00227_spk04.wav,번호는 육일칠구육사공오입니다.,61796405,,male,spk04,probe_cont_8,probe,1,2.56,8,1,8,sentence,continuous,0.017309201570848625,0.006155962075872,0.018127011135220528,0.009394153021275997,0.024406440556049347,0.017309201570848625
probe_00228_spk05.wav,/home/hye0n/projects/cnn-based-audio-pii-classification/src/cnn/data_probe/output/probe_00228_spk05.wav,번호는 삼칠칠삼오일오팔입니다.,37735158,,female,spk05,probe_cont_8,probe,1,2.72,8,1,8,sentence,continuous,0.10846158862113953,0.03447546726870561,0.05997256934642792,0.1282961070537567,0.13711608946323395,0.10846158862113953
probe_00229_spk06.wav,/home/hye0n/projects/cnn-based-audio-pii-classification/src/cnn/data_probe/output/probe_00229_spk06.wav,번호는 오공육사삼일칠일입니다.,50643171,,male,spk06,probe_cont_8,probe,1,2.48,8,1,8,sentence,continuous,0.03181475680321455,0.0145979248958534,0.04181034862995148,0.011173584498465061,0.04246033728122711,0.03181475680321455
probe_00230_spk07.wav,/home/hye0n/projects/cnn-based-audio-pii-classification/src/cnn/data_probe/output/probe_00230_spk07.wav,번호는 삼구공공오삼이구입니다.,39005329,,female,spk07,probe_cont_8,probe,1,2.88,8,1,8,sentence,continuous,0.07897682363788287,0.014648347783783273,0.06204446032643318,0.09777898341417313,0.0771070271730423,0.07897682363788287
probe_00231_spk08.wav,/home/hye0n/projects/cnn-based-audio-pii-classification/src/cnn/data_probe/output/probe_00231_spk08.wav,번호는 삼일팔삼구삼삼오입니다.,31839335,,male,spk08,probe_cont_8,probe,1,3.2,8,1,8,sentence,continuous,0.28371253112951916,0.07058384323761069,0.2065552920103073,0.3771381080150604,0.2674441933631897,0.28371253112951916
probe_00232_spk09.wav,/home/hye0n/projects/cnn-based-audio-pii-classification/src/cnn/data_probe/output/probe_00232_spk09.wav,번호는 이구공사이이팔사입니다.,29042284,,female,spk09,probe_cont_8,probe,1,2.72,8,1,8,sentence,continuous,0.0181921540449063,0.0050036113296162065,0.022654499858617783,0.011204954236745834,0.020717008039355278,0.0181921540449063
probe_00233_spk10.wav,/home/hye0n/projects/cnn-based-audio-pii-classification/src/cnn/data_probe/output/probe_00233_spk10.wav,번호는 이일공이공오삼구입니다.,21020539,,male,spk10,probe_cont_8,probe,1,2.24,8,1,8,sentence,continuous,0.013129877392202616,0.004680827860411381,0.013728871941566467,0.0071210782043635845,0.018539682030677795,0.013129877392202616
probe_00234_spk11.wav,/home/hye0n/projects/cnn-based-audio-pii-classification/src/cnn/data_probe/output/probe_00234_spk11.wav,번호는 오공이사공이육팔입니다.,50240268,,female,spk11,probe_cont_8,probe,1,3.68,8,1,8,sentence,continuous,0.515653669834137,0.24703635227791484,0.27215877175331116,0.4204377233982086,0.8543645143508911,0.515653669834137
probe_00235_spk12.wav,/home/hye0n/projects/cnn-based-audio-pii-classification/src/cnn/data_probe/output/probe_00235_spk12.wav,번호는 일일칠칠오팔구일입니다.,11775891,,male,spk12,probe_cont_8,probe,1,2.64,8,1,8,sentence,continuous,0.014704666721324125,0.004326610343264731,0.016782736405730247,0.008681601844727993,0.018649661913514137,0.014704666721324125
probe_00236_spk13.wav,/home/hye0n/projects/cnn-based-audio-pii-classification/src/cnn/data_probe/output/probe_00236_spk13.wav,번호는 칠팔삼구공팔사칠입니다.,78390847,,male,spk13,probe_cont_8,probe,1,2.48,8,1,8,sentence,continuous,0.0207045404240489,0.009527558745581722,0.016878215596079826,0.011429271660745144,0.03380613401532173,0.0207045404240489
probe_00237_spk14.wav,/home/hye0n/projects/cnn-based-audio-pii-classification/src/cnn/data_probe/output/probe_00237_spk14.wav,번호는 공공칠육육일칠칠입니다.,00766177,,female,spk14,probe_cont_8,probe,1,2.64,8,1,8,sentence,continuous,0.019323511670033138,0.010996254575742787,0.03348608314990997,0.00667961873114109,0.017804833129048347,0.019323511670033138
probe_00238_spk01.wav,/home/hye0n/projects/cnn-based-audio-pii-classification/src/cnn/data_probe/output/probe_00238_spk01.wav,번호는 일일오구이일이사입니다.,11592124,,female,spk01,probe_cont_8,probe,1,2.72,8,1,8,sentence,continuous,0.03568540761868159,0.012417288767606085,0.04473354294896126,0.018127460032701492,0.04419521987438202,0.03568540761868159
probe_00239_spk02.wav,/home/hye0n/projects/cnn-based-audio-pii-classification/src/cnn/data_probe/output/probe_00239_spk02.wav,번호는 구구팔오육구팔사입니다.,99856984,,male,spk02,probe_cont_8,probe,1,2.96,8,1,8,sentence,continuous,0.06366861363252004,0.01153624039929897,0.05832035094499588,0.07969094067811966,0.05299454927444458,0.06366861363252004
probe_00240_spk03.wav,/home/hye0n/projects/cnn-based-audio-pii-classification/src/cnn/data_probe/output/probe_00240_spk03.wav,번호는 칠팔구육일일팔삼입니다.,78961183,,female,spk03,probe_cont_8,probe,1,3.6,8,1,8,sentence,continuous,0.08679884672164917,0.038621219738829635,0.07137157768011093,0.049137406051158905,0.13988755643367767,0.08679884672164917
probe_00241_spk04.wav,/home/hye0n/projects/cnn-based-audio-pii-classification/src/cnn/data_probe/output/probe_00241_spk04.wav,번호는 육칠삼육오칠육육입니다.,67365766,,male,spk04,probe_cont_8,probe,1,2.8,8,1,8,sentence,continuous,0.05110656097531319,0.01302195621735327,0.05074520409107208,0.03534173592925072,0.06723274290561676,0.05110656097531319
probe_00242_spk05.wav,/home/hye0n/projects/cnn-based-audio-pii-classification/src/cnn/data_probe/output/probe_00242_spk05.wav,번호는 일오육오사오이칠입니다.,15654527,,female,spk05,probe_cont_8,probe,1,2.16,8,1,8,sentence,continuous,0.032342721397678055,0.014123399819590264,0.028731025755405426,0.01713615097105503,0.051160987466573715,0.032342721397678055
probe_00243_spk06.wav,/home/hye0n/projects/cnn-based-audio-pii-classification/src/cnn/data_probe/output/probe_00243_spk06.wav,번호는 일일일일육일오이입니다.,11116152,,male,spk06,probe_cont_8,probe,1,3.04,8,1,8,sentence,continuous,0.006795251742005348,0.0013702821494463527,0.00716034322977066,0.004964512772858143,0.008260899223387241,0.006795251742005348
probe_00244_spk07.wav,/home/hye0n/projects/cnn-based-audio-pii-classification/src/cnn/data_probe/output/probe_00244_spk07.wav,번호는 팔공구팔팔오일육입니다.,80988516,,female,spk07,probe_cont_8,probe,1,2.96,8,1,8,sentence,continuous,0.07737061567604542,0.049566651774408055,0.06369499862194061,0.1437484323978424,0.024668416008353233,0.07737061567604542
probe_00245_spk08.wav,/home/hye0n/projects/cnn-based-audio-pii-classification/src/cnn/data_probe/output/probe_00245_spk08.wav,번호는 오육공사구사오일입니다.,56049451,,male,spk08,probe_cont_8,probe,1,2.96,8,1,8,sentence,continuous,0.18720224251349768,0.08830362725014283,0.07205241173505783,0.20292404294013977,0.2866302728652954,0.18720224251349768
probe_00246_spk09.wav,/home/hye0n/projects/cnn-based-audio-pii-classification/src/cnn/data_probe/output/probe_00246_spk09.wav,번호는 구팔삼이칠삼일오입니다.,98327315,,female,spk09,probe_cont_8,probe,1,2.32,8,1,8,sentence,continuous,0.01354940158004562,0.006092629591419569,0.02081446908414364,0.00590509781613946,0.013928637839853764,0.01354940158004562
probe_00247_spk10.wav,/home/hye0n/projects/cnn-based-audio-pii-classification/src/cnn/data_probe/output/probe_00247_spk10.wav,번호는 팔오일사구삼육팔입니다.,85149368,,male,spk10,probe_cont_8,probe,1,3.68,8,1,8,sentence,continuous,0.030557165543238323,0.01215307740650202,0.02189694717526436,0.022030510008335114,0.047744039446115494,0.030557165543238323
probe_00248_spk11.wav,/home/hye0n/projects/cnn-based-audio-pii-classification/src/cnn/data_probe/output/probe_00248_spk11.wav,번호는 구구팔공구사공이입니다.,99809402,,female,spk11,probe_cont_8,probe,1,3.44,8,1,8,sentence,continuous,0.009050155834605297,0.0031203212545915953,0.01341613195836544,0.006311923265457153,0.007422412279993296,0.009050155834605297
probe_00249_spk12.wav,/home/hye0n/projects/cnn-based-audio-pii-classification/src/cnn/data_probe/output/probe_00249_spk12.wav,번호는 사사오오공이이구입니다.,44550229,,male,spk12,probe_cont_8,probe,1,2.08,8,1,8,sentence,continuous,0.017002152279019356,0.007614369593588558,0.015288972295820713,0.008651859126985073,0.02706562541425228,0.017002152279019356
probe_00250_spk13.wav,/home/hye0n/projects/cnn-based-audio-pii-classification/src/cnn/data_probe/output/probe_00250_spk13.wav,번호는 육일이공일팔삼육입니다.,61201836,,male,spk13,probe_cont_8,probe,1,2.8,8,1,8,sentence,continuous,0.03856117402513822,0.0220785977925389,0.022316385060548782,0.023590780794620514,0.06977635622024536,0.03856117402513822
probe_00251_spk14.wav,/home/hye0n/projects/cnn-based-audio-pii-classification/src/cnn/data_probe/output/probe_00251_spk14.wav,번호는 육칠오이오사오구입니다.,67525459,,female,spk14,probe_cont_8,probe,1,2.56,8,1,8,sentence,continuous,0.014835871445635954,0.006363787190260952,0.0229031965136528,0.007347446866333485,0.014256970956921577,0.014835871445635954
probe_00252_spk01.wav,/home/hye0n/projects/cnn-based-audio-pii-classification/src/cnn/data_probe/output/probe_00252_spk01.wav,번호는 구일공이이구공일입니다.,91022901,,female,spk01,probe_cont_8,probe,1,2.88,8,1,8,sentence,continuous,0.04901713877916336,0.020645906761119878,0.0773736834526062,0.028813090175390244,0.04086464270949364,0.04901713877916336
probe_00253_spk02.wav,/home/hye0n/projects/cnn-based-audio-pii-classification/src/cnn/data_probe/output/probe_00253_spk02.wav,번호는 사칠육칠구칠육사입니다.,47679764,,male,spk02,probe_cont_8,probe,1,3.6,8,1,8,sentence,continuous,0.03003706783056259,0.007919664530006856,0.020293669775128365,0.0301253292709589,0.03969220444560051,0.03003706783056259
probe_00254_spk03.wav,/home/hye0n/projects/cnn-based-audio-pii-classification/src/cnn/data_probe/output/probe_00254_spk03.wav,번호는 삼팔일오육일사구입니다.,38156149,,female,spk03,probe_cont_8,probe,1,3.2,8,1,8,sentence,continuous,0.01577758075048526,0.006702098745116705,0.018795467913150787,0.006487476639449596,0.0220497976988554,0.01577758075048526
probe_00255_spk04.wav,/home/hye0n/projects/cnn-based-audio-pii-classification/src/cnn/data_probe/output/probe_00255_spk04.wav,번호는 칠팔사공삼육구공입니다.,78403690,,male,spk04,probe_cont_8,probe,1,2.72,8,1,8,sentence,continuous,0.04999138539036115,0.03251066974843318,0.03556286171078682,0.019399844110012054,0.09501145035028458,0.04999138539036115
probe_00256_spk05.wav,/home/hye0n/projects/cnn-based-audio-pii-classification/src/cnn/data_probe/output/probe_00256_spk05.wav,번호는 공삼사삼이사사오입니다.,03432445,,female,spk05,probe_cont_8,probe,1,3.36,8,1,8,sentence,continuous,0.031198303525646526,0.009248678833734824,0.032504819333553314,0.019274426624178886,0.04181566461920738,0.031198303525646526
probe_00257_spk06.wav,/home/hye0n/projects/cnn-based-audio-pii-classification/src/cnn/data_probe/output/probe_00257_spk06.wav,번호는 일공칠육이이육팔입니다.,10762268,,male,spk06,probe_cont_8,probe,1,2.32,8,1,8,sentence,continuous,0.03956485725939274,0.03019389112118587,0.02468249946832657,0.01234491728246212,0.08166715502738953,0.03956485725939274
probe_00258_spk07.wav,/home/hye0n/projects/cnn-based-audio-pii-classification/src/cnn/data_probe/output/probe_00258_spk07.wav,번호는 삼팔팔오일육공육입니다.,38851606,,female,spk07,probe_cont_8,probe,1,3.12,8,1,8,sentence,continuous,0.11751100172599156,0.013701548299277812,0.13634848594665527,0.11202424764633179,0.10416027158498764,0.11751100172599156
probe_00259_spk08.wav,/home/hye0n/projects/cnn-based-audio-pii-classification/src/cnn/data_probe/output/probe_00259_spk08.wav,번호는 공칠일오구육구육입니다.,07159696,,male,spk08,probe_cont_8,probe,1,2.96,8,1,8,sentence,continuous,0.2581097235282262,0.05102078997110997,0.2195969521999359,0.22452430427074432,0.3302079141139984,0.2581097235282262
probe_00260_spk09.wav,/home/hye0n/projects/cnn-based-audio-pii-classification/src/cnn/data_probe/output/probe_00260_spk09.wav,번호는 육사일육공오이구입니다.,64160529,,female,spk09,probe_cont_8,probe,1,2.88,8,1,8,sentence,continuous,0.11666925561924775,0.08701906409341843,0.09583984315395355,0.022045502439141273,0.23212242126464844,0.11666925561924775
probe_00261_spk10.wav,/home/hye0n/projects/cnn-based-audio-pii-classification/src/cnn/data_probe/output/probe_00261_spk10.wav,번호는 칠오일육일삼육구입니다.,75161369,,male,spk10,probe_cont_8,probe,1,3.04,8,1,8,sentence,continuous,0.01573659759014845,0.006899176873105299,0.02474159188568592,0.00798132922500372,0.014486871659755707,0.01573659759014845
probe_00262_spk11.wav,/home/hye0n/projects/cnn-based-audio-pii-classification/src/cnn/data_probe/output/probe_00262_spk11.wav,번호는 육팔일육사오삼오입니다.,68164535,,female,spk11,probe_cont_8,probe,1,3.36,8,1,8,sentence,continuous,0.13047432154417038,0.05777081962957816,0.20612798631191254,0.06593431532382965,0.11936066299676895,0.13047432154417038
probe_00263_spk12.wav,/home/hye0n/projects/cnn-based-audio-pii-classification/src/cnn/data_probe/output/probe_00263_spk12.wav,번호는 이일팔일팔팔삼오입니다.,21818835,,male,spk12,probe_cont_8,probe,1,2.4,8,1,8,sentence,continuous,0.017026478424668312,0.007915601808928184,0.013566257432103157,0.009536758065223694,0.027976419776678085,0.017026478424668312
probe_00264_spk13.wav,/home/hye0n/projects/cnn-based-audio-pii-classification/src/cnn/data_probe/output/probe_00264_spk13.wav,번호는 오이삼일이사삼이입니다.,52312432,,male,spk13,probe_cont_8,probe,1,2.32,8,1,8,sentence,continuous,0.008366248570382595,0.0019754043627489533,0.011157725937664509,0.006875251419842243,0.007065768353641033,0.008366248570382595
probe_00265_spk14.wav,/home/hye0n/projects/cnn-based-audio-pii-classification/src/cnn/data_probe/output/probe_00265_spk14.wav,번호는 구이일이칠칠구구입니다.,92127799,,female,spk14,probe_cont_8,probe,1,2.64,8,1,8,sentence,continuous,0.014709575101733208,0.004692756449745672,0.018385637551546097,0.008086372166872025,0.017656715586781502,0.014709575101733208
probe_00266_spk01.wav,/home/hye0n/projects/cnn-based-audio-pii-classification/src/cnn/data_probe/output/probe_00266_spk01.wav,번호는 칠구구오오이칠일입니다.,79955271,,female,spk01,probe_cont_8,probe,1,2.88,8,1,8,sentence,continuous,0.095718614757061,0.0412106873442313,0.1398129016160965,0.040667660534381866,0.10667528212070465,0.095718614757061
probe_00267_spk02.wav,/home/hye0n/projects/cnn-based-audio-pii-classification/src/cnn/data_probe/output/probe_00267_spk02.wav,번호는 칠칠사사구공오팔입니다.,77449058,,male,spk02,probe_cont_8,probe,1,2.48,8,1,8,sentence,continuous,0.013443615908424059,0.002058769899919062,0.015941748395562172,0.010899443179368973,0.013489656150341034,0.013443615908424059
probe_00268_spk03.wav,/home/hye0n/projects/cnn-based-audio-pii-classification/src/cnn/data_probe/output/probe_00268_spk03.wav,번호는 일사칠칠공공오사입니다.,14770054,,female,spk03,probe_cont_8,probe,1,2.56,8,1,8,sentence,continuous,0.06763651718695958,0.006237016405094628,0.05973833054304123,0.0749862790107727,0.06818494200706482,0.06763651718695958
probe_00269_spk04.wav,/home/hye0n/projects/cnn-based-audio-pii-classification/src/cnn/data_probe/output/probe_00269_spk04.wav,번호는 일일구구팔육칠구입니다.,11998679,,male,spk04,probe_cont_8,probe,1,2.8,8,1,8,sentence,continuous,0.07917598883310954,0.06336344918848517,0.051893703639507294,0.01889725774526596,0.16673700511455536,0.07917598883310954
probe_00270_spk05.wav,/home/hye0n/projects/cnn-based-audio-pii-classification/src/cnn/data_probe/output/probe_00270_spk05.wav,번호는 팔공칠구삼오구칠입니다.,80793597,,female,spk05,probe_cont_8,probe,1,2.96,8,1,8,sentence,continuous,0.03128985750178496,0.008791207632136776,0.022898726165294647,0.02754063345491886,0.04343021288514137,0.03128985750178496
probe_00271_spk06.wav,/home/hye0n/projects/cnn-based-audio-pii-classification/src/cnn/data_probe/output/probe_00271_spk06.wav,번호는 팔이공칠일오일팔입니다.,82071518,,male,spk06,probe_cont_8,probe,1,3.36,8,1,8,sentence,continuous,0.045678313821554184,0.014233395071672343,0.047631535679101944,0.062051717191934586,0.027351688593626022,0.045678313821554184
probe_00272_spk07.wav,/home/hye0n/projects/cnn-based-audio-pii-classification/src/cnn/data_probe/output/probe_00272_spk07.wav,번호는 이공삼칠칠팔팔구입니다.,20377889,,female,spk07,probe_cont_8,probe,1,2.48,8,1,8,sentence,continuous,0.04378588870167732,0.021974055459737525,0.03704054281115532,0.020887590944767,0.07342953234910965,0.04378588870167732
probe_00273_spk08.wav,/home/hye0n/projects/cnn-based-audio-pii-classification/src/cnn/data_probe/output/probe_00273_spk08.wav,번호는 이오오사육육오구입니다.,25546659,,male,spk08,probe_cont_8,probe,1,2.96,8,1,8,sentence,continuous,0.06468320762117703,0.021053706777905867,0.06752577424049377,0.03759428486227989,0.08892956376075745,0.06468320762117703
probe_00274_spk09.wav,/home/hye0n/projects/cnn-based-audio-pii-classification/src/cnn/data_probe/output/probe_00274_spk09.wav,번호는 공오일오일팔육사입니다.,05151864,,female,spk09,probe_cont_8,probe,1,3.28,8,1,8,sentence,continuous,0.01679004666705926,0.0056131147955697566,0.016910480335354805,0.009855987504124641,0.02360367216169834,0.01679004666705926
probe_00275_spk10.wav,/home/hye0n/projects/cnn-based-audio-pii-classification/src/cnn/data_probe/output/probe_00275_spk10.wav,번호는 사구이오일구이오입니다.,49251925,,male,spk10,probe_cont_8,probe,1,2.64,8,1,8,sentence,continuous,0.011745106739302477,0.004157919823932171,0.01112319901585579,0.006992231123149395,0.017119890078902245,0.011745106739302477
probe_00276_spk11.wav,/home/hye0n/projects/cnn-based-audio-pii-classification/src/cnn/data_probe/output/probe_00276_spk11.wav,번호는 사육이구일사팔육입니다.,46291486,,female,spk11,probe_cont_8,probe,1,3.28,8,1,8,sentence,continuous,0.24390327682097754,0.181329159786089,0.09324236959218979,0.4989456236362457,0.13952183723449707,0.24390327682097754
probe_00277_spk12.wav,/home/hye0n/projects/cnn-based-audio-pii-classification/src/cnn/data_probe/output/probe_00277_spk12.wav,번호는 오이팔일육팔오공입니다.,52816850,,male,spk12,probe_cont_8,probe,1,2.72,8,1,8,sentence,continuous,0.01702575556312998,0.006647292743500295,0.020528234541416168,0.007719436194747686,0.02282959595322609,0.01702575556312998
probe_00278_spk13.wav,/home/hye0n/projects/cnn-based-audio-pii-classification/src/cnn/data_probe/output/probe_00278_spk13.wav,번호는 오사이삼오칠삼삼입니다.,54235733,,male,spk13,probe_cont_8,probe,1,2.56,8,1,8,sentence,continuous,0.01942903238038222,0.005834004688256383,0.014428867027163506,0.016245614737272263,0.02761261537671089,0.01942903238038222
probe_00279_spk14.wav,/home/hye0n/projects/cnn-based-audio-pii-classification/src/cnn/data_probe/output/probe_00279_spk14.wav,번호는 이이일사일팔팔팔입니다.,22141888,,female,spk14,probe_cont_8,probe,1,3.36,8,1,8,sentence,continuous,0.05566004818926255,0.0332345455444017,0.06230713427066803,0.012041782028973103,0.09263122826814651,0.05566004818926255
probe_00280_spk01.wav,/home/hye0n/projects/cnn-based-audio-pii-classification/src/cnn/data_probe/output/probe_00280_spk01.wav,번호는 공오구이구육이이입니다.,05929622,,female,spk01,probe_cont_8,probe,1,2.96,8,1,8,sentence,continuous,0.06560931851466496,0.02536019762019558,0.05353690683841705,0.10089278221130371,0.04239826649427414,0.06560931851466496
probe_00281_spk02.wav,/home/hye0n/projects/cnn-based-audio-pii-classification/src/cnn/data_probe/output/probe_00281_spk02.wav,번호는 이구이칠공육오삼입니다.,29270653,,male,spk02,probe_cont_8,probe,1,2.88,8,1,8,sentence,continuous,0.06712771579623222,0.046794541291087316,0.030272051692008972,0.037954721599817276,0.13315637409687042,0.06712771579623222
probe_00282_spk03.wav,/home/hye0n/projects/cnn-based-audio-pii-classification/src/cnn/data_probe/output/probe_00282_spk03.wav,번호는 칠구사칠삼팔삼사입니다.,79473834,,female,spk03,probe_cont_8,probe,1,3.52,8,1,8,sentence,continuous,0.35144585371017456,0.21817467968023405,0.13226893544197083,0.27296146750450134,0.6491071581840515,0.35144585371017456
probe_00283_spk04.wav,/home/hye0n/projects/cnn-based-audio-pii-classification/src/cnn/data_probe/output/probe_00283_spk04.wav,번호는 칠삼오구칠칠사육입니다.,73597746,,male,spk04,probe_cont_8,probe,1,2.56,8,1,8,sentence,continuous,0.026517676810423534,0.011250384514129387,0.020565031096339226,0.016715845093131065,0.04227215424180031,0.026517676810423534
probe_00284_spk05.wav,/home/hye0n/projects/cnn-based-audio-pii-classification/src/cnn/data_probe/output/probe_00284_spk05.wav,번호는 팔팔육이삼구이사입니다.,88623924,,female,spk05,probe_cont_8,probe,1,3.04,8,1,8,sentence,continuous,0.023824695497751236,0.0011398030085316296,0.02433488890528679,0.02224539965391159,0.02489379793405533,0.023824695497751236
probe_00285_spk06.wav,/home/hye0n/projects/cnn-based-audio-pii-classification/src/cnn/data_probe/output/probe_00285_spk06.wav,번호는 공칠오팔일팔일사입니다.,07581814,,male,spk06,probe_cont_8,probe,1,2.96,8,1,8,sentence,continuous,0.03413716641565164,0.015793314567969795,0.027025070041418076,0.05602915585041046,0.01935727335512638,0.03413716641565164
probe_00286_spk07.wav,/home/hye0n/projects/cnn-based-audio-pii-classification/src/cnn/data_probe/output/probe_00286_spk07.wav,번호는 일이사칠팔이육일입니다.,12478261,,female,spk07,probe_cont_8,probe,1,3.04,8,1,8,sentence,continuous,0.3616008162498474,0.1306444758808762,0.17739960551261902,0.4661273658275604,0.4412754774093628,0.3616008162498474
probe_00287_spk08.wav,/home/hye0n/projects/cnn-based-audio-pii-classification/src/cnn/data_probe/output/probe_00287_spk08.wav,번호는 삼칠오공육공육팔입니다.,37506068,,male,spk08,probe_cont_8,probe,1,3.04,8,1,8,sentence,continuous,0.22868396838506064,0.019588059181833196,0.2542468011379242,0.22514615952968597,0.20665894448757172,0.22868396838506064
probe_00288_spk09.wav,/home/hye0n/projects/cnn-based-audio-pii-classification/src/cnn/data_probe/output/probe_00288_spk09.wav,번호는 오삼육일오삼공오입니다.,53615305,,female,spk09,probe_cont_8,probe,1,2.48,8,1,8,sentence,continuous,0.05968344025313854,0.04047404373842051,0.041583798825740814,0.021706411615014076,0.11576011031866074,0.05968344025313854
probe_00289_spk10.wav,/home/hye0n/projects/cnn-based-audio-pii-classification/src/cnn/data_probe/output/probe_00289_spk10.wav,번호는 일오이이공사칠이입니다.,15220472,,male,spk10,probe_cont_8,probe,1,2.96,8,1,8,sentence,continuous,0.07012188186248143,0.027588084756656143,0.040506087243556976,0.10692596435546875,0.06293359398841858,0.07012188186248143
probe_00290_spk11.wav,/home/hye0n/projects/cnn-based-audio-pii-classification/src/cnn/data_probe/output/probe_00290_spk11.wav,번호는 칠칠구공일공사삼입니다.,77901043,,female,spk11,probe_cont_8,probe,1,2.56,8,1,8,sentence,continuous,0.05710904859006405,0.041210714486339124,0.022040607407689095,0.03433027118444443,0.11495626717805862,0.05710904859006405
probe_00291_spk12.wav,/home/hye0n/projects/cnn-based-audio-pii-classification/src/cnn/data_probe/output/probe_00291_spk12.wav,번호는 이팔구팔육일사삼입니다.,28986143,,male,spk12,probe_cont_8,probe,1,2.24,8,1,8,sentence,continuous,0.016068097824851673,0.008645641294992392,0.017439208924770355,0.00486062653362751,0.02590445801615715,0.016068097824851673
probe_00292_spk13.wav,/home/hye0n/projects/cnn-based-audio-pii-classification/src/cnn/data_probe/output/probe_00292_spk13.wav,번호는 사일공삼육구칠일입니다.,41036971,,male,spk13,probe_cont_8,probe,1,2.48,8,1,8,sentence,continuous,0.1480303667485714,0.13706299274510422,0.0426466278731823,0.05983186513185501,0.3416126072406769,0.1480303667485714
probe_00293_spk14.wav,/home/hye0n/projects/cnn-based-audio-pii-classification/src/cnn/data_probe/output/probe_00293_spk14.wav,번호는 일칠구팔공팔구삼입니다.,17980893,,female,spk14,probe_cont_8,probe,1,3.52,8,1,8,sentence,continuous,0.17706934362649918,0.10352831459253142,0.1706223040819168,0.053620077669620514,0.3069656491279602,0.17706934362649918
probe_00294_spk01.wav,/home/hye0n/projects/cnn-based-audio-pii-classification/src/cnn/data_probe/output/probe_00294_spk01.wav,번호는 이사육공구오삼구입니다.,24609539,,female,spk01,probe_cont_8,probe,1,3.28,8,1,8,sentence,continuous,0.0986746996641159,0.02891518415251832,0.1389925628900528,0.07260102033615112,0.0844305157661438,0.0986746996641159
probe_00295_spk02.wav,/home/hye0n/projects/cnn-based-audio-pii-classification/src/cnn/data_probe/output/probe_00295_spk02.wav,번호는 육이일팔오일팔팔입니다.,62185188,,male,spk02,probe_cont_8,probe,1,2.64,8,1,8,sentence,continuous,0.022243287414312363,0.011669031467897195,0.03852454945445061,0.01177031360566616,0.01643499918282032,0.022243287414312363
probe_00296_spk03.wav,/home/hye0n/projects/cnn-based-audio-pii-classification/src/cnn/data_probe/output/probe_00296_spk03.wav,번호는 팔팔팔공육칠공육입니다.,88806706,,female,spk03,probe_cont_8,probe,1,2.96,8,1,8,sentence,continuous,0.2188020423054695,0.09830465488114477,0.1223636344075203,0.18030081689357758,0.35374167561531067,0.2188020423054695
probe_00297_spk04.wav,/home/hye0n/projects/cnn-based-audio-pii-classification/src/cnn/data_probe/output/probe_00297_spk04.wav,번호는 오사공오일오삼일입니다.,54051531,,male,spk04,probe_cont_8,probe,1,3.68,8,1,8,sentence,continuous,0.01643500414987405,0.0020786849981106127,0.01564386859536171,0.014378638938069344,0.0192825049161911,0.01643500414987405
probe_00298_spk05.wav,/home/hye0n/projects/cnn-based-audio-pii-classification/src/cnn/data_probe/output/probe_00298_spk05.wav,번호는 구오이공오팔오이입니다.,95205852,,female,spk05,probe_cont_8,probe,1,2.56,8,1,8,sentence,continuous,0.03835782098273436,0.02600415146979195,0.029071517288684845,0.0121846254914999,0.07381732016801834,0.03835782098273436
probe_00299_spk06.wav,/home/hye0n/projects/cnn-based-audio-pii-classification/src/cnn/data_probe/output/probe_00299_spk06.wav,번호는 칠칠이이일칠공사입니다.,77221704,,male,spk06,probe_cont_8,probe,1,3.92,8,1,8,sentence,continuous,0.4952603578567505,0.15169849412720532,0.36196067929267883,0.4163353145122528,0.7074850797653198,0.4952603578567505
probe_00300_spk07.wav,/home/hye0n/projects/cnn-based-audio-pii-classification/src/cnn/data_probe/output/probe_00300_spk07.wav,번호는 삼공삼공오사팔육팔칠입니다.,3030548687,,female,spk07,probe_cont_10,probe,1,3.04,10,1,10,sentence,continuous,0.7792204916477203,0.2070528748656599,0.49433645606040955,0.863035261631012,0.9802897572517395,0.7792204916477203
probe_00301_spk08.wav,/home/hye0n/projects/cnn-based-audio-pii-classification/src/cnn/data_probe/output/probe_00301_spk08.wav,번호는 사공삼사오공오사일오입니다.,4034505415,,male,spk08,probe_cont_10,probe,1,3.04,10,1,10,sentence,continuous,0.5100534558296204,0.15433019213376822,0.29291075468063354,0.6376904249191284,0.5995591878890991,0.5100534558296204
probe_00302_spk09.wav,/home/hye0n/projects/cnn-based-audio-pii-classification/src/cnn/data_probe/output/probe_00302_spk09.wav,번호는 육육칠육오이칠칠오팔입니다.,6676527758,,female,spk09,probe_cont_10,probe,1,3.28,10,1,10,sentence,continuous,0.6716382106145223,0.08857565059792655,0.6947197318077087,0.7667225003242493,0.5534723997116089,0.6716382106145223
probe_00303_spk10.wav,/home/hye0n/projects/cnn-based-audio-pii-classification/src/cnn/data_probe/output/probe_00303_spk10.wav,번호는 사일육일육구이팔사오입니다.,4161692845,,male,spk10,probe_cont_10,probe,1,3.28,10,1,10,sentence,continuous,0.08322593321402867,0.06641570687089562,0.04703846946358681,0.17638243734836578,0.026256892830133438,0.08322593321402867
probe_00304_spk11.wav,/home/hye0n/projects/cnn-based-audio-pii-classification/src/cnn/data_probe/output/probe_00304_spk11.wav,번호는 일일오사사칠구육이칠입니다.,1154479627,,female,spk11,probe_cont_10,probe,1,3.36,10,1,10,sentence,continuous,0.17547048876682916,0.06419410049659917,0.08580537885427475,0.23260954022407532,0.20799654722213745,0.17547048876682916
probe_00305_spk12.wav,/home/hye0n/projects/cnn-based-audio-pii-classification/src/cnn/data_probe/output/probe_00305_spk12.wav,번호는 오칠공오구육사공일육입니다.,5705964016,,male,spk12,probe_cont_10,probe,1,2.8,10,1,10,sentence,continuous,0.11647855738798778,0.0735202570969182,0.03696364909410477,0.09821983426809311,0.21425218880176544,0.11647855738798778
probe_00306_spk13.wav,/home/hye0n/projects/cnn-based-audio-pii-classification/src/cnn/data_probe/output/probe_00306_spk13.wav,번호는 오팔이공이구칠공이일입니다.,5820297021,,male,spk13,probe_cont_10,probe,1,2.88,10,1,10,sentence,continuous,0.03696707574029764,0.006892665149172214,0.029027188196778297,0.036039888858795166,0.04583415016531944,0.03696707574029764
probe_00307_spk14.wav,/home/hye0n/projects/cnn-based-audio-pii-classification/src/cnn/data_probe/output/probe_00307_spk14.wav,번호는 삼오오육구공구이칠오입니다.,3556909275,,female,spk14,probe_cont_10,probe,1,3.28,10,1,10,sentence,continuous,0.22144195437431335,0.08251262086394037,0.19705422222614288,0.13481058180332184,0.33246105909347534,0.22144195437431335
probe_00308_spk01.wav,/home/hye0n/projects/cnn-based-audio-pii-classification/src/cnn/data_probe/output/probe_00308_spk01.wav,번호는 오칠일구이팔오육오사입니다.,5719285654,,female,spk01,probe_cont_10,probe,1,3.2,10,1,10,sentence,continuous,0.15556290745735168,0.016723359878432195,0.1325477510690689,0.17178568243980408,0.16235528886318207,0.15556290745735168
probe_00309_spk02.wav,/home/hye0n/projects/cnn-based-audio-pii-classification/src/cnn/data_probe/output/probe_00309_spk02.wav,번호는 삼일공이칠팔육팔일사입니다.,3102786814,,male,spk02,probe_cont_10,probe,1,2.88,10,1,10,sentence,continuous,0.1415956715742747,0.10073528021735423,0.0333101823925972,0.2759075164794922,0.11556931585073471,0.1415956715742747
probe_00310_spk03.wav,/home/hye0n/projects/cnn-based-audio-pii-classification/src/cnn/data_probe/output/probe_00310_spk03.wav,번호는 사칠삼구사칠삼일이일입니다.,4739473121,,female,spk03,probe_cont_10,probe,1,3.2,10,1,10,sentence,continuous,0.29882781704266864,0.1939932294381902,0.09302683174610138,0.24461521208286285,0.5588414072990417,0.29882781704266864
probe_00311_spk04.wav,/home/hye0n/projects/cnn-based-audio-pii-classification/src/cnn/data_probe/output/probe_00311_spk04.wav,번호는 칠이칠일오오일팔팔사입니다.,7271551884,,male,spk04,probe_cont_10,probe,1,3.2,10,1,10,sentence,continuous,0.5514654219150543,0.2431532067267727,0.269583135843277,0.5218427777290344,0.8629703521728516,0.5514654219150543
probe_00312_spk05.wav,/home/hye0n/projects/cnn-based-audio-pii-classification/src/cnn/data_probe/output/probe_00312_spk05.wav,번호는 사이이오팔삼일삼이삼입니다.,4225831323,,female,spk05,probe_cont_10,probe,1,3.04,10,1,10,sentence,continuous,0.035651986176768936,0.004442289984571707,0.0397573783993721,0.029481010511517525,0.03771756961941719,0.035651986176768936
probe_00313_spk06.wav,/home/hye0n/projects/cnn-based-audio-pii-classification/src/cnn/data_probe/output/probe_00313_spk06.wav,번호는 칠공오팔구오칠팔이구입니다.,7058957829,,male,spk06,probe_cont_10,probe,1,2.64,10,1,10,sentence,continuous,0.049891311675310135,0.0010073161827643777,0.04849584773182869,0.050837114453315735,0.05034097284078598,0.049891311675310135
probe_00314_spk07.wav,/home/hye0n/projects/cnn-based-audio-pii-classification/src/cnn/data_probe/output/probe_00314_spk07.wav,번호는 일일사육칠팔육육구일입니다.,1146786691,,female,spk07,probe_cont_10,probe,1,3.36,10,1,10,sentence,continuous,0.6083163221677145,0.07223398547829936,0.5414705276489258,0.7086372971534729,0.5748411417007446,0.6083163221677145
probe_00315_spk08.wav,/home/hye0n/projects/cnn-based-audio-pii-classification/src/cnn/data_probe/output/probe_00315_spk08.wav,번호는 이오일칠칠팔오이팔구입니다.,2517785289,,male,spk08,probe_cont_10,probe,1,2.96,10,1,10,sentence,continuous,0.08300456156333287,0.031665039315411335,0.06941534578800201,0.12675200402736664,0.052846334874629974,0.08300456156333287
probe_00316_spk09.wav,/home/hye0n/projects/cnn-based-audio-pii-classification/src/cnn/data_probe/output/probe_00316_spk09.wav,번호는 이이육팔공일팔이사이입니다.,2268018242,,female,spk09,probe_cont_10,probe,1,2.96,10,1,10,sentence,continuous,0.3208397130171458,0.12638078359335259,0.3589186370372772,0.45303070545196533,0.15056979656219482,0.3208397130171458
probe_00317_spk10.wav,/home/hye0n/projects/cnn-based-audio-pii-classification/src/cnn/data_probe/output/probe_00317_spk10.wav,번호는 이오삼오팔사일사삼팔입니다.,2535841438,,male,spk10,probe_cont_10,probe,1,2.72,10,1,10,sentence,continuous,0.10390274971723557,0.008492598173202623,0.09192406386137009,0.10913734138011932,0.11064684391021729,0.10390274971723557
probe_00318_spk11.wav,/home/hye0n/projects/cnn-based-audio-pii-classification/src/cnn/data_probe/output/probe_00318_spk11.wav,번호는 사이사구팔일팔이구구입니다.,4249818299,,female,spk11,probe_cont_10,probe,1,4.24,10,1,10,sentence,continuous,0.2259968544046084,0.19381844759556896,0.11671469360589981,0.06294217705726624,0.4983336925506592,0.2259968544046084
probe_00319_spk12.wav,/home/hye0n/projects/cnn-based-audio-pii-classification/src/cnn/data_probe/output/probe_00319_spk12.wav,번호는 이이구구오구공공일공입니다.,2299590010,,male,spk12,probe_cont_10,probe,1,3.12,10,1,10,sentence,continuous,0.1840012843410174,0.09270612291183028,0.11247307062149048,0.12461065500974655,0.3149201273918152,0.1840012843410174
probe_00320_spk13.wav,/home/hye0n/projects/cnn-based-audio-pii-classification/src/cnn/data_probe/output/probe_00320_spk13.wav,번호는 구사삼구육구공칠팔사입니다.,9439690784,,male,spk13,probe_cont_10,probe,1,3.76,10,1,10,sentence,continuous,0.11767662813266118,0.020802830910938618,0.11032406240701675,0.14602255821228027,0.09668326377868652,0.11767662813266118
probe_00321_spk14.wav,/home/hye0n/projects/cnn-based-audio-pii-classification/src/cnn/data_probe/output/probe_00321_spk14.wav,번호는 사칠삼육사칠일공이칠입니다.,4736471027,,female,spk14,probe_cont_10,probe,1,3.12,10,1,10,sentence,continuous,0.03282575433452924,0.009918206870186304,0.04663531482219696,0.023793000727891922,0.02804894745349884,0.03282575433452924
probe_00322_spk01.wav,/home/hye0n/projects/cnn-based-audio-pii-classification/src/cnn/data_probe/output/probe_00322_spk01.wav,번호는 육칠칠삼오구이오오오입니다.,6773592555,,female,spk01,probe_cont_10,probe,1,3.6,10,1,10,sentence,continuous,0.5115290880203247,0.06179855635819235,0.4929446280002594,0.44686487317085266,0.5947777628898621,0.5115290880203247
probe_00323_spk02.wav,/home/hye0n/projects/cnn-based-audio-pii-classification/src/cnn/data_probe/output/probe_00323_spk02.wav,번호는 육이오팔팔일오삼칠일입니다.,6258815371,,male,spk02,probe_cont_10,probe,1,2.48,10,1,10,sentence,continuous,0.06436333432793617,0.03633063858055146,0.035309188067913055,0.04219210520386696,0.1155887097120285,0.06436333432793617
probe_00324_spk03.wav,/home/hye0n/projects/cnn-based-audio-pii-classification/src/cnn/data_probe/output/probe_00324_spk03.wav,번호는 사칠삼이일공사육구육입니다.,4732104696,,female,spk03,probe_cont_10,probe,1,3.68,10,1,10,sentence,continuous,0.678074300289154,0.1388903454484742,0.5023751258850098,0.689876914024353,0.8419708609580994,0.678074300289154
probe_00325_spk04.wav,/home/hye0n/projects/cnn-based-audio-pii-classification/src/cnn/data_probe/output/probe_00325_spk04.wav,번호는 삼이오구오삼이칠팔칠입니다.,3259532787,,male,spk04,probe_cont_10,probe,1,2.96,10,1,10,sentence,continuous,0.03451072797179222,0.007328859488256761,0.030983801931142807,0.027833878993988037,0.04471450299024582,0.03451072797179222
probe_00326_spk05.wav,/home/hye0n/projects/cnn-based-audio-pii-classification/src/cnn/data_probe/output/probe_00326_spk05.wav,번호는 칠사칠공일육팔칠삼삼입니다.,7470168733,,female,spk05,probe_cont_10,probe,1,3.68,10,1,10,sentence,continuous,0.7624016602834066,0.1622708850593445,0.5614697337150574,0.7668596506118774,0.9588755965232849,0.7624016602834066
probe_00327_spk06.wav,/home/hye0n/projects/cnn-based-audio-pii-classification/src/cnn/data_probe/output/probe_00327_spk06.wav,번호는 구오공공사칠구칠사팔입니다.,9500479748,,male,spk06,probe_cont_10,probe,1,3.04,10,1,10,sentence,continuous,0.3658921867609024,0.16178403461069565,0.1706797331571579,0.5668433904647827,0.3601534366607666,0.3658921867609024
probe_00328_spk07.wav,/home/hye0n/projects/cnn-based-audio-pii-classification/src/cnn/data_probe/output/probe_00328_spk07.wav,번호는 공일육이사오육오공육입니다.,0162456506,,female,spk07,probe_cont_10,probe,1,4.0,10,1,10,sentence,continuous,0.6530747810999552,0.0875882361399266,0.5458412170410156,0.6529954671859741,0.760387659072876,0.6530747810999552
probe_00329_spk08.wav,/home/hye0n/projects/cnn-based-audio-pii-classification/src/cnn/data_probe/output/probe_00329_spk08.wav,번호는 공구팔삼오팔사일육팔입니다.,0983584168,,male,spk08,probe_cont_10,probe,1,4.0,10,1,10,sentence,continuous,0.2891713430484136,0.053692041075810694,0.34405165910720825,0.2162848860025406,0.30717748403549194,0.2891713430484136
probe_00330_spk09.wav,/home/hye0n/projects/cnn-based-audio-pii-classification/src/cnn/data_probe/output/probe_00330_spk09.wav,번호는 칠팔사구구일이일육오입니다.,7849912165,,female,spk09,probe_cont_10,probe,1,3.12,10,1,10,sentence,continuous,0.12793608754873276,0.037459109068263774,0.1612119972705841,0.07560061663389206,0.1469956487417221,0.12793608754873276
probe_00331_spk10.wav,/home/hye0n/projects/cnn-based-audio-pii-classification/src/cnn/data_probe/output/probe_00331_spk10.wav,번호는 오팔오이삼구팔육팔공입니다.,5852398680,,male,spk10,probe_cont_10,probe,1,3.68,10,1,10,sentence,continuous,0.09211697305242221,0.043882759997389886,0.06037325784564018,0.061806611716747284,0.15417104959487915,0.09211697305242221
probe_00332_spk11.wav,/home/hye0n/projects/cnn-based-audio-pii-classification/src/cnn/data_probe/output/probe_00332_spk11.wav,번호는 공공이오칠팔칠이구팔입니다.,0025787298,,female,spk11,probe_cont_10,probe,1,3.52,10,1,10,sentence,continuous,0.15105852236350378,0.025470365587179303,0.12400413304567337,0.14399071037769318,0.18518072366714478,0.15105852236350378
probe_00333_spk12.wav,/home/hye0n/projects/cnn-based-audio-pii-classification/src/cnn/data_probe/output/probe_00333_spk12.wav,번호는 이오구오이육구사구오입니다.,2595269495,,male,spk12,probe_cont_10,probe,1,2.48,10,1,10,sentence,continuous,0.06001100813349088,0.018135178803557816,0.04669215530157089,0.04768930748105049,0.08565156161785126,0.06001100813349088
probe_00334_spk13.wav,/home/hye0n/projects/cnn-based-audio-pii-classification/src/cnn/data_probe/output/probe_00334_spk13.wav,번호는 팔팔팔칠구사칠공오오입니다.,8887947055,,male,spk13,probe_cont_10,probe,1,3.52,10,1,10,sentence,continuous,0.15939957772692046,0.08104369738835447,0.233408585190773,0.04660509154200554,0.1981850564479828,0.15939957772692046
probe_00335_spk14.wav,/home/hye0n/projects/cnn-based-audio-pii-classification/src/cnn/data_probe/output/probe_00335_spk14.wav,번호는 일육구사공구칠사구구입니다.,1694097499,,female,spk14,probe_cont_10,probe,1,3.36,10,1,10,sentence,continuous,0.04474226711317897,0.04523531667397821,0.10821812599897385,0.006115047726780176,0.019893627613782883,0.04474226711317897
probe_00336_spk01.wav,/home/hye0n/projects/cnn-based-audio-pii-classification/src/cnn/data_probe/output/probe_00336_spk01.wav,번호는 삼공구칠이팔구육이삼입니다.,3097289623,,female,spk01,probe_cont_10,probe,1,3.12,10,1,10,sentence,continuous,0.04789846142133077,0.018234861521161733,0.05498377978801727,0.022882238030433655,0.06582936644554138,0.04789846142133077
probe_00337_spk02.wav,/home/hye0n/projects/cnn-based-audio-pii-classification/src/cnn/data_probe/output/probe_00337_spk02.wav,번호는 공구일삼공칠오육이육입니다.,0913075626,,male,spk02,probe_cont_10,probe,1,2.88,10,1,10,sentence,continuous,0.11142583688100179,0.06946050861526462,0.0374734029173851,0.0924072191119194,0.20439688861370087,0.11142583688100179
probe_00338_spk03.wav,/home/hye0n/projects/cnn-based-audio-pii-classification/src/cnn/data_probe/output/probe_00338_spk03.wav,번호는 삼육팔구칠공이팔삼팔입니다.,3689702838,,female,spk03,probe_cont_10,probe,1,3.6,10,1,10,sentence,continuous,0.07382203141848247,0.05668589859380381,0.037117261439561844,0.030453216284513474,0.15389561653137207,0.07382203141848247
probe_00339_spk04.wav,/home/hye0n/projects/cnn-based-audio-pii-classification/src/cnn/data_probe/output/probe_00339_spk04.wav,번호는 오칠팔육오이칠팔오팔입니다.,5786527858,,male,spk04,probe_cont_10,probe,1,3.36,10,1,10,sentence,continuous,0.39292046427726746,0.1853897826856014,0.13090524077415466,0.5319949388504028,0.5158612132072449,0.39292046427726746
probe_00340_spk05.wav,/home/hye0n/projects/cnn-based-audio-pii-classification/src/cnn/data_probe/output/probe_00340_spk05.wav,번호는 오사구칠삼삼사팔사삼입니다.,5497334843,,female,spk05,probe_cont_10,probe,1,3.2,10,1,10,sentence,continuous,0.4242236763238907,0.22074403972939824,0.1793084591627121,0.37903791666030884,0.7143246531486511,0.4242236763238907
probe_00341_spk06.wav,/home/hye0n/projects/cnn-based-audio-pii-classification/src/cnn/data_probe/output/probe_00341_spk06.wav,번호는 사사삼칠오칠오팔사사입니다.,4437575844,,male,spk06,probe_cont_10,probe,1,2.96,10,1,10,sentence,continuous,0.008394939514497915,0.0026939903415035384,0.011833115480840206,0.005254378542304039,0.008097324520349503,0.008394939514497915
probe_00342_spk07.wav,/home/hye0n/projects/cnn-based-audio-pii-classification/src/cnn/data_probe/output/probe_00342_spk07.wav,번호는 일구팔육육오이사공사입니다.,1986652404,,female,spk07,probe_cont_10,probe,1,3.6,10,1,10,sentence,continuous,0.14775068312883377,0.05908800231561076,0.11694501340389252,0.0958828255534172,0.2304242104291916,0.14775068312883377
probe_00343_spk08.wav,/home/hye0n/projects/cnn-based-audio-pii-classification/src/cnn/data_probe/output/probe_00343_spk08.wav,번호는 일오칠사칠삼삼팔사팔입니다.,1574733848,,male,spk08,probe_cont_10,probe,1,3.12,10,1,10,sentence,continuous,0.6279276013374329,0.059765028399766294,0.5438226461410522,0.6627305746078491,0.6772295832633972,0.6279276013374329
probe_00344_spk09.wav,/home/hye0n/projects/cnn-based-audio-pii-classification/src/cnn/data_probe/output/probe_00344_spk09.wav,번호는 사이일구구삼삼공팔삼입니다.,4219933083,,female,spk09,probe_cont_10,probe,1,3.2,10,1,10,sentence,continuous,0.2798183212677638,0.0497010546905512,0.20962397754192352,0.3180552124977112,0.3117757737636566,0.2798183212677638
probe_00345_spk10.wav,/home/hye0n/projects/cnn-based-audio-pii-classification/src/cnn/data_probe/output/probe_00345_spk10.wav,번호는 삼공일육오칠일이공팔입니다.,3016571208,,male,spk10,probe_cont_10,probe,1,3.28,10,1,10,sentence,continuous,0.040683090686798096,0.014744716480439585,0.02053367719054222,0.05540654435753822,0.04610905051231384,0.040683090686798096
probe_00346_spk11.wav,/home/hye0n/projects/cnn-based-audio-pii-classification/src/cnn/data_probe/output/probe_00346_spk11.wav,번호는 이육칠칠삼사오사공일입니다.,2677345401,,female,spk11,probe_cont_10,probe,1,3.36,10,1,10,sentence,continuous,0.5544817000627518,0.2296520186427478,0.24436615407466888,0.6259850859642029,0.7930938601493835,0.5544817000627518
probe_00347_spk12.wav,/home/hye0n/projects/cnn-based-audio-pii-classification/src/cnn/data_probe/output/probe_00347_spk12.wav,번호는 구삼팔공이육이공육칠입니다.,9380262067,,male,spk12,probe_cont_10,probe,1,2.72,10,1,10,sentence,continuous,0.03723790248235067,0.011879789805807506,0.031832825392484665,0.02616426721215248,0.053716614842414856,0.03723790248235067
probe_00348_spk13.wav,/home/hye0n/projects/cnn-based-audio-pii-classification/src/cnn/data_probe/output/probe_00348_spk13.wav,번호는 이사공공사구구일오사입니다.,2400499154,,male,spk13,probe_cont_10,probe,1,2.88,10,1,10,sentence,continuous,0.09366100157300632,0.04734387380467993,0.05578414723277092,0.06478550285100937,0.16041335463523865,0.09366100157300632
probe_00349_spk14.wav,/home/hye0n/projects/cnn-based-audio-pii-classification/src/cnn/data_probe/output/probe_00349_spk14.wav,번호는 칠팔팔칠이팔칠사삼일입니다.,7887287431,,female,spk14,probe_cont_10,probe,1,3.76,10,1,10,sentence,continuous,0.41569092869758606,0.16775213395152844,0.652904212474823,0.30001023411750793,0.29415833950042725,0.41569092869758606
probe_00350_spk01.wav,/home/hye0n/projects/cnn-based-audio-pii-classification/src/cnn/data_probe/output/probe_00350_spk01.wav,번호는 오이칠사이공오사구삼입니다.,5274205493,,female,spk01,probe_cont_10,probe,1,3.2,10,1,10,sentence,continuous,0.10459139694770177,0.017260235747867645,0.08264553546905518,0.10630916804075241,0.12481948733329773,0.10459139694770177
probe_00351_spk02.wav,/home/hye0n/projects/cnn-based-audio-pii-classification/src/cnn/data_probe/output/probe_00351_spk02.wav,번호는 이구육육팔오일육일이입니다.,2966851612,,male,spk02,probe_cont_10,probe,1,2.8,10,1,10,sentence,continuous,0.032940310736497246,0.00814462805588588,0.03098977357149124,0.024084556847810745,0.04374660179018974,0.032940310736497246
probe_00352_spk03.wav,/home/hye0n/projects/cnn-based-audio-pii-classification/src/cnn/data_probe/output/probe_00352_spk03.wav,번호는 이칠오삼공사육삼칠사입니다.,2753046374,,female,spk03,probe_cont_10,probe,1,3.52,10,1,10,sentence,continuous,0.25295036534468335,0.08919043925623564,0.17793987691402435,0.20263493061065674,0.3782762885093689,0.25295036534468335
probe_00353_spk04.wav,/home/hye0n/projects/cnn-based-audio-pii-classification/src/cnn/data_probe/output/probe_00353_spk04.wav,번호는 오사구구공사오삼공일입니다.,5499045301,,male,spk04,probe_cont_10,probe,1,2.8,10,1,10,sentence,continuous,0.07786011012891929,0.041577159748241235,0.08117273449897766,0.025363260880112648,0.12704433500766754,0.07786011012891929
probe_00354_spk05.wav,/home/hye0n/projects/cnn-based-audio-pii-classification/src/cnn/data_probe/output/probe_00354_spk05.wav,번호는 칠사이육팔사일사오구입니다.,7426841459,,female,spk05,probe_cont_10,probe,1,2.88,10,1,10,sentence,continuous,0.10090220347046852,0.03348715591160744,0.060801561921834946,0.14277082681655884,0.09913422167301178,0.10090220347046852
probe_00355_spk06.wav,/home/hye0n/projects/cnn-based-audio-pii-classification/src/cnn/data_probe/output/probe_00355_spk06.wav,번호는 삼삼이칠이칠구오육팔입니다.,3327279568,,male,spk06,probe_cont_10,probe,1,3.2,10,1,10,sentence,continuous,0.02639486516515414,0.010677071490495498,0.037101782858371735,0.011820711195468903,0.03026210144162178,0.02639486516515414
probe_00356_spk07.wav,/home/hye0n/projects/cnn-based-audio-pii-classification/src/cnn/data_probe/output/probe_00356_spk07.wav,번호는 칠팔삼삼구일팔칠팔오입니다.,7833918785,,female,spk07,probe_cont_10,probe,1,3.04,10,1,10,sentence,continuous,0.5745700498421987,0.24039513910483998,0.2567391097545624,0.6289754509925842,0.8379955887794495,0.5745700498421987
probe_00357_spk08.wav,/home/hye0n/projects/cnn-based-audio-pii-classification/src/cnn/data_probe/output/probe_00357_spk08.wav,번호는 일구일공팔팔삼구팔이입니다.,1910883982,,male,spk08,probe_cont_10,probe,1,3.44,10,1,10,sentence,continuous,0.6381160616874695,0.15197249472206759,0.4387105703353882,0.8072561621665955,0.6683814525604248,0.6381160616874695
probe_00358_spk09.wav,/home/hye0n/projects/cnn-based-audio-pii-classification/src/cnn/data_probe/output/probe_00358_spk09.wav,번호는 이오팔칠일삼구칠일팔입니다.,2587139718,,female,spk09,probe_cont_10,probe,1,3.2,10,1,10,sentence,continuous,0.42529994746049243,0.29768184920994,0.19898869097232819,0.23103219270706177,0.8458789587020874,0.42529994746049243
probe_00359_spk10.wav,/home/hye0n/projects/cnn-based-audio-pii-classification/src/cnn/data_probe/output/probe_00359_spk10.wav,번호는 칠공칠이팔육칠구공팔입니다.,7072867908,,male,spk10,probe_cont_10,probe,1,3.04,10,1,10,sentence,continuous,0.011628171894699335,0.004419909620310574,0.013853351585566998,0.0054569425992667675,0.01557422149926424,0.011628171894699335
probe_00360_spk11.wav,/home/hye0n/projects/cnn-based-audio-pii-classification/src/cnn/data_probe/output/probe_00360_spk11.wav,번호는 칠사공육사공삼구일공입니다.,7406403910,,female,spk11,probe_cont_10,probe,1,4.0,10,1,10,sentence,continuous,0.2850317855676015,0.10352356814126512,0.2186582386493683,0.20520702004432678,0.4312300980091095,0.2850317855676015
probe_00361_spk12.wav,/home/hye0n/projects/cnn-based-audio-pii-classification/src/cnn/data_probe/output/probe_00361_spk12.wav,번호는 육오일팔공일칠공사육입니다.,6518017046,,male,spk12,probe_cont_10,probe,1,2.64,10,1,10,sentence,continuous,0.01824505440890789,0.004102571787952456,0.019976183772087097,0.012583758682012558,0.022175220772624016,0.01824505440890789
probe_00362_spk13.wav,/home/hye0n/projects/cnn-based-audio-pii-classification/src/cnn/data_probe/output/probe_00362_spk13.wav,번호는 이이육오육칠육육일팔입니다.,2265676618,,male,spk13,probe_cont_10,probe,1,4.0,10,1,10,sentence,continuous,0.09993974367777507,0.015755634332275555,0.0818505510687828,0.09771731495857239,0.12025136500597,0.09993974367777507
probe_00363_spk14.wav,/home/hye0n/projects/cnn-based-audio-pii-classification/src/cnn/data_probe/output/probe_00363_spk14.wav,번호는 이오일이팔육팔이삼공입니다.,2512868230,,female,spk14,probe_cont_10,probe,1,3.28,10,1,10,sentence,continuous,0.08883238832155864,0.03274601688267985,0.1313495635986328,0.08346939086914062,0.051678210496902466,0.08883238832155864
probe_00364_spk01.wav,/home/hye0n/projects/cnn-based-audio-pii-classification/src/cnn/data_probe/output/probe_00364_spk01.wav,번호는 공사칠팔육팔육삼삼칠입니다.,0478686337,,female,spk01,probe_cont_10,probe,1,3.84,10,1,10,sentence,continuous,0.6522594590981802,0.1319314669314123,0.46601948142051697,0.7551196217536926,0.7356392741203308,0.6522594590981802
probe_00365_spk02.wav,/home/hye0n/projects/cnn-based-audio-pii-classification/src/cnn/data_probe/output/probe_00365_spk02.wav,번호는 오이사삼일공육구공삼입니다.,5243106903,,male,spk02,probe_cont_10,probe,1,3.2,10,1,10,sentence,continuous,0.21956567466259003,0.04641909551542351,0.1884840875864029,0.2851819097995758,0.18503102660179138,0.21956567466259003
probe_00366_spk03.wav,/home/hye0n/projects/cnn-based-audio-pii-classification/src/cnn/data_probe/output/probe_00366_spk03.wav,번호는 삼일일구공칠구공삼공입니다.,3119079030,,female,spk03,probe_cont_10,probe,1,3.44,10,1,10,sentence,continuous,0.856196661790212,0.1362247288627493,0.664271891117096,0.9376874566078186,0.9666306376457214,0.856196661790212
probe_00367_spk04.wav,/home/hye0n/projects/cnn-based-audio-pii-classification/src/cnn/data_probe/output/probe_00367_spk04.wav,번호는 육칠삼팔삼공이팔사삼입니다.,6738302843,,male,spk04,probe_cont_10,probe,1,3.68,10,1,10,sentence,continuous,0.7608305017153422,0.04283764207040269,0.7868731021881104,0.7004390358924866,0.7951793670654297,0.7608305017153422
probe_00368_spk05.wav,/home/hye0n/projects/cnn-based-audio-pii-classification/src/cnn/data_probe/output/probe_00368_spk05.wav,번호는 구오구구오삼사이팔삼입니다.,9599534283,,female,spk05,probe_cont_10,probe,1,3.12,10,1,10,sentence,continuous,0.09270461710790794,0.048527344970153534,0.09711326658725739,0.031189436092972755,0.14981114864349365,0.09270461710790794
probe_00369_spk06.wav,/home/hye0n/projects/cnn-based-audio-pii-classification/src/cnn/data_probe/output/probe_00369_spk06.wav,번호는 육사사공팔구이육팔칠입니다.,6440892687,,male,spk06,probe_cont_10,probe,1,2.48,10,1,10,sentence,continuous,0.017450880569716293,0.015013317809733062,0.03838660567998886,0.003921788185834885,0.010044247843325138,0.017450880569716293
probe_00370_spk07.wav,/home/hye0n/projects/cnn-based-audio-pii-classification/src/cnn/data_probe/output/probe_00370_spk07.wav,번호는 공오육팔오육육이사육입니다.,0568566246,,female,spk07,probe_cont_10,probe,1,2.8,10,1,10,sentence,continuous,0.28477877378463745,0.0871224573466022,0.40583536028862,0.20438943803310394,0.24411152303218842,0.28477877378463745
probe_00371_spk08.wav,/home/hye0n/projects/cnn-based-audio-pii-classification/src/cnn/data_probe/output/probe_00371_spk08.wav,번호는 이팔칠삼삼사이칠공팔입니다.,2873342708,,male,spk08,probe_cont_10,probe,1,3.84,10,1,10,sentence,continuous,0.722758154074351,0.06148219258993142,0.6695898175239563,0.6897609829902649,0.8089236617088318,0.722758154074351
probe_00372_spk09.wav,/home/hye0n/projects/cnn-based-audio-pii-classification/src/cnn/data_probe/output/probe_00372_spk09.wav,번호는 육육팔팔이육삼사삼오입니다.,6688263435,,female,spk09,probe_cont_10,probe,1,2.8,10,1,10,sentence,continuous,0.058749637256066,0.04695063459169158,0.12392187118530273,0.015164516866207123,0.037162523716688156,0.058749637256066
probe_00373_spk10.wav,/home/hye0n/projects/cnn-based-audio-pii-classification/src/cnn/data_probe/output/probe_00373_spk10.wav,번호는 일칠오일팔삼공사육구입니다.,1751830469,,male,spk10,probe_cont_10,probe,1,2.56,10,1,10,sentence,continuous,0.1055893525481224,0.07972778543977399,0.05470570549368858,0.043893810361623764,0.21816854178905487,0.1055893525481224
probe_00374_spk11.wav,/home/hye0n/projects/cnn-based-audio-pii-classification/src/cnn/data_probe/output/probe_00374_spk11.wav,번호는 구공일삼구팔삼칠삼오입니다.,9013983735,,female,spk11,probe_cont_10,probe,1,4.4,10,1,10,sentence,continuous,0.7102041045824686,0.05157021836602125,0.6422005295753479,0.7670283913612366,0.7213833928108215,0.7102041045824686
probe_00375_spk12.wav,/home/hye0n/projects/cnn-based-audio-pii-classification/src/cnn/data_probe/output/probe_00375_spk12.wav,번호는 사공삼삼일칠삼구삼육입니다.,4033173936,,male,spk12,probe_cont_10,probe,1,3.68,10,1,10,sentence,continuous,0.20579448839028677,0.07431032472560685,0.1167982816696167,0.29869499802589417,0.20189018547534943,0.20579448839028677
probe_00376_spk13.wav,/home/hye0n/projects/cnn-based-audio-pii-classification/src/cnn/data_probe/output/probe_00376_spk13.wav,번호는 삼팔오사육칠팔오사사입니다.,3854678544,,male,spk13,probe_cont_10,probe,1,2.72,10,1,10,sentence,continuous,0.036977365612983704,0.015464143775656526,0.019298318773508072,0.034667983651161194,0.056965794414281845,0.036977365612983704
probe_00377_spk14.wav,/home/hye0n/projects/cnn-based-audio-pii-classification/src/cnn/data_probe/output/probe_00377_spk14.wav,번호는 오팔칠칠일칠오삼오오입니다.,5877175355,,female,spk14,probe_cont_10,probe,1,3.28,10,1,10,sentence,continuous,0.1840746651093165,0.04164429127223699,0.13068567216396332,0.23230011761188507,0.18923820555210114,0.1840746651093165
probe_00378_spk01.wav,/home/hye0n/projects/cnn-based-audio-pii-classification/src/cnn/data_probe/output/probe_00378_spk01.wav,번호는 육공구삼이공사팔구구입니다.,6093204899,,female,spk01,probe_cont_10,probe,1,3.36,10,1,10,sentence,continuous,0.09424986814459164,0.06152331180141422,0.17562296986579895,0.026889536529779434,0.08023709803819656,0.09424986814459164
probe_00379_spk02.wav,/home/hye0n/projects/cnn-based-audio-pii-classification/src/cnn/data_probe/output/probe_00379_spk02.wav,번호는 육사이삼오삼육구삼칠입니다.,6423536937,,male,spk02,probe_cont_10,probe,1,3.2,10,1,10,sentence,continuous,0.16502528389294943,0.007153964410973637,0.15490862727165222,0.1701771765947342,0.16999004781246185,0.16502528389294943
probe_00380_spk03.wav,/home/hye0n/projects/cnn-based-audio-pii-classification/src/cnn/data_probe/output/probe_00380_spk03.wav,번호는 팔오사칠칠칠이오이이입니다.,8547772522,,female,spk03,probe_cont_10,probe,1,3.44,10,1,10,sentence,continuous,0.8318480849266052,0.16589621791555162,0.5977198481559753,0.9358619451522827,0.9619624614715576,0.8318480849266052
probe_00381_spk04.wav,/home/hye0n/projects/cnn-based-audio-pii-classification/src/cnn/data_probe/output/probe_00381_spk04.wav,번호는 팔칠이팔공팔공일공공입니다.,8728080100,,male,spk04,probe_cont_10,probe,1,3.28,10,1,10,sentence,continuous,0.6719827950000763,0.15062822471281595,0.4590066373348236,0.7747078537940979,0.7822338938713074,0.6719827950000763
probe_00382_spk05.wav,/home/hye0n/projects/cnn-based-audio-pii-classification/src/cnn/data_probe/output/probe_00382_spk05.wav,번호는 육이삼일이공삼팔칠오입니다.,6231203875,,female,spk05,probe_cont_10,probe,1,2.88,10,1,10,sentence,continuous,0.09147228548924129,0.037948030253369444,0.08332239091396332,0.04960962384939194,0.1414848417043686,0.09147228548924129
probe_00383_spk06.wav,/home/hye0n/projects/cnn-based-audio-pii-classification/src/cnn/data_probe/output/probe_00383_spk06.wav,번호는 공구구칠칠공공팔팔육입니다.,0997700886,,male,spk06,probe_cont_10,probe,1,2.8,10,1,10,sentence,continuous,0.038759796569744744,0.0230187503222161,0.03144994005560875,0.014942578971385956,0.06988687068223953,0.038759796569744744
probe_00384_spk07.wav,/home/hye0n/projects/cnn-based-audio-pii-classification/src/cnn/data_probe/output/probe_00384_spk07.wav,번호는 공공팔사팔사공팔육이입니다.,0084840862,,female,spk07,probe_cont_10,probe,1,3.52,10,1,10,sentence,continuous,0.3618227243423462,0.06266260917219894,0.3796306252479553,0.2777385711669922,0.42809897661209106,0.3618227243423462
probe_00385_spk08.wav,/home/hye0n/projects/cnn-based-audio-pii-classification/src/cnn/data_probe/output/probe_00385_spk08.wav,번호는 일일팔이삼삼구팔사오입니다.,1182339845,,male,spk08,probe_cont_10,probe,1,3.12,10,1,10,sentence,continuous,0.10204505051175754,0.04523155800038556,0.1627480387687683,0.054223548620939255,0.08916356414556503,0.10204505051175754
probe_00386_spk09.wav,/home/hye0n/projects/cnn-based-audio-pii-classification/src/cnn/data_probe/output/probe_00386_spk09.wav,번호는 사육일오육칠구삼삼사입니다.,4615679334,,female,spk09,probe_cont_10,probe,1,3.2,10,1,10,sentence,continuous,0.4623963236808777,0.12002341851320485,0.29409629106521606,0.5656449198722839,0.5274477601051331,0.4623963236808777
probe_00387_spk10.wav,/home/hye0n/projects/cnn-based-audio-pii-classification/src/cnn/data_probe/output/probe_00387_spk10.wav,번호는 일공일육육육팔칠공공입니다.,1016668700,,male,spk10,probe_cont_10,probe,1,2.88,10,1,10,sentence,continuous,0.047441684951384865,0.007208188525614118,0.04475715383887291,0.04026738181710243,0.057300519198179245,0.047441684951384865
probe_00388_spk11.wav,/home/hye0n/projects/cnn-based-audio-pii-classification/src/cnn/data_probe/output/probe_00388_spk11.wav,번호는 이일칠육오구일팔공삼입니다.,2176591803,,female,spk11,probe_cont_10,probe,1,2.88,10,1,10,sentence,continuous,0.1767510175704956,0.07319939335653591,0.07618609070777893,0.24829961359500885,0.20576734840869904,0.1767510175704956
probe_00389_spk12.wav,/home/hye0n/projects/cnn-based-audio-pii-classification/src/cnn/data_probe/output/probe_00389_spk12.wav,번호는 삼구칠사공일사팔구공입니다.,3974014890,,male,spk12,probe_cont_10,probe,1,3.2,10,1,10,sentence,continuous,0.10418795297543208,0.04219342031774133,0.06784234941005707,0.08137691766023636,0.1633445918560028,0.10418795297543208
probe_00390_spk13.wav,/home/hye0n/projects/cnn-based-audio-pii-classification/src/cnn/data_probe/output/probe_00390_spk13.wav,번호는 이오공삼구이육일사이입니다.,2503926142,,male,spk13,probe_cont_10,probe,1,4.16,10,1,10,sentence,continuous,0.10659553731481235,0.0786759622853693,0.03321010246872902,0.21571610867977142,0.07086040079593658,0.10659553731481235
probe_00391_spk14.wav,/home/hye0n/projects/cnn-based-audio-pii-classification/src/cnn/data_probe/output/probe_00391_spk14.wav,번호는 구삼구육팔오육이일팔입니다.,9396856218,,female,spk14,probe_cont_10,probe,1,3.28,10,1,10,sentence,continuous,0.3726996183395386,0.2036529227443173,0.16518548130989075,0.3034966289997101,0.6494167447090149,0.3726996183395386
probe_00392_spk01.wav,/home/hye0n/projects/cnn-based-audio-pii-classification/src/cnn/data_probe/output/probe_00392_spk01.wav,번호는 오공일육삼일오구구구입니다.,5016315999,,female,spk01,probe_cont_10,probe,1,3.44,10,1,10,sentence,continuous,0.14465107272068659,0.08166802561051968,0.2555326223373413,0.061219923198223114,0.11720067262649536,0.14465107272068659
probe_00393_spk02.wav,/home/hye0n/projects/cnn-based-audio-pii-classification/src/cnn/data_probe/output/probe_00393_spk02.wav,번호는 육오공사칠칠삼오팔육입니다.,6504773586,,male,spk02,probe_cont_10,probe,1,3.6,10,1,10,sentence,continuous,0.3672449936469396,0.20132054376398506,0.1784302443265915,0.277107834815979,0.6461969017982483,0.3672449936469396
probe_00394_spk03.wav,/home/hye0n/projects/cnn-based-audio-pii-classification/src/cnn/data_probe/output/probe_00394_spk03.wav,번호는 육이구육일구사삼일일입니다.,6296194311,,female,spk03,probe_cont_10,probe,1,4.0,10,1,10,sentence,continuous,0.105031901349624,0.0703018152450764,0.06043712794780731,0.050374772399663925,0.20428380370140076,0.105031901349624
probe_00395_spk04.wav,/home/hye0n/projects/cnn-based-audio-pii-classification/src/cnn/data_probe/output/probe_00395_spk04.wav,번호는 사이육이육오오일일공입니다.,4262655110,,male,spk04,probe_cont_10,probe,1,2.8,10,1,10,sentence,continuous,0.6206920246283213,0.2244459399716375,0.3425544202327728,0.892212986946106,0.6273086667060852,0.6206920246283213
probe_00396_spk05.wav,/home/hye0n/projects/cnn-based-audio-pii-classification/src/cnn/data_probe/output/probe_00396_spk05.wav,번호는 사칠오사일이일이육칠입니다.,4754121267,,female,spk05,probe_cont_10,probe,1,2.72,10,1,10,sentence,continuous,0.23723373313744864,0.07449434730299453,0.13210640847682953,0.29573842883110046,0.2838563621044159,0.23723373313744864
probe_00397_spk06.wav,/home/hye0n/projects/cnn-based-audio-pii-classification/src/cnn/data_probe/output/probe_00397_spk06.wav,번호는 팔팔팔육일공일오팔일입니다.,8886101581,,male,spk06,probe_cont_10,probe,1,3.44,10,1,10,sentence,continuous,0.08567258963982265,0.039023143475882226,0.13490496575832367,0.03946153074502945,0.08265127241611481,0.08567258963982265
probe_00398_spk07.wav,/home/hye0n/projects/cnn-based-audio-pii-classification/src/cnn/data_probe/output/probe_00398_spk07.wav,번호는 구구오육공사육육일팔입니다.,9956046618,,female,spk07,probe_cont_10,probe,1,3.6,10,1,10,sentence,continuous,0.137692724665006,0.048170844331832136,0.1931733936071396,0.07571692764759064,0.14418785274028778,0.137692724665006
probe_00399_spk08.wav,/home/hye0n/projects/cnn-based-audio-pii-classification/src/cnn/data_probe/output/probe_00399_spk08.wav,번호는 삼구팔이육이이사사사입니다.,3982622444,,male,spk08,probe_cont_10,probe,1,2.88,10,1,10,sentence,continuous,0.30523112167914707,0.16500267384271183,0.11596887558698654,0.28165194392204285,0.5180725455284119,0.30523112167914707
probe_00400_spk09.wav,/home/hye0n/projects/cnn-based-audio-pii-classification/src/cnn/data_probe/output/probe_00400_spk09.wav,번호는 칠이일이육사육사칠일오사입니다.,721264647154,,female,spk09,probe_cont_12,probe,1,3.6,12,1,12,sentence,continuous,0.7640378872553507,0.0481386862630073,0.7383495569229126,0.7222827672958374,0.8314813375473022,0.7640378872553507
probe_00401_spk10.wav,/home/hye0n/projects/cnn-based-audio-pii-classification/src/cnn/data_probe/output/probe_00401_spk10.wav,번호는 삼칠구구삼칠일이사공육오입니다.,379937124065,,male,spk10,probe_cont_12,probe,1,3.52,12,1,12,sentence,continuous,0.07100282236933708,0.02294717055662747,0.0721832886338234,0.04232675954699516,0.09849841892719269,0.07100282236933708
probe_00402_spk11.wav,/home/hye0n/projects/cnn-based-audio-pii-classification/src/cnn/data_probe/output/probe_00402_spk11.wav,번호는 구육오칠오육구이사오구삼입니다.,965756924593,,female,spk11,probe_cont_12,probe,1,3.92,12,1,12,sentence,continuous,0.3655690749486287,0.016760253225065143,0.3421318233013153,0.3742249310016632,0.3803504705429077,0.3655690749486287
probe_00403_spk12.wav,/home/hye0n/projects/cnn-based-audio-pii-classification/src/cnn/data_probe/output/probe_00403_spk12.wav,번호는 칠오이육오사칠구삼오육사입니다.,752654793564,,male,spk12,probe_cont_12,probe,1,3.36,12,1,12,sentence,continuous,0.02143082519372304,0.004750131292619362,0.02078201062977314,0.015964731574058533,0.027545733377337456,0.02143082519372304
probe_00404_spk13.wav,/home/hye0n/projects/cnn-based-audio-pii-classification/src/cnn/data_probe/output/probe_00404_spk13.wav,번호는 육오일구삼구팔이팔공칠삼입니다.,651939828073,,male,spk13,probe_cont_12,probe,1,3.52,12,1,12,sentence,continuous,0.1548247585693995,0.048877559408267685,0.09506021440029144,0.21478481590747833,0.15462924540042877,0.1548247585693995
probe_00405_spk14.wav,/home/hye0n/projects/cnn-based-audio-pii-classification/src/cnn/data_probe/output/probe_00405_spk14.wav,번호는 칠사일육칠이사삼사이육육입니다.,741672434266,,female,spk14,probe_cont_12,probe,1,3.52,12,1,12,sentence,continuous,0.28085943559805554,0.11243460475654295,0.42216357588768005,0.14706335961818695,0.27335137128829956,0.28085943559805554
probe_00406_spk01.wav,/home/hye0n/projects/cnn-based-audio-pii-classification/src/cnn/data_probe/output/probe_00406_spk01.wav,번호는 일칠구칠구육팔팔육팔공오입니다.,179796886805,,female,spk01,probe_cont_12,probe,1,3.68,12,1,12,sentence,continuous,0.8785988688468933,0.037166692533232834,0.8261963129043579,0.9012612700462341,0.9083390235900879,0.8785988688468933
probe_00407_spk02.wav,/home/hye0n/projects/cnn-based-audio-pii-classification/src/cnn/data_probe/output/probe_00407_spk02.wav,번호는 팔구일일삼오이구공구육오입니다.,891135290965,,male,spk02,probe_cont_12,probe,1,2.96,12,1,12,sentence,continuous,0.32568175594011944,0.10109789038556224,0.2117082178592682,0.45742613077163696,0.3079109191894531,0.32568175594011944
probe_00408_spk03.wav,/home/hye0n/projects/cnn-based-audio-pii-classification/src/cnn/data_probe/output/probe_00408_spk03.wav,번호는 육일공일사삼팔팔팔구구삼입니다.,610143888993,,female,spk03,probe_cont_12,probe,1,3.92,12,1,12,sentence,continuous,0.889518678188324,0.06643499935742207,0.8002289533615112,0.9088470935821533,0.9594799876213074,0.889518678188324
probe_00409_spk04.wav,/home/hye0n/projects/cnn-based-audio-pii-classification/src/cnn/data_probe/output/probe_00409_spk04.wav,번호는 칠오육칠구팔이오공칠일사입니다.,756798250714,,male,spk04,probe_cont_12,probe,1,3.44,12,1,12,sentence,continuous,0.8792232672373453,0.09970618460772156,0.7453129291534424,0.9079292416572571,0.9844276309013367,0.8792232672373453
probe_00410_spk05.wav,/home/hye0n/projects/cnn-based-audio-pii-classification/src/cnn/data_probe/output/probe_00410_spk05.wav,번호는 육일일이오사오칠삼팔칠오입니다.,611254573875,,female,spk05,probe_cont_12,probe,1,3.6,12,1,12,sentence,continuous,0.8325519363085429,0.015956809019922785,0.8445358276367188,0.8100004196166992,0.8431195616722107,0.8325519363085429
probe_00411_spk06.wav,/home/hye0n/projects/cnn-based-audio-pii-classification/src/cnn/data_probe/output/probe_00411_spk06.wav,번호는 칠일칠칠오일사공일공오일입니다.,717751401051,,male,spk06,probe_cont_12,probe,1,2.96,12,1,12,sentence,continuous,0.07969008261958758,0.05870400732620501,0.042949214577674866,0.03358709439635277,0.1625339388847351,0.07969008261958758
probe_00412_spk07.wav,/home/hye0n/projects/cnn-based-audio-pii-classification/src/cnn/data_probe/output/probe_00412_spk07.wav,번호는 이삼팔이팔이오팔육칠삼육입니다.,238282586736,,female,spk07,probe_cont_12,probe,1,3.52,12,1,12,sentence,continuous,0.8842937548955282,0.04701630292425418,0.8385814428329468,0.8653337955474854,0.9489660263061523,0.8842937548955282
probe_00413_spk08.wav,/home/hye0n/projects/cnn-based-audio-pii-classification/src/cnn/data_probe/output/probe_00413_spk08.wav,번호는 이이육육공구삼칠구육육공입니다.,226609379660,,male,spk08,probe_cont_12,probe,1,4.0,12,1,12,sentence,continuous,0.8965680400530497,0.029659846197177306,0.8628556728363037,0.8918101787567139,0.9350382685661316,0.8965680400530497
probe_00414_spk09.wav,/home/hye0n/projects/cnn-based-audio-pii-classification/src/cnn/data_probe/output/probe_00414_spk09.wav,번호는 삼삼사일구일팔이오오삼칠입니다.,334191825537,,female,spk09,probe_cont_12,probe,1,3.36,12,1,12,sentence,continuous,0.7662839889526367,0.1459430248258068,0.5668252110481262,0.8200656175613403,0.9119611382484436,0.7662839889526367
probe_00415_spk10.wav,/home/hye0n/projects/cnn-based-audio-pii-classification/src/cnn/data_probe/output/probe_00415_spk10.wav,번호는 일사칠팔오구육구육구일오입니다.,147859696915,,male,spk10,probe_cont_12,probe,1,2.72,12,1,12,sentence,continuous,0.4861643264691035,0.23754559674757939,0.15782664716243744,0.7118769884109497,0.5887893438339233,0.4861643264691035
probe_00416_spk11.wav,/home/hye0n/projects/cnn-based-audio-pii-classification/src/cnn/data_probe/output/probe_00416_spk11.wav,번호는 오칠구이사구구일이오일삼입니다.,579249912513,,female,spk11,probe_cont_12,probe,1,3.12,12,1,12,sentence,continuous,0.8386156360308329,0.10662929517996193,0.6922128796577454,0.8805218935012817,0.9431121349334717,0.8386156360308329
probe_00417_spk12.wav,/home/hye0n/projects/cnn-based-audio-pii-classification/src/cnn/data_probe/output/probe_00417_spk12.wav,번호는 사일이오이팔육육구이구육입니다.,412528669296,,male,spk12,probe_cont_12,probe,1,3.36,12,1,12,sentence,continuous,0.1879956548412641,0.12982900218432525,0.11564920842647552,0.07802563160657883,0.3703121244907379,0.1879956548412641
probe_00418_spk13.wav,/home/hye0n/projects/cnn-based-audio-pii-classification/src/cnn/data_probe/output/probe_00418_spk13.wav,번호는 육이칠팔이팔이칠사이이오입니다.,627828274225,,male,spk13,probe_cont_12,probe,1,2.72,12,1,12,sentence,continuous,0.024800519458949566,0.01243563908397713,0.03788287565112114,0.00808060634881258,0.028438076376914978,0.024800519458949566
probe_00419_spk14.wav,/home/hye0n/projects/cnn-based-audio-pii-classification/src/cnn/data_probe/output/probe_00419_spk14.wav,번호는 칠구공오공칠이삼육팔팔칠입니다.,790507236887,,female,spk14,probe_cont_12,probe,1,3.6,12,1,12,sentence,continuous,0.4933629035949707,0.1835531642104295,0.2995704114437103,0.7398285269737244,0.4406897723674774,0.4933629035949707
probe_00420_spk01.wav,/home/hye0n/projects/cnn-based-audio-pii-classification/src/cnn/data_probe/output/probe_00420_spk01.wav,번호는 육칠육칠칠이일구공삼사공입니다.,676772190340,,female,spk01,probe_cont_12,probe,1,3.84,12,1,12,sentence,continuous,0.9118923743565878,0.016981636021123132,0.9234690070152283,0.8878818154335022,0.9243263006210327,0.9118923743565878
probe_00421_spk02.wav,/home/hye0n/projects/cnn-based-audio-pii-classification/src/cnn/data_probe/output/probe_00421_spk02.wav,번호는 사삼팔사이칠구칠팔팔일구입니다.,438427978819,,male,spk02,probe_cont_12,probe,1,3.6,12,1,12,sentence,continuous,0.6927969853083292,0.23424302422868964,0.36200565099716187,0.8427812457084656,0.8736040592193604,0.6927969853083292
probe_00422_spk03.wav,/home/hye0n/projects/cnn-based-audio-pii-classification/src/cnn/data_probe/output/probe_00422_spk03.wav,번호는 일사팔오팔공칠팔삼육일삼입니다.,148580783613,,female,spk03,probe_cont_12,probe,1,3.76,12,1,12,sentence,continuous,0.48774335781733197,0.09147582030651831,0.6110166311264038,0.46008485555648804,0.392128586769104,0.48774335781733197
probe_00423_spk04.wav,/home/hye0n/projects/cnn-based-audio-pii-classification/src/cnn/data_probe/output/probe_00423_spk04.wav,번호는 사공칠사오일칠일삼삼구오입니다.,407451713395,,male,spk04,probe_cont_12,probe,1,3.44,12,1,12,sentence,continuous,0.7413147290547689,0.09733012896564186,0.6351307034492493,0.7185552716255188,0.8702582120895386,0.7413147290547689
probe_00424_spk05.wav,/home/hye0n/projects/cnn-based-audio-pii-classification/src/cnn/data_probe/output/probe_00424_spk05.wav,번호는 구육이구이삼삼공구오팔사입니다.,962923309584,,female,spk05,probe_cont_12,probe,1,3.2,12,1,12,sentence,continuous,0.6031177441279093,0.12850131654250527,0.4905633330345154,0.5358331799507141,0.7829567193984985,0.6031177441279093
probe_00425_spk06.wav,/home/hye0n/projects/cnn-based-audio-pii-classification/src/cnn/data_probe/output/probe_00425_spk06.wav,번호는 구팔이오사사구사팔일이육입니다.,982544948126,,male,spk06,probe_cont_12,probe,1,2.72,12,1,12,sentence,continuous,0.05145757645368576,0.004754826691440876,0.04670030251145363,0.05795189365744591,0.049720533192157745,0.05145757645368576
probe_00426_spk07.wav,/home/hye0n/projects/cnn-based-audio-pii-classification/src/cnn/data_probe/output/probe_00426_spk07.wav,번호는 공사이이삼이오삼육칠이구입니다.,042232536729,,female,spk07,probe_cont_12,probe,1,3.04,12,1,12,sentence,continuous,0.5083273152510325,0.1663133538570809,0.4662630259990692,0.32895201444625854,0.7297669053077698,0.5083273152510325
probe_00427_spk08.wav,/home/hye0n/projects/cnn-based-audio-pii-classification/src/cnn/data_probe/output/probe_00427_spk08.wav,번호는 사육육칠일일육팔사오칠칠입니다.,466711684577,,male,spk08,probe_cont_12,probe,1,3.68,12,1,12,sentence,continuous,0.9034856756528219,0.06858672135047301,0.8081513047218323,0.9356697797775269,0.9666359424591064,0.9034856756528219
probe_00428_spk09.wav,/home/hye0n/projects/cnn-based-audio-pii-classification/src/cnn/data_probe/output/probe_00428_spk09.wav,번호는 오구공일칠오일팔육삼육삼입니다.,590175186363,,female,spk09,probe_cont_12,probe,1,3.76,12,1,12,sentence,continuous,0.6918268501758575,0.20049233609230743,0.4615132510662079,0.6637617945671082,0.9502055048942566,0.6918268501758575
probe_00429_spk10.wav,/home/hye0n/projects/cnn-based-audio-pii-classification/src/cnn/data_probe/output/probe_00429_spk10.wav,번호는 칠사오사오팔구이구칠오공입니다.,745458929750,,male,spk10,probe_cont_12,probe,1,3.2,12,1,12,sentence,continuous,0.026334514220555622,0.00987816699843269,0.021648701280355453,0.01728006824851036,0.040074773132801056,0.026334514220555622
probe_00430_spk11.wav,/home/hye0n/projects/cnn-based-audio-pii-classification/src/cnn/data_probe/output/probe_00430_spk11.wav,번호는 공일칠공일이칠칠공육삼이입니다.,017012770632,,female,spk11,probe_cont_12,probe,1,4.24,12,1,12,sentence,continuous,0.8719889918963114,0.06350528651419939,0.7845588326454163,0.933490514755249,0.897917628288269,0.8719889918963114
probe_00431_spk12.wav,/home/hye0n/projects/cnn-based-audio-pii-classification/src/cnn/data_probe/output/probe_00431_spk12.wav,번호는 사이사일오사일오이공육사입니다.,424154152064,,male,spk12,probe_cont_12,probe,1,2.88,12,1,12,sentence,continuous,0.11002448201179504,0.05062104485007516,0.07656322419643402,0.0719464123249054,0.18156380951404572,0.11002448201179504
probe_00432_spk13.wav,/home/hye0n/projects/cnn-based-audio-pii-classification/src/cnn/data_probe/output/probe_00432_spk13.wav,번호는 삼육일일공삼칠일이구삼팔입니다.,361103712938,,male,spk13,probe_cont_12,probe,1,3.12,12,1,12,sentence,continuous,0.18542083849509558,0.06678471875135036,0.163484126329422,0.11683177202939987,0.27594661712646484,0.18542083849509558
probe_00433_spk14.wav,/home/hye0n/projects/cnn-based-audio-pii-classification/src/cnn/data_probe/output/probe_00433_spk14.wav,번호는 칠공공오일육이칠일삼육일입니다.,700516271361,,female,spk14,probe_cont_12,probe,1,4.0,12,1,12,sentence,continuous,0.8650233348210653,0.0431571310379989,0.8044220209121704,0.8890456557273865,0.9016023278236389,0.8650233348210653
probe_00434_spk01.wav,/home/hye0n/projects/cnn-based-audio-pii-classification/src/cnn/data_probe/output/probe_00434_spk01.wav,번호는 일일오오사이육이이일팔구입니다.,115542622189,,female,spk01,probe_cont_12,probe,1,3.28,12,1,12,sentence,continuous,0.6710816522439321,0.16381266305938622,0.4669242203235626,0.6783358454704285,0.8679848909378052,0.6710816522439321
probe_00435_spk02.wav,/home/hye0n/projects/cnn-based-audio-pii-classification/src/cnn/data_probe/output/probe_00435_spk02.wav,번호는 공구이칠오삼이육구칠삼일입니다.,092753269731,,male,spk02,probe_cont_12,probe,1,4.08,12,1,12,sentence,continuous,0.8084804813067118,0.05343299078175836,0.7372090816497803,0.8223695158958435,0.8658628463745117,0.8084804813067118
probe_00436_spk03.wav,/home/hye0n/projects/cnn-based-audio-pii-classification/src/cnn/data_probe/output/probe_00436_spk03.wav,번호는 일이일구육오육오이삼사일입니다.,121965652341,,female,spk03,probe_cont_12,probe,1,3.92,12,1,12,sentence,continuous,0.6804932554562887,0.08187670182539643,0.6621222496032715,0.5906708240509033,0.7886866927146912,0.6804932554562887
probe_00437_spk04.wav,/home/hye0n/projects/cnn-based-audio-pii-classification/src/cnn/data_probe/output/probe_00437_spk04.wav,번호는 삼팔구구구사공사삼팔구팔입니다.,389994043898,,male,spk04,probe_cont_12,probe,1,3.92,12,1,12,sentence,continuous,0.9024645884831747,0.051436669344660804,0.8298484683036804,0.9350617527961731,0.9424835443496704,0.9024645884831747
probe_00438_spk05.wav,/home/hye0n/projects/cnn-based-audio-pii-classification/src/cnn/data_probe/output/probe_00438_spk05.wav,번호는 삼육사공삼칠육일삼칠구일입니다.,364037613791,,female,spk05,probe_cont_12,probe,1,3.52,12,1,12,sentence,continuous,0.9212648868560791,0.05079977608784144,0.8506338000297546,0.9452066421508789,0.9679542183876038,0.9212648868560791
probe_00439_spk06.wav,/home/hye0n/projects/cnn-based-audio-pii-classification/src/cnn/data_probe/output/probe_00439_spk06.wav,번호는 팔공오오이육구육오팔이칠입니다.,805526965827,,male,spk06,probe_cont_12,probe,1,2.88,12,1,12,sentence,continuous,0.18789262572924295,0.14948684759237377,0.07563171535730362,0.08888574689626694,0.3991604149341583,0.18789262572924295
probe_00440_spk07.wav,/home/hye0n/projects/cnn-based-audio-pii-classification/src/cnn/data_probe/output/probe_00440_spk07.wav,번호는 일공구일공사삼공공육팔사입니다.,109104300684,,female,spk07,probe_cont_12,probe,1,3.28,12,1,12,sentence,continuous,0.6548739274342855,0.09245633101956466,0.5270745754241943,0.7427058815956116,0.6948413252830505,0.6548739274342855
probe_00441_spk08.wav,/home/hye0n/projects/cnn-based-audio-pii-classification/src/cnn/data_probe/output/probe_00441_spk08.wav,번호는 팔육육육일팔팔구이사일사입니다.,866618892414,,male,spk08,probe_cont_12,probe,1,3.36,12,1,12,sentence,continuous,0.901149849096934,0.07439171875225753,0.7968258261680603,0.9650832414627075,0.9415404796600342,0.901149849096934
probe_00442_spk09.wav,/home/hye0n/projects/cnn-based-audio-pii-classification/src/cnn/data_probe/output/probe_00442_spk09.wav,번호는 일팔삼이팔오육구일사육삼입니다.,183285691463,,female,spk09,probe_cont_12,probe,1,3.68,12,1,12,sentence,continuous,0.8184735774993896,0.10561203649485161,0.6729675531387329,0.862040102481842,0.920413076877594,0.8184735774993896
probe_00443_spk10.wav,/home/hye0n/projects/cnn-based-audio-pii-classification/src/cnn/data_probe/output/probe_00443_spk10.wav,번호는 공삼일육일칠구구공사이일입니다.,031617990421,,male,spk10,probe_cont_12,probe,1,2.8,12,1,12,sentence,continuous,0.27343954145908356,0.1861562395849298,0.07400211691856384,0.521986186504364,0.22433032095432281,0.27343954145908356
probe_00444_spk11.wav,/home/hye0n/projects/cnn-based-audio-pii-classification/src/cnn/data_probe/output/probe_00444_spk11.wav,번호는 공이공이칠오팔팔사이오이입니다.,020275884252,,female,spk11,probe_cont_12,probe,1,3.68,12,1,12,sentence,continuous,0.6167606512705485,0.11226363097585444,0.5114725828170776,0.5664945244789124,0.7723148465156555,0.6167606512705485
probe_00445_spk12.wav,/home/hye0n/projects/cnn-based-audio-pii-classification/src/cnn/data_probe/output/probe_00445_spk12.wav,번호는 사일공오육사팔일사구일칠입니다.,410564814917,,male,spk12,probe_cont_12,probe,1,3.36,12,1,12,sentence,continuous,0.08948937803506851,0.046527203093976795,0.06565305590629578,0.04829404503107071,0.15452103316783905,0.08948937803506851
probe_00446_spk13.wav,/home/hye0n/projects/cnn-based-audio-pii-classification/src/cnn/data_probe/output/probe_00446_spk13.wav,번호는 칠팔오공칠구이오이사일구입니다.,785079252419,,male,spk13,probe_cont_12,probe,1,3.2,12,1,12,sentence,continuous,0.5158007889986038,0.24384734375097336,0.17843185365200043,0.6226068139076233,0.7463636994361877,0.5158007889986038
probe_00447_spk14.wav,/home/hye0n/projects/cnn-based-audio-pii-classification/src/cnn/data_probe/output/probe_00447_spk14.wav,번호는 일삼팔공공공삼공칠오육이입니다.,138000307562,,female,spk14,probe_cont_12,probe,1,3.2,12,1,12,sentence,continuous,0.36808613936106366,0.08420277053791649,0.25049492716789246,0.4431418180465698,0.41062167286872864,0.36808613936106366
probe_00448_spk01.wav,/home/hye0n/projects/cnn-based-audio-pii-classification/src/cnn/data_probe/output/probe_00448_spk01.wav,번호는 이공팔육삼오삼육오사일구입니다.,208635365419,,female,spk01,probe_cont_12,probe,1,3.76,12,1,12,sentence,continuous,0.8735305269559225,0.10229366864330594,0.7302818298339844,0.9276663064956665,0.9626434445381165,0.8735305269559225
probe_00449_spk02.wav,/home/hye0n/projects/cnn-based-audio-pii-classification/src/cnn/data_probe/output/probe_00449_spk02.wav,번호는 오일팔공이삼팔공육일칠사입니다.,518023806174,,male,spk02,probe_cont_12,probe,1,3.68,12,1,12,sentence,continuous,0.6111289262771606,0.21209351643648225,0.34697747230529785,0.6201457381248474,0.8662635684013367,0.6111289262771606
probe_00450_spk03.wav,/home/hye0n/projects/cnn-based-audio-pii-classification/src/cnn/data_probe/output/probe_00450_spk03.wav,번호는 사오일팔칠공오삼사구사구입니다.,451870534949,,female,spk03,probe_cont_12,probe,1,4.16,12,1,12,sentence,continuous,0.7737902800242106,0.240782957539101,0.4341738224029541,0.9221475124359131,0.9650495052337646,0.7737902800242106
probe_00451_spk04.wav,/home/hye0n/projects/cnn-based-audio-pii-classification/src/cnn/data_probe/output/probe_00451_spk04.wav,번호는 삼칠오구칠삼팔삼이공육공입니다.,375973832060,,male,spk04,probe_cont_12,probe,1,3.76,12,1,12,sentence,continuous,0.7951414386431376,0.07089615316919937,0.710200309753418,0.8837438821792603,0.7914801239967346,0.7951414386431376
probe_00452_spk05.wav,/home/hye0n/projects/cnn-based-audio-pii-classification/src/cnn/data_probe/output/probe_00452_spk05.wav,번호는 삼팔오공오공육사일삼팔삼입니다.,385050641383,,female,spk05,probe_cont_12,probe,1,4.08,12,1,12,sentence,continuous,0.9068208734194437,0.0648476830497991,0.8168545961380005,0.9363967180252075,0.9672113060951233,0.9068208734194437
probe_00453_spk06.wav,/home/hye0n/projects/cnn-based-audio-pii-classification/src/cnn/data_probe/output/probe_00453_spk06.wav,번호는 육칠공이사일공삼팔육오칠입니다.,670241038657,,male,spk06,probe_cont_12,probe,1,3.04,12,1,12,sentence,continuous,0.32986071705818176,0.11871016695681423,0.1619850993156433,0.4125785529613495,0.4150184988975525,0.32986071705818176
probe_00454_spk07.wav,/home/hye0n/projects/cnn-based-audio-pii-classification/src/cnn/data_probe/output/probe_00454_spk07.wav,번호는 일구일팔이육일구구공육이입니다.,191826199062,,female,spk07,probe_cont_12,probe,1,3.2,12,1,12,sentence,continuous,0.6149705052375793,0.053899970888538894,0.564871609210968,0.6897732019424438,0.5902667045593262,0.6149705052375793
probe_00455_spk08.wav,/home/hye0n/projects/cnn-based-audio-pii-classification/src/cnn/data_probe/output/probe_00455_spk08.wav,번호는 삼사사오육오오칠사삼일삼입니다.,344565574313,,male,spk08,probe_cont_12,probe,1,4.08,12,1,12,sentence,continuous,0.9257596731185913,0.0475247352665771,0.8604260087013245,0.9447687268257141,0.9720842838287354,0.9257596731185913
probe_00456_spk09.wav,/home/hye0n/projects/cnn-based-audio-pii-classification/src/cnn/data_probe/output/probe_00456_spk09.wav,번호는 이구일이일이칠칠오육일팔입니다.,291212775618,,female,spk09,probe_cont_12,probe,1,3.92,12,1,12,sentence,continuous,0.7468284865220388,0.2034930024501843,0.4646012485027313,0.936675488948822,0.839208722114563,0.7468284865220388
probe_00457_spk10.wav,/home/hye0n/projects/cnn-based-audio-pii-classification/src/cnn/data_probe/output/probe_00457_spk10.wav,번호는 오삼칠사칠사일일이사구공입니다.,537474112490,,male,spk10,probe_cont_12,probe,1,3.68,12,1,12,sentence,continuous,0.025494679808616638,0.00500665602112033,0.02581251971423626,0.01921006478369236,0.031461454927921295,0.025494679808616638
probe_00458_spk11.wav,/home/hye0n/projects/cnn-based-audio-pii-classification/src/cnn/data_probe/output/probe_00458_spk11.wav,번호는 삼오이일삼오육팔공사사이입니다.,352135680442,,female,spk11,probe_cont_12,probe,1,3.52,12,1,12,sentence,continuous,0.16882493098576865,0.09015860465014011,0.09942968189716339,0.29615670442581177,0.11088840663433075,0.16882493098576865
probe_00459_spk12.wav,/home/hye0n/projects/cnn-based-audio-pii-classification/src/cnn/data_probe/output/probe_00459_spk12.wav,번호는 공육칠팔팔삼일칠일이일공입니다.,067883171210,,male,spk12,probe_cont_12,probe,1,3.44,12,1,12,sentence,continuous,0.34278713663419086,0.14286960880580438,0.17229801416397095,0.5219342112541199,0.3341291844844818,0.34278713663419086
probe_00460_spk13.wav,/home/hye0n/projects/cnn-based-audio-pii-classification/src/cnn/data_probe/output/probe_00460_spk13.wav,번호는 공삼이삼육오일구구사일공입니다.,032365199410,,male,spk13,probe_cont_12,probe,1,3.36,12,1,12,sentence,continuous,0.2503855675458908,0.049121074294638835,0.1942732185125351,0.24297523498535156,0.31390824913978577,0.2503855675458908
probe_00461_spk14.wav,/home/hye0n/projects/cnn-based-audio-pii-classification/src/cnn/data_probe/output/probe_00461_spk14.wav,번호는 일삼칠이일오일공칠공이구입니다.,137215107029,,female,spk14,probe_cont_12,probe,1,3.84,12,1,12,sentence,continuous,0.8314719398816427,0.11022786071762714,0.6950193047523499,0.8344236016273499,0.9649729132652283,0.8314719398816427
probe_00462_spk01.wav,/home/hye0n/projects/cnn-based-audio-pii-classification/src/cnn/data_probe/output/probe_00462_spk01.wav,번호는 육육칠공육육이오삼이사사입니다.,667066253244,,female,spk01,probe_cont_12,probe,1,3.76,12,1,12,sentence,continuous,0.8129717310269674,0.043905054411551556,0.8623733520507812,0.7556965351104736,0.8208453059196472,0.8129717310269674
probe_00463_spk02.wav,/home/hye0n/projects/cnn-based-audio-pii-classification/src/cnn/data_probe/output/probe_00463_spk02.wav,번호는 칠이공구구구삼사칠육팔칠입니다.,720999347687,,male,spk02,probe_cont_12,probe,1,2.96,12,1,12,sentence,continuous,0.19119193156560263,0.06475611788452076,0.13322995603084564,0.15876983106136322,0.281576007604599,0.19119193156560263
probe_00464_spk03.wav,/home/hye0n/projects/cnn-based-audio-pii-classification/src/cnn/data_probe/output/probe_00464_spk03.wav,번호는 공일사육이육삼팔삼팔공육입니다.,014626383806,,female,spk03,probe_cont_12,probe,1,4.0,12,1,12,sentence,continuous,0.7069445053736368,0.12838803281697442,0.7084426879882812,0.5489581823348999,0.8634326457977295,0.7069445053736368
probe_00465_spk04.wav,/home/hye0n/projects/cnn-based-audio-pii-classification/src/cnn/data_probe/output/probe_00465_spk04.wav,번호는 오칠팔칠오구팔오육사이공입니다.,578759856420,,male,spk04,probe_cont_12,probe,1,3.28,12,1,12,sentence,continuous,0.3829060544570287,0.1970018965248496,0.23370032012462616,0.2537496089935303,0.6612682342529297,0.3829060544570287
probe_00466_spk05.wav,/home/hye0n/projects/cnn-based-audio-pii-classification/src/cnn/data_probe/output/probe_00466_spk05.wav,번호는 오구삼공사공칠팔오구삼이입니다.,593040785932,,female,spk05,probe_cont_12,probe,1,3.52,12,1,12,sentence,continuous,0.9242861469586691,0.06980210945539707,0.8256778717041016,0.9696143865585327,0.9775661826133728,0.9242861469586691
probe_00467_spk06.wav,/home/hye0n/projects/cnn-based-audio-pii-classification/src/cnn/data_probe/output/probe_00467_spk06.wav,번호는 일삼삼사팔공삼구육오이이입니다.,133480396522,,male,spk06,probe_cont_12,probe,1,3.68,12,1,12,sentence,continuous,0.2889903336763382,0.09394131681708304,0.1838388890028,0.2712465226650238,0.4118855893611908,0.2889903336763382
probe_00468_spk07.wav,/home/hye0n/projects/cnn-based-audio-pii-classification/src/cnn/data_probe/output/probe_00468_spk07.wav,번호는 삼구오오구공오구구이구삼입니다.,395590599293,,female,spk07,probe_cont_12,probe,1,3.04,12,1,12,sentence,continuous,0.6107457478841146,0.13519538612160037,0.4641847610473633,0.57769376039505,0.7903587222099304,0.6107457478841146
probe_00469_spk08.wav,/home/hye0n/projects/cnn-based-audio-pii-classification/src/cnn/data_probe/output/probe_00469_spk08.wav,번호는 칠팔사이칠공일공삼구삼공입니다.,784270103930,,male,spk08,probe_cont_12,probe,1,4.0,12,1,12,sentence,continuous,0.7180815935134888,0.059886523496559915,0.633676290512085,0.7663176655769348,0.7542508244514465,0.7180815935134888
probe_00470_spk09.wav,/home/hye0n/projects/cnn-based-audio-pii-classification/src/cnn/data_probe/output/probe_00470_spk09.wav,번호는 팔칠공오구삼이오이오공공입니다.,870593252500,,female,spk09,probe_cont_12,probe,1,3.52,12,1,12,sentence,continuous,0.053913251186410584,0.02276395667940716,0.05313435569405556,0.026430821046233177,0.08217457681894302,0.053913251186410584
probe_00471_spk10.wav,/home/hye0n/projects/cnn-based-audio-pii-classification/src/cnn/data_probe/output/probe_00471_spk10.wav,번호는 이구이일팔오일오육구일오입니다.,292185156915,,male,spk10,probe_cont_12,probe,1,3.76,12,1,12,sentence,continuous,0.47479474792877835,0.3031913630510159,0.062326498329639435,0.782468318939209,0.5795894265174866,0.47479474792877835
probe_00472_spk11.wav,/home/hye0n/projects/cnn-based-audio-pii-classification/src/cnn/data_probe/output/probe_00472_spk11.wav,번호는 사오이이육칠오이팔구오삼입니다.,452267528953,,female,spk11,probe_cont_12,probe,1,3.92,12,1,12,sentence,continuous,0.6883479952812195,0.25495191211032675,0.329067587852478,0.841741144657135,0.8942352533340454,0.6883479952812195
probe_00473_spk12.wav,/home/hye0n/projects/cnn-based-audio-pii-classification/src/cnn/data_probe/output/probe_00473_spk12.wav,번호는 구이육사사이이공구육구공입니다.,926442209690,,male,spk12,probe_cont_12,probe,1,3.12,12,1,12,sentence,continuous,0.1121805136402448,0.04000187938421445,0.16872064769268036,0.08228703588247299,0.08553385734558105,0.1121805136402448
probe_00474_spk13.wav,/home/hye0n/projects/cnn-based-audio-pii-classification/src/cnn/data_probe/output/probe_00474_spk13.wav,번호는 이구오구삼구일칠이오일삼입니다.,295939172513,,male,spk13,probe_cont_12,probe,1,3.04,12,1,12,sentence,continuous,0.08348798751831055,0.01423650796511468,0.07033682614564896,0.07686120271682739,0.10326593369245529,0.08348798751831055
probe_00475_spk14.wav,/home/hye0n/projects/cnn-based-audio-pii-classification/src/cnn/data_probe/output/probe_00475_spk14.wav,번호는 오오이일오칠공사삼삼일오입니다.,552157043315,,female,spk14,probe_cont_12,probe,1,3.52,12,1,12,sentence,continuous,0.7548869848251343,0.15409878269388766,0.540467381477356,0.8958284854888916,0.8283650875091553,0.7548869848251343
probe_00476_spk01.wav,/home/hye0n/projects/cnn-based-audio-pii-classification/src/cnn/data_probe/output/probe_00476_spk01.wav,번호는 사일공공육칠육이육칠육오입니다.,410067626765,,female,spk01,probe_cont_12,probe,1,4.32,12,1,12,sentence,continuous,0.9375512401262919,0.05631370679043357,0.8579168319702148,0.9765803217887878,0.978156566619873,0.9375512401262919
probe_00477_spk02.wav,/home/hye0n/projects/cnn-based-audio-pii-classification/src/cnn/data_probe/output/probe_00477_spk02.wav,번호는 팔육일칠구삼이칠일공사공입니다.,861793271040,,male,spk02,probe_cont_12,probe,1,3.44,12,1,12,sentence,continuous,0.324919193983078,0.113057909731278,0.3010315001010895,0.19995003938674927,0.47377604246139526,0.324919193983078
probe_00478_spk03.wav,/home/hye0n/projects/cnn-based-audio-pii-classification/src/cnn/data_probe/output/probe_00478_spk03.wav,번호는 오사일일오이육이일팔일오입니다.,541152621815,,female,spk03,probe_cont_12,probe,1,3.76,12,1,12,sentence,continuous,0.8033947149912516,0.000855604873510975,0.8033623099327087,0.8044584393501282,0.802363395690918,0.8033947149912516
probe_00479_spk04.wav,/home/hye0n/projects/cnn-based-audio-pii-classification/src/cnn/data_probe/output/probe_00479_spk04.wav,번호는 구구칠공육이구육이공일오입니다.,997062962015,,male,spk04,probe_cont_12,probe,1,3.44,12,1,12,sentence,continuous,0.6800578335920969,0.16737920048524663,0.6729896068572998,0.47868654131889343,0.8884973526000977,0.6800578335920969
probe_00480_spk05.wav,/home/hye0n/projects/cnn-based-audio-pii-classification/src/cnn/data_probe/output/probe_00480_spk05.wav,번호는 삼삼육팔팔사사사삼일공육입니다.,336884443106,,female,spk05,probe_cont_12,probe,1,4.0,12,1,12,sentence,continuous,0.929116944471995,0.010362194835403045,0.9368823766708374,0.9144715070724487,0.935996949672699,0.929116944471995
probe_00481_spk06.wav,/home/hye0n/projects/cnn-based-audio-pii-classification/src/cnn/data_probe/output/probe_00481_spk06.wav,번호는 구팔칠이공오공육일사구칠입니다.,987205061497,,male,spk06,probe_cont_12,probe,1,3.6,12,1,12,sentence,continuous,0.7736927072207133,0.1724879143318755,0.5346821546554565,0.8509654402732849,0.9354305267333984,0.7736927072207133
probe_00482_spk07.wav,/home/hye0n/projects/cnn-based-audio-pii-classification/src/cnn/data_probe/output/probe_00482_spk07.wav,번호는 삼일공삼이사일칠일사육칠입니다.,310324171467,,female,spk07,probe_cont_12,probe,1,3.76,12,1,12,sentence,continuous,0.7677606443564097,0.19900228974028603,0.4904429018497467,0.8648982048034668,0.9479408264160156,0.7677606443564097
probe_00483_spk08.wav,/home/hye0n/projects/cnn-based-audio-pii-classification/src/cnn/data_probe/output/probe_00483_spk08.wav,번호는 칠사일팔육이오육오이칠공입니다.,741862565270,,male,spk08,probe_cont_12,probe,1,3.36,12,1,12,sentence,continuous,0.8009273211161295,0.1661780809291323,0.5712518095970154,0.9588881731033325,0.8726419806480408,0.8009273211161295
probe_00484_spk09.wav,/home/hye0n/projects/cnn-based-audio-pii-classification/src/cnn/data_probe/output/probe_00484_spk09.wav,번호는 사칠칠사삼사구공이일일오입니다.,477434902115,,female,spk09,probe_cont_12,probe,1,3.44,12,1,12,sentence,continuous,0.8077641129493713,0.12846605719724444,0.6286998391151428,0.8707014918327332,0.923891007900238,0.8077641129493713
probe_00485_spk10.wav,/home/hye0n/projects/cnn-based-audio-pii-classification/src/cnn/data_probe/output/probe_00485_spk10.wav,번호는 팔육구삼팔공육팔육팔칠구입니다.,869380686879,,male,spk10,probe_cont_12,probe,1,4.48,12,1,12,sentence,continuous,0.4622306078672409,0.1688991876271461,0.2444825917482376,0.4860766530036926,0.6561325788497925,0.4622306078672409
probe_00486_spk11.wav,/home/hye0n/projects/cnn-based-audio-pii-classification/src/cnn/data_probe/output/probe_00486_spk11.wav,번호는 삼칠사일육공팔구팔구구이입니다.,374160898992,,female,spk11,probe_cont_12,probe,1,4.24,12,1,12,sentence,continuous,0.3402353177467982,0.09468745855605007,0.36928001046180725,0.2125057429075241,0.43892019987106323,0.3402353177467982
probe_00487_spk12.wav,/home/hye0n/projects/cnn-based-audio-pii-classification/src/cnn/data_probe/output/probe_00487_spk12.wav,번호는 일칠이이삼삼이공육일육삼입니다.,172233206163,,male,spk12,probe_cont_12,probe,1,3.6,12,1,12,sentence,continuous,0.6730740368366241,0.14619772992026053,0.46659794449806213,0.7670179009437561,0.7856062650680542,0.6730740368366241
probe_00488_spk13.wav,/home/hye0n/projects/cnn-based-audio-pii-classification/src/cnn/data_probe/output/probe_00488_spk13.wav,번호는 이구사오일일육팔육팔오사입니다.,294511686854,,male,spk13,probe_cont_12,probe,1,3.36,12,1,12,sentence,continuous,0.8258580168088278,0.13143109410064296,0.6433276534080505,0.8867390155792236,0.947507381439209,0.8258580168088278
probe_00489_spk14.wav,/home/hye0n/projects/cnn-based-audio-pii-classification/src/cnn/data_probe/output/probe_00489_spk14.wav,번호는 팔칠공구구팔육일육이이구입니다.,870998616229,,female,spk14,probe_cont_12,probe,1,3.76,12,1,12,sentence,continuous,0.6038491527239481,0.11188734606366714,0.44600313901901245,0.6731990575790405,0.6923452615737915,0.6038491527239481
probe_00490_spk01.wav,/home/hye0n/projects/cnn-based-audio-pii-classification/src/cnn/data_probe/output/probe_00490_spk01.wav,번호는 구구일일구일사팔오육사육입니다.,991191485646,,female,spk01,probe_cont_12,probe,1,3.44,12,1,12,sentence,continuous,0.166628065208594,0.052196080841629314,0.20764793455600739,0.19926579296588898,0.09297046810388565,0.166628065208594
probe_00491_spk02.wav,/home/hye0n/projects/cnn-based-audio-pii-classification/src/cnn/data_probe/output/probe_00491_spk02.wav,번호는 칠구구칠공이사육이구구육입니다.,799702462996,,male,spk02,probe_cont_12,probe,1,3.12,12,1,12,sentence,continuous,0.28140609959761304,0.13276188784311216,0.09600140154361725,0.3484686017036438,0.399748295545578,0.28140609959761304
probe_00492_spk03.wav,/home/hye0n/projects/cnn-based-audio-pii-classification/src/cnn/data_probe/output/probe_00492_spk03.wav,번호는 공육오삼공칠사오공오사사입니다.,065307450544,,female,spk03,probe_cont_12,probe,1,3.76,12,1,12,sentence,continuous,0.7611869970957438,0.13347061512711117,0.8535128831863403,0.572445809841156,0.8576022982597351,0.7611869970957438
probe_00493_spk04.wav,/home/hye0n/projects/cnn-based-audio-pii-classification/src/cnn/data_probe/output/probe_00493_spk04.wav,번호는 사칠일삼이사칠오사육구일입니다.,471324754691,,male,spk04,probe_cont_12,probe,1,3.2,12,1,12,sentence,continuous,0.7007814049720764,0.1746716276304479,0.46965014934539795,0.8918389081954956,0.7408551573753357,0.7007814049720764
probe_00494_spk05.wav,/home/hye0n/projects/cnn-based-audio-pii-classification/src/cnn/data_probe/output/probe_00494_spk05.wav,번호는 삼칠삼육칠팔오공팔이일사입니다.,373678508214,,female,spk05,probe_cont_12,probe,1,3.6,12,1,12,sentence,continuous,0.7375354468822479,0.1819499805871483,0.4829544126987457,0.8324212431907654,0.8972306847572327,0.7375354468822479
probe_00495_spk06.wav,/home/hye0n/projects/cnn-based-audio-pii-classification/src/cnn/data_probe/output/probe_00495_spk06.wav,번호는 팔육이팔구공이삼삼공삼공입니다.,862890233030,,male,spk06,probe_cont_12,probe,1,3.28,12,1,12,sentence,continuous,0.01759649549300472,0.007230206540198935,0.02126031555235386,0.007497412618249655,0.024031758308410645,0.01759649549300472
probe_00496_spk07.wav,/home/hye0n/projects/cnn-based-audio-pii-classification/src/cnn/data_probe/output/probe_00496_spk07.wav,번호는 칠공오삼사오칠팔육일공삼입니다.,705345786103,,female,spk07,probe_cont_12,probe,1,3.28,12,1,12,sentence,continuous,0.8515267570813497,0.150896484850592,0.6398212313652039,0.9341372847557068,0.9806217551231384,0.8515267570813497
probe_00497_spk08.wav,/home/hye0n/projects/cnn-based-audio-pii-classification/src/cnn/data_probe/output/probe_00497_spk08.wav,번호는 오칠구칠이칠구팔오오이사입니다.,579727985524,,male,spk08,probe_cont_12,probe,1,3.6,12,1,12,sentence,continuous,0.8077375888824463,0.15151616693981912,0.5972469449043274,0.9477102756500244,0.8782555460929871,0.8077375888824463
probe_00498_spk09.wav,/home/hye0n/projects/cnn-based-audio-pii-classification/src/cnn/data_probe/output/probe_00498_spk09.wav,번호는 일사공육공이구삼삼삼삼사입니다.,140602933334,,female,spk09,probe_cont_12,probe,1,3.84,12,1,12,sentence,continuous,0.6545853217442831,0.05753229514567058,0.5949094891548157,0.6365270614624023,0.7323194146156311,0.6545853217442831
probe_00499_spk10.wav,/home/hye0n/projects/cnn-based-audio-pii-classification/src/cnn/data_probe/output/probe_00499_spk10.wav,번호는 육팔공공칠이이구공삼사구입니다.,680072290349,,male,spk10,probe_cont_12,probe,1,3.6,12,1,12,sentence,continuous,0.15667476753393808,0.08834933957407083,0.27910158038139343,0.07384735345840454,0.1170753687620163,0.15667476753393808
probe_00500_spk11.wav,/home/hye0n/projects/cnn-based-audio-pii-classification/src/cnn/data_probe/output/probe_00500_spk11.wav,번호는 사사육육오칠사삼칠사팔구육구입니다.,44665743748969,,female,spk11,probe_cont_14,probe,1,5.44,14,1,14,sentence,continuous,0.7521637280782064,0.040443901736277474,0.7357232570648193,0.8078270554542542,0.7129408717155457,0.7521637280782064
probe_00501_spk12.wav,/home/hye0n/projects/cnn-based-audio-pii-classification/src/cnn/data_probe/output/probe_00501_spk12.wav,번호는 일공팔오팔구구사사일칠일오사입니다.,10858994417154,,male,spk12,probe_cont_14,probe,1,3.36,14,1,14,sentence,continuous,0.35127998391787213,0.11303219356475114,0.3005259037017822,0.24538466334342957,0.5079293847084045,0.35127998391787213
probe_00502_spk13.wav,/home/hye0n/projects/cnn-based-audio-pii-classification/src/cnn/data_probe/output/probe_00502_spk13.wav,번호는 오사사사삼이팔삼공구육오이공입니다.,54443283096520,,male,spk13,probe_cont_14,probe,1,3.84,14,1,14,sentence,continuous,0.6053504347801208,0.1597385710762776,0.439131498336792,0.8209478855133057,0.5559719204902649,0.6053504347801208
probe_00503_spk14.wav,/home/hye0n/projects/cnn-based-audio-pii-classification/src/cnn/data_probe/output/probe_00503_spk14.wav,번호는 칠사사육육육공구구삼오삼팔칠입니다.,74466609935387,,female,spk14,probe_cont_14,probe,1,4.56,14,1,14,sentence,continuous,0.9620672464370728,0.028124189458265177,0.9223388433456421,0.98028963804245,0.9835732579231262,0.9620672464370728
probe_00504_spk01.wav,/home/hye0n/projects/cnn-based-audio-pii-classification/src/cnn/data_probe/output/probe_00504_spk01.wav,번호는 오팔사이팔이사일칠이사팔이오입니다.,58428241724825,,female,spk01,probe_cont_14,probe,1,3.6,14,1,14,sentence,continuous,0.7995051741600037,0.039712733046862965,0.7707973718643188,0.7720553874969482,0.8556627631187439,0.7995051741600037
probe_00505_spk02.wav,/home/hye0n/projects/cnn-based-audio-pii-classification/src/cnn/data_probe/output/probe_00505_spk02.wav,번호는 일삼오삼사육오오사구사칠일칠입니다.,13534655494717,,male,spk02,probe_cont_14,probe,1,3.84,14,1,14,sentence,continuous,0.6063608427842458,0.10038841346373599,0.46478965878486633,0.6863632798194885,0.6679295897483826,0.6063608427842458
probe_00506_spk03.wav,/home/hye0n/projects/cnn-based-audio-pii-classification/src/cnn/data_probe/output/probe_00506_spk03.wav,번호는 공구구구일칠삼팔일육팔사육공입니다.,09991738168460,,female,spk03,probe_cont_14,probe,1,4.56,14,1,14,sentence,continuous,0.8963738679885864,0.06464429040750336,0.8079643845558167,0.9204254746437073,0.9607317447662354,0.8963738679885864
probe_00507_spk04.wav,/home/hye0n/projects/cnn-based-audio-pii-classification/src/cnn/data_probe/output/probe_00507_spk04.wav,번호는 이이삼오육구칠이오이일칠오이입니다.,22356972521752,,male,spk04,probe_cont_14,probe,1,4.16,14,1,14,sentence,continuous,0.7698203126589457,0.04215780344306346,0.7264143228530884,0.7561275362968445,0.8269190788269043,0.7698203126589457
probe_00508_spk05.wav,/home/hye0n/projects/cnn-based-audio-pii-classification/src/cnn/data_probe/output/probe_00508_spk05.wav,번호는 오공공칠사삼이구이칠일이구육입니다.,50074329271296,,female,spk05,probe_cont_14,probe,1,3.76,14,1,14,sentence,continuous,0.8773833513259888,0.05188879264522301,0.8044139742851257,0.9071395397186279,0.9205965399742126,0.8773833513259888
probe_00509_spk06.wav,/home/hye0n/projects/cnn-based-audio-pii-classification/src/cnn/data_probe/output/probe_00509_spk06.wav,번호는 육육육칠육공공팔삼오공오팔삼입니다.,66676008350583,,male,spk06,probe_cont_14,probe,1,4.64,14,1,14,sentence,continuous,0.9216031432151794,0.0603205596274455,0.8370033502578735,0.9544156193733215,0.9733904600143433,0.9216031432151794
probe_00510_spk07.wav,/home/hye0n/projects/cnn-based-audio-pii-classification/src/cnn/data_probe/output/probe_00510_spk07.wav,번호는 공공삼삼오사이일육팔구사이일입니다.,00335421689421,,female,spk07,probe_cont_14,probe,1,3.6,14,1,14,sentence,continuous,0.9581666191418966,0.012637097448820763,0.9475417733192444,0.9510340094566345,0.9759240746498108,0.9581666191418966
probe_00511_spk08.wav,/home/hye0n/projects/cnn-based-audio-pii-classification/src/cnn/data_probe/output/probe_00511_spk08.wav,번호는 공사사칠팔구팔오육이오칠오삼입니다.,04478985625753,,male,spk08,probe_cont_14,probe,1,3.76,14,1,14,sentence,continuous,0.9366252621014913,0.04308477504255109,0.879589319229126,0.9465792179107666,0.9837072491645813,0.9366252621014913
probe_00512_spk09.wav,/home/hye0n/projects/cnn-based-audio-pii-classification/src/cnn/data_probe/output/probe_00512_spk09.wav,번호는 이육공삼삼이삼공구팔이일오공입니다.,26033230982150,,female,spk09,probe_cont_14,probe,1,4.16,14,1,14,sentence,continuous,0.7949751218159994,0.07113257005385547,0.7212725281715393,0.7725329995155334,0.8911198377609253,0.7949751218159994
probe_00513_spk10.wav,/home/hye0n/projects/cnn-based-audio-pii-classification/src/cnn/data_probe/output/probe_00513_spk10.wav,번호는 육사팔구공구공일공공일육칠육입니다.,64890901001676,,male,spk10,probe_cont_14,probe,1,4.08,14,1,14,sentence,continuous,0.8330505092938741,0.14379569463063713,0.633127748966217,0.9007788300514221,0.9652449488639832,0.8330505092938741
probe_00514_spk11.wav,/home/hye0n/projects/cnn-based-audio-pii-classification/src/cnn/data_probe/output/probe_00514_spk11.wav,번호는 일팔사칠이삼공사육일팔사구구입니다.,18472304618499,,female,spk11,probe_cont_14,probe,1,4.0,14,1,14,sentence,continuous,0.7871559460957845,0.16232735899360257,0.5762912034988403,0.8139925003051758,0.9711841344833374,0.7871559460957845
probe_00515_spk12.wav,/home/hye0n/projects/cnn-based-audio-pii-classification/src/cnn/data_probe/output/probe_00515_spk12.wav,번호는 이육일팔구일사일일칠삼구삼사입니다.,26189141173934,,male,spk12,probe_cont_14,probe,1,3.52,14,1,14,sentence,continuous,0.7386860946814219,0.17565247500834677,0.4944833219051361,0.8213610649108887,0.900213897228241,0.7386860946814219
probe_00516_spk13.wav,/home/hye0n/projects/cnn-based-audio-pii-classification/src/cnn/data_probe/output/probe_00516_spk13.wav,번호는 팔삼오육사이공팔칠삼칠오삼공입니다.,83564208737530,,male,spk13,probe_cont_14,probe,1,4.16,14,1,14,sentence,continuous,0.8888374368349711,0.03052895276711928,0.8863498568534851,0.8527531623840332,0.927409291267395,0.8888374368349711
probe_00517_spk14.wav,/home/hye0n/projects/cnn-based-audio-pii-classification/src/cnn/data_probe/output/probe_00517_spk14.wav,번호는 공일일구칠이일팔일일사삼칠사입니다.,01197218114374,,female,spk14,probe_cont_14,probe,1,3.76,14,1,14,sentence,continuous,0.8434797724088033,0.04072236395668003,0.8102987408638,0.819305956363678,0.9008346199989319,0.8434797724088033
probe_00518_spk01.wav,/home/hye0n/projects/cnn-based-audio-pii-classification/src/cnn/data_probe/output/probe_00518_spk01.wav,번호는 사칠공일이공사오오육일일공공입니다.,47012045561100,,female,spk01,probe_cont_14,probe,1,4.72,14,1,14,sentence,continuous,0.9502504070599874,0.04958436099403181,0.8805631995201111,0.9783350825309753,0.9918529391288757,0.9502504070599874
probe_00519_spk02.wav,/home/hye0n/projects/cnn-based-audio-pii-classification/src/cnn/data_probe/output/probe_00519_spk02.wav,번호는 이이오오칠구사일오오이일육육입니다.,22557941552166,,male,spk02,probe_cont_14,probe,1,3.44,14,1,14,sentence,continuous,0.600917786359787,0.26279762871866735,0.25064370036125183,0.6684679388999939,0.8836417198181152,0.600917786359787
probe_00520_spk03.wav,/home/hye0n/projects/cnn-based-audio-pii-classification/src/cnn/data_probe/output/probe_00520_spk03.wav,번호는 칠사육칠육이일이공이일육구칠입니다.,74676212021697,,female,spk03,probe_cont_14,probe,1,4.64,14,1,14,sentence,continuous,0.8791267077128092,0.05604490595698432,0.8984057903289795,0.8029080033302307,0.9360663294792175,0.8791267077128092
probe_00521_spk04.wav,/home/hye0n/projects/cnn-based-audio-pii-classification/src/cnn/data_probe/output/probe_00521_spk04.wav,번호는 구칠이구육오구공이칠칠일육칠입니다.,97296590277167,,male,spk04,probe_cont_14,probe,1,4.56,14,1,14,sentence,continuous,0.9458202123641968,0.04453132111590712,0.8837748765945435,0.9674972891807556,0.9861884713172913,0.9458202123641968
probe_00522_spk05.wav,/home/hye0n/projects/cnn-based-audio-pii-classification/src/cnn/data_probe/output/probe_00522_spk05.wav,번호는 공일사오공팔구구삼오팔팔구일입니다.,01450899358891,,female,spk05,probe_cont_14,probe,1,3.6,14,1,14,sentence,continuous,0.9142375191052755,0.053580130521389095,0.8408441543579102,0.9346153140068054,0.9672530889511108,0.9142375191052755
probe_00523_spk06.wav,/home/hye0n/projects/cnn-based-audio-pii-classification/src/cnn/data_probe/output/probe_00523_spk06.wav,번호는 육삼칠오육이팔구공공이팔칠칠입니다.,63756289002877,,male,spk06,probe_cont_14,probe,1,3.84,14,1,14,sentence,continuous,0.5452366868654887,0.18970798861283963,0.331615149974823,0.5114840865135193,0.7926108241081238,0.5452366868654887
probe_00524_spk07.wav,/home/hye0n/projects/cnn-based-audio-pii-classification/src/cnn/data_probe/output/probe_00524_spk07.wav,번호는 이일칠오삼오사공팔삼팔육육삼입니다.,21753540838663,,female,spk07,probe_cont_14,probe,1,4.56,14,1,14,sentence,continuous,0.7381678223609924,0.08832375589500505,0.7718873620033264,0.6171501278877258,0.825465977191925,0.7381678223609924
probe_00525_spk08.wav,/home/hye0n/projects/cnn-based-audio-pii-classification/src/cnn/data_probe/output/probe_00525_spk08.wav,번호는 일칠칠구칠일칠칠오일칠공일육입니다.,17797177517016,,male,spk08,probe_cont_14,probe,1,4.08,14,1,14,sentence,continuous,0.9491790930430094,0.02622097106684894,0.9135488867759705,0.9580961465835571,0.9758922457695007,0.9491790930430094
probe_00526_spk09.wav,/home/hye0n/projects/cnn-based-audio-pii-classification/src/cnn/data_probe/output/probe_00526_spk09.wav,번호는 육공팔팔공일구구사팔팔삼칠오입니다.,60880199488375,,female,spk09,probe_cont_14,probe,1,3.92,14,1,14,sentence,continuous,0.828449010848999,0.10271359202065783,0.9225029349327087,0.6855548620223999,0.8772892355918884,0.828449010848999
probe_00527_spk10.wav,/home/hye0n/projects/cnn-based-audio-pii-classification/src/cnn/data_probe/output/probe_00527_spk10.wav,번호는 오공삼칠오팔구구칠오칠일일삼입니다.,50375899757113,,male,spk10,probe_cont_14,probe,1,3.36,14,1,14,sentence,continuous,0.415250559647878,0.1236188965007465,0.30318036675453186,0.5874865651130676,0.35508474707603455,0.415250559647878
probe_00528_spk11.wav,/home/hye0n/projects/cnn-based-audio-pii-classification/src/cnn/data_probe/output/probe_00528_spk11.wav,번호는 공오오사팔팔오일공이칠이육일입니다.,05548851027261,,female,spk11,probe_cont_14,probe,1,3.92,14,1,14,sentence,continuous,0.869340976079305,0.08757109571620983,0.7539772391319275,0.8880170583724976,0.96602863073349,0.869340976079305
probe_00529_spk12.wav,/home/hye0n/projects/cnn-based-audio-pii-classification/src/cnn/data_probe/output/probe_00529_spk12.wav,번호는 사구삼삼일육삼칠삼오일육공구입니다.,49331637351609,,male,spk12,probe_cont_14,probe,1,4.48,14,1,14,sentence,continuous,0.8229326208432516,0.15287409520249562,0.607134997844696,0.9422012567520142,0.9194616079330444,0.8229326208432516
probe_00530_spk13.wav,/home/hye0n/projects/cnn-based-audio-pii-classification/src/cnn/data_probe/output/probe_00530_spk13.wav,번호는 일칠칠구팔이칠공팔공팔육구칠입니다.,17798270808697,,male,spk13,probe_cont_14,probe,1,3.92,14,1,14,sentence,continuous,0.6931180159250895,0.06873237454679625,0.6854758262634277,0.6130200624465942,0.7808581590652466,0.6931180159250895
probe_00531_spk14.wav,/home/hye0n/projects/cnn-based-audio-pii-classification/src/cnn/data_probe/output/probe_00531_spk14.wav,번호는 팔이구이이일육구구오팔육육구입니다.,82922169958669,,female,spk14,probe_cont_14,probe,1,3.52,14,1,14,sentence,continuous,0.7838637232780457,0.12013151236467509,0.621021032333374,0.9072262644767761,0.8233438730239868,0.7838637232780457
probe_00532_spk01.wav,/home/hye0n/projects/cnn-based-audio-pii-classification/src/cnn/data_probe/output/probe_00532_spk01.wav,번호는 삼사육오사칠이이육구팔사팔오입니다.,34654722698485,,female,spk01,probe_cont_14,probe,1,4.08,14,1,14,sentence,continuous,0.8484068910280863,0.032478496276209266,0.8935327529907227,0.8332616090774536,0.8184263110160828,0.8484068910280863
probe_00533_spk02.wav,/home/hye0n/projects/cnn-based-audio-pii-classification/src/cnn/data_probe/output/probe_00533_spk02.wav,번호는 팔삼삼삼구사오이이팔팔오일오입니다.,83339452288515,,male,spk02,probe_cont_14,probe,1,4.32,14,1,14,sentence,continuous,0.8871986865997314,0.04997551519677348,0.8554195761680603,0.9577590227127075,0.8484174609184265,0.8871986865997314
probe_00534_spk03.wav,/home/hye0n/projects/cnn-based-audio-pii-classification/src/cnn/data_probe/output/probe_00534_spk03.wav,번호는 팔칠구구육팔사육공팔일공육이입니다.,87996846081062,,female,spk03,probe_cont_14,probe,1,4.48,14,1,14,sentence,continuous,0.9533702929814657,0.027496343250696567,0.916977047920227,0.9834295511245728,0.9597042798995972,0.9533702929814657
probe_00535_spk04.wav,/home/hye0n/projects/cnn-based-audio-pii-classification/src/cnn/data_probe/output/probe_00535_spk04.wav,번호는 공공삼사이사사이공사삼팔공오입니다.,00342442043805,,male,spk04,probe_cont_14,probe,1,4.24,14,1,14,sentence,continuous,0.9226203759511312,0.030698155622697836,0.8794699907302856,0.9483305811882019,0.940060555934906,0.9226203759511312
probe_00536_spk05.wav,/home/hye0n/projects/cnn-based-audio-pii-classification/src/cnn/data_probe/output/probe_00536_spk05.wav,번호는 칠일구팔삼팔육삼팔사공육육육입니다.,71983863840666,,female,spk05,probe_cont_14,probe,1,5.28,14,1,14,sentence,continuous,0.9714091022809347,0.008251085000729809,0.9632711410522461,0.9682357907295227,0.9827203750610352,0.9714091022809347
probe_00537_spk06.wav,/home/hye0n/projects/cnn-based-audio-pii-classification/src/cnn/data_probe/output/probe_00537_spk06.wav,번호는 오팔공공사삼구칠삼오구팔구삼입니다.,58004397359893,,male,spk06,probe_cont_14,probe,1,3.68,14,1,14,sentence,continuous,0.6540990471839905,0.05911812423275782,0.5745369791984558,0.7161250114440918,0.6716351509094238,0.6540990471839905
probe_00538_spk07.wav,/home/hye0n/projects/cnn-based-audio-pii-classification/src/cnn/data_probe/output/probe_00538_spk07.wav,번호는 삼사칠이일이이팔일육공육사팔입니다.,34721228160648,,female,spk07,probe_cont_14,probe,1,3.44,14,1,14,sentence,continuous,0.9201822082201639,0.028751426185127316,0.8913553953170776,0.9594296216964722,0.9097616076469421,0.9201822082201639
probe_00539_spk08.wav,/home/hye0n/projects/cnn-based-audio-pii-classification/src/cnn/data_probe/output/probe_00539_spk08.wav,번호는 사이이구사공오칠이공이오구공입니다.,42294057202590,,male,spk08,probe_cont_14,probe,1,3.92,14,1,14,sentence,continuous,0.7748269438743591,0.1470738529785057,0.5710683465003967,0.8405413031578064,0.9128711819648743,0.7748269438743591
probe_00540_spk09.wav,/home/hye0n/projects/cnn-based-audio-pii-classification/src/cnn/data_probe/output/probe_00540_spk09.wav,번호는 구사칠구팔오일오팔삼이팔일팔입니다.,94798515832818,,female,spk09,probe_cont_14,probe,1,4.0,14,1,14,sentence,continuous,0.9277939001719157,0.04200806705360621,0.8747981190681458,0.9310409426689148,0.9775426387786865,0.9277939001719157
probe_00541_spk10.wav,/home/hye0n/projects/cnn-based-audio-pii-classification/src/cnn/data_probe/output/probe_00541_spk10.wav,번호는 이육팔팔육일오삼삼오오오사삼입니다.,26886153355543,,male,spk10,probe_cont_14,probe,1,3.28,14,1,14,sentence,continuous,0.3542843858400981,0.048268688903967225,0.3307194113731384,0.4215494692325592,0.31058427691459656,0.3542843858400981
probe_00542_spk11.wav,/home/hye0n/projects/cnn-based-audio-pii-classification/src/cnn/data_probe/output/probe_00542_spk11.wav,번호는 구팔칠팔공일오칠삼구구삼공오입니다.,98780157399305,,female,spk11,probe_cont_14,probe,1,4.16,14,1,14,sentence,continuous,0.6105416715145111,0.18190571888574808,0.4984518587589264,0.4660586714744568,0.8671144843101501,0.6105416715145111
probe_00543_spk12.wav,/home/hye0n/projects/cnn-based-audio-pii-classification/src/cnn/data_probe/output/probe_00543_spk12.wav,번호는 육일육사팔사공팔오팔팔칠칠공입니다.,61648408588770,,male,spk12,probe_cont_14,probe,1,3.92,14,1,14,sentence,continuous,0.5065840482711792,0.12864117933605887,0.41855165362358093,0.4127214848995209,0.6884790062904358,0.5065840482711792
probe_00544_spk13.wav,/home/hye0n/projects/cnn-based-audio-pii-classification/src/cnn/data_probe/output/probe_00544_spk13.wav,번호는 사삼오팔일일이팔팔공일삼삼육입니다.,43581128801336,,male,spk13,probe_cont_14,probe,1,4.56,14,1,14,sentence,continuous,0.4843599945306778,0.19658439601539637,0.21554206311702728,0.557361900806427,0.6801760196685791,0.4843599945306778
probe_00545_spk14.wav,/home/hye0n/projects/cnn-based-audio-pii-classification/src/cnn/data_probe/output/probe_00545_spk14.wav,번호는 일삼팔육일이공칠오공일일공이입니다.,13861207501102,,female,spk14,probe_cont_14,probe,1,3.76,14,1,14,sentence,continuous,0.9404390255610148,0.03909998469245945,0.8855564594268799,0.9737233519554138,0.9620372653007507,0.9404390255610148
probe_00546_spk01.wav,/home/hye0n/projects/cnn-based-audio-pii-classification/src/cnn/data_probe/output/probe_00546_spk01.wav,번호는 사팔일구삼사육육칠육육오공육입니다.,48193466766506,,female,spk01,probe_cont_14,probe,1,4.08,14,1,14,sentence,continuous,0.9606071909268697,0.018145471442291727,0.9349878430366516,0.9721425175666809,0.9746912121772766,0.9606071909268697
probe_00547_spk02.wav,/home/hye0n/projects/cnn-based-audio-pii-classification/src/cnn/data_probe/output/probe_00547_spk02.wav,번호는 일팔공구일구공일오팔일사사구입니다.,18091901581449,,male,spk02,probe_cont_14,probe,1,4.16,14,1,14,sentence,continuous,0.9261493682861328,0.06772466329891302,0.8315673470497131,0.9603779911994934,0.9865027666091919,0.9261493682861328
probe_00548_spk03.wav,/home/hye0n/projects/cnn-based-audio-pii-classification/src/cnn/data_probe/output/probe_00548_spk03.wav,번호는 일사칠육육공칠이팔삼이육팔사입니다.,14766072832684,,female,spk03,probe_cont_14,probe,1,4.72,14,1,14,sentence,continuous,0.9426479935646057,0.03474516107022901,0.8941513895988464,0.9600480198860168,0.9737445712089539,0.9426479935646057
probe_00549_spk04.wav,/home/hye0n/projects/cnn-based-audio-pii-classification/src/cnn/data_probe/output/probe_00549_spk04.wav,번호는 이사오공팔팔이일공공구구육팔입니다.,24508821009968,,male,spk04,probe_cont_14,probe,1,4.16,14,1,14,sentence,continuous,0.9602739810943604,0.02983280623530342,0.9187673926353455,0.9744777083396912,0.9875768423080444,0.9602739810943604
probe_00550_spk05.wav,/home/hye0n/projects/cnn-based-audio-pii-classification/src/cnn/data_probe/output/probe_00550_spk05.wav,번호는 팔일사삼오삼육팔이이이삼구사입니다.,81435368222394,,female,spk05,probe_cont_14,probe,1,3.92,14,1,14,sentence,continuous,0.5953072706858317,0.08527539364205976,0.4963989853858948,0.585006058216095,0.7045167684555054,0.5953072706858317
probe_00551_spk06.wav,/home/hye0n/projects/cnn-based-audio-pii-classification/src/cnn/data_probe/output/probe_00551_spk06.wav,번호는 삼일이구공팔칠팔일사일사일삼입니다.,31290878141413,,male,spk06,probe_cont_14,probe,1,3.44,14,1,14,sentence,continuous,0.5075067778428396,0.09685932177179081,0.6444565057754517,0.4365476965904236,0.44151613116264343,0.5075067778428396
probe_00552_spk07.wav,/home/hye0n/projects/cnn-based-audio-pii-classification/src/cnn/data_probe/output/probe_00552_spk07.wav,번호는 구칠오오이삼일사구일삼오칠칠입니다.,97552314913577,,female,spk07,probe_cont_14,probe,1,4.64,14,1,14,sentence,continuous,0.9407473802566528,0.04247963441427029,0.8810904026031494,0.964447021484375,0.9767047166824341,0.9407473802566528
probe_00553_spk08.wav,/home/hye0n/projects/cnn-based-audio-pii-classification/src/cnn/data_probe/output/probe_00553_spk08.wav,번호는 오구사구이구구오오육이공오삼입니다.,59492995562053,,male,spk08,probe_cont_14,probe,1,3.76,14,1,14,sentence,continuous,0.6063946684201559,0.0513991381088268,0.5337172746658325,0.6415912508964539,0.6438754796981812,0.6063946684201559
probe_00554_spk09.wav,/home/hye0n/projects/cnn-based-audio-pii-classification/src/cnn/data_probe/output/probe_00554_spk09.wav,번호는 삼육사오이오칠칠칠오사칠팔일입니다.,36452577754781,,female,spk09,probe_cont_14,probe,1,4.72,14,1,14,sentence,continuous,0.4757287800312042,0.1292385444182833,0.31657686829566956,0.6331308484077454,0.47747862339019775,0.4757287800312042
probe_00555_spk10.wav,/home/hye0n/projects/cnn-based-audio-pii-classification/src/cnn/data_probe/output/probe_00555_spk10.wav,번호는 이구일사이팔삼사일일공팔공구입니다.,29142834110809,,male,spk10,probe_cont_14,probe,1,3.44,14,1,14,sentence,continuous,0.8804278373718262,0.09875248414592555,0.7409722805023193,0.9566510319709778,0.9436601996421814,0.8804278373718262
probe_00556_spk11.wav,/home/hye0n/projects/cnn-based-audio-pii-classification/src/cnn/data_probe/output/probe_00556_spk11.wav,번호는 구육구삼공팔사팔팔칠이오육삼입니다.,96930848872563,,female,spk11,probe_cont_14,probe,1,3.92,14,1,14,sentence,continuous,0.9228761196136475,0.04086151895846072,0.881304144859314,0.9089011549949646,0.9784230589866638,0.9228761196136475
probe_00557_spk12.wav,/home/hye0n/projects/cnn-based-audio-pii-classification/src/cnn/data_probe/output/probe_00557_spk12.wav,번호는 구사이칠팔팔일육오팔공삼구이입니다.,94278816580392,,male,spk12,probe_cont_14,probe,1,3.2,14,1,14,sentence,continuous,0.2212257981300354,0.10350342024188651,0.1986687332391739,0.107253298163414,0.3577553629875183,0.2212257981300354
probe_00558_spk13.wav,/home/hye0n/projects/cnn-based-audio-pii-classification/src/cnn/data_probe/output/probe_00558_spk13.wav,번호는 팔이칠이이구구이칠오공삼칠삼입니다.,82722992750373,,male,spk13,probe_cont_14,probe,1,3.92,14,1,14,sentence,continuous,0.19867348174254099,0.049316214051465565,0.19875304400920868,0.1382339596748352,0.2590334415435791,0.19867348174254099
probe_00559_spk14.wav,/home/hye0n/projects/cnn-based-audio-pii-classification/src/cnn/data_probe/output/probe_00559_spk14.wav,번호는 일사오삼공삼팔오육칠칠공공오입니다.,14530385677005,,female,spk14,probe_cont_14,probe,1,4.56,14,1,14,sentence,continuous,0.859499434630076,0.06939307727189807,0.7613634467124939,0.9088751077651978,0.9082597494125366,0.859499434630076
probe_00560_spk01.wav,/home/hye0n/projects/cnn-based-audio-pii-classification/src/cnn/data_probe/output/probe_00560_spk01.wav,번호는 일팔사사구팔구이육육오구일팔입니다.,18449892665918,,female,spk01,probe_cont_14,probe,1,4.16,14,1,14,sentence,continuous,0.9166953961054484,0.04767789982330426,0.9182750582695007,0.8575283288955688,0.9742828011512756,0.9166953961054484
probe_00561_spk02.wav,/home/hye0n/projects/cnn-based-audio-pii-classification/src/cnn/data_probe/output/probe_00561_spk02.wav,번호는 사육삼팔육오오칠칠구공팔이칠입니다.,46386557790827,,male,spk02,probe_cont_14,probe,1,3.92,14,1,14,sentence,continuous,0.8614620765050253,0.07901704487811712,0.750778317451477,0.9301219582557678,0.9034859538078308,0.8614620765050253
probe_00562_spk03.wav,/home/hye0n/projects/cnn-based-audio-pii-classification/src/cnn/data_probe/output/probe_00562_spk03.wav,번호는 이삼일팔사삼이이이오구일삼육입니다.,23184322259136,,female,spk03,probe_cont_14,probe,1,4.16,14,1,14,sentence,continuous,0.9651403427124023,0.016902739615422394,0.9420527815818787,0.9820485711097717,0.9713196754455566,0.9651403427124023
probe_00563_spk04.wav,/home/hye0n/projects/cnn-based-audio-pii-classification/src/cnn/data_probe/output/probe_00563_spk04.wav,번호는 오일칠칠칠삼구이육공삼공이구입니다.,51777392603029,,male,spk04,probe_cont_14,probe,1,4.4,14,1,14,sentence,continuous,0.9437495668729147,0.05682234432418606,0.8633907437324524,0.9838154911994934,0.9840424656867981,0.9437495668729147
probe_00564_spk05.wav,/home/hye0n/projects/cnn-based-audio-pii-classification/src/cnn/data_probe/output/probe_00564_spk05.wav,번호는 구이이팔공구이공이사이팔육구입니다.,92280920242869,,female,spk05,probe_cont_14,probe,1,4.24,14,1,14,sentence,continuous,0.8636614084243774,0.09317182287383247,0.7384738922119141,0.961857795715332,0.8906525373458862,0.8636614084243774
probe_00565_spk06.wav,/home/hye0n/projects/cnn-based-audio-pii-classification/src/cnn/data_probe/output/probe_00565_spk06.wav,번호는 구공사일삼칠구칠칠이삼육구이입니다.,90413797723692,,male,spk06,probe_cont_14,probe,1,4.4,14,1,14,sentence,continuous,0.3228636756539345,0.1698238903301979,0.12059714645147324,0.3118523061275482,0.536141574382782,0.3228636756539345
probe_00566_spk07.wav,/home/hye0n/projects/cnn-based-audio-pii-classification/src/cnn/data_probe/output/probe_00566_spk07.wav,번호는 구이구팔사이오칠구구일삼육육입니다.,92984257991366,,female,spk07,probe_cont_14,probe,1,4.0,14,1,14,sentence,continuous,0.9609566728274027,0.014478220033792854,0.9405046105384827,0.9720271825790405,0.9703382253646851,0.9609566728274027
probe_00567_spk08.wav,/home/hye0n/projects/cnn-based-audio-pii-classification/src/cnn/data_probe/output/probe_00567_spk08.wav,번호는 이일공삼팔팔육이구일이칠구구입니다.,21038862912799,,male,spk08,probe_cont_14,probe,1,3.6,14,1,14,sentence,continuous,0.9363754192988077,0.03129678467512462,0.8921249508857727,0.9576912522315979,0.9593100547790527,0.9363754192988077
probe_00568_spk09.wav,/home/hye0n/projects/cnn-based-audio-pii-classification/src/cnn/data_probe/output/probe_00568_spk09.wav,번호는 공팔팔일일칠이구팔공육팔육오입니다.,08811729806865,,female,spk09,probe_cont_14,probe,1,3.76,14,1,14,sentence,continuous,0.9284699161847433,0.07436030336773015,0.8234046697616577,0.9771099090576172,0.9848951697349548,0.9284699161847433
probe_00569_spk10.wav,/home/hye0n/projects/cnn-based-audio-pii-classification/src/cnn/data_probe/output/probe_00569_spk10.wav,번호는 공팔육삼칠육오구구일육이사칠입니다.,08637659916247,,male,spk10,probe_cont_14,probe,1,3.6,14,1,14,sentence,continuous,0.8839814861615499,0.05001345899664,0.8988130688667297,0.9364575743675232,0.8166738152503967,0.8839814861615499
probe_00570_spk11.wav,/home/hye0n/projects/cnn-based-audio-pii-classification/src/cnn/data_probe/output/probe_00570_spk11.wav,번호는 삼일사구팔육사삼공공구팔일팔입니다.,31498643009818,,female,spk11,probe_cont_14,probe,1,4.0,14,1,14,sentence,continuous,0.9208451708157858,0.021139477311508472,0.8915092349052429,0.9305263161659241,0.9404999613761902,0.9208451708157858
probe_00571_spk12.wav,/home/hye0n/projects/cnn-based-audio-pii-classification/src/cnn/data_probe/output/probe_00571_spk12.wav,번호는 공육삼오육오일이육구사사팔육입니다.,06356512694486,,male,spk12,probe_cont_14,probe,1,3.04,14,1,14,sentence,continuous,0.3133057653903961,0.15353185560403634,0.20260779559612274,0.2068909853696823,0.5304185152053833,0.3133057653903961
probe_00572_spk13.wav,/home/hye0n/projects/cnn-based-audio-pii-classification/src/cnn/data_probe/output/probe_00572_spk13.wav,번호는 구오구사육삼육팔팔칠이오팔팔입니다.,95946368872588,,male,spk13,probe_cont_14,probe,1,4.32,14,1,14,sentence,continuous,0.8191726207733154,0.07810715992009278,0.7446010708808899,0.7858864068984985,0.9270303845405579,0.8191726207733154
probe_00573_spk14.wav,/home/hye0n/projects/cnn-based-audio-pii-classification/src/cnn/data_probe/output/probe_00573_spk14.wav,번호는 칠사사구오육이일삼칠이일삼팔입니다.,74495621372138,,female,spk14,probe_cont_14,probe,1,4.08,14,1,14,sentence,continuous,0.8205564220746359,0.1296659767702252,0.8518147468566895,0.6484437584877014,0.9614107608795166,0.8205564220746359
probe_00574_spk01.wav,/home/hye0n/projects/cnn-based-audio-pii-classification/src/cnn/data_probe/output/probe_00574_spk01.wav,번호는 육오팔구공이육공일이칠구육일입니다.,65890260127961,,female,spk01,probe_cont_14,probe,1,3.84,14,1,14,sentence,continuous,0.6575925946235657,0.1725550032652173,0.5929128527641296,0.8937098979949951,0.48615503311157227,0.6575925946235657
probe_00575_spk02.wav,/home/hye0n/projects/cnn-based-audio-pii-classification/src/cnn/data_probe/output/probe_00575_spk02.wav,번호는 일사삼오일구공육육구팔사구공입니다.,14351906698490,,male,spk02,probe_cont_14,probe,1,4.0,14,1,14,sentence,continuous,0.7596242229143778,0.09492928515779801,0.6552241444587708,0.8849188685417175,0.7387296557426453,0.7596242229143778
probe_00576_spk03.wav,/home/hye0n/projects/cnn-based-audio-pii-classification/src/cnn/data_probe/output/probe_00576_spk03.wav,번호는 이칠칠공삼팔사삼공구팔팔삼구입니다.,27703843098839,,female,spk03,probe_cont_14,probe,1,4.24,14,1,14,sentence,continuous,0.6828999121983846,0.21370966349662998,0.8578720092773438,0.38199806213378906,0.808829665184021,0.6828999121983846
probe_00577_spk04.wav,/home/hye0n/projects/cnn-based-audio-pii-classification/src/cnn/data_probe/output/probe_00577_spk04.wav,번호는 이공오삼공이일사육오육육구삼입니다.,20530214656693,,male,spk04,probe_cont_14,probe,1,4.0,14,1,14,sentence,continuous,0.9740309715270996,0.02289671734303594,0.9419487118721008,0.9862726330757141,0.9938715696334839,0.9740309715270996
probe_00578_spk05.wav,/home/hye0n/projects/cnn-based-audio-pii-classification/src/cnn/data_probe/output/probe_00578_spk05.wav,번호는 팔공일일팔사팔구오오사삼구삼입니다.,80118489554393,,female,spk05,probe_cont_14,probe,1,3.6,14,1,14,sentence,continuous,0.760563850402832,0.21196048884356947,0.46476811170578003,0.950527548789978,0.866395890712738,0.760563850402832
probe_00579_spk06.wav,/home/hye0n/projects/cnn-based-audio-pii-classification/src/cnn/data_probe/output/probe_00579_spk06.wav,번호는 칠육구공사이육팔일팔일팔사오입니다.,76904268181845,,male,spk06,probe_cont_14,probe,1,3.36,14,1,14,sentence,continuous,0.14350972324609756,0.028806935789614407,0.16810476779937744,0.15933820605278015,0.1030861958861351,0.14350972324609756
probe_00580_spk07.wav,/home/hye0n/projects/cnn-based-audio-pii-classification/src/cnn/data_probe/output/probe_00580_spk07.wav,번호는 일팔사팔구사칠육구칠삼오칠칠입니다.,18489476973577,,female,spk07,probe_cont_14,probe,1,4.0,14,1,14,sentence,continuous,0.98221888144811,0.015179656285903247,0.9607644081115723,0.9923041462898254,0.9935880899429321,0.98221888144811
probe_00581_spk08.wav,/home/hye0n/projects/cnn-based-audio-pii-classification/src/cnn/data_probe/output/probe_00581_spk08.wav,번호는 구공칠일사일육삼삼오육오팔팔입니다.,90714163356588,,male,spk08,probe_cont_14,probe,1,4.72,14,1,14,sentence,continuous,0.933257003625234,0.03960321728828875,0.8785680532455444,0.9501391053199768,0.9710638523101807,0.933257003625234
probe_00582_spk09.wav,/home/hye0n/projects/cnn-based-audio-pii-classification/src/cnn/data_probe/output/probe_00582_spk09.wav,번호는 공사삼사일육오일팔이칠오오삼입니다.,04341651827553,,female,spk09,probe_cont_14,probe,1,4.08,14,1,14,sentence,continuous,0.9756786425908407,0.011950341097638255,0.9602516889572144,0.9774152636528015,0.9893689751625061,0.9756786425908407
probe_00583_spk10.wav,/home/hye0n/projects/cnn-based-audio-pii-classification/src/cnn/data_probe/output/probe_00583_spk10.wav,번호는 구사이삼칠삼삼삼사삼삼삼삼구입니다.,94237333433339,,male,spk10,probe_cont_14,probe,1,4.64,14,1,14,sentence,continuous,0.7962693969408671,0.12402504213818541,0.6280280947685242,0.8374428153038025,0.9233372807502747,0.7962693969408671
probe_00584_spk11.wav,/home/hye0n/projects/cnn-based-audio-pii-classification/src/cnn/data_probe/output/probe_00584_spk11.wav,번호는 오이일일일칠구공팔공칠오구오입니다.,52111790807595,,female,spk11,probe_cont_14,probe,1,4.08,14,1,14,sentence,continuous,0.9397107164065043,0.05034579648625383,0.8690665364265442,0.9827203750610352,0.9673452377319336,0.9397107164065043
probe_00585_spk12.wav,/home/hye0n/projects/cnn-based-audio-pii-classification/src/cnn/data_probe/output/probe_00585_spk12.wav,번호는 칠구사칠이팔사육삼구이공팔육입니다.,79472846392086,,male,spk12,probe_cont_14,probe,1,3.92,14,1,14,sentence,continuous,0.9276374777158102,0.03724285302684075,0.8784050345420837,0.9360466003417969,0.9684607982635498,0.9276374777158102
probe_00586_spk13.wav,/home/hye0n/projects/cnn-based-audio-pii-classification/src/cnn/data_probe/output/probe_00586_spk13.wav,번호는 칠팔공팔오육이칠일팔칠오공공입니다.,78085627187500,,male,spk13,probe_cont_14,probe,1,4.0,14,1,14,sentence,continuous,0.7751251061757406,0.11014172972001952,0.6202753186225891,0.8379569053649902,0.8671430945396423,0.7751251061757406
probe_00587_spk14.wav,/home/hye0n/projects/cnn-based-audio-pii-classification/src/cnn/data_probe/output/probe_00587_spk14.wav,번호는 삼육구일오오구사이팔사삼사칠입니다.,36915594284347,,female,spk14,probe_cont_14,probe,1,3.92,14,1,14,sentence,continuous,0.7453052401542664,0.10733468675887335,0.8343109488487244,0.5943148732185364,0.8072898983955383,0.7453052401542664
probe_00588_spk01.wav,/home/hye0n/projects/cnn-based-audio-pii-classification/src/cnn/data_probe/output/probe_00588_spk01.wav,번호는 구오오이칠육삼육오오육사칠이입니다.,95527636556472,,female,spk01,probe_cont_14,probe,1,4.32,14,1,14,sentence,continuous,0.9575740893681844,0.019455231535174918,0.9302764534950256,0.9742042422294617,0.9682415723800659,0.9575740893681844
probe_00589_spk02.wav,/home/hye0n/projects/cnn-based-audio-pii-classification/src/cnn/data_probe/output/probe_00589_spk02.wav,번호는 구이구삼일사삼팔육육삼이이칠입니다.,92931438663227,,male,spk02,probe_cont_14,probe,1,4.16,14,1,14,sentence,continuous,0.922734280427297,0.057385555225048575,0.8444355726242065,0.9434002041816711,0.9803670644760132,0.922734280427297
probe_00590_spk03.wav,/home/hye0n/projects/cnn-based-audio-pii-classification/src/cnn/data_probe/output/probe_00590_spk03.wav,번호는 공이육칠이팔팔오칠사사팔구공입니다.,02672885744890,,female,spk03,probe_cont_14,probe,1,4.16,14,1,14,sentence,continuous,0.9729528029759725,0.021430546672348692,0.9432185888290405,0.9827395677566528,0.9929002523422241,0.9729528029759725
probe_00591_spk04.wav,/home/hye0n/projects/cnn-based-audio-pii-classification/src/cnn/data_probe/output/probe_00591_spk04.wav,번호는 육일이공삼사칠일칠오사오오팔입니다.,61203471754558,,male,spk04,probe_cont_14,probe,1,3.76,14,1,14,sentence,continuous,0.9401312867800394,0.025119283169689314,0.9180555939674377,0.927065908908844,0.9752723574638367,0.9401312867800394
probe_00592_spk05.wav,/home/hye0n/projects/cnn-based-audio-pii-classification/src/cnn/data_probe/output/probe_00592_spk05.wav,번호는 팔사오공육일오구삼구구팔이사입니다.,84506159399824,,female,spk05,probe_cont_14,probe,1,3.52,14,1,14,sentence,continuous,0.7476828893025717,0.0942819494963676,0.6166203618049622,0.7919870615005493,0.8344412446022034,0.7476828893025717
probe_00593_spk06.wav,/home/hye0n/projects/cnn-based-audio-pii-classification/src/cnn/data_probe/output/probe_00593_spk06.wav,번호는 오오팔칠칠일육구사칠이이오육입니다.,55877169472256,,male,spk06,probe_cont_14,probe,1,3.68,14,1,14,sentence,continuous,0.7374088565508524,0.13188864340382228,0.6423690319061279,0.6459413766860962,0.9239161610603333,0.7374088565508524
probe_00594_spk07.wav,/home/hye0n/projects/cnn-based-audio-pii-classification/src/cnn/data_probe/output/probe_00594_spk07.wav,번호는 구구육일일이오삼오오사사구육입니다.,99611253554496,,female,spk07,probe_cont_14,probe,1,3.28,14,1,14,sentence,continuous,0.6445419987042745,0.13491271823969928,0.5486940741539001,0.5495952367782593,0.8353366851806641,0.6445419987042745
probe_00595_spk08.wav,/home/hye0n/projects/cnn-based-audio-pii-classification/src/cnn/data_probe/output/probe_00595_spk08.wav,번호는 사칠오구팔칠육이이공이삼사일입니다.,47598762202341,,male,spk08,probe_cont_14,probe,1,4.32,14,1,14,sentence,continuous,0.9122205773989359,0.07315037678934039,0.8100510239601135,0.9492517709732056,0.9773589372634888,0.9122205773989359
probe_00596_spk09.wav,/home/hye0n/projects/cnn-based-audio-pii-classification/src/cnn/data_probe/output/probe_00596_spk09.wav,번호는 삼이육일일일칠팔공공육팔일일입니다.,32611178006811,,female,spk09,probe_cont_14,probe,1,3.76,14,1,14,sentence,continuous,0.8469887375831604,0.14964195404399452,0.6360889077186584,0.9676049947738647,0.937272310256958,0.8469887375831604
probe_00597_spk10.wav,/home/hye0n/projects/cnn-based-audio-pii-classification/src/cnn/data_probe/output/probe_00597_spk10.wav,번호는 사구이일육사삼삼사칠이이팔이입니다.,49216433472282,,male,spk10,probe_cont_14,probe,1,3.76,14,1,14,sentence,continuous,0.06779889514048894,0.001166660519654454,0.06784640997648239,0.06920340657234192,0.06634686887264252,0.06779889514048894
probe_00598_spk11.wav,/home/hye0n/projects/cnn-based-audio-pii-classification/src/cnn/data_probe/output/probe_00598_spk11.wav,번호는 공공오오칠칠팔사팔칠이팔이구입니다.,00557784872829,,female,spk11,probe_cont_14,probe,1,4.0,14,1,14,sentence,continuous,0.8810847600301107,0.08297156451054141,0.7638863921165466,0.9347012042999268,0.9446666836738586,0.8810847600301107
probe_00599_spk12.wav,/home/hye0n/projects/cnn-based-audio-pii-classification/src/cnn/data_probe/output/probe_00599_spk12.wav,번호는 구칠구육팔팔사오칠팔삼일칠사입니다.,97968845783174,,male,spk12,probe_cont_14,probe,1,3.68,14,1,14,sentence,continuous,0.8187988996505737,0.04178363768370242,0.7682458758354187,0.8175781965255737,0.8705726265907288,0.8187988996505737
probe_00600_spk13.wav,/home/hye0n/projects/cnn-based-audio-pii-classification/src/cnn/data_probe/output/probe_00600_spk13.wav,번호는 오육사이사공공팔이오사칠팔공칠칠입니다.,5642400825478077,,male,spk13,probe_cont_16,probe,1,3.76,16,1,16,sentence,continuous,0.7054079274336497,0.15493275928947536,0.48693063855171204,0.8002592325210571,0.8290339112281799,0.7054079274336497
probe_00601_spk14.wav,/home/hye0n/projects/cnn-based-audio-pii-classification/src/cnn/data_probe/output/probe_00601_spk14.wav,번호는 사공육사구삼공팔오삼육팔육육삼이입니다.,4064930853686632,,female,spk14,probe_cont_16,probe,1,4.24,16,1,16,sentence,continuous,0.9183665712674459,0.06646957975112044,0.9475924968719482,0.8263798952102661,0.9811273217201233,0.9183665712674459
probe_00602_spk01.wav,/home/hye0n/projects/cnn-based-audio-pii-classification/src/cnn/data_probe/output/probe_00602_spk01.wav,번호는 육육삼사일육삼팔구사사팔사육삼일입니다.,6634163894484631,,female,spk01,probe_cont_16,probe,1,4.8,16,1,16,sentence,continuous,0.9660065571467081,0.019287516013259773,0.9392666220664978,0.9747134447097778,0.9840396046638489,0.9660065571467081
probe_00603_spk02.wav,/home/hye0n/projects/cnn-based-audio-pii-classification/src/cnn/data_probe/output/probe_00603_spk02.wav,번호는 이이사일칠구칠사구칠삼오공이공팔입니다.,2241797497350208,,male,spk02,probe_cont_16,probe,1,4.16,16,1,16,sentence,continuous,0.961512545744578,0.028264388884016754,0.9215418100357056,0.9817600846290588,0.9812357425689697,0.961512545744578
probe_00604_spk03.wav,/home/hye0n/projects/cnn-based-audio-pii-classification/src/cnn/data_probe/output/probe_00604_spk03.wav,번호는 공이일사사이칠공삼일이공칠삼오육입니다.,0214427031207356,,female,spk03,probe_cont_16,probe,1,4.48,16,1,16,sentence,continuous,0.9790134429931641,0.018512940728684306,0.9528952240943909,0.9905001521110535,0.9936449527740479,0.9790134429931641
probe_00605_spk04.wav,/home/hye0n/projects/cnn-based-audio-pii-classification/src/cnn/data_probe/output/probe_00605_spk04.wav,번호는 사칠오칠공오일이공사육일팔칠이삼입니다.,4757051204618723,,male,spk04,probe_cont_16,probe,1,4.64,16,1,16,sentence,continuous,0.9741002917289734,0.01749062114971358,0.9521825313568115,0.9949885010719299,0.9751298427581787,0.9741002917289734
probe_00606_spk05.wav,/home/hye0n/projects/cnn-based-audio-pii-classification/src/cnn/data_probe/output/probe_00606_spk05.wav,번호는 사육공일삼육칠삼공삼칠일팔삼칠육입니다.,4601367303718376,,female,spk05,probe_cont_16,probe,1,5.2,16,1,16,sentence,continuous,0.9868380824724833,0.008536347670561996,0.974825918674469,0.9918026328086853,0.9938856959342957,0.9868380824724833
probe_00607_spk06.wav,/home/hye0n/projects/cnn-based-audio-pii-classification/src/cnn/data_probe/output/probe_00607_spk06.wav,번호는 사오이공팔팔일사칠사삼오공삼일삼입니다.,4520881474350313,,male,spk06,probe_cont_16,probe,1,4.08,16,1,16,sentence,continuous,0.8779276410738627,0.05182456940838493,0.8289165496826172,0.8552408814430237,0.9496254920959473,0.8779276410738627
probe_00608_spk07.wav,/home/hye0n/projects/cnn-based-audio-pii-classification/src/cnn/data_probe/output/probe_00608_spk07.wav,번호는 육오공이사구일육삼공공구칠구이오입니다.,6502491630097925,,female,spk07,probe_cont_16,probe,1,4.32,16,1,16,sentence,continuous,0.9718725482622782,0.025558257232235586,0.9357525706291199,0.9887718558311462,0.9910932183265686,0.9718725482622782
probe_00609_spk08.wav,/home/hye0n/projects/cnn-based-audio-pii-classification/src/cnn/data_probe/output/probe_00609_spk08.wav,번호는 일삼이칠일구오공공오이팔일이칠삼입니다.,1327195005281273,,male,spk08,probe_cont_16,probe,1,4.64,16,1,16,sentence,continuous,0.8350655237833658,0.07869689457034172,0.7268813848495483,0.8665313720703125,0.9117838144302368,0.8350655237833658
probe_00610_spk09.wav,/home/hye0n/projects/cnn-based-audio-pii-classification/src/cnn/data_probe/output/probe_00610_spk09.wav,번호는 오팔오칠삼공육오이사공칠칠팔사팔입니다.,5857306524077848,,female,spk09,probe_cont_16,probe,1,5.04,16,1,16,sentence,continuous,0.09387835611899693,0.018679013361976794,0.08857684582471848,0.07411753386259079,0.11894068866968155,0.09387835611899693
probe_00611_spk10.wav,/home/hye0n/projects/cnn-based-audio-pii-classification/src/cnn/data_probe/output/probe_00611_spk10.wav,번호는 칠삼구이팔오오칠사구팔이일팔이칠입니다.,7392855749821827,,male,spk10,probe_cont_16,probe,1,3.44,16,1,16,sentence,continuous,0.7499708930651346,0.07629567046857377,0.642300009727478,0.8098709583282471,0.797741711139679,0.7499708930651346
probe_00612_spk11.wav,/home/hye0n/projects/cnn-based-audio-pii-classification/src/cnn/data_probe/output/probe_00612_spk11.wav,번호는 사사팔오칠공팔육이공구오구삼오일입니다.,4485708620959351,,female,spk11,probe_cont_16,probe,1,3.92,16,1,16,sentence,continuous,0.908008873462677,0.04865421243024808,0.8411746025085449,0.9272579550743103,0.9555940628051758,0.908008873462677
probe_00613_spk12.wav,/home/hye0n/projects/cnn-based-audio-pii-classification/src/cnn/data_probe/output/probe_00613_spk12.wav,번호는 팔육삼팔칠팔이구사오육오일일팔일입니다.,8638782945651181,,male,spk12,probe_cont_16,probe,1,4.56,16,1,16,sentence,continuous,0.7771549622217814,0.09523344490132883,0.6437608599662781,0.8277702331542969,0.8599337935447693,0.7771549622217814
probe_00614_spk13.wav,/home/hye0n/projects/cnn-based-audio-pii-classification/src/cnn/data_probe/output/probe_00614_spk13.wav,번호는 공이이공삼일칠삼일공구육칠팔구구입니다.,0220317310967899,,male,spk13,probe_cont_16,probe,1,4.24,16,1,16,sentence,continuous,0.848967432975769,0.07316701543182691,0.7506834268569946,0.8700860738754272,0.9261327981948853,0.848967432975769
probe_00615_spk14.wav,/home/hye0n/projects/cnn-based-audio-pii-classification/src/cnn/data_probe/output/probe_00615_spk14.wav,번호는 사공오삼구일공삼칠일칠공오팔육오입니다.,4053910371705865,,female,spk14,probe_cont_16,probe,1,4.8,16,1,16,sentence,continuous,0.9694753487904867,0.032526510109468776,0.9234783053398132,0.9920679330825806,0.9928798079490662,0.9694753487904867
probe_00616_spk01.wav,/home/hye0n/projects/cnn-based-audio-pii-classification/src/cnn/data_probe/output/probe_00616_spk01.wav,번호는 공구사팔공일사일삼팔일일삼팔육삼입니다.,0948014138113863,,female,spk01,probe_cont_16,probe,1,5.04,16,1,16,sentence,continuous,0.8792171875635783,0.01229891205911065,0.8906350135803223,0.8848713636398315,0.862145185470581,0.8792171875635783
probe_00617_spk02.wav,/home/hye0n/projects/cnn-based-audio-pii-classification/src/cnn/data_probe/output/probe_00617_spk02.wav,번호는 삼팔삼구이팔팔육일구오칠육일이이입니다.,3839288619576122,,male,spk02,probe_cont_16,probe,1,4.0,16,1,16,sentence,continuous,0.9603194197018942,0.041727052432045754,0.901344358921051,0.991589367389679,0.9880245327949524,0.9603194197018942
probe_00618_spk03.wav,/home/hye0n/projects/cnn-based-audio-pii-classification/src/cnn/data_probe/output/probe_00618_spk03.wav,번호는 팔육팔오이팔구칠오오팔오오육육오입니다.,8685289755855665,,female,spk03,probe_cont_16,probe,1,5.28,16,1,16,sentence,continuous,0.949733297030131,0.04753852463401017,0.8826456069946289,0.9870584607124329,0.9794958233833313,0.949733297030131
probe_00619_spk04.wav,/home/hye0n/projects/cnn-based-audio-pii-classification/src/cnn/data_probe/output/probe_00619_spk04.wav,번호는 구삼구팔삼육팔사오칠칠육공공사구입니다.,9398368457760049,,male,spk04,probe_cont_16,probe,1,4.48,16,1,16,sentence,continuous,0.9893101255098978,0.006642141991964366,0.9801770448684692,0.9919747710227966,0.9957785606384277,0.9893101255098978
probe_00620_spk05.wav,/home/hye0n/projects/cnn-based-audio-pii-classification/src/cnn/data_probe/output/probe_00620_spk05.wav,번호는 공팔이사공사삼삼오공사팔팔팔구구입니다.,0824043350488899,,female,spk05,probe_cont_16,probe,1,4.0,16,1,16,sentence,continuous,0.9397821029027303,0.01985007543860676,0.9130134582519531,0.9458439946174622,0.9604888558387756,0.9397821029027303
probe_00621_spk06.wav,/home/hye0n/projects/cnn-based-audio-pii-classification/src/cnn/data_probe/output/probe_00621_spk06.wav,번호는 이일공칠오이이사오구삼삼사사일구입니다.,2107522459334419,,male,spk06,probe_cont_16,probe,1,4.24,16,1,16,sentence,continuous,0.9650282065073649,0.030779921958243545,0.9219896197319031,0.9809025526046753,0.9921924471855164,0.9650282065073649
probe_00622_spk07.wav,/home/hye0n/projects/cnn-based-audio-pii-classification/src/cnn/data_probe/output/probe_00622_spk07.wav,번호는 육구삼일오칠이칠구일구사공구육일입니다.,6931572791940961,,female,spk07,probe_cont_16,probe,1,3.6,16,1,16,sentence,continuous,0.9578451911608378,0.035449971501270196,0.9077423810958862,0.9813694953918457,0.9844236969947815,0.9578451911608378
probe_00623_spk08.wav,/home/hye0n/projects/cnn-based-audio-pii-classification/src/cnn/data_probe/output/probe_00623_spk08.wav,번호는 공오오육육일삼구공육공사팔공오팔입니다.,0556613906048058,,male,spk08,probe_cont_16,probe,1,4.56,16,1,16,sentence,continuous,0.9221329887708029,0.05644089353457039,0.8424362540245056,0.965813398361206,0.9581493139266968,0.9221329887708029
probe_00624_spk09.wav,/home/hye0n/projects/cnn-based-audio-pii-classification/src/cnn/data_probe/output/probe_00624_spk09.wav,번호는 구이오팔삼이공육칠구구팔일삼육사입니다.,9258320679981364,,female,spk09,probe_cont_16,probe,1,4.32,16,1,16,sentence,continuous,0.6768974661827087,0.035198061817644,0.6271600723266602,0.7034979462623596,0.7000343799591064,0.6768974661827087
probe_00625_spk10.wav,/home/hye0n/projects/cnn-based-audio-pii-classification/src/cnn/data_probe/output/probe_00625_spk10.wav,번호는 육이이오일칠구공팔육사일육팔육이입니다.,6225179086416862,,male,spk10,probe_cont_16,probe,1,4.08,16,1,16,sentence,continuous,0.972698708375295,0.023384743087405912,0.9396330714225769,0.9897482991218567,0.9887147545814514,0.972698708375295
probe_00626_spk11.wav,/home/hye0n/projects/cnn-based-audio-pii-classification/src/cnn/data_probe/output/probe_00626_spk11.wav,번호는 이칠팔삼칠육구삼팔구팔삼삼일사육입니다.,2783769389833146,,female,spk11,probe_cont_16,probe,1,4.56,16,1,16,sentence,continuous,0.9660782615343729,0.015360842369284335,0.9475848078727722,0.9654544591903687,0.985195517539978,0.9660782615343729
probe_00627_spk12.wav,/home/hye0n/projects/cnn-based-audio-pii-classification/src/cnn/data_probe/output/probe_00627_spk12.wav,번호는 오구일일육육오오삼오오구공사이오입니다.,5911665535590425,,male,spk12,probe_cont_16,probe,1,3.92,16,1,16,sentence,continuous,0.8799616893132528,0.08336441150075358,0.7626650929450989,0.9488846659660339,0.9283353090286255,0.8799616893132528
probe_00628_spk13.wav,/home/hye0n/projects/cnn-based-audio-pii-classification/src/cnn/data_probe/output/probe_00628_spk13.wav,번호는 구칠구이칠공삼삼오이일일공삼구이입니다.,9792703352110392,,male,spk13,probe_cont_16,probe,1,4.4,16,1,16,sentence,continuous,0.6573095917701721,0.1776467742392198,0.4178735613822937,0.7111462354660034,0.8429089784622192,0.6573095917701721
probe_00629_spk14.wav,/home/hye0n/projects/cnn-based-audio-pii-classification/src/cnn/data_probe/output/probe_00629_spk14.wav,번호는 사공오일사칠칠공오삼팔삼삼팔팔사입니다.,4051477053833884,,female,spk14,probe_cont_16,probe,1,4.64,16,1,16,sentence,continuous,0.9653194149335226,0.012365179128182616,0.9605674743652344,0.9531210660934448,0.9822697043418884,0.9653194149335226
probe_00630_spk01.wav,/home/hye0n/projects/cnn-based-audio-pii-classification/src/cnn/data_probe/output/probe_00630_spk01.wav,번호는 팔칠구이공육구팔공사이공사삼구사입니다.,8792069804204394,,female,spk01,probe_cont_16,probe,1,4.56,16,1,16,sentence,continuous,0.9248141447703043,0.05299414821121017,0.8512066006660461,0.9738251566886902,0.9494106769561768,0.9248141447703043
probe_00631_spk02.wav,/home/hye0n/projects/cnn-based-audio-pii-classification/src/cnn/data_probe/output/probe_00631_spk02.wav,번호는 공칠공일육사오일공사육삼육팔일오입니다.,0701645104636815,,male,spk02,probe_cont_16,probe,1,3.6,16,1,16,sentence,continuous,0.9024319450060526,0.07765192761353973,0.7931999564170837,0.9668465256690979,0.9472493529319763,0.9024319450060526
probe_00632_spk03.wav,/home/hye0n/projects/cnn-based-audio-pii-classification/src/cnn/data_probe/output/probe_00632_spk03.wav,번호는 칠구팔일이삼팔칠팔공공삼팔사오칠입니다.,7981238780038457,,female,spk03,probe_cont_16,probe,1,4.88,16,1,16,sentence,continuous,0.8316470185915629,0.05000771447212385,0.7616118788719177,0.8751773238182068,0.8581518530845642,0.8316470185915629
probe_00633_spk04.wav,/home/hye0n/projects/cnn-based-audio-pii-classification/src/cnn/data_probe/output/probe_00633_spk04.wav,번호는 육이공오오오사삼팔사공사육공팔사입니다.,6205554384046084,,male,spk04,probe_cont_16,probe,1,4.72,16,1,16,sentence,continuous,0.9628778696060181,0.028171503459757597,0.9231539964675903,0.980101466178894,0.9853781461715698,0.9628778696060181
probe_00634_spk05.wav,/home/hye0n/projects/cnn-based-audio-pii-classification/src/cnn/data_probe/output/probe_00634_spk05.wav,번호는 삼이오육이일육팔구삼육삼구이육사입니다.,3256216893639264,,female,spk05,probe_cont_16,probe,1,4.4,16,1,16,sentence,continuous,0.9838549693425497,0.01124012176552667,0.9682847261428833,0.9888677000999451,0.9944124817848206,0.9838549693425497
probe_00635_spk06.wav,/home/hye0n/projects/cnn-based-audio-pii-classification/src/cnn/data_probe/output/probe_00635_spk06.wav,번호는 구오칠팔이삼이구팔삼이사팔이육이입니다.,9578232983248262,,male,spk06,probe_cont_16,probe,1,3.68,16,1,16,sentence,continuous,0.6556782126426697,0.17588778545225522,0.6708000302314758,0.43309807777404785,0.8631365299224854,0.6556782126426697
probe_00636_spk07.wav,/home/hye0n/projects/cnn-based-audio-pii-classification/src/cnn/data_probe/output/probe_00636_spk07.wav,번호는 구이오일팔팔일이오이공오육육사칠입니다.,9251881252056647,,female,spk07,probe_cont_16,probe,1,4.24,16,1,16,sentence,continuous,0.9422863125801086,0.014026229643670765,0.9317083358764648,0.9621074199676514,0.9330431818962097,0.9422863125801086
probe_00637_spk08.wav,/home/hye0n/projects/cnn-based-audio-pii-classification/src/cnn/data_probe/output/probe_00637_spk08.wav,번호는 사이삼일이이공구구사구구구삼구삼입니다.,4231220994999393,,male,spk08,probe_cont_16,probe,1,5.04,16,1,16,sentence,continuous,0.6976735989252726,0.1544031118145364,0.47973793745040894,0.7948721051216125,0.8184107542037964,0.6976735989252726
probe_00638_spk09.wav,/home/hye0n/projects/cnn-based-audio-pii-classification/src/cnn/data_probe/output/probe_00638_spk09.wav,번호는 삼공오일칠이팔구칠오이육칠칠이이입니다.,3051728975267722,,female,spk09,probe_cont_16,probe,1,4.32,16,1,16,sentence,continuous,0.9743196368217468,0.020582283666280374,0.9456335306167603,0.9929377436637878,0.9843876361846924,0.9743196368217468
probe_00639_spk10.wav,/home/hye0n/projects/cnn-based-audio-pii-classification/src/cnn/data_probe/output/probe_00639_spk10.wav,번호는 삼삼공육공사육삼삼삼일이칠구칠오입니다.,3306046333127975,,male,spk10,probe_cont_16,probe,1,3.44,16,1,16,sentence,continuous,0.7522000074386597,0.11990137472695159,0.6563339829444885,0.6790058612823486,0.9212601780891418,0.7522000074386597
probe_00640_spk11.wav,/home/hye0n/projects/cnn-based-audio-pii-classification/src/cnn/data_probe/output/probe_00640_spk11.wav,번호는 칠삼육육공구육오육구구구팔팔공팔입니다.,7366096569998808,,female,spk11,probe_cont_16,probe,1,4.96,16,1,16,sentence,continuous,0.9493510524431864,0.04254518693130499,0.8896352052688599,0.9728330373764038,0.9855849146842957,0.9493510524431864
probe_00641_spk12.wav,/home/hye0n/projects/cnn-based-audio-pii-classification/src/cnn/data_probe/output/probe_00641_spk12.wav,번호는 일칠칠공삼팔팔육공팔육팔공삼사칠입니다.,1770388608680347,,male,spk12,probe_cont_16,probe,1,4.16,16,1,16,sentence,continuous,0.9652721881866455,0.014835948450984671,0.9555290937423706,0.9540514349937439,0.986236035823822,0.9652721881866455
probe_00642_spk13.wav,/home/hye0n/projects/cnn-based-audio-pii-classification/src/cnn/data_probe/output/probe_00642_spk13.wav,번호는 육사사칠이육사구공팔이칠칠일팔일입니다.,6447264908277181,,male,spk13,probe_cont_16,probe,1,3.44,16,1,16,sentence,continuous,0.6457987626393636,0.08387793970767962,0.5272088646888733,0.702729344367981,0.7074580788612366,0.6457987626393636
probe_00643_spk14.wav,/home/hye0n/projects/cnn-based-audio-pii-classification/src/cnn/data_probe/output/probe_00643_spk14.wav,번호는 이구팔이육육오칠공이칠구삼칠일사입니다.,2982665702793714,,female,spk14,probe_cont_16,probe,1,4.72,16,1,16,sentence,continuous,0.9279635747273763,0.024798160685959553,0.902667760848999,0.9195754528045654,0.9616475105285645,0.9279635747273763
probe_00644_spk01.wav,/home/hye0n/projects/cnn-based-audio-pii-classification/src/cnn/data_probe/output/probe_00644_spk01.wav,번호는 오이일일일칠오일팔육팔구이육팔육입니다.,5211175186892686,,female,spk01,probe_cont_16,probe,1,4.08,16,1,16,sentence,continuous,0.9910464684168497,0.007849596892239583,0.9804516434669495,0.9934739470481873,0.9992138147354126,0.9910464684168497
probe_00645_spk02.wav,/home/hye0n/projects/cnn-based-audio-pii-classification/src/cnn/data_probe/output/probe_00645_spk02.wav,번호는 공이오구이이이이공육사사칠사이일입니다.,0259222206447421,,male,spk02,probe_cont_16,probe,1,4.48,16,1,16,sentence,continuous,0.8541726867357889,0.11339912710738369,0.6951496601104736,0.9157175421714783,0.951650857925415,0.8541726867357889
probe_00646_spk03.wav,/home/hye0n/projects/cnn-based-audio-pii-classification/src/cnn/data_probe/output/probe_00646_spk03.wav,번호는 이삼공구사공칠칠칠팔공구칠삼삼구입니다.,2309407778097339,,female,spk03,probe_cont_16,probe,1,4.4,16,1,16,sentence,continuous,0.9618443449338278,0.01969864921789313,0.9352570176124573,0.9679344892501831,0.9823415279388428,0.9618443449338278
probe_00647_spk04.wav,/home/hye0n/projects/cnn-based-audio-pii-classification/src/cnn/data_probe/output/probe_00647_spk04.wav,번호는 칠칠육칠일구구공삼팔사구팔삼공이입니다.,7767199038498302,,male,spk04,probe_cont_16,probe,1,4.64,16,1,16,sentence,continuous,0.9387035568555196,0.016264262828976868,0.9165794849395752,0.9552138447761536,0.9443173408508301,0.9387035568555196
probe_00648_spk05.wav,/home/hye0n/projects/cnn-based-audio-pii-classification/src/cnn/data_probe/output/probe_00648_spk05.wav,번호는 이공오공이공구구사오일공일육이이입니다.,2050209945101622,,female,spk05,probe_cont_16,probe,1,4.88,16,1,16,sentence,continuous,0.9587934215863546,0.03157580155003177,0.9149267077445984,0.9879607558250427,0.9734928011894226,0.9587934215863546
probe_00649_spk06.wav,/home/hye0n/projects/cnn-based-audio-pii-classification/src/cnn/data_probe/output/probe_00649_spk06.wav,번호는 사구구구팔이칠구오공일사오오육일입니다.,4999827950145561,,male,spk06,probe_cont_16,probe,1,3.6,16,1,16,sentence,continuous,0.6148750881354014,0.11964235223625101,0.4670240581035614,0.6175510883331299,0.7600501179695129,0.6148750881354014
probe_00650_spk07.wav,/home/hye0n/projects/cnn-based-audio-pii-classification/src/cnn/data_probe/output/probe_00650_spk07.wav,번호는 육팔일사칠이일사오팔육팔삼삼구공입니다.,6814721458683390,,female,spk07,probe_cont_16,probe,1,4.72,16,1,16,sentence,continuous,0.9663577278455099,0.020031646221358734,0.9382311105728149,0.9774935245513916,0.983348548412323,0.9663577278455099
probe_00651_spk08.wav,/home/hye0n/projects/cnn-based-audio-pii-classification/src/cnn/data_probe/output/probe_00651_spk08.wav,번호는 일구팔일칠구사육구오사팔구구오이입니다.,1981794695489952,,male,spk08,probe_cont_16,probe,1,4.72,16,1,16,sentence,continuous,0.8370511333147684,0.11785731163035637,0.6759561896324158,0.9546368718147278,0.8805603384971619,0.8370511333147684
probe_00652_spk09.wav,/home/hye0n/projects/cnn-based-audio-pii-classification/src/cnn/data_probe/output/probe_00652_spk09.wav,번호는 구구칠팔칠칠이구삼사삼공일공칠일입니다.,9978772934301071,,female,spk09,probe_cont_16,probe,1,4.96,16,1,16,sentence,continuous,0.7698836922645569,0.13458924391796762,0.6647300124168396,0.6850617527961731,0.959859311580658,0.7698836922645569
probe_00653_spk10.wav,/home/hye0n/projects/cnn-based-audio-pii-classification/src/cnn/data_probe/output/probe_00653_spk10.wav,번호는 삼구육육공오오팔삼공삼사사일사사입니다.,3966055830344144,,male,spk10,probe_cont_16,probe,1,4.48,16,1,16,sentence,continuous,0.9576354821523031,0.026365954402877083,0.9209458827972412,0.9702226519584656,0.9817379117012024,0.9576354821523031
probe_00654_spk11.wav,/home/hye0n/projects/cnn-based-audio-pii-classification/src/cnn/data_probe/output/probe_00654_spk11.wav,번호는 팔팔오공일오오육구구공이삼오오칠입니다.,8850155699023557,,female,spk11,probe_cont_16,probe,1,3.76,16,1,16,sentence,continuous,0.9494871099789938,0.043326560956973605,0.8882293701171875,0.9813005924224854,0.9789313673973083,0.9494871099789938
probe_00655_spk12.wav,/home/hye0n/projects/cnn-based-audio-pii-classification/src/cnn/data_probe/output/probe_00655_spk12.wav,번호는 칠공이칠이칠팔오칠육공팔사구오팔입니다.,7027278576084958,,male,spk12,probe_cont_16,probe,1,4.4,16,1,16,sentence,continuous,0.8661701480547587,0.06747576363152018,0.7767846584320068,0.9397963285446167,0.8819294571876526,0.8661701480547587
probe_00656_spk13.wav,/home/hye0n/projects/cnn-based-audio-pii-classification/src/cnn/data_probe/output/probe_00656_spk13.wav,번호는 팔공삼구오오일이사공오육팔이구구입니다.,8039551240568299,,male,spk13,probe_cont_16,probe,1,3.6,16,1,16,sentence,continuous,0.7397275964419047,0.19134157980814898,0.469576895236969,0.8882695436477661,0.861336350440979,0.7397275964419047
probe_00657_spk14.wav,/home/hye0n/projects/cnn-based-audio-pii-classification/src/cnn/data_probe/output/probe_00657_spk14.wav,번호는 육이구일사오공사육일칠삼오칠사삼입니다.,6291450461735743,,female,spk14,probe_cont_16,probe,1,4.8,16,1,16,sentence,continuous,0.7902836004892985,0.06481131759036514,0.7019222974777222,0.8555585741996765,0.8133699297904968,0.7902836004892985
probe_00658_spk01.wav,/home/hye0n/projects/cnn-based-audio-pii-classification/src/cnn/data_probe/output/probe_00658_spk01.wav,번호는 팔사이일오공삼일칠팔공칠팔이삼오입니다.,8421503178078235,,female,spk01,probe_cont_16,probe,1,4.32,16,1,16,sentence,continuous,0.9683009386062622,0.017157902750148543,0.9443536996841431,0.976885199546814,0.9836639165878296,0.9683009386062622
probe_00659_spk02.wav,/home/hye0n/projects/cnn-based-audio-pii-classification/src/cnn/data_probe/output/probe_00659_spk02.wav,번호는 칠팔사오이일팔이삼공칠육팔일공사입니다.,7845218230768104,,male,spk02,probe_cont_16,probe,1,4.48,16,1,16,sentence,continuous,0.9495087464650472,0.043318282255240675,0.8882477283477783,0.9803008437156677,0.9799776673316956,0.9495087464650472
probe_00660_spk03.wav,/home/hye0n/projects/cnn-based-audio-pii-classification/src/cnn/data_probe/output/probe_00660_spk03.wav,번호는 공구일오칠공일팔사공구사삼오삼삼입니다.,0915701840943533,,female,spk03,probe_cont_16,probe,1,5.68,16,1,16,sentence,continuous,0.9718169967333475,0.021876014656099337,0.9409267902374268,0.9887407422065735,0.9857834577560425,0.9718169967333475
probe_00661_spk04.wav,/home/hye0n/projects/cnn-based-audio-pii-classification/src/cnn/data_probe/output/probe_00661_spk04.wav,번호는 사사팔오칠일사이이사일공구팔팔일입니다.,4485714224109881,,male,spk04,probe_cont_16,probe,1,3.6,16,1,16,sentence,continuous,0.9670299688975016,0.031533710963731094,0.9224367141723633,0.9889476299285889,0.9897055625915527,0.9670299688975016
probe_00662_spk05.wav,/home/hye0n/projects/cnn-based-audio-pii-classification/src/cnn/data_probe/output/probe_00662_spk05.wav,번호는 삼팔오팔오사이사구삼이일사구오팔입니다.,3858542493214958,,female,spk05,probe_cont_16,probe,1,3.92,16,1,16,sentence,continuous,0.9639246265093485,0.012851879805550368,0.9457587003707886,0.9725020527839661,0.973513126373291,0.9639246265093485
probe_00663_spk06.wav,/home/hye0n/projects/cnn-based-audio-pii-classification/src/cnn/data_probe/output/probe_00663_spk06.wav,번호는 칠공이공칠공일육공일육육이구구칠입니다.,7020701601662997,,male,spk06,probe_cont_16,probe,1,4.0,16,1,16,sentence,continuous,0.225673238436381,0.012575362859449137,0.2181369811296463,0.243391752243042,0.21549098193645477,0.225673238436381
probe_00664_spk07.wav,/home/hye0n/projects/cnn-based-audio-pii-classification/src/cnn/data_probe/output/probe_00664_spk07.wav,번호는 구오사오삼팔일칠구이일칠일칠사칠입니다.,9545381792171747,,female,spk07,probe_cont_16,probe,1,4.72,16,1,16,sentence,continuous,0.7772720456123352,0.12598881536730763,0.6103862524032593,0.806662917137146,0.9147669672966003,0.7772720456123352
probe_00665_spk08.wav,/home/hye0n/projects/cnn-based-audio-pii-classification/src/cnn/data_probe/output/probe_00665_spk08.wav,번호는 칠삼삼이구사오육이오오칠칠공일칠입니다.,7332945625577017,,male,spk08,probe_cont_16,probe,1,4.8,16,1,16,sentence,continuous,0.9581188162167867,0.018098210788385645,0.9379785060882568,0.9545107483863831,0.9818671941757202,0.9581188162167867
probe_00666_spk09.wav,/home/hye0n/projects/cnn-based-audio-pii-classification/src/cnn/data_probe/output/probe_00666_spk09.wav,번호는 일오칠칠이사오구구이팔일육일오팔입니다.,1577245992816158,,female,spk09,probe_cont_16,probe,1,4.16,16,1,16,sentence,continuous,0.971475084622701,0.017532634187871342,0.9540473222732544,0.9649149775505066,0.995462954044342,0.971475084622701
probe_00667_spk10.wav,/home/hye0n/projects/cnn-based-audio-pii-classification/src/cnn/data_probe/output/probe_00667_spk10.wav,번호는 일사팔칠육구육삼구삼팔이칠육일오입니다.,1487696393827615,,male,spk10,probe_cont_16,probe,1,4.0,16,1,16,sentence,continuous,0.9239877859751383,0.044635471796967065,0.91139817237854,0.8767138123512268,0.9838513731956482,0.9239877859751383
probe_00668_spk11.wav,/home/hye0n/projects/cnn-based-audio-pii-classification/src/cnn/data_probe/output/probe_00668_spk11.wav,번호는 삼구육육구오팔삼이일구칠일구구칠입니다.,3966958321971997,,female,spk11,probe_cont_16,probe,1,4.48,16,1,16,sentence,continuous,0.9611947536468506,0.014201113608568877,0.9411371946334839,0.9721056818962097,0.9703413844108582,0.9611947536468506
probe_00669_spk12.wav,/home/hye0n/projects/cnn-based-audio-pii-classification/src/cnn/data_probe/output/probe_00669_spk12.wav,번호는 오팔일칠이사육일구일구육오칠공일입니다.,5817246191965701,,male,spk12,probe_cont_16,probe,1,3.92,16,1,16,sentence,continuous,0.9341492454210917,0.009532667997064292,0.9288175106048584,0.9260919094085693,0.9475383162498474,0.9341492454210917
probe_00670_spk13.wav,/home/hye0n/projects/cnn-based-audio-pii-classification/src/cnn/data_probe/output/probe_00670_spk13.wav,번호는 삼이구공이이칠팔사육구구칠삼삼오입니다.,3290227846997335,,male,spk13,probe_cont_16,probe,1,3.92,16,1,16,sentence,continuous,0.8953015009562174,0.06620766199072615,0.8257972002029419,0.8757209181785583,0.9843863844871521,0.8953015009562174
probe_00671_spk14.wav,/home/hye0n/projects/cnn-based-audio-pii-classification/src/cnn/data_probe/output/probe_00671_spk14.wav,번호는 사구사육오일구공구팔육이사공오팔입니다.,4946519098624058,,female,spk14,probe_cont_16,probe,1,4.32,16,1,16,sentence,continuous,0.9438598950703939,0.03606944316795762,0.8964701294898987,0.9512096047401428,0.9838999509811401,0.9438598950703939
probe_00672_spk01.wav,/home/hye0n/projects/cnn-based-audio-pii-classification/src/cnn/data_probe/output/probe_00672_spk01.wav,번호는 공공팔오일사공삼육구육오육육육육입니다.,0085140369656666,,female,spk01,probe_cont_16,probe,1,5.44,16,1,16,sentence,continuous,0.8768233060836792,0.033187646186891316,0.8336368203163147,0.8825003504753113,0.9143327474594116,0.8768233060836792
probe_00673_spk02.wav,/home/hye0n/projects/cnn-based-audio-pii-classification/src/cnn/data_probe/output/probe_00673_spk02.wav,번호는 팔삼이칠이삼팔육오육이사이이공일입니다.,8327238656242201,,male,spk02,probe_cont_16,probe,1,3.92,16,1,16,sentence,continuous,0.8367462952931722,0.13012571364192857,0.6588279008865356,0.9664220213890076,0.8849889636039734,0.8367462952931722
probe_00674_spk03.wav,/home/hye0n/projects/cnn-based-audio-pii-classification/src/cnn/data_probe/output/probe_00674_spk03.wav,번호는 공이칠육이일이육칠구육구이칠팔육입니다.,0276212679692786,,female,spk03,probe_cont_16,probe,1,4.24,16,1,16,sentence,continuous,0.9679609735806783,0.02990399180631336,0.9258136749267578,0.9920474290847778,0.9860218167304993,0.9679609735806783
probe_00675_spk04.wav,/home/hye0n/projects/cnn-based-audio-pii-classification/src/cnn/data_probe/output/probe_00675_spk04.wav,번호는 팔칠육오삼이육구공구칠삼팔사육팔입니다.,8765326909738468,,male,spk04,probe_cont_16,probe,1,5.04,16,1,16,sentence,continuous,0.9734259049097697,0.007818050686776141,0.9642676711082458,0.9833695292472839,0.9726405143737793,0.9734259049097697
probe_00676_spk05.wav,/home/hye0n/projects/cnn-based-audio-pii-classification/src/cnn/data_probe/output/probe_00676_spk05.wav,번호는 구오공공구칠오일구칠일이팔사칠팔입니다.,9500975197128478,,female,spk05,probe_cont_16,probe,1,4.0,16,1,16,sentence,continuous,0.9603504141171774,0.022888199031985915,0.928266704082489,0.9801045656204224,0.9726799726486206,0.9603504141171774
probe_00677_spk06.wav,/home/hye0n/projects/cnn-based-audio-pii-classification/src/cnn/data_probe/output/probe_00677_spk06.wav,번호는 일팔구일삼칠일팔구사구공오팔공칠입니다.,1891371894905807,,male,spk06,probe_cont_16,probe,1,5.36,16,1,16,sentence,continuous,0.32140610615412396,0.05047123174380393,0.37261512875556946,0.3388625383377075,0.25274065136909485,0.32140610615412396
probe_00678_spk07.wav,/home/hye0n/projects/cnn-based-audio-pii-classification/src/cnn/data_probe/output/probe_00678_spk07.wav,번호는 칠팔칠구오육오사사이공구사구사공입니다.,7879565442094940,,female,spk07,probe_cont_16,probe,1,4.16,16,1,16,sentence,continuous,0.9832985599835714,0.013277852400982145,0.9646061658859253,0.9941932559013367,0.9910962581634521,0.9832985599835714
probe_00679_spk08.wav,/home/hye0n/projects/cnn-based-audio-pii-classification/src/cnn/data_probe/output/probe_00679_spk08.wav,번호는 칠구이구공사구공사칠일이팔일사사입니다.,7929049047128144,,male,spk08,probe_cont_16,probe,1,4.16,16,1,16,sentence,continuous,0.9597163995107015,0.029219352722697236,0.9201835989952087,0.9690653085708618,0.9899002909660339,0.9597163995107015
probe_00680_spk09.wav,/home/hye0n/projects/cnn-based-audio-pii-classification/src/cnn/data_probe/output/probe_00680_spk09.wav,번호는 이구사사사공일구이구이칠오이사삼입니다.,2944401929275243,,female,spk09,probe_cont_16,probe,1,3.84,16,1,16,sentence,continuous,0.9355382919311523,0.034262937066060276,0.8885940909385681,0.9486130475997925,0.9694077372550964,0.9355382919311523
probe_00681_spk10.wav,/home/hye0n/projects/cnn-based-audio-pii-classification/src/cnn/data_probe/output/probe_00681_spk10.wav,번호는 칠이팔공오일이구이칠육육삼칠이삼입니다.,7280512927663723,,male,spk10,probe_cont_16,probe,1,3.92,16,1,16,sentence,continuous,0.6687196095784506,0.09530095457445668,0.5814308524131775,0.623431921005249,0.801296055316925,0.6687196095784506
probe_00682_spk11.wav,/home/hye0n/projects/cnn-based-audio-pii-classification/src/cnn/data_probe/output/probe_00682_spk11.wav,번호는 구오공사일공이칠육칠사칠팔삼육육입니다.,9504102767478366,,female,spk11,probe_cont_16,probe,1,5.04,16,1,16,sentence,continuous,0.903012732664744,0.07564870271541822,0.8015958070755005,0.9242246747016907,0.983217716217041,0.903012732664744
probe_00683_spk12.wav,/home/hye0n/projects/cnn-based-audio-pii-classification/src/cnn/data_probe/output/probe_00683_spk12.wav,번호는 칠사이팔육공사칠육오팔공일팔오육입니다.,7428604765801856,,male,spk12,probe_cont_16,probe,1,3.84,16,1,16,sentence,continuous,0.9762216806411743,0.013309350338331513,0.9582735896110535,0.9802857637405396,0.9901056885719299,0.9762216806411743
probe_00684_spk13.wav,/home/hye0n/projects/cnn-based-audio-pii-classification/src/cnn/data_probe/output/probe_00684_spk13.wav,번호는 구사오사사일사구육칠삼구삼팔오이입니다.,9454414967393852,,male,spk13,probe_cont_16,probe,1,4.16,16,1,16,sentence,continuous,0.34449366728464764,0.12121217417071857,0.20629307627677917,0.32576438784599304,0.5014235377311707,0.34449366728464764
probe_00685_spk14.wav,/home/hye0n/projects/cnn-based-audio-pii-classification/src/cnn/data_probe/output/probe_00685_spk14.wav,번호는 오팔공공일공육일팔일칠오삼사사삼입니다.,5800106181753443,,female,spk14,probe_cont_16,probe,1,4.96,16,1,16,sentence,continuous,0.6054386496543884,0.09451188836874914,0.5362439155578613,0.7390704154968262,0.5410016179084778,0.6054386496543884
probe_00686_spk01.wav,/home/hye0n/projects/cnn-based-audio-pii-classification/src/cnn/data_probe/output/probe_00686_spk01.wav,번호는 공공구일공구삼구일일일구이육구이입니다.,0091093911192692,,female,spk01,probe_cont_16,probe,1,4.56,16,1,16,sentence,continuous,0.9721977313359579,0.023369653902242687,0.9391570687294006,0.9893866777420044,0.9880494475364685,0.9721977313359579
probe_00687_spk02.wav,/home/hye0n/projects/cnn-based-audio-pii-classification/src/cnn/data_probe/output/probe_00687_spk02.wav,번호는 일이사사칠일칠사육오사이일사공육입니다.,1244717465421406,,male,spk02,probe_cont_16,probe,1,4.32,16,1,16,sentence,continuous,0.9689041376113892,0.03456013849606875,0.9200325012207031,0.9928135275840759,0.9938663840293884,0.9689041376113892
probe_00688_spk03.wav,/home/hye0n/projects/cnn-based-audio-pii-classification/src/cnn/data_probe/output/probe_00688_spk03.wav,번호는 육오공사사이칠일칠삼구육이칠일이입니다.,6504427173962712,,female,spk03,probe_cont_16,probe,1,4.16,16,1,16,sentence,continuous,0.9614123900731405,0.01974582621676936,0.9343734979629517,0.9809750318527222,0.9688886404037476,0.9614123900731405
probe_00689_spk04.wav,/home/hye0n/projects/cnn-based-audio-pii-classification/src/cnn/data_probe/output/probe_00689_spk04.wav,번호는 팔육삼구일칠사일공일일구사칠공칠입니다.,8639174101194707,,male,spk04,probe_cont_16,probe,1,4.16,16,1,16,sentence,continuous,0.9769290685653687,0.026301560579070574,0.9397504329681396,0.9965032339096069,0.9945335388183594,0.9769290685653687
probe_00690_spk05.wav,/home/hye0n/projects/cnn-based-audio-pii-classification/src/cnn/data_probe/output/probe_00690_spk05.wav,번호는 이공공육사이오육구공팔칠칠육육일입니다.,2006425690877661,,female,spk05,probe_cont_16,probe,1,5.2,16,1,16,sentence,continuous,0.938389798005422,0.03367196355153672,0.8913441300392151,0.9682946801185608,0.95553058385849,0.938389798005422
probe_00691_spk06.wav,/home/hye0n/projects/cnn-based-audio-pii-classification/src/cnn/data_probe/output/probe_00691_spk06.wav,번호는 팔삼공육칠일구팔오오사육공일오팔입니다.,8306719855460158,,male,spk06,probe_cont_16,probe,1,4.08,16,1,16,sentence,continuous,0.9619969725608826,0.019494084133732634,0.9345254898071289,0.9777370095252991,0.9737284183502197,0.9619969725608826
probe_00692_spk07.wav,/home/hye0n/projects/cnn-based-audio-pii-classification/src/cnn/data_probe/output/probe_00692_spk07.wav,번호는 오일칠사삼이팔공육삼사육일오칠일입니다.,5174328063461571,,female,spk07,probe_cont_16,probe,1,4.48,16,1,16,sentence,continuous,0.9787222941716512,0.016548811163605518,0.9553582072257996,0.9892277717590332,0.9915809035301208,0.9787222941716512
probe_00693_spk08.wav,/home/hye0n/projects/cnn-based-audio-pii-classification/src/cnn/data_probe/output/probe_00693_spk08.wav,번호는 칠삼이공삼공구삼칠육일팔사칠팔칠입니다.,7320309376184787,,male,spk08,probe_cont_16,probe,1,4.88,16,1,16,sentence,continuous,0.9647946159044901,0.02624492652162789,0.9276997447013855,0.9844247102737427,0.9822593927383423,0.9647946159044901
probe_00694_spk09.wav,/home/hye0n/projects/cnn-based-audio-pii-classification/src/cnn/data_probe/output/probe_00694_spk09.wav,번호는 공공오공오공육일삼팔칠팔이구삼일입니다.,0050506138782931,,female,spk09,probe_cont_16,probe,1,4.8,16,1,16,sentence,continuous,0.761909564336141,0.14258343758009615,0.5637996196746826,0.8284162282943726,0.8935128450393677,0.761909564336141
probe_00695_spk10.wav,/home/hye0n/projects/cnn-based-audio-pii-classification/src/cnn/data_probe/output/probe_00695_spk10.wav,번호는 공이칠공칠구공삼이공이공사일칠구입니다.,0270790320204179,,male,spk10,probe_cont_16,probe,1,4.0,16,1,16,sentence,continuous,0.9542658527692159,0.04047240905843359,0.8971554636955261,0.9795306921005249,0.9861114025115967,0.9542658527692159
probe_00696_spk11.wav,/home/hye0n/projects/cnn-based-audio-pii-classification/src/cnn/data_probe/output/probe_00696_spk11.wav,번호는 이구일일일칠구구삼일삼육오육오일입니다.,2911179931365651,,female,spk11,probe_cont_16,probe,1,5.36,16,1,16,sentence,continuous,0.9710706472396851,0.028267743635274296,0.9311239123344421,0.9897054433822632,0.9923825860023499,0.9710706472396851
probe_00697_spk12.wav,/home/hye0n/projects/cnn-based-audio-pii-classification/src/cnn/data_probe/output/probe_00697_spk12.wav,번호는 구팔이오삼공구이오일일사이육이오입니다.,9825309251142625,,male,spk12,probe_cont_16,probe,1,3.52,16,1,16,sentence,continuous,0.5068638126055399,0.0746948316332136,0.4034748673439026,0.5397960543632507,0.5773205161094666,0.5068638126055399
probe_00698_spk13.wav,/home/hye0n/projects/cnn-based-audio-pii-classification/src/cnn/data_probe/output/probe_00698_spk13.wav,번호는 팔이칠삼구공이일구육이공칠일공공입니다.,8273902196207100,,male,spk13,probe_cont_16,probe,1,3.76,16,1,16,sentence,continuous,0.42958879470825195,0.12364398147161346,0.3215582072734833,0.3645293414592743,0.6026788353919983,0.42958879470825195
probe_00699_spk14.wav,/home/hye0n/projects/cnn-based-audio-pii-classification/src/cnn/data_probe/output/probe_00699_spk14.wav,번호는 이일구사육칠이삼이사팔칠육삼이구입니다.,2194672324876329,,female,spk14,probe_cont_16,probe,1,4.64,16,1,16,sentence,continuous,0.9671682318051656,0.01273902389871326,0.9501630663871765,0.9705188870429993,0.980822741985321,0.9671682318051656
probe_00700_spk01.wav,/home/hye0n/projects/cnn-based-audio-pii-classification/src/cnn/data_probe/output/probe_00700_spk01.wav,번호는 공구이칠 구일사오입니다.,0927-9145,,female,spk01,probe_grp4x2,probe,1,2.96,8,2,4,sentence,grouped4,0.03886628399292628,0.015867147814744794,0.04954003170132637,0.016435466706752777,0.05062335357069969,0.03886628399292628
probe_00701_spk02.wav,/home/hye0n/projects/cnn-based-audio-pii-classification/src/cnn/data_probe/output/probe_00701_spk02.wav,번호는 육공팔삼 삼일팔일입니다.,6083-3181,,male,spk02,probe_grp4x2,probe,1,3.6,8,2,4,sentence,grouped4,0.04277500013510386,0.015100258806591467,0.06074616312980652,0.0437796488404274,0.023799188435077667,0.04277500013510386
probe_00702_spk03.wav,/home/hye0n/projects/cnn-based-audio-pii-classification/src/cnn/data_probe/output/probe_00702_spk03.wav,번호는 구오팔팔 삼칠삼사입니다.,9588-3734,,female,spk03,probe_grp4x2,probe,1,3.44,8,2,4,sentence,grouped4,0.38595996300379437,0.142817387376778,0.18400490283966064,0.4893508851528168,0.48452410101890564,0.38595996300379437
probe_00703_spk04.wav,/home/hye0n/projects/cnn-based-audio-pii-classification/src/cnn/data_probe/output/probe_00703_spk04.wav,번호는 공삼일이 칠칠이이입니다.,0312-7722,,male,spk04,probe_grp4x2,probe,1,2.72,8,2,4,sentence,grouped4,0.08304498593012492,0.04624173394398535,0.052306100726127625,0.14840230345726013,0.048426553606987,0.08304498593012492
probe_00704_spk05.wav,/home/hye0n/projects/cnn-based-audio-pii-classification/src/cnn/data_probe/output/probe_00704_spk05.wav,번호는 공공오사 삼육사오입니다.,0054-3645,,female,spk05,probe_grp4x2,probe,1,2.48,8,2,4,sentence,grouped4,0.03892991443475088,0.008840069435616845,0.04868942126631737,0.02728375419974327,0.040816567838191986,0.03892991443475088
probe_00705_spk06.wav,/home/hye0n/projects/cnn-based-audio-pii-classification/src/cnn/data_probe/output/probe_00705_spk06.wav,번호는 구칠공일 공팔이이입니다.,9701-0822,,male,spk06,probe_grp4x2,probe,1,2.88,8,2,4,sentence,grouped4,0.010072702076286077,0.0031907779671905088,0.010946260765194893,0.005801960360258818,0.013469885103404522,0.010072702076286077
probe_00706_spk07.wav,/home/hye0n/projects/cnn-based-audio-pii-classification/src/cnn/data_probe/output/probe_00706_spk07.wav,번호는 공칠팔일 일삼칠구입니다.,0781-1379,,female,spk07,probe_grp4x2,probe,1,3.04,8,2,4,sentence,grouped4,0.21840346356232962,0.1051001538606394,0.2824179530143738,0.07022534310817719,0.30256709456443787,0.21840346356232962
probe_00707_spk08.wav,/home/hye0n/projects/cnn-based-audio-pii-classification/src/cnn/data_probe/output/probe_00707_spk08.wav,번호는 구오육삼 오삼일오입니다.,9563-5315,,male,spk08,probe_grp4x2,probe,1,2.64,8,2,4,sentence,grouped4,0.048927495876948036,0.02784336178342855,0.08688315749168396,0.020871944725513458,0.0390273854136467,0.048927495876948036
probe_00708_spk09.wav,/home/hye0n/projects/cnn-based-audio-pii-classification/src/cnn/data_probe/output/probe_00708_spk09.wav,번호는 삼일삼육 삼육삼일입니다.,3136-3631,,female,spk09,probe_grp4x2,probe,1,3.28,8,2,4,sentence,grouped4,0.13049414878090224,0.10335448157059444,0.05496826767921448,0.059882257133722305,0.2766319215297699,0.13049414878090224
probe_00709_spk10.wav,/home/hye0n/projects/cnn-based-audio-pii-classification/src/cnn/data_probe/output/probe_00709_spk10.wav,번호는 칠구칠공 육이삼구입니다.,7970-6239,,male,spk10,probe_grp4x2,probe,1,3.04,8,2,4,sentence,grouped4,0.007804695361604293,0.00201707570065866,0.009524433873593807,0.004973845090717077,0.008915807120501995,0.007804695361604293
probe_00710_spk11.wav,/home/hye0n/projects/cnn-based-audio-pii-classification/src/cnn/data_probe/output/probe_00710_spk11.wav,번호는 칠이육오 이칠삼오입니다.,7265-2735,,female,spk11,probe_grp4x2,probe,1,3.04,8,2,4,sentence,grouped4,0.34543760120868683,0.16418130800396086,0.11646433174610138,0.42658230662345886,0.49326616525650024,0.34543760120868683
probe_00711_spk12.wav,/home/hye0n/projects/cnn-based-audio-pii-classification/src/cnn/data_probe/output/probe_00711_spk12.wav,번호는 사삼오이 공구공사입니다.,4352-0904,,male,spk12,probe_grp4x2,probe,1,2.16,8,2,4,sentence,grouped4,0.015152442889908949,0.005895110655922747,0.01562989316880703,0.007705560885369778,0.02212187461555004,0.015152442889908949
probe_00712_spk13.wav,/home/hye0n/projects/cnn-based-audio-pii-classification/src/cnn/data_probe/output/probe_00712_spk13.wav,번호는 이일칠칠 육이오삼입니다.,2177-6253,,male,spk13,probe_grp4x2,probe,1,2.32,8,2,4,sentence,grouped4,0.014638139866292477,0.004516200644640578,0.012993200682103634,0.010116010904312134,0.020805208012461662,0.014638139866292477
probe_00713_spk14.wav,/home/hye0n/projects/cnn-based-audio-pii-classification/src/cnn/data_probe/output/probe_00713_spk14.wav,번호는 사구이구 이구팔삼입니다.,4929-2983,,female,spk14,probe_grp4x2,probe,1,2.48,8,2,4,sentence,grouped4,0.02293932142977913,0.015962261011250745,0.04493095725774765,0.007531403098255396,0.01635560393333435,0.02293932142977913
probe_00714_spk01.wav,/home/hye0n/projects/cnn-based-audio-pii-classification/src/cnn/data_probe/output/probe_00714_spk01.wav,번호는 일육팔칠 삼구칠칠입니다.,1687-3977,,female,spk01,probe_grp4x2,probe,1,2.88,8,2,4,sentence,grouped4,0.033871278166770935,0.01000201080308606,0.040393829345703125,0.01974020153284073,0.04147980362176895,0.033871278166770935
probe_00715_spk02.wav,/home/hye0n/projects/cnn-based-audio-pii-classification/src/cnn/data_probe/output/probe_00715_spk02.wav,번호는 사공육삼 삼오육구입니다.,4063-3569,,male,spk02,probe_grp4x2,probe,1,3.92,8,2,4,sentence,grouped4,0.20073525607585907,0.09821405487283826,0.08573338389396667,0.1907830387353897,0.3256893455982208,0.20073525607585907
probe_00716_spk03.wav,/home/hye0n/projects/cnn-based-audio-pii-classification/src/cnn/data_probe/output/probe_00716_spk03.wav,번호는 삼구이구 공육공공입니다.,3929-0600,,female,spk03,probe_grp4x2,probe,1,3.12,8,2,4,sentence,grouped4,0.04167952388525009,0.009691577903872506,0.0470576249063015,0.02807273343205452,0.04990821331739426,0.04167952388525009
probe_00717_spk04.wav,/home/hye0n/projects/cnn-based-audio-pii-classification/src/cnn/data_probe/output/probe_00717_spk04.wav,번호는 칠팔공육 팔육칠일입니다.,7806-8671,,male,spk04,probe_grp4x2,probe,1,2.8,8,2,4,sentence,grouped4,0.17846433569987616,0.11178290150584731,0.13643182814121246,0.06750302761793137,0.3314581513404846,0.17846433569987616
probe_00718_spk05.wav,/home/hye0n/projects/cnn-based-audio-pii-classification/src/cnn/data_probe/output/probe_00718_spk05.wav,번호는 칠칠삼일 팔공육삼입니다.,7731-8063,,female,spk05,probe_grp4x2,probe,1,2.88,8,2,4,sentence,grouped4,0.038588301899532475,0.020503529341913997,0.03637510910630226,0.014656559564173222,0.06473323702812195,0.038588301899532475
probe_00719_spk06.wav,/home/hye0n/projects/cnn-based-audio-pii-classification/src/cnn/data_probe/output/probe_00719_spk06.wav,번호는 이오사삼 일공칠사입니다.,2543-1074,,male,spk06,probe_grp4x2,probe,1,2.56,8,2,4,sentence,grouped4,0.02383105767269929,0.0053513926487030366,0.019135193899273872,0.021039169281721115,0.03131880983710289,0.02383105767269929
probe_00720_spk07.wav,/home/hye0n/projects/cnn-based-audio-pii-classification/src/cnn/data_probe/output/probe_00720_spk07.wav,번호는 이칠구구 공칠칠이입니다.,2799-0772,,female,spk07,probe_grp4x2,probe,1,2.56,8,2,4,sentence,grouped4,0.02692379554112752,0.002854467651648171,0.029628057032823563,0.02297605201601982,0.028167277574539185,0.02692379554112752
probe_00721_spk08.wav,/home/hye0n/projects/cnn-based-audio-pii-classification/src/cnn/data_probe/output/probe_00721_spk08.wav,번호는 육이오칠 공일육오입니다.,6257-0165,,male,spk08,probe_grp4x2,probe,1,2.72,8,2,4,sentence,grouped4,0.08419178426265717,0.03705180620390648,0.13651275634765625,0.060509487986564636,0.05555310845375061,0.08419178426265717
probe_00722_spk09.wav,/home/hye0n/projects/cnn-based-audio-pii-classification/src/cnn/data_probe/output/probe_00722_spk09.wav,번호는 팔공사육 사구팔구입니다.,8046-4989,,female,spk09,probe_grp4x2,probe,1,3.36,8,2,4,sentence,grouped4,0.033149475852648415,0.019771037887069926,0.021225757896900177,0.017209060490131378,0.061013609170913696,0.033149475852648415
probe_00723_spk10.wav,/home/hye0n/projects/cnn-based-audio-pii-classification/src/cnn/data_probe/output/probe_00723_spk10.wav,번호는 삼일구오 공팔오공입니다.,3195-0850,,male,spk10,probe_grp4x2,probe,1,2.4,8,2,4,sentence,grouped4,0.014551015881200632,0.0038324982644472303,0.018718333914875984,0.00946616381406784,0.01546854991465807,0.014551015881200632
probe_00724_spk11.wav,/home/hye0n/projects/cnn-based-audio-pii-classification/src/cnn/data_probe/output/probe_00724_spk11.wav,번호는 일육오칠 구공오오입니다.,1657-9055,,female,spk11,probe_grp4x2,probe,1,3.84,8,2,4,sentence,grouped4,0.09125160425901413,0.031250131160663455,0.10982063412666321,0.047235988080501556,0.11669819056987762,0.09125160425901413
probe_00725_spk12.wav,/home/hye0n/projects/cnn-based-audio-pii-classification/src/cnn/data_probe/output/probe_00725_spk12.wav,번호는 이팔일팔 삼이오삼입니다.,2818-3253,,male,spk12,probe_grp4x2,probe,1,3.2,8,2,4,sentence,grouped4,0.06969764207800229,0.030442575213594746,0.10815125703811646,0.03370434418320656,0.06723732501268387,0.06969764207800229
probe_00726_spk13.wav,/home/hye0n/projects/cnn-based-audio-pii-classification/src/cnn/data_probe/output/probe_00726_spk13.wav,번호는 팔일칠구 삼삼오오입니다.,8179-3355,,male,spk13,probe_grp4x2,probe,1,2.48,8,2,4,sentence,grouped4,0.015112142078578472,0.0058711534894606105,0.014705602079629898,0.008133371360599995,0.022497452795505524,0.015112142078578472
probe_00727_spk14.wav,/home/hye0n/projects/cnn-based-audio-pii-classification/src/cnn/data_probe/output/probe_00727_spk14.wav,번호는 사팔육사 공일오오입니다.,4864-0155,,female,spk14,probe_grp4x2,probe,1,2.96,8,2,4,sentence,grouped4,0.10085958242416382,0.0487982110822071,0.061600297689437866,0.07133711874485016,0.16964133083820343,0.10085958242416382
probe_00728_spk01.wav,/home/hye0n/projects/cnn-based-audio-pii-classification/src/cnn/data_probe/output/probe_00728_spk01.wav,번호는 칠칠팔팔 일칠팔팔입니다.,7788-1788,,female,spk01,probe_grp4x2,probe,1,3.36,8,2,4,sentence,grouped4,0.11038563897212346,0.04007570663365184,0.15103241801261902,0.05585738271474838,0.12426711618900299,0.11038563897212346
probe_00729_spk02.wav,/home/hye0n/projects/cnn-based-audio-pii-classification/src/cnn/data_probe/output/probe_00729_spk02.wav,번호는 사칠구오 일삼칠일입니다.,4795-1371,,male,spk02,probe_grp4x2,probe,1,2.72,8,2,4,sentence,grouped4,0.02098941740890344,0.005410672165473089,0.014043211936950684,0.021683000028133392,0.027242040261626244,0.02098941740890344
probe_00730_spk03.wav,/home/hye0n/projects/cnn-based-audio-pii-classification/src/cnn/data_probe/output/probe_00730_spk03.wav,번호는 일육이사 일일이사입니다.,1624-1124,,female,spk03,probe_grp4x2,probe,1,2.88,8,2,4,sentence,grouped4,0.08063602695862453,0.017451017954384064,0.10099348425865173,0.08253982663154602,0.05837476998567581,0.08063602695862453
probe_00731_spk04.wav,/home/hye0n/projects/cnn-based-audio-pii-classification/src/cnn/data_probe/output/probe_00731_spk04.wav,번호는 일이칠이 삼팔공사입니다.,1272-3804,,male,spk04,probe_grp4x2,probe,1,2.64,8,2,4,sentence,grouped4,0.01486468439300855,0.004749996561724015,0.014292933978140354,0.00935413595288992,0.020946983247995377,0.01486468439300855
probe_00732_spk05.wav,/home/hye0n/projects/cnn-based-audio-pii-classification/src/cnn/data_probe/output/probe_00732_spk05.wav,번호는 육팔이칠 오육칠공입니다.,6827-5670,,female,spk05,probe_grp4x2,probe,1,3.44,8,2,4,sentence,grouped4,0.2924920320510864,0.12050873545892371,0.12656530737876892,0.3417689800262451,0.40914180874824524,0.2924920320510864
probe_00733_spk06.wav,/home/hye0n/projects/cnn-based-audio-pii-classification/src/cnn/data_probe/output/probe_00733_spk06.wav,번호는 사삼일공 삼팔오육입니다.,4310-3856,,male,spk06,probe_grp4x2,probe,1,2.8,8,2,4,sentence,grouped4,0.024028022463123005,0.007956638191464149,0.025670606642961502,0.013566264882683754,0.032847195863723755,0.024028022463123005
probe_00734_spk07.wav,/home/hye0n/projects/cnn-based-audio-pii-classification/src/cnn/data_probe/output/probe_00734_spk07.wav,번호는 구오오칠 구팔팔칠입니다.,9557-9887,,female,spk07,probe_grp4x2,probe,1,3.36,8,2,4,sentence,grouped4,0.10465241968631744,0.01541065391162847,0.08296481519937515,0.1136339008808136,0.11735854297876358,0.10465241968631744
probe_00735_spk08.wav,/home/hye0n/projects/cnn-based-audio-pii-classification/src/cnn/data_probe/output/probe_00735_spk08.wav,번호는 칠사구이 사이사삼입니다.,7492-4243,,male,spk08,probe_grp4x2,probe,1,2.64,8,2,4,sentence,grouped4,0.04800000041723251,0.010793745102000974,0.03780870884656906,0.04325386881828308,0.0629374235868454,0.04800000041723251
probe_00736_spk09.wav,/home/hye0n/projects/cnn-based-audio-pii-classification/src/cnn/data_probe/output/probe_00736_spk09.wav,번호는 칠오사공 이오사칠입니다.,7540-2547,,female,spk09,probe_grp4x2,probe,1,2.48,8,2,4,sentence,grouped4,0.015541342707971731,0.0028553108972838677,0.019419772550463676,0.012628712691366673,0.014575542882084846,0.015541342707971731
probe_00737_spk10.wav,/home/hye0n/projects/cnn-based-audio-pii-classification/src/cnn/data_probe/output/probe_00737_spk10.wav,번호는 이구이팔 사이이이입니다.,2928-4222,,male,spk10,probe_grp4x2,probe,1,2.48,8,2,4,sentence,grouped4,0.013562963188936314,0.005144716185190806,0.013327309861779213,0.007383130956441164,0.019978448748588562,0.013562963188936314
probe_00738_spk11.wav,/home/hye0n/projects/cnn-based-audio-pii-classification/src/cnn/data_probe/output/probe_00738_spk11.wav,번호는 이삼일공 오구이칠입니다.,2310-5927,,female,spk11,probe_grp4x2,probe,1,2.64,8,2,4,sentence,grouped4,0.042860861867666245,0.006774280561576745,0.034595053642988205,0.042799290269613266,0.05118824169039726,0.042860861867666245
probe_00739_spk12.wav,/home/hye0n/projects/cnn-based-audio-pii-classification/src/cnn/data_probe/output/probe_00739_spk12.wav,번호는 사오이삼 팔공오오입니다.,4523-8055,,male,spk12,probe_grp4x2,probe,1,2.96,8,2,4,sentence,grouped4,0.009186618650952974,0.0031847376040799874,0.011658021248877048,0.004690095782279968,0.011211738921701908,0.009186618650952974
probe_00740_spk13.wav,/home/hye0n/projects/cnn-based-audio-pii-classification/src/cnn/data_probe/output/probe_00740_spk13.wav,번호는 이오칠팔 이팔사일입니다.,2578-2841,,male,spk13,probe_grp4x2,probe,1,2.4,8,2,4,sentence,grouped4,0.01934333983808756,0.013174843194693853,0.013742437586188316,0.006754276342689991,0.03753330558538437,0.01934333983808756
probe_00741_spk14.wav,/home/hye0n/projects/cnn-based-audio-pii-classification/src/cnn/data_probe/output/probe_00741_spk14.wav,번호는 공육칠이 칠오이공입니다.,0672-7520,,female,spk14,probe_grp4x2,probe,1,2.96,8,2,4,sentence,grouped4,0.15786590427160263,0.0968979058964824,0.10794425755739212,0.07230669260025024,0.2933467626571655,0.15786590427160263
probe_00742_spk01.wav,/home/hye0n/projects/cnn-based-audio-pii-classification/src/cnn/data_probe/output/probe_00742_spk01.wav,번호는 팔팔오사 칠사구이입니다.,8854-7492,,female,spk01,probe_grp4x2,probe,1,2.8,8,2,4,sentence,grouped4,0.020589034693936508,0.005683034379638349,0.02418292686343193,0.01256647426635027,0.02501770295202732,0.020589034693936508
probe_00743_spk02.wav,/home/hye0n/projects/cnn-based-audio-pii-classification/src/cnn/data_probe/output/probe_00743_spk02.wav,번호는 구칠오일 칠공이팔입니다.,9751-7028,,male,spk02,probe_grp4x2,probe,1,2.48,8,2,4,sentence,grouped4,0.019996296614408493,0.005915846033098524,0.019929595291614532,0.012784475460648537,0.02727481909096241,0.019996296614408493
probe_00744_spk03.wav,/home/hye0n/projects/cnn-based-audio-pii-classification/src/cnn/data_probe/output/probe_00744_spk03.wav,번호는 일사공육 구삼칠오입니다.,1406-9375,,female,spk03,probe_grp4x2,probe,1,3.04,8,2,4,sentence,grouped4,0.08282133067647617,0.041445922544466544,0.13005542755126953,0.029148470610380173,0.08926009386777878,0.08282133067647617
probe_00745_spk04.wav,/home/hye0n/projects/cnn-based-audio-pii-classification/src/cnn/data_probe/output/probe_00745_spk04.wav,번호는 일오공구 삼구팔삼입니다.,1509-3983,,male,spk04,probe_grp4x2,probe,1,3.04,8,2,4,sentence,grouped4,0.07836907356977463,0.01907726765101088,0.10237589478492737,0.07702716439962387,0.055704161524772644,0.07836907356977463
probe_00746_spk05.wav,/home/hye0n/projects/cnn-based-audio-pii-classification/src/cnn/data_probe/output/probe_00746_spk05.wav,번호는 사삼공일 팔칠일팔입니다.,4301-8718,,female,spk05,probe_grp4x2,probe,1,3.04,8,2,4,sentence,grouped4,0.32311152915159863,0.1334365964968362,0.26709455251693726,0.19506053626537323,0.5071794986724854,0.32311152915159863
probe_00747_spk06.wav,/home/hye0n/projects/cnn-based-audio-pii-classification/src/cnn/data_probe/output/probe_00747_spk06.wav,번호는 육삼칠오 구구팔공입니다.,6375-9980,,male,spk06,probe_grp4x2,probe,1,2.32,8,2,4,sentence,grouped4,0.00630661907295386,0.00198114348451508,0.008566576056182384,0.0037424718029797077,0.006610809359699488,0.00630661907295386
probe_00748_spk07.wav,/home/hye0n/projects/cnn-based-audio-pii-classification/src/cnn/data_probe/output/probe_00748_spk07.wav,번호는 오육이육 오육오공입니다.,5626-5650,,female,spk07,probe_grp4x2,probe,1,2.96,8,2,4,sentence,grouped4,0.12046217297514279,0.06299210225127462,0.12194953858852386,0.04257998988032341,0.19685699045658112,0.12046217297514279
probe_00749_spk08.wav,/home/hye0n/projects/cnn-based-audio-pii-classification/src/cnn/data_probe/output/probe_00749_spk08.wav,번호는 사오오사 칠팔일삼입니다.,4554-7813,,male,spk08,probe_grp4x2,probe,1,2.4,8,2,4,sentence,grouped4,0.0627326996376117,0.03135529536803898,0.08017216622829437,0.01870531029999256,0.08932062238454819,0.0627326996376117
probe_00750_spk09.wav,/home/hye0n/projects/cnn-based-audio-pii-classification/src/cnn/data_probe/output/probe_00750_spk09.wav,번호는 칠육칠사 이육육이입니다.,7674-2662,,female,spk09,probe_grp4x2,probe,1,2.64,8,2,4,sentence,grouped4,0.017009939067065716,0.007882608118142046,0.02686864510178566,0.007574179209768772,0.016586992889642715,0.017009939067065716
probe_00751_spk10.wav,/home/hye0n/projects/cnn-based-audio-pii-classification/src/cnn/data_probe/output/probe_00751_spk10.wav,번호는 구구일이 삼사칠팔입니다.,9912-3478,,male,spk10,probe_grp4x2,probe,1,2.4,8,2,4,sentence,grouped4,0.009868539248903593,0.0024820572575499802,0.012107301503419876,0.006407818756997585,0.011090497486293316,0.009868539248903593
probe_00752_spk11.wav,/home/hye0n/projects/cnn-based-audio-pii-classification/src/cnn/data_probe/output/probe_00752_spk11.wav,번호는 오일구육 일공육사입니다.,5196-1064,,female,spk11,probe_grp4x2,probe,1,3.36,8,2,4,sentence,grouped4,0.23631655424833298,0.10287004252131957,0.11060488969087601,0.36258217692375183,0.2357625961303711,0.23631655424833298
probe_00753_spk12.wav,/home/hye0n/projects/cnn-based-audio-pii-classification/src/cnn/data_probe/output/probe_00753_spk12.wav,번호는 육이팔칠 구이삼이입니다.,6287-9232,,male,spk12,probe_grp4x2,probe,1,2.16,8,2,4,sentence,grouped4,0.009417311754077673,0.0029771062316190575,0.011324137449264526,0.005213090684264898,0.011714707128703594,0.009417311754077673
probe_00754_spk13.wav,/home/hye0n/projects/cnn-based-audio-pii-classification/src/cnn/data_probe/output/probe_00754_spk13.wav,번호는 육사팔칠 공사구사입니다.,6487-0494,,male,spk13,probe_grp4x2,probe,1,2.96,8,2,4,sentence,grouped4,0.012386514494816462,0.0026134227961153956,0.014019067399203777,0.008698645047843456,0.014441831037402153,0.012386514494816462
probe_00755_spk14.wav,/home/hye0n/projects/cnn-based-audio-pii-classification/src/cnn/data_probe/output/probe_00755_spk14.wav,번호는 칠팔칠삼 공공이사입니다.,7873-0024,,female,spk14,probe_grp4x2,probe,1,2.96,8,2,4,sentence,grouped4,0.014548875701924166,0.00786645223255385,0.024859771132469177,0.005776014178991318,0.013010841794312,0.014548875701924166
probe_00756_spk01.wav,/home/hye0n/projects/cnn-based-audio-pii-classification/src/cnn/data_probe/output/probe_00756_spk01.wav,번호는 사칠일사 육이칠삼입니다.,4714-6273,,female,spk01,probe_grp4x2,probe,1,3.52,8,2,4,sentence,grouped4,0.19047415753205618,0.026463024628379364,0.17466847598552704,0.16899889707565308,0.2277550995349884,0.19047415753205618
probe_00757_spk02.wav,/home/hye0n/projects/cnn-based-audio-pii-classification/src/cnn/data_probe/output/probe_00757_spk02.wav,번호는 공일사칠 일구오구입니다.,0147-1959,,male,spk02,probe_grp4x2,probe,1,2.72,8,2,4,sentence,grouped4,0.11711183190345764,0.05708746142153741,0.036462366580963135,0.1542404443025589,0.1606326848268509,0.11711183190345764
probe_00758_spk03.wav,/home/hye0n/projects/cnn-based-audio-pii-classification/src/cnn/data_probe/output/probe_00758_spk03.wav,번호는 칠구육사 칠일오팔입니다.,7964-7158,,female,spk03,probe_grp4x2,probe,1,2.8,8,2,4,sentence,grouped4,0.03076176376392444,0.013565622653133269,0.03917481750249863,0.011623573489487171,0.04148690029978752,0.03076176376392444
probe_00759_spk04.wav,/home/hye0n/projects/cnn-based-audio-pii-classification/src/cnn/data_probe/output/probe_00759_spk04.wav,번호는 구공사이 구공이오입니다.,9042-9025,,male,spk04,probe_grp4x2,probe,1,2.24,8,2,4,sentence,grouped4,0.011208860048403343,0.0043252122171750125,0.014492707327008247,0.005097769666463137,0.014036103151738644,0.011208860048403343
probe_00760_spk05.wav,/home/hye0n/projects/cnn-based-audio-pii-classification/src/cnn/data_probe/output/probe_00760_spk05.wav,번호는 칠이오이 공사오육입니다.,7252-0456,,female,spk05,probe_grp4x2,probe,1,2.56,8,2,4,sentence,grouped4,0.0915273701151212,0.04082853678522928,0.05821865797042847,0.06733626872301102,0.14902718365192413,0.0915273701151212
probe_00761_spk06.wav,/home/hye0n/projects/cnn-based-audio-pii-classification/src/cnn/data_probe/output/probe_00761_spk06.wav,번호는 오공사사 팔일팔삼입니다.,5044-8183,,male,spk06,probe_grp4x2,probe,1,2.72,8,2,4,sentence,grouped4,0.04879249632358551,0.03438854320798138,0.021431291475892067,0.027653833851218224,0.09729236364364624,0.04879249632358551
probe_00762_spk07.wav,/home/hye0n/projects/cnn-based-audio-pii-classification/src/cnn/data_probe/output/probe_00762_spk07.wav,번호는 이일구이 팔오오사입니다.,2192-8554,,female,spk07,probe_grp4x2,probe,1,2.16,8,2,4,sentence,grouped4,0.0212010998899738,0.00779501241425341,0.02916071191430092,0.010616238228976727,0.023826349526643753,0.0212010998899738
probe_00763_spk08.wav,/home/hye0n/projects/cnn-based-audio-pii-classification/src/cnn/data_probe/output/probe_00763_spk08.wav,번호는 사오일팔 구오이공입니다.,4518-9520,,male,spk08,probe_grp4x2,probe,1,2.88,8,2,4,sentence,grouped4,0.40399932364622754,0.24747430450909422,0.17137812077999115,0.7467626333236694,0.293857216835022,0.40399932364622754
probe_00764_spk09.wav,/home/hye0n/projects/cnn-based-audio-pii-classification/src/cnn/data_probe/output/probe_00764_spk09.wav,번호는 이팔사오 칠육오이입니다.,2845-7652,,female,spk09,probe_grp4x2,probe,1,2.88,8,2,4,sentence,grouped4,0.0206061489880085,0.007055947675086155,0.027458878234028816,0.010898090898990631,0.02346147783100605,0.0206061489880085
probe_00765_spk10.wav,/home/hye0n/projects/cnn-based-audio-pii-classification/src/cnn/data_probe/output/probe_00765_spk10.wav,번호는 일삼이팔 삼삼팔구입니다.,1328-3389,,male,spk10,probe_grp4x2,probe,1,2.88,8,2,4,sentence,grouped4,0.008320970150331656,0.002532158713638531,0.010453023947775364,0.004763256758451462,0.009746629744768143,0.008320970150331656
probe_00766_spk11.wav,/home/hye0n/projects/cnn-based-audio-pii-classification/src/cnn/data_probe/output/probe_00766_spk11.wav,번호는 팔팔팔일 육칠일일입니다.,8881-6711,,female,spk11,probe_grp4x2,probe,1,3.76,8,2,4,sentence,grouped4,0.22299967209498087,0.08558406033668922,0.15228500962257385,0.3434247672557831,0.1732892394065857,0.22299967209498087
probe_00767_spk12.wav,/home/hye0n/projects/cnn-based-audio-pii-classification/src/cnn/data_probe/output/probe_00767_spk12.wav,번호는 이공칠오 사오이칠입니다.,2075-4527,,male,spk12,probe_grp4x2,probe,1,2.56,8,2,4,sentence,grouped4,0.01049133576452732,0.004062906988095419,0.011853412725031376,0.00497610867023468,0.014644485898315907,0.01049133576452732
probe_00768_spk13.wav,/home/hye0n/projects/cnn-based-audio-pii-classification/src/cnn/data_probe/output/probe_00768_spk13.wav,번호는 구팔오이 사공일삼입니다.,9852-4013,,male,spk13,probe_grp4x2,probe,1,2.4,8,2,4,sentence,grouped4,0.01575915887951851,0.004454630454900773,0.020253071561455727,0.00968870148062706,0.01733570359647274,0.01575915887951851
probe_00769_spk14.wav,/home/hye0n/projects/cnn-based-audio-pii-classification/src/cnn/data_probe/output/probe_00769_spk14.wav,번호는 이이삼사 이삼이일입니다.,2234-2321,,female,spk14,probe_grp4x2,probe,1,2.88,8,2,4,sentence,grouped4,0.1184930478533109,0.07053801661643964,0.15345464646816254,0.020100675523281097,0.18192382156848907,0.1184930478533109
probe_00770_spk01.wav,/home/hye0n/projects/cnn-based-audio-pii-classification/src/cnn/data_probe/output/probe_00770_spk01.wav,번호는 육일일공 칠육공삼입니다.,6110-7603,,female,spk01,probe_grp4x2,probe,1,2.96,8,2,4,sentence,grouped4,0.1725117787718773,0.10756704686392232,0.08504253625869751,0.10846025496721268,0.3240325450897217,0.1725117787718773
probe_00771_spk02.wav,/home/hye0n/projects/cnn-based-audio-pii-classification/src/cnn/data_probe/output/probe_00771_spk02.wav,번호는 일공팔구 공칠일사입니다.,1089-0714,,male,spk02,probe_grp4x2,probe,1,2.96,8,2,4,sentence,grouped4,0.03492266001800696,0.009425904217106732,0.02598920650780201,0.030821040272712708,0.047957733273506165,0.03492266001800696
probe_00772_spk03.wav,/home/hye0n/projects/cnn-based-audio-pii-classification/src/cnn/data_probe/output/probe_00772_spk03.wav,번호는 공일사공 일일구삼입니다.,0140-1193,,female,spk03,probe_grp4x2,probe,1,2.72,8,2,4,sentence,grouped4,0.023755628305176895,0.014285769654881236,0.042361751198768616,0.007634651847183704,0.02127048186957836,0.023755628305176895
probe_00773_spk04.wav,/home/hye0n/projects/cnn-based-audio-pii-classification/src/cnn/data_probe/output/probe_00773_spk04.wav,번호는 구삼이오 공일이사입니다.,9325-0124,,male,spk04,probe_grp4x2,probe,1,2.48,8,2,4,sentence,grouped4,0.03172434587031603,0.015037467569749711,0.034398216754198074,0.012116505764424801,0.04865831509232521,0.03172434587031603
probe_00774_spk05.wav,/home/hye0n/projects/cnn-based-audio-pii-classification/src/cnn/data_probe/output/probe_00774_spk05.wav,번호는 구오오이 팔구삼팔입니다.,9552-8938,,female,spk05,probe_grp4x2,probe,1,2.56,8,2,4,sentence,grouped4,0.011951342845956484,0.006367975660706953,0.020823216065764427,0.006175977177917957,0.008854835294187069,0.011951342845956484
probe_00775_spk06.wav,/home/hye0n/projects/cnn-based-audio-pii-classification/src/cnn/data_probe/output/probe_00775_spk06.wav,번호는 구일일구 공팔삼삼입니다.,9119-0833,,male,spk06,probe_grp4x2,probe,1,2.72,8,2,4,sentence,grouped4,0.024777565772334736,0.006315927380675063,0.02796521969139576,0.015957705676555634,0.03040977194905281,0.024777565772334736
probe_00776_spk07.wav,/home/hye0n/projects/cnn-based-audio-pii-classification/src/cnn/data_probe/output/probe_00776_spk07.wav,번호는 사이팔공 일삼팔칠입니다.,4280-1387,,female,spk07,probe_grp4x2,probe,1,2.8,8,2,4,sentence,grouped4,0.22698609779278436,0.10974109098931016,0.10893126577138901,0.19876700639724731,0.3732600212097168,0.22698609779278436
probe_00777_spk08.wav,/home/hye0n/projects/cnn-based-audio-pii-classification/src/cnn/data_probe/output/probe_00777_spk08.wav,번호는 오구이칠 일이오육입니다.,5927-1256,,male,spk08,probe_grp4x2,probe,1,2.56,8,2,4,sentence,grouped4,0.09432074924310048,0.053421059243908255,0.08752921223640442,0.032554253935813904,0.16287878155708313,0.09432074924310048
probe_00778_spk09.wav,/home/hye0n/projects/cnn-based-audio-pii-classification/src/cnn/data_probe/output/probe_00778_spk09.wav,번호는 육삼팔삼 육일오일입니다.,6383-6151,,female,spk09,probe_grp4x2,probe,1,3.52,8,2,4,sentence,grouped4,0.04011603041241566,0.019549376204229193,0.06235180422663689,0.014769828878343105,0.043226458132267,0.04011603041241566
probe_00779_spk10.wav,/home/hye0n/projects/cnn-based-audio-pii-classification/src/cnn/data_probe/output/probe_00779_spk10.wav,번호는 칠일팔이 칠오사팔입니다.,7182-7548,,male,spk10,probe_grp4x2,probe,1,2.32,8,2,4,sentence,grouped4,0.01414938053737084,0.0028912674421693063,0.017390374094247818,0.010369922965765,0.014687844552099705,0.01414938053737084
probe_00780_spk11.wav,/home/hye0n/projects/cnn-based-audio-pii-classification/src/cnn/data_probe/output/probe_00780_spk11.wav,번호는 공일오칠 일육사칠입니다.,0157-1647,,female,spk11,probe_grp4x2,probe,1,2.88,8,2,4,sentence,grouped4,0.023865525300304096,0.00873028318283803,0.02128218673169613,0.014701500535011292,0.035612888634204865,0.023865525300304096
probe_00781_spk12.wav,/home/hye0n/projects/cnn-based-audio-pii-classification/src/cnn/data_probe/output/probe_00781_spk12.wav,번호는 구사칠삼 팔육사육입니다.,9473-8646,,male,spk12,probe_grp4x2,probe,1,3.04,8,2,4,sentence,grouped4,0.009839218730727831,0.004620453789585945,0.01494249515235424,0.0037534162402153015,0.010821744799613953,0.009839218730727831
probe_00782_spk13.wav,/home/hye0n/projects/cnn-based-audio-pii-classification/src/cnn/data_probe/output/probe_00782_spk13.wav,번호는 삼일칠오 이공칠일입니다.,3175-2071,,male,spk13,probe_grp4x2,probe,1,2.4,8,2,4,sentence,grouped4,0.01350784751897057,0.006247755671969003,0.012857259251177311,0.006202006246894598,0.021464277058839798,0.01350784751897057
probe_00783_spk14.wav,/home/hye0n/projects/cnn-based-audio-pii-classification/src/cnn/data_probe/output/probe_00783_spk14.wav,번호는 육칠팔일 일이육육입니다.,6781-1266,,female,spk14,probe_grp4x2,probe,1,2.8,8,2,4,sentence,grouped4,0.08028216411670049,0.03600966614079924,0.12786246836185455,0.040771640837192535,0.07221238315105438,0.08028216411670049
probe_00784_spk01.wav,/home/hye0n/projects/cnn-based-audio-pii-classification/src/cnn/data_probe/output/probe_00784_spk01.wav,번호는 구일이일 오삼오삼입니다.,9121-5353,,female,spk01,probe_grp4x2,probe,1,3.04,8,2,4,sentence,grouped4,0.07120094572504361,0.00987935277111669,0.08491215109825134,0.062020573765039444,0.06667011231184006,0.07120094572504361
probe_00785_spk02.wav,/home/hye0n/projects/cnn-based-audio-pii-classification/src/cnn/data_probe/output/probe_00785_spk02.wav,번호는 구육일삼 육칠사구입니다.,9613-6749,,male,spk02,probe_grp4x2,probe,1,2.72,8,2,4,sentence,grouped4,0.024026564011971157,0.008545367478666683,0.027795737609267235,0.012198137119412422,0.03208581730723381,0.024026564011971157
probe_00786_spk03.wav,/home/hye0n/projects/cnn-based-audio-pii-classification/src/cnn/data_probe/output/probe_00786_spk03.wav,번호는 구사육오 칠구육칠입니다.,9465-7967,,female,spk03,probe_grp4x2,probe,1,2.8,8,2,4,sentence,grouped4,0.28199603656927746,0.17921927887049569,0.10834759473800659,0.20893283188343048,0.5287076830863953,0.28199603656927746
probe_00787_spk04.wav,/home/hye0n/projects/cnn-based-audio-pii-classification/src/cnn/data_probe/output/probe_00787_spk04.wav,번호는 팔사이칠 일일사칠입니다.,8427-1147,,male,spk04,probe_grp4x2,probe,1,2.8,8,2,4,sentence,grouped4,0.017311171783755224,0.00718188661728747,0.024894971400499344,0.007668312173336744,0.01937023177742958,0.017311171783755224
probe_00788_spk05.wav,/home/hye0n/projects/cnn-based-audio-pii-classification/src/cnn/data_probe/output/probe_00788_spk05.wav,번호는 칠삼이공 일공일칠입니다.,7320-1017,,female,spk05,probe_grp4x2,probe,1,3.28,8,2,4,sentence,grouped4,0.054397307336330414,0.01697897179829192,0.03887531906366348,0.07802427560091019,0.04629232734441757,0.054397307336330414
probe_00789_spk06.wav,/home/hye0n/projects/cnn-based-audio-pii-classification/src/cnn/data_probe/output/probe_00789_spk06.wav,번호는 공이육구 오이사구입니다.,0269-5249,,male,spk06,probe_grp4x2,probe,1,2.08,8,2,4,sentence,grouped4,0.010175288033982119,0.004099909343139556,0.015763284638524055,0.006041660904884338,0.00872091855853796,0.010175288033982119
probe_00790_spk07.wav,/home/hye0n/projects/cnn-based-audio-pii-classification/src/cnn/data_probe/output/probe_00790_spk07.wav,번호는 구일일팔 칠칠삼사입니다.,9118-7734,,female,spk07,probe_grp4x2,probe,1,2.56,8,2,4,sentence,grouped4,0.10681755964954694,0.08057152121950427,0.06100134178996086,0.03937462717294693,0.22007670998573303,0.10681755964954694
probe_00791_spk08.wav,/home/hye0n/projects/cnn-based-audio-pii-classification/src/cnn/data_probe/output/probe_00791_spk08.wav,번호는 칠칠팔사 팔오팔팔입니다.,7784-8588,,male,spk08,probe_grp4x2,probe,1,3.2,8,2,4,sentence,grouped4,0.018321792595088482,0.0038194327777594695,0.012920339591801167,0.0210406631231308,0.02100437507033348,0.018321792595088482
probe_00792_spk09.wav,/home/hye0n/projects/cnn-based-audio-pii-classification/src/cnn/data_probe/output/probe_00792_spk09.wav,번호는 공공육일 육칠오육입니다.,0061-6756,,female,spk09,probe_grp4x2,probe,1,2.64,8,2,4,sentence,grouped4,0.026769823394715786,0.010701405634536707,0.030735870823264122,0.012138362042605877,0.03743523731827736,0.026769823394715786
probe_00793_spk10.wav,/home/hye0n/projects/cnn-based-audio-pii-classification/src/cnn/data_probe/output/probe_00793_spk10.wav,번호는 칠칠공공 이팔사이입니다.,7700-2842,,male,spk10,probe_grp4x2,probe,1,2.8,8,2,4,sentence,grouped4,0.013896914509435495,0.0056449012733014265,0.015805670991539955,0.006229500286281109,0.01965557225048542,0.013896914509435495
probe_00794_spk11.wav,/home/hye0n/projects/cnn-based-audio-pii-classification/src/cnn/data_probe/output/probe_00794_spk11.wav,번호는 칠육이사 육칠일구입니다.,7624-6719,,female,spk11,probe_grp4x2,probe,1,3.44,8,2,4,sentence,grouped4,0.1504326512416204,0.11423038610491845,0.07802474498748779,0.06157384812831879,0.31169936060905457,0.1504326512416204
probe_00795_spk12.wav,/home/hye0n/projects/cnn-based-audio-pii-classification/src/cnn/data_probe/output/probe_00795_spk12.wav,번호는 칠팔팔구 칠칠팔이입니다.,7889-7782,,male,spk12,probe_grp4x2,probe,1,2.88,8,2,4,sentence,grouped4,0.07440870627760887,0.026021963593817272,0.11059747636318207,0.062101684510707855,0.05052695795893669,0.07440870627760887
probe_00796_spk13.wav,/home/hye0n/projects/cnn-based-audio-pii-classification/src/cnn/data_probe/output/probe_00796_spk13.wav,번호는 팔공육사 칠구육구입니다.,8064-7969,,male,spk13,probe_grp4x2,probe,1,2.48,8,2,4,sentence,grouped4,0.013481261363873879,0.004957802207848102,0.015305097214877605,0.006706330459564924,0.018432356417179108,0.013481261363873879
probe_00797_spk14.wav,/home/hye0n/projects/cnn-based-audio-pii-classification/src/cnn/data_probe/output/probe_00797_spk14.wav,번호는 오사오공 공구공이입니다.,5450-0902,,female,spk14,probe_grp4x2,probe,1,2.72,8,2,4,sentence,grouped4,0.07797989745934804,0.04485427985052308,0.03814933821558952,0.14065034687519073,0.05514000728726387,0.07797989745934804
probe_00798_spk01.wav,/home/hye0n/projects/cnn-based-audio-pii-classification/src/cnn/data_probe/output/probe_00798_spk01.wav,번호는 오오구공 오육일육입니다.,5590-5616,,female,spk01,probe_grp4x2,probe,1,3.52,8,2,4,sentence,grouped4,0.34670082728068036,0.12520801364497966,0.33073168992996216,0.5074083805084229,0.201962411403656,0.34670082728068036
probe_00799_spk02.wav,/home/hye0n/projects/cnn-based-audio-pii-classification/src/cnn/data_probe/output/probe_00799_spk02.wav,번호는 오오육오 공삼삼삼입니다.,5565-0333,,male,spk02,probe_grp4x2,probe,1,2.64,8,2,4,sentence,grouped4,0.13118636856476465,0.08546949887096124,0.0578574538230896,0.08463601022958755,0.2510656416416168,0.13118636856476465
probe_00800_spk03.wav,/home/hye0n/projects/cnn-based-audio-pii-classification/src/cnn/data_probe/output/probe_00800_spk03.wav,번호는 사구일일 사일오이 공팔오공입니다.,4911-4152-0850,,female,spk03,probe_grp4x3,probe,1,3.76,12,3,4,sentence,grouped4,0.6848267714182535,0.18390182632298432,0.4373088479042053,0.7394410967826843,0.8777303695678711,0.6848267714182535
probe_00801_spk04.wav,/home/hye0n/projects/cnn-based-audio-pii-classification/src/cnn/data_probe/output/probe_00801_spk04.wav,번호는 칠육구팔 육사공칠 구공오육입니다.,7698-6407-9056,,male,spk04,probe_grp4x3,probe,1,3.84,12,3,4,sentence,grouped4,0.9208759268124899,0.05166800292504462,0.8493595719337463,0.9436559677124023,0.9696122407913208,0.9208759268124899
probe_00802_spk05.wav,/home/hye0n/projects/cnn-based-audio-pii-classification/src/cnn/data_probe/output/probe_00802_spk05.wav,번호는 구육오구 일칠일삼 오칠팔오입니다.,9659-1713-5785,,female,spk05,probe_grp4x3,probe,1,3.2,12,3,4,sentence,grouped4,0.598655104637146,0.09004255032698277,0.5408661961555481,0.529280424118042,0.7258186936378479,0.598655104637146
probe_00803_spk06.wav,/home/hye0n/projects/cnn-based-audio-pii-classification/src/cnn/data_probe/output/probe_00803_spk06.wav,번호는 이구사오 육삼칠일 팔삼사사입니다.,2945-6371-8344,,male,spk06,probe_grp4x3,probe,1,3.36,12,3,4,sentence,grouped4,0.02264886349439621,0.007696454703125254,0.03312218189239502,0.014846015721559525,0.019978392869234085,0.02264886349439621
probe_00804_spk07.wav,/home/hye0n/projects/cnn-based-audio-pii-classification/src/cnn/data_probe/output/probe_00804_spk07.wav,번호는 공사구육 삼구일구 일구오사입니다.,0496-3919-1954,,female,spk07,probe_grp4x3,probe,1,3.44,12,3,4,sentence,grouped4,0.8190887371699015,0.15767405324296893,0.5977083444595337,0.9066553115844727,0.9529025554656982,0.8190887371699015
probe_00805_spk08.wav,/home/hye0n/projects/cnn-based-audio-pii-classification/src/cnn/data_probe/output/probe_00805_spk08.wav,번호는 일구팔칠 육삼오일 사팔사육입니다.,1987-6351-4846,,male,spk08,probe_grp4x3,probe,1,3.84,12,3,4,sentence,grouped4,0.9212916294733683,0.03874218568178531,0.8689718246459961,0.9333655834197998,0.9615374803543091,0.9212916294733683
probe_00806_spk09.wav,/home/hye0n/projects/cnn-based-audio-pii-classification/src/cnn/data_probe/output/probe_00806_spk09.wav,번호는 팔오삼육 육사구팔 칠팔이공입니다.,8536-6498-7820,,female,spk09,probe_grp4x3,probe,1,3.52,12,3,4,sentence,grouped4,0.23984422162175179,0.13580550307412692,0.38998129963874817,0.06105082854628563,0.26850053668022156,0.23984422162175179
probe_00807_spk10.wav,/home/hye0n/projects/cnn-based-audio-pii-classification/src/cnn/data_probe/output/probe_00807_spk10.wav,번호는 팔이구칠 삼칠사팔 구육구공입니다.,8297-3748-9690,,male,spk10,probe_grp4x3,probe,1,3.36,12,3,4,sentence,grouped4,0.29461144904295605,0.18052042095473633,0.12749779224395752,0.5453095436096191,0.21102701127529144,0.29461144904295605
probe_00808_spk11.wav,/home/hye0n/projects/cnn-based-audio-pii-classification/src/cnn/data_probe/output/probe_00808_spk11.wav,번호는 팔삼오칠 이삼이사 육육오일입니다.,8357-2324-6651,,female,spk11,probe_grp4x3,probe,1,3.36,12,3,4,sentence,grouped4,0.45575908819834393,0.12037888706925579,0.5020611882209778,0.29073238372802734,0.5744836926460266,0.45575908819834393
probe_00809_spk12.wav,/home/hye0n/projects/cnn-based-audio-pii-classification/src/cnn/data_probe/output/probe_00809_spk12.wav,번호는 삼육사사 이사구삼 육삼일이입니다.,3644-2493-6312,,male,spk12,probe_grp4x3,probe,1,4.64,12,3,4,sentence,grouped4,0.5441551506519318,0.13811396396671133,0.37138035893440247,0.709440290927887,0.5516448020935059,0.5441551506519318
probe_00810_spk13.wav,/home/hye0n/projects/cnn-based-audio-pii-classification/src/cnn/data_probe/output/probe_00810_spk13.wav,번호는 삼공삼사 칠칠팔육 육공삼이입니다.,3034-7786-6032,,male,spk13,probe_grp4x3,probe,1,3.28,12,3,4,sentence,grouped4,0.1590797503789266,0.07777269119155429,0.15627805888652802,0.06525979936122894,0.2557013928890228,0.1590797503789266
probe_00811_spk14.wav,/home/hye0n/projects/cnn-based-audio-pii-classification/src/cnn/data_probe/output/probe_00811_spk14.wav,번호는 사이공사 사팔이공 칠공공일입니다.,4204-4820-7001,,female,spk14,probe_grp4x3,probe,1,3.6,12,3,4,sentence,grouped4,0.05158671364188194,0.028700913659902984,0.08598177134990692,0.015725083649158478,0.05305328592658043,0.05158671364188194
probe_00812_spk01.wav,/home/hye0n/projects/cnn-based-audio-pii-classification/src/cnn/data_probe/output/probe_00812_spk01.wav,번호는 오구사일 육오일육 이삼일구입니다.,5941-6516-2319,,female,spk01,probe_grp4x3,probe,1,3.68,12,3,4,sentence,grouped4,0.8447580138842264,0.04337080077477464,0.7879626750946045,0.8530993461608887,0.8932120203971863,0.8447580138842264
probe_00813_spk02.wav,/home/hye0n/projects/cnn-based-audio-pii-classification/src/cnn/data_probe/output/probe_00813_spk02.wav,번호는 팔일팔구 팔사칠일 삼구일오입니다.,8189-8471-3915,,male,spk02,probe_grp4x3,probe,1,3.52,12,3,4,sentence,grouped4,0.408043106396993,0.12850701939598658,0.24974241852760315,0.5645028948783875,0.4098840057849884,0.408043106396993
probe_00814_spk03.wav,/home/hye0n/projects/cnn-based-audio-pii-classification/src/cnn/data_probe/output/probe_00814_spk03.wav,번호는 오구육삼 육삼이일 이삼사칠입니다.,5963-6321-2347,,female,spk03,probe_grp4x3,probe,1,4.16,12,3,4,sentence,grouped4,0.6884722709655762,0.08780140200564336,0.7018021941184998,0.5748944282531738,0.7887201905250549,0.6884722709655762
probe_00815_spk04.wav,/home/hye0n/projects/cnn-based-audio-pii-classification/src/cnn/data_probe/output/probe_00815_spk04.wav,번호는 육사구공 칠팔오일 오팔육칠입니다.,6490-7851-5867,,male,spk04,probe_grp4x3,probe,1,3.44,12,3,4,sentence,grouped4,0.6206075151761373,0.14106634509072927,0.44862353801727295,0.6190454959869385,0.7941535115242004,0.6206075151761373
probe_00816_spk05.wav,/home/hye0n/projects/cnn-based-audio-pii-classification/src/cnn/data_probe/output/probe_00816_spk05.wav,번호는 삼사이오 칠오사공 구공공삼입니다.,3425-7540-9003,,female,spk05,probe_grp4x3,probe,1,3.6,12,3,4,sentence,grouped4,0.9307536880175272,0.06834520414390054,0.8345789313316345,0.9705096483230591,0.9871724843978882,0.9307536880175272
probe_00817_spk06.wav,/home/hye0n/projects/cnn-based-audio-pii-classification/src/cnn/data_probe/output/probe_00817_spk06.wav,번호는 사팔육사 오일팔삼 칠육공육입니다.,4864-5183-7606,,male,spk06,probe_grp4x3,probe,1,3.6,12,3,4,sentence,grouped4,0.09449455142021179,0.023505862060539374,0.10365058481693268,0.062241390347480774,0.11759167909622192,0.09449455142021179
probe_00818_spk07.wav,/home/hye0n/projects/cnn-based-audio-pii-classification/src/cnn/data_probe/output/probe_00818_spk07.wav,번호는 사사일삼 사삼이칠 오육공사입니다.,4413-4327-5604,,female,spk07,probe_grp4x3,probe,1,3.84,12,3,4,sentence,grouped4,0.8408079544703165,0.061222347335412895,0.8041053414344788,0.7912479043006897,0.9270706176757812,0.8408079544703165
probe_00819_spk08.wav,/home/hye0n/projects/cnn-based-audio-pii-classification/src/cnn/data_probe/output/probe_00819_spk08.wav,번호는 일칠칠육 오육일이 사팔일오입니다.,1776-5612-4815,,male,spk08,probe_grp4x3,probe,1,3.44,12,3,4,sentence,grouped4,0.9293892780939738,0.06624604869330991,0.8382394313812256,0.9937148690223694,0.9562135338783264,0.9293892780939738
probe_00820_spk09.wav,/home/hye0n/projects/cnn-based-audio-pii-classification/src/cnn/data_probe/output/probe_00820_spk09.wav,번호는 육구팔오 칠공공이 칠이공육입니다.,6985-7002-7206,,female,spk09,probe_grp4x3,probe,1,3.2,12,3,4,sentence,grouped4,0.275989626844724,0.15357115806150134,0.20319433510303497,0.4895927608013153,0.13518178462982178,0.275989626844724
probe_00821_spk10.wav,/home/hye0n/projects/cnn-based-audio-pii-classification/src/cnn/data_probe/output/probe_00821_spk10.wav,번호는 삼사오구 일일이삼 팔이구육입니다.,3459-1123-8296,,male,spk10,probe_grp4x3,probe,1,3.52,12,3,4,sentence,grouped4,0.6674191554387411,0.10133653930023746,0.5260837078094482,0.7175476551055908,0.7586261034011841,0.6674191554387411
probe_00822_spk11.wav,/home/hye0n/projects/cnn-based-audio-pii-classification/src/cnn/data_probe/output/probe_00822_spk11.wav,번호는 오칠칠이 사이구오 사삼일육입니다.,5772-4295-4316,,female,spk11,probe_grp4x3,probe,1,3.2,12,3,4,sentence,grouped4,0.2541160633166631,0.10686984124572192,0.13340696692466736,0.2357068508863449,0.39323437213897705,0.2541160633166631
probe_00823_spk12.wav,/home/hye0n/projects/cnn-based-audio-pii-classification/src/cnn/data_probe/output/probe_00823_spk12.wav,번호는 오이육육 구삼공공 팔구삼일입니다.,5266-9300-8931,,male,spk12,probe_grp4x3,probe,1,3.36,12,3,4,sentence,grouped4,0.13691282893220583,0.10347522432627686,0.09503529220819473,0.03642101213335991,0.27928218245506287,0.13691282893220583
probe_00824_spk13.wav,/home/hye0n/projects/cnn-based-audio-pii-classification/src/cnn/data_probe/output/probe_00824_spk13.wav,번호는 칠삼사이 공육구육 구사이일입니다.,7342-0696-9421,,male,spk13,probe_grp4x3,probe,1,3.44,12,3,4,sentence,grouped4,0.14824521417419115,0.07248504787437447,0.046618830412626266,0.21068517863750458,0.18743163347244263,0.14824521417419115
probe_00825_spk14.wav,/home/hye0n/projects/cnn-based-audio-pii-classification/src/cnn/data_probe/output/probe_00825_spk14.wav,번호는 오이구일 공팔육칠 칠일삼삼입니다.,5291-0867-7133,,female,spk14,probe_grp4x3,probe,1,3.76,12,3,4,sentence,grouped4,0.9080928365389506,0.05511444371644116,0.8346518278121948,0.9674234390258789,0.9222032427787781,0.9080928365389506
probe_00826_spk01.wav,/home/hye0n/projects/cnn-based-audio-pii-classification/src/cnn/data_probe/output/probe_00826_spk01.wav,번호는 삼사사칠 육이육삼 구삼사삼입니다.,3447-6263-9343,,female,spk01,probe_grp4x3,probe,1,4.32,12,3,4,sentence,grouped4,0.8889308571815491,0.07875342857258565,0.9141600728034973,0.7823706865310669,0.970261812210083,0.8889308571815491
probe_00827_spk02.wav,/home/hye0n/projects/cnn-based-audio-pii-classification/src/cnn/data_probe/output/probe_00827_spk02.wav,번호는 육이육이 공사사삼 구칠삼오입니다.,6262-0443-9735,,male,spk02,probe_grp4x3,probe,1,3.76,12,3,4,sentence,grouped4,0.12581986437241235,0.07443605220899426,0.22417928278446198,0.1091233417391777,0.04415696859359741,0.12581986437241235
probe_00828_spk03.wav,/home/hye0n/projects/cnn-based-audio-pii-classification/src/cnn/data_probe/output/probe_00828_spk03.wav,번호는 구칠일공 칠이오육 삼육육구입니다.,9710-7256-3669,,female,spk03,probe_grp4x3,probe,1,3.6,12,3,4,sentence,grouped4,0.7498035430908203,0.08094935925367981,0.6355154514312744,0.8012141585350037,0.8126810193061829,0.7498035430908203
probe_00829_spk04.wav,/home/hye0n/projects/cnn-based-audio-pii-classification/src/cnn/data_probe/output/probe_00829_spk04.wav,번호는 사일일팔 공공오삼 칠오구구입니다.,4118-0053-7599,,male,spk04,probe_grp4x3,probe,1,4.32,12,3,4,sentence,grouped4,0.9249137838681539,0.05055117747229122,0.8572213053703308,0.9388495087623596,0.9786705374717712,0.9249137838681539
probe_00830_spk05.wav,/home/hye0n/projects/cnn-based-audio-pii-classification/src/cnn/data_probe/output/probe_00830_spk05.wav,번호는 공공사팔 구육사육 오이팔공입니다.,0048-9646-5280,,female,spk05,probe_grp4x3,probe,1,3.44,12,3,4,sentence,grouped4,0.7350906133651733,0.06642714983208749,0.6749181747436523,0.8276532888412476,0.7027003765106201,0.7350906133651733
probe_00831_spk06.wav,/home/hye0n/projects/cnn-based-audio-pii-classification/src/cnn/data_probe/output/probe_00831_spk06.wav,번호는 구이사이 팔칠오칠 이일오팔입니다.,9242-8757-2158,,male,spk06,probe_grp4x3,probe,1,2.96,12,3,4,sentence,grouped4,0.0411433589955171,0.006436351626835872,0.04494307562708855,0.03208029270172119,0.04640670865774155,0.0411433589955171
probe_00832_spk07.wav,/home/hye0n/projects/cnn-based-audio-pii-classification/src/cnn/data_probe/output/probe_00832_spk07.wav,번호는 육이사일 오공이칠 사오육사입니다.,6241-5027-4564,,female,spk07,probe_grp4x3,probe,1,3.6,12,3,4,sentence,grouped4,0.6779584487279257,0.21108850918437022,0.38080674409866333,0.8017717003822327,0.8512969017028809,0.6779584487279257
probe_00833_spk08.wav,/home/hye0n/projects/cnn-based-audio-pii-classification/src/cnn/data_probe/output/probe_00833_spk08.wav,번호는 사구사팔 오육이오 칠이팔칠입니다.,4948-5625-7287,,male,spk08,probe_grp4x3,probe,1,3.28,12,3,4,sentence,grouped4,0.5490154027938843,0.03171379831215965,0.5099908113479614,0.549384593963623,0.5876708030700684,0.5490154027938843
probe_00834_spk09.wav,/home/hye0n/projects/cnn-based-audio-pii-classification/src/cnn/data_probe/output/probe_00834_spk09.wav,번호는 공삼이공 삼이공칠 사이칠육입니다.,0320-3207-4276,,female,spk09,probe_grp4x3,probe,1,3.92,12,3,4,sentence,grouped4,0.8829875588417053,0.02906656334060268,0.8431731462478638,0.8940399885177612,0.911749541759491,0.8829875588417053
probe_00835_spk10.wav,/home/hye0n/projects/cnn-based-audio-pii-classification/src/cnn/data_probe/output/probe_00835_spk10.wav,번호는 일칠공칠 오팔칠칠 칠일이일입니다.,1707-5877-7121,,male,spk10,probe_grp4x3,probe,1,3.6,12,3,4,sentence,grouped4,0.43643566966056824,0.10174101729495844,0.3566800355911255,0.5800252556800842,0.372601717710495,0.43643566966056824
probe_00836_spk11.wav,/home/hye0n/projects/cnn-based-audio-pii-classification/src/cnn/data_probe/output/probe_00836_spk11.wav,번호는 오일삼사 이이팔사 구구삼구입니다.,5134-2284-9939,,female,spk11,probe_grp4x3,probe,1,4.08,12,3,4,sentence,grouped4,0.7326880097389221,0.18208958510451512,0.5063927173614502,0.7394037246704102,0.952267587184906,0.7326880097389221
probe_00837_spk12.wav,/home/hye0n/projects/cnn-based-audio-pii-classification/src/cnn/data_probe/output/probe_00837_spk12.wav,번호는 공팔구이 육일삼칠 일오공사입니다.,0892-6137-1504,,male,spk12,probe_grp4x3,probe,1,2.96,12,3,4,sentence,grouped4,0.03993265889585018,0.01607117079930361,0.05448117479681969,0.017536254599690437,0.04778054729104042,0.03993265889585018
probe_00838_spk13.wav,/home/hye0n/projects/cnn-based-audio-pii-classification/src/cnn/data_probe/output/probe_00838_spk13.wav,번호는 일육오구 일오이공 일칠칠칠입니다.,1659-1520-1777,,male,spk13,probe_grp4x3,probe,1,3.28,12,3,4,sentence,grouped4,0.19874240085482597,0.14652581213336854,0.1340770274400711,0.06058018282055855,0.40156999230384827,0.19874240085482597
probe_00839_spk14.wav,/home/hye0n/projects/cnn-based-audio-pii-classification/src/cnn/data_probe/output/probe_00839_spk14.wav,번호는 사구공오 공구칠오 구이삼공입니다.,4905-0975-9230,,female,spk14,probe_grp4x3,probe,1,3.6,12,3,4,sentence,grouped4,0.5643648157517115,0.27519178817966516,0.6165765523910522,0.20426608622074127,0.8722518086433411,0.5643648157517115
probe_00840_spk01.wav,/home/hye0n/projects/cnn-based-audio-pii-classification/src/cnn/data_probe/output/probe_00840_spk01.wav,번호는 사오공일 팔구육일 육사이삼입니다.,4501-8961-6423,,female,spk01,probe_grp4x3,probe,1,3.68,12,3,4,sentence,grouped4,0.42310020327568054,0.20506205430216495,0.5481634140014648,0.1339741051197052,0.5871630907058716,0.42310020327568054
probe_00841_spk02.wav,/home/hye0n/projects/cnn-based-audio-pii-classification/src/cnn/data_probe/output/probe_00841_spk02.wav,번호는 육일공삼 이육육사 이일사칠입니다.,6103-2664-2147,,male,spk02,probe_grp4x3,probe,1,3.44,12,3,4,sentence,grouped4,0.6314694484074911,0.10570569532937371,0.5358816981315613,0.5797255039215088,0.7788011431694031,0.6314694484074911
probe_00842_spk03.wav,/home/hye0n/projects/cnn-based-audio-pii-classification/src/cnn/data_probe/output/probe_00842_spk03.wav,번호는 육사구이 오일오팔 삼칠칠육입니다.,6492-5158-3776,,female,spk03,probe_grp4x3,probe,1,3.84,12,3,4,sentence,grouped4,0.9412732919057211,0.04162532562092022,0.8828734755516052,0.9640624523162842,0.9768839478492737,0.9412732919057211
probe_00843_spk04.wav,/home/hye0n/projects/cnn-based-audio-pii-classification/src/cnn/data_probe/output/probe_00843_spk04.wav,번호는 칠사구구 육일육오 구이육육입니다.,7499-6165-9266,,male,spk04,probe_grp4x3,probe,1,3.6,12,3,4,sentence,grouped4,0.6923742492993673,0.08856149424511979,0.5687971711158752,0.7365208864212036,0.771804690361023,0.6923742492993673
probe_00844_spk05.wav,/home/hye0n/projects/cnn-based-audio-pii-classification/src/cnn/data_probe/output/probe_00844_spk05.wav,번호는 일공팔오 칠삼이칠 팔팔일사입니다.,1085-7327-8814,,female,spk05,probe_grp4x3,probe,1,3.52,12,3,4,sentence,grouped4,0.5372825562953949,0.08777807281717233,0.5056418180465698,0.6570578813552856,0.4491479694843292,0.5372825562953949
probe_00845_spk06.wav,/home/hye0n/projects/cnn-based-audio-pii-classification/src/cnn/data_probe/output/probe_00845_spk06.wav,번호는 칠육일칠 사이이사 삼팔육사입니다.,7617-4224-3864,,male,spk06,probe_grp4x3,probe,1,3.6,12,3,4,sentence,grouped4,0.18994639813899994,0.04099060957951759,0.14548230171203613,0.24438951909542084,0.17996737360954285,0.18994639813899994
probe_00846_spk07.wav,/home/hye0n/projects/cnn-based-audio-pii-classification/src/cnn/data_probe/output/probe_00846_spk07.wav,번호는 구공팔일 공팔일팔 육육일칠입니다.,9081-0818-6617,,female,spk07,probe_grp4x3,probe,1,3.36,12,3,4,sentence,grouped4,0.7604842782020569,0.1411737873561558,0.743487536907196,0.5967084765434265,0.9412568211555481,0.7604842782020569
probe_00847_spk08.wav,/home/hye0n/projects/cnn-based-audio-pii-classification/src/cnn/data_probe/output/probe_00847_spk08.wav,번호는 구사오사 구일팔공 일칠이이입니다.,9454-9180-1722,,male,spk08,probe_grp4x3,probe,1,3.44,12,3,4,sentence,grouped4,0.3350290010372798,0.1631372330556151,0.17439846694469452,0.27192527055740356,0.5587632656097412,0.3350290010372798
probe_00848_spk09.wav,/home/hye0n/projects/cnn-based-audio-pii-classification/src/cnn/data_probe/output/probe_00848_spk09.wav,번호는 육공일육 사오구칠 칠구사오입니다.,6016-4597-7945,,female,spk09,probe_grp4x3,probe,1,3.28,12,3,4,sentence,grouped4,0.6154187421003977,0.19195126064309417,0.3487144410610199,0.7925834655761719,0.7049583196640015,0.6154187421003977
probe_00849_spk10.wav,/home/hye0n/projects/cnn-based-audio-pii-classification/src/cnn/data_probe/output/probe_00849_spk10.wav,번호는 이삼이일 구사일육 팔공공육입니다.,2321-9416-8006,,male,spk10,probe_grp4x3,probe,1,4.32,12,3,4,sentence,grouped4,0.5137308537960052,0.24500835957478562,0.19175294041633606,0.7855859994888306,0.5638536214828491,0.5137308537960052
probe_00850_spk11.wav,/home/hye0n/projects/cnn-based-audio-pii-classification/src/cnn/data_probe/output/probe_00850_spk11.wav,번호는 일공이칠 칠육구칠 사구구오입니다.,1027-7697-4995,,female,spk11,probe_grp4x3,probe,1,4.08,12,3,4,sentence,grouped4,0.8687277833620707,0.06937422798266825,0.7727392911911011,0.8991484045982361,0.934295654296875,0.8687277833620707
probe_00851_spk12.wav,/home/hye0n/projects/cnn-based-audio-pii-classification/src/cnn/data_probe/output/probe_00851_spk12.wav,번호는 육사일이 이공삼일 공삼공삼입니다.,6412-2031-0303,,male,spk12,probe_grp4x3,probe,1,3.84,12,3,4,sentence,grouped4,0.32091689109802246,0.029167539614021472,0.2850537598133087,0.3564976751804352,0.3211992383003235,0.32091689109802246
probe_00852_spk13.wav,/home/hye0n/projects/cnn-based-audio-pii-classification/src/cnn/data_probe/output/probe_00852_spk13.wav,번호는 칠이삼육 팔삼일사 칠이칠육입니다.,7236-8314-7276,,male,spk13,probe_grp4x3,probe,1,2.88,12,3,4,sentence,grouped4,0.20329521348079047,0.06722302917713846,0.25990211963653564,0.24113665521144867,0.10884686559438705,0.20329521348079047
probe_00853_spk14.wav,/home/hye0n/projects/cnn-based-audio-pii-classification/src/cnn/data_probe/output/probe_00853_spk14.wav,번호는 공일이이 칠칠칠공 칠구삼삼입니다.,0122-7770-7933,,female,spk14,probe_grp4x3,probe,1,3.44,12,3,4,sentence,grouped4,0.7831165393193563,0.13098069669805634,0.5989006161689758,0.8584231734275818,0.8920258283615112,0.7831165393193563
probe_00854_spk01.wav,/home/hye0n/projects/cnn-based-audio-pii-classification/src/cnn/data_probe/output/probe_00854_spk01.wav,번호는 사구육공 오공일육 육칠구구입니다.,4960-5016-6799,,female,spk01,probe_grp4x3,probe,1,4.4,12,3,4,sentence,grouped4,0.9414866964022318,0.05039641654598753,0.8707291483879089,0.9842631220817566,0.96946781873703,0.9414866964022318
probe_00855_spk02.wav,/home/hye0n/projects/cnn-based-audio-pii-classification/src/cnn/data_probe/output/probe_00855_spk02.wav,번호는 팔사공칠 육칠팔구 구칠삼공입니다.,8407-6789-9730,,male,spk02,probe_grp4x3,probe,1,3.76,12,3,4,sentence,grouped4,0.5428869525591532,0.07114003002357264,0.6434574723243713,0.49495407938957214,0.49024930596351624,0.5428869525591532
probe_00856_spk03.wav,/home/hye0n/projects/cnn-based-audio-pii-classification/src/cnn/data_probe/output/probe_00856_spk03.wav,번호는 팔공육구 오팔일사 육칠일칠입니다.,8069-5814-6717,,female,spk03,probe_grp4x3,probe,1,3.92,12,3,4,sentence,grouped4,0.8976680040359497,0.05360970682482184,0.8250491619110107,0.9151126742362976,0.9528421759605408,0.8976680040359497
probe_00857_spk04.wav,/home/hye0n/projects/cnn-based-audio-pii-classification/src/cnn/data_probe/output/probe_00857_spk04.wav,번호는 구오칠육 공이사삼 칠오칠삼입니다.,9576-0243-7573,,male,spk04,probe_grp4x3,probe,1,3.52,12,3,4,sentence,grouped4,0.22237752377986908,0.06310741719226566,0.23864035308361053,0.13824966549873352,0.2902425527572632,0.22237752377986908
probe_00858_spk05.wav,/home/hye0n/projects/cnn-based-audio-pii-classification/src/cnn/data_probe/output/probe_00858_spk05.wav,번호는 팔삼구오 구칠이사 육육오칠입니다.,8395-9724-6657,,female,spk05,probe_grp4x3,probe,1,3.44,12,3,4,sentence,grouped4,0.8166200121243795,0.12054315786575102,0.6962599158287048,0.7722483277320862,0.9813517928123474,0.8166200121243795
probe_00859_spk06.wav,/home/hye0n/projects/cnn-based-audio-pii-classification/src/cnn/data_probe/output/probe_00859_spk06.wav,번호는 이구삼사 일칠이이 삼이구칠입니다.,2934-1722-3297,,male,spk06,probe_grp4x3,probe,1,3.12,12,3,4,sentence,grouped4,0.6654381453990936,0.1628112862324913,0.44646695256233215,0.7132797241210938,0.836567759513855,0.6654381453990936
probe_00860_spk07.wav,/home/hye0n/projects/cnn-based-audio-pii-classification/src/cnn/data_probe/output/probe_00860_spk07.wav,번호는 일육칠사 삼삼팔공 공오사오입니다.,1674-3380-0545,,female,spk07,probe_grp4x3,probe,1,3.44,12,3,4,sentence,grouped4,0.7563152114550272,0.10984577670980841,0.6037701368331909,0.8580169081687927,0.8071585893630981,0.7563152114550272
probe_00861_spk08.wav,/home/hye0n/projects/cnn-based-audio-pii-classification/src/cnn/data_probe/output/probe_00861_spk08.wav,번호는 이이팔공 일오육일 구삼일팔입니다.,2280-1561-9318,,male,spk08,probe_grp4x3,probe,1,4.08,12,3,4,sentence,grouped4,0.3678306043148041,0.04081374081622231,0.31659531593322754,0.41646674275398254,0.37042975425720215,0.3678306043148041
probe_00862_spk09.wav,/home/hye0n/projects/cnn-based-audio-pii-classification/src/cnn/data_probe/output/probe_00862_spk09.wav,번호는 삼칠사오 오공팔사 이팔구일입니다.,3745-5084-2891,,female,spk09,probe_grp4x3,probe,1,3.6,12,3,4,sentence,grouped4,0.6523483991622925,0.08810391621045742,0.6400305032730103,0.5511311292648315,0.7658835649490356,0.6523483991622925
probe_00863_spk10.wav,/home/hye0n/projects/cnn-based-audio-pii-classification/src/cnn/data_probe/output/probe_00863_spk10.wav,번호는 공칠칠일 일구구일 팔공팔일입니다.,0771-1991-8081,,male,spk10,probe_grp4x3,probe,1,3.68,12,3,4,sentence,grouped4,0.07800224920113881,0.02982393767298159,0.048601411283016205,0.11889224499464035,0.06651309132575989,0.07800224920113881
probe_00864_spk11.wav,/home/hye0n/projects/cnn-based-audio-pii-classification/src/cnn/data_probe/output/probe_00864_spk11.wav,번호는 이일삼오 이사칠팔 칠일이오입니다.,2135-2478-7125,,female,spk11,probe_grp4x3,probe,1,3.04,12,3,4,sentence,grouped4,0.4717063655455907,0.3021789855502562,0.3573871850967407,0.17226175963878632,0.8854701519012451,0.4717063655455907
probe_00865_spk12.wav,/home/hye0n/projects/cnn-based-audio-pii-classification/src/cnn/data_probe/output/probe_00865_spk12.wav,번호는 오이일삼 칠육공삼 칠오사팔입니다.,5213-7603-7548,,male,spk12,probe_grp4x3,probe,1,3.52,12,3,4,sentence,grouped4,0.4835655788580577,0.11435867363401099,0.3231353461742401,0.5814856290817261,0.5460757613182068,0.4835655788580577
probe_00866_spk13.wav,/home/hye0n/projects/cnn-based-audio-pii-classification/src/cnn/data_probe/output/probe_00866_spk13.wav,번호는 이일사오 육오삼이 팔육삼이입니다.,2145-6532-8632,,male,spk13,probe_grp4x3,probe,1,3.12,12,3,4,sentence,grouped4,0.13477091987927756,0.07239213313187359,0.10731709003448486,0.06308327615261078,0.233912393450737,0.13477091987927756
probe_00867_spk14.wav,/home/hye0n/projects/cnn-based-audio-pii-classification/src/cnn/data_probe/output/probe_00867_spk14.wav,번호는 육육육칠 팔오공칠 이공팔일입니다.,6667-8507-2081,,female,spk14,probe_grp4x3,probe,1,3.92,12,3,4,sentence,grouped4,0.7982876896858215,0.13034338520030958,0.8152012228965759,0.6308669447898865,0.9487949013710022,0.7982876896858215
probe_00868_spk01.wav,/home/hye0n/projects/cnn-based-audio-pii-classification/src/cnn/data_probe/output/probe_00868_spk01.wav,번호는 일오오육 이육공육 공이구공입니다.,1556-2606-0290,,female,spk01,probe_grp4x3,probe,1,3.36,12,3,4,sentence,grouped4,0.39697031676769257,0.1433449284765741,0.46210137009620667,0.198151633143425,0.530657947063446,0.39697031676769257
probe_00869_spk02.wav,/home/hye0n/projects/cnn-based-audio-pii-classification/src/cnn/data_probe/output/probe_00869_spk02.wav,번호는 팔사육육 팔사오오 공사팔구입니다.,8466-8455-0489,,male,spk02,probe_grp4x3,probe,1,3.84,12,3,4,sentence,grouped4,0.5459153552850088,0.161271526435992,0.5637207627296448,0.7339262962341309,0.3400990068912506,0.5459153552850088
probe_00870_spk03.wav,/home/hye0n/projects/cnn-based-audio-pii-classification/src/cnn/data_probe/output/probe_00870_spk03.wav,번호는 이육칠삼 팔구구칠 오육삼사입니다.,2673-8997-5634,,female,spk03,probe_grp4x3,probe,1,4.32,12,3,4,sentence,grouped4,0.7238072752952576,0.17237558439175438,0.5103508234024048,0.7285684943199158,0.9325025081634521,0.7238072752952576
probe_00871_spk04.wav,/home/hye0n/projects/cnn-based-audio-pii-classification/src/cnn/data_probe/output/probe_00871_spk04.wav,번호는 일공팔오 육이팔팔 사삼일팔입니다.,1085-6288-4318,,male,spk04,probe_grp4x3,probe,1,3.12,12,3,4,sentence,grouped4,0.5817148039738337,0.2788698447794709,0.6295952796936035,0.21875660121440887,0.8967925310134888,0.5817148039738337
probe_00872_spk05.wav,/home/hye0n/projects/cnn-based-audio-pii-classification/src/cnn/data_probe/output/probe_00872_spk05.wav,번호는 팔사팔오 이공공팔 구사삼사입니다.,8485-2008-9434,,female,spk05,probe_grp4x3,probe,1,3.92,12,3,4,sentence,grouped4,0.7493570446968079,0.11033671982822824,0.6322399973869324,0.8972127437591553,0.7186183929443359,0.7493570446968079
probe_00873_spk06.wav,/home/hye0n/projects/cnn-based-audio-pii-classification/src/cnn/data_probe/output/probe_00873_spk06.wav,번호는 육팔일공 오사팔오 일공일칠입니다.,6810-5485-1017,,male,spk06,probe_grp4x3,probe,1,3.76,12,3,4,sentence,grouped4,0.42381585637728375,0.0903982437231243,0.29607918858528137,0.48318180441856384,0.492186576128006,0.42381585637728375
probe_00874_spk07.wav,/home/hye0n/projects/cnn-based-audio-pii-classification/src/cnn/data_probe/output/probe_00874_spk07.wav,번호는 사구공칠 오삼구구 팔구삼오입니다.,4907-5399-8935,,female,spk07,probe_grp4x3,probe,1,3.2,12,3,4,sentence,grouped4,0.8206807971000671,0.08633347601510401,0.7007318139076233,0.8609224557876587,0.9003881216049194,0.8206807971000671
probe_00875_spk08.wav,/home/hye0n/projects/cnn-based-audio-pii-classification/src/cnn/data_probe/output/probe_00875_spk08.wav,번호는 사사구이 육팔삼일 오팔구삼입니다.,4492-6831-5893,,male,spk08,probe_grp4x3,probe,1,3.6,12,3,4,sentence,grouped4,0.9491368730862936,0.03423146888094102,0.9042375087738037,0.9559109210968018,0.9872621893882751,0.9491368730862936
probe_00876_spk09.wav,/home/hye0n/projects/cnn-based-audio-pii-classification/src/cnn/data_probe/output/probe_00876_spk09.wav,번호는 오칠일이 육육일일 공육이칠입니다.,5712-6611-0627,,female,spk09,probe_grp4x3,probe,1,3.28,12,3,4,sentence,grouped4,0.5258134106794993,0.1200073144967738,0.6745985746383667,0.3807111084461212,0.52213054895401,0.5258134106794993
probe_00877_spk10.wav,/home/hye0n/projects/cnn-based-audio-pii-classification/src/cnn/data_probe/output/probe_00877_spk10.wav,번호는 삼칠일오 팔육구팔 팔육사구입니다.,3715-8698-8649,,male,spk10,probe_grp4x3,probe,1,3.68,12,3,4,sentence,grouped4,0.19958451514442763,0.11375840558507885,0.03943658247590065,0.2929227948188782,0.26639416813850403,0.19958451514442763
probe_00878_spk11.wav,/home/hye0n/projects/cnn-based-audio-pii-classification/src/cnn/data_probe/output/probe_00878_spk11.wav,번호는 칠육칠칠 육이이팔 이칠칠이입니다.,7677-6228-2772,,female,spk11,probe_grp4x3,probe,1,4.64,12,3,4,sentence,grouped4,0.9532022277514139,0.03711185738883416,0.9010065793991089,0.9840587973594666,0.9745413064956665,0.9532022277514139
probe_00879_spk12.wav,/home/hye0n/projects/cnn-based-audio-pii-classification/src/cnn/data_probe/output/probe_00879_spk12.wav,번호는 팔팔일삼 칠칠공이 팔오일구입니다.,8813-7702-8519,,male,spk12,probe_grp4x3,probe,1,2.72,12,3,4,sentence,grouped4,0.03197844885289669,0.01576331335942983,0.05309924855828285,0.015240918844938278,0.02759517915546894,0.03197844885289669
probe_00880_spk13.wav,/home/hye0n/projects/cnn-based-audio-pii-classification/src/cnn/data_probe/output/probe_00880_spk13.wav,번호는 육일일오 구사공팔 이일오사입니다.,6115-9408-2154,,male,spk13,probe_grp4x3,probe,1,3.12,12,3,4,sentence,grouped4,0.2501591046651204,0.11443326401619049,0.14076131582260132,0.2015790045261383,0.4081369936466217,0.2501591046651204
probe_00881_spk14.wav,/home/hye0n/projects/cnn-based-audio-pii-classification/src/cnn/data_probe/output/probe_00881_spk14.wav,번호는 오사사칠 공이이구 육공사사입니다.,5447-0229-6044,,female,spk14,probe_grp4x3,probe,1,4.32,12,3,4,sentence,grouped4,0.5186982254187266,0.11173368139476439,0.5456100106239319,0.37039634585380554,0.6400883197784424,0.5186982254187266
probe_00882_spk01.wav,/home/hye0n/projects/cnn-based-audio-pii-classification/src/cnn/data_probe/output/probe_00882_spk01.wav,번호는 삼이칠공 일팔오일 공육칠구입니다.,3270-1851-0679,,female,spk01,probe_grp4x3,probe,1,4.4,12,3,4,sentence,grouped4,0.9590128262837728,0.03894697522014001,0.903964102268219,0.9849469661712646,0.9881274104118347,0.9590128262837728
probe_00883_spk02.wav,/home/hye0n/projects/cnn-based-audio-pii-classification/src/cnn/data_probe/output/probe_00883_spk02.wav,번호는 사구칠오 육칠구이 이팔칠칠입니다.,4975-6792-2877,,male,spk02,probe_grp4x3,probe,1,3.76,12,3,4,sentence,grouped4,0.465401033560435,0.15256074468157424,0.25050365924835205,0.5894783139228821,0.5562211275100708,0.465401033560435
probe_00884_spk03.wav,/home/hye0n/projects/cnn-based-audio-pii-classification/src/cnn/data_probe/output/probe_00884_spk03.wav,번호는 칠이오일 구구육육 삼육오팔입니다.,7251-9966-3658,,female,spk03,probe_grp4x3,probe,1,3.6,12,3,4,sentence,grouped4,0.8047528465588888,0.07431647043149865,0.778866171836853,0.72948157787323,0.9059107899665833,0.8047528465588888
probe_00885_spk04.wav,/home/hye0n/projects/cnn-based-audio-pii-classification/src/cnn/data_probe/output/probe_00885_spk04.wav,번호는 공칠사일 이공구사 팔일팔일입니다.,0741-2094-8181,,male,spk04,probe_grp4x3,probe,1,4.08,12,3,4,sentence,grouped4,0.6850563287734985,0.0425576380257905,0.6613742113113403,0.6489797830581665,0.7448149919509888,0.6850563287734985
probe_00886_spk05.wav,/home/hye0n/projects/cnn-based-audio-pii-classification/src/cnn/data_probe/output/probe_00886_spk05.wav,번호는 삼구팔구 공구팔삼 칠팔공일입니다.,3989-0983-7801,,female,spk05,probe_grp4x3,probe,1,3.28,12,3,4,sentence,grouped4,0.7654895583788554,0.0794321161079299,0.6537139415740967,0.8116897344589233,0.8310649991035461,0.7654895583788554
probe_00887_spk06.wav,/home/hye0n/projects/cnn-based-audio-pii-classification/src/cnn/data_probe/output/probe_00887_spk06.wav,번호는 팔이공사 삼삼구칠 일팔구오입니다.,8204-3397-1895,,male,spk06,probe_grp4x3,probe,1,4.32,12,3,4,sentence,grouped4,0.11121536294619243,0.04353924092172053,0.0498625785112381,0.1464056372642517,0.13737787306308746,0.11121536294619243
probe_00888_spk07.wav,/home/hye0n/projects/cnn-based-audio-pii-classification/src/cnn/data_probe/output/probe_00888_spk07.wav,번호는 육구공칠 공오육이 육공팔오입니다.,6907-0562-6085,,female,spk07,probe_grp4x3,probe,1,3.6,12,3,4,sentence,grouped4,0.9004257321357727,0.07981747525680499,0.7876545786857605,0.9525399804115295,0.9610826373100281,0.9004257321357727
probe_00889_spk08.wav,/home/hye0n/projects/cnn-based-audio-pii-classification/src/cnn/data_probe/output/probe_00889_spk08.wav,번호는 육사일일 일팔이사 이이사일입니다.,6411-1824-2241,,male,spk08,probe_grp4x3,probe,1,3.92,12,3,4,sentence,grouped4,0.38094349950551987,0.18900852800742826,0.11854580789804459,0.5562663078308105,0.46801838278770447,0.38094349950551987
probe_00890_spk09.wav,/home/hye0n/projects/cnn-based-audio-pii-classification/src/cnn/data_probe/output/probe_00890_spk09.wav,번호는 이사육이 공구오이 공공사육입니다.,2462-0952-0046,,female,spk09,probe_grp4x3,probe,1,3.52,12,3,4,sentence,grouped4,0.36754590024550754,0.21073572028177887,0.07435666769742966,0.5604478716850281,0.46783316135406494,0.36754590024550754
probe_00891_spk10.wav,/home/hye0n/projects/cnn-based-audio-pii-classification/src/cnn/data_probe/output/probe_00891_spk10.wav,번호는 일오이육 오사육일 공삼삼구입니다.,1526-5461-0339,,male,spk10,probe_grp4x3,probe,1,3.76,12,3,4,sentence,grouped4,0.39272211988766986,0.15945061805179592,0.22644954919815063,0.6077743768692017,0.34394243359565735,0.39272211988766986
probe_00892_spk11.wav,/home/hye0n/projects/cnn-based-audio-pii-classification/src/cnn/data_probe/output/probe_00892_spk11.wav,번호는 구삼칠팔 팔육일사 공오칠팔입니다.,9378-8614-0578,,female,spk11,probe_grp4x3,probe,1,3.28,12,3,4,sentence,grouped4,0.14481211205323538,0.12025279944234113,0.30953550338745117,0.025834068655967712,0.09906676411628723,0.14481211205323538
probe_00893_spk12.wav,/home/hye0n/projects/cnn-based-audio-pii-classification/src/cnn/data_probe/output/probe_00893_spk12.wav,번호는 육일칠공 육삼공사 팔구일삼입니다.,6170-6304-8913,,male,spk12,probe_grp4x3,probe,1,3.52,12,3,4,sentence,grouped4,0.518152505159378,0.09578985358502956,0.4310738444328308,0.4718223512172699,0.6515613198280334,0.518152505159378
probe_00894_spk13.wav,/home/hye0n/projects/cnn-based-audio-pii-classification/src/cnn/data_probe/output/probe_00894_spk13.wav,번호는 팔이사구 육칠일팔 삼이오팔입니다.,8249-6718-3258,,male,spk13,probe_grp4x3,probe,1,3.2,12,3,4,sentence,grouped4,0.18098361790180206,0.07723513318232407,0.16192626953125,0.09736986458301544,0.28365471959114075,0.18098361790180206
probe_00895_spk14.wav,/home/hye0n/projects/cnn-based-audio-pii-classification/src/cnn/data_probe/output/probe_00895_spk14.wav,번호는 이삼팔육 팔칠공공 칠구사이입니다.,2386-8700-7942,,female,spk14,probe_grp4x3,probe,1,3.84,12,3,4,sentence,grouped4,0.3630877733230591,0.03627620869175845,0.3383308947086334,0.33655261993408203,0.4143798053264618,0.3630877733230591
probe_00896_spk01.wav,/home/hye0n/projects/cnn-based-audio-pii-classification/src/cnn/data_probe/output/probe_00896_spk01.wav,번호는 공공칠사 구사육오 삼구팔사입니다.,0074-9465-3984,,female,spk01,probe_grp4x3,probe,1,4.64,12,3,4,sentence,grouped4,0.7823623021443685,0.05617656073331061,0.7168543338775635,0.7761902213096619,0.8540423512458801,0.7823623021443685
probe_00897_spk02.wav,/home/hye0n/projects/cnn-based-audio-pii-classification/src/cnn/data_probe/output/probe_00897_spk02.wav,번호는 공이팔구 일사일육 일이팔사입니다.,0289-1416-1284,,male,spk02,probe_grp4x3,probe,1,3.28,12,3,4,sentence,grouped4,0.6180351972579956,0.2381661858621633,0.28474682569503784,0.7425623536109924,0.8267964124679565,0.6180351972579956
probe_00898_spk03.wav,/home/hye0n/projects/cnn-based-audio-pii-classification/src/cnn/data_probe/output/probe_00898_spk03.wav,번호는 육삼구팔 오오사칠 사삼오오입니다.,6398-5547-4355,,female,spk03,probe_grp4x3,probe,1,4.16,12,3,4,sentence,grouped4,0.8820129036903381,0.06772333542830761,0.8861345648765564,0.7970851063728333,0.9628190398216248,0.8820129036903381
probe_00899_spk04.wav,/home/hye0n/projects/cnn-based-audio-pii-classification/src/cnn/data_probe/output/probe_00899_spk04.wav,번호는 삼칠구오 공이공구 칠공공이입니다.,3795-0209-7002,,male,spk04,probe_grp4x3,probe,1,3.6,12,3,4,sentence,grouped4,0.9191833337148031,0.07547182594017242,0.8124553561210632,0.9716259837150574,0.9734686613082886,0.9191833337148031
probe_00900_spk05.wav,/home/hye0n/projects/cnn-based-audio-pii-classification/src/cnn/data_probe/output/probe_00900_spk05.wav,번호는 육팔칠육 팔일일팔 공칠일오 육구오육입니다.,6876-8118-0715-6956,,female,spk05,probe_grp4x4,probe,1,4.72,16,4,4,sentence,grouped4,0.9653282165527344,0.031009932385441877,0.9215092062950134,0.9887689352035522,0.9857065081596375,0.9653282165527344
probe_00901_spk06.wav,/home/hye0n/projects/cnn-based-audio-pii-classification/src/cnn/data_probe/output/probe_00901_spk06.wav,번호는 이공일칠 오삼칠공 삼공사오 삼일구사입니다.,2017-5370-3045-3194,,male,spk06,probe_grp4x4,probe,1,5.44,16,4,4,sentence,grouped4,0.6284144918123881,0.11476584314106772,0.47820931673049927,0.650266706943512,0.7567674517631531,0.6284144918123881
probe_00902_spk07.wav,/home/hye0n/projects/cnn-based-audio-pii-classification/src/cnn/data_probe/output/probe_00902_spk07.wav,번호는 삼삼칠오 공사칠구 삼공삼육 일사구팔입니다.,3375-0479-3036-1498,,female,spk07,probe_grp4x4,probe,1,4.64,16,4,4,sentence,grouped4,0.9873235026995341,0.01163348238633925,0.9708842635154724,0.9961091876029968,0.9949770569801331,0.9873235026995341
probe_00903_spk08.wav,/home/hye0n/projects/cnn-based-audio-pii-classification/src/cnn/data_probe/output/probe_00903_spk08.wav,번호는 칠이팔삼 구구구이 일구이일 이사구삼입니다.,7283-9992-1921-2493,,male,spk08,probe_grp4x4,probe,1,4.64,16,4,4,sentence,grouped4,0.9020282824834188,0.05287403923501175,0.833221971988678,0.9110786318778992,0.9617842435836792,0.9020282824834188
probe_00904_spk09.wav,/home/hye0n/projects/cnn-based-audio-pii-classification/src/cnn/data_probe/output/probe_00904_spk09.wav,번호는 팔사삼공 팔구사팔 칠공육공 오육육사입니다.,8430-8948-7060-5664,,female,spk09,probe_grp4x4,probe,1,5.44,16,4,4,sentence,grouped4,0.3950317253669103,0.17833262368240768,0.20874850451946259,0.34093981981277466,0.6354068517684937,0.3950317253669103
probe_00905_spk10.wav,/home/hye0n/projects/cnn-based-audio-pii-classification/src/cnn/data_probe/output/probe_00905_spk10.wav,번호는 일팔칠칠 오팔공삼 공사육팔 칠오공육입니다.,1877-5803-0468-7506,,male,spk10,probe_grp4x4,probe,1,4.72,16,4,4,sentence,grouped4,0.9489323695500692,0.03278877309956794,0.903117299079895,0.9656439423561096,0.9780358672142029,0.9489323695500692
probe_00906_spk11.wav,/home/hye0n/projects/cnn-based-audio-pii-classification/src/cnn/data_probe/output/probe_00906_spk11.wav,번호는 삼오일구 공삼육일 삼삼이오 사일일공입니다.,3519-0361-3325-4110,,female,spk11,probe_grp4x4,probe,1,3.68,16,4,4,sentence,grouped4,0.9645102024078369,0.03200611671767592,0.9192634224891663,0.9860687255859375,0.988198459148407,0.9645102024078369
probe_00907_spk12.wav,/home/hye0n/projects/cnn-based-audio-pii-classification/src/cnn/data_probe/output/probe_00907_spk12.wav,번호는 칠육공구 오사삼일 칠삼오공 오팔삼일입니다.,7609-5431-7350-5831,,male,spk12,probe_grp4x4,probe,1,3.92,16,4,4,sentence,grouped4,0.917364756266276,0.03499819797177431,0.8746492862701416,0.9603754878044128,0.9170694947242737,0.917364756266276
probe_00908_spk13.wav,/home/hye0n/projects/cnn-based-audio-pii-classification/src/cnn/data_probe/output/probe_00908_spk13.wav,번호는 구구칠일 칠구일일 공공육오 일이공칠입니다.,9971-7911-0065-1207,,male,spk13,probe_grp4x4,probe,1,4.08,16,4,4,sentence,grouped4,0.7124109466870626,0.1529189197877884,0.5388403534889221,0.6874768137931824,0.9109156727790833,0.7124109466870626
probe_00909_spk14.wav,/home/hye0n/projects/cnn-based-audio-pii-classification/src/cnn/data_probe/output/probe_00909_spk14.wav,번호는 공사구육 일일공팔 공사육육 일구육삼입니다.,0496-1108-0466-1963,,female,spk14,probe_grp4x4,probe,1,5.04,16,4,4,sentence,grouped4,0.9301929672559103,0.02951834326819816,0.8895469903945923,0.9422741532325745,0.958757758140564,0.9301929672559103
probe_00910_spk01.wav,/home/hye0n/projects/cnn-based-audio-pii-classification/src/cnn/data_probe/output/probe_00910_spk01.wav,번호는 구구공칠 육칠육구 구일오공 칠팔오구입니다.,9907-6769-9150-7859,,female,spk01,probe_grp4x4,probe,1,5.04,16,4,4,sentence,grouped4,0.9315314491589864,0.03899979745486342,0.8789025545120239,0.9721331596374512,0.9435586333274841,0.9315314491589864
probe_00911_spk02.wav,/home/hye0n/projects/cnn-based-audio-pii-classification/src/cnn/data_probe/output/probe_00911_spk02.wav,번호는 삼일일공 구일구삼 구이팔사 오육칠구입니다.,3110-9193-9284-5679,,male,spk02,probe_grp4x4,probe,1,4.32,16,4,4,sentence,grouped4,0.9799345135688782,0.013943775266203157,0.960364580154419,0.9876202940940857,0.9918186664581299,0.9799345135688782
probe_00912_spk03.wav,/home/hye0n/projects/cnn-based-audio-pii-classification/src/cnn/data_probe/output/probe_00912_spk03.wav,번호는 칠이삼이 공공이사 구육팔오 사구팔이입니다.,7232-0024-9685-4982,,female,spk03,probe_grp4x4,probe,1,3.92,16,4,4,sentence,grouped4,0.8425551255544027,0.028726940817762125,0.817025363445282,0.8826884031295776,0.8279516100883484,0.8425551255544027
probe_00913_spk04.wav,/home/hye0n/projects/cnn-based-audio-pii-classification/src/cnn/data_probe/output/probe_00913_spk04.wav,번호는 이칠사구 오사오공 팔구이공 삼팔팔공입니다.,2749-5450-8920-3880,,male,spk04,probe_grp4x4,probe,1,4.24,16,4,4,sentence,grouped4,0.9666578571001688,0.030591779565060952,0.9234641790390015,0.9861298203468323,0.9903795719146729,0.9666578571001688
probe_00914_spk05.wav,/home/hye0n/projects/cnn-based-audio-pii-classification/src/cnn/data_probe/output/probe_00914_spk05.wav,번호는 육오삼삼 삼일오삼 칠칠구오 구구오구입니다.,6533-3153-7795-9959,,female,spk05,probe_grp4x4,probe,1,4.8,16,4,4,sentence,grouped4,0.9772764444351196,0.019606091012017584,0.9496020674705505,0.9925951361656189,0.9896321296691895,0.9772764444351196
probe_00915_spk06.wav,/home/hye0n/projects/cnn-based-audio-pii-classification/src/cnn/data_probe/output/probe_00915_spk06.wav,번호는 사육오이 일칠공칠 삼공삼삼 칠구삼삼입니다.,4652-1707-3033-7933,,male,spk06,probe_grp4x4,probe,1,5.52,16,4,4,sentence,grouped4,0.980217715104421,0.013969853758047874,0.960467517375946,0.9905200004577637,0.9896656274795532,0.980217715104421
probe_00916_spk07.wav,/home/hye0n/projects/cnn-based-audio-pii-classification/src/cnn/data_probe/output/probe_00916_spk07.wav,번호는 칠오육삼 육이공오 공일오공 팔일이사입니다.,7563-6205-0150-8124,,female,spk07,probe_grp4x4,probe,1,4.16,16,4,4,sentence,grouped4,0.9597369829813639,0.02456489065386675,0.9300059676170349,0.9590396881103516,0.9901652932167053,0.9597369829813639
probe_00917_spk08.wav,/home/hye0n/projects/cnn-based-audio-pii-classification/src/cnn/data_probe/output/probe_00917_spk08.wav,번호는 칠삼구오 공공삼삼 사이삼사 이오팔삼입니다.,7395-0033-4234-2583,,male,spk08,probe_grp4x4,probe,1,5.44,16,4,4,sentence,grouped4,0.8561683297157288,0.09378474525963094,0.727097749710083,0.8942658305168152,0.9471414089202881,0.8561683297157288
probe_00918_spk09.wav,/home/hye0n/projects/cnn-based-audio-pii-classification/src/cnn/data_probe/output/probe_00918_spk09.wav,번호는 이삼공이 사일공이 육일오삼 사칠삼오입니다.,2302-4102-6153-4735,,female,spk09,probe_grp4x4,probe,1,3.76,16,4,4,sentence,grouped4,0.8547442754109701,0.06930915969695815,0.7628413438796997,0.8711825609207153,0.9302089214324951,0.8547442754109701
probe_00919_spk10.wav,/home/hye0n/projects/cnn-based-audio-pii-classification/src/cnn/data_probe/output/probe_00919_spk10.wav,번호는 오이팔구 육일일이 이삼삼팔 육오오구입니다.,5289-6112-2338-6559,,male,spk10,probe_grp4x4,probe,1,3.92,16,4,4,sentence,grouped4,0.9179379741350809,0.0324631606900654,0.9104726910591125,0.8824406862258911,0.9609005451202393,0.9179379741350809
probe_00920_spk11.wav,/home/hye0n/projects/cnn-based-audio-pii-classification/src/cnn/data_probe/output/probe_00920_spk11.wav,번호는 육삼공구 구삼팔사 이오삼공 사이팔구입니다.,6309-9384-2530-4289,,female,spk11,probe_grp4x4,probe,1,5.68,16,4,4,sentence,grouped4,0.9438218077023824,0.026017848626919814,0.9080106019973755,0.9544088840484619,0.9690459370613098,0.9438218077023824
probe_00921_spk12.wav,/home/hye0n/projects/cnn-based-audio-pii-classification/src/cnn/data_probe/output/probe_00921_spk12.wav,번호는 칠삼일칠 구일이팔 육팔오칠 팔칠이오입니다.,7317-9128-6857-8725,,male,spk12,probe_grp4x4,probe,1,5.12,16,4,4,sentence,grouped4,0.1801122377316157,0.057232545072173194,0.1251896619796753,0.15608586370944977,0.25906118750572205,0.1801122377316157
probe_00922_spk13.wav,/home/hye0n/projects/cnn-based-audio-pii-classification/src/cnn/data_probe/output/probe_00922_spk13.wav,번호는 오팔칠칠 칠사구육 구공삼삼 삼칠삼육입니다.,5877-7496-9033-3736,,male,spk13,probe_grp4x4,probe,1,4.16,16,4,4,sentence,grouped4,0.9558149178822836,0.02050800489697521,0.9463624954223633,0.9367954730987549,0.9842867851257324,0.9558149178822836
probe_00923_spk14.wav,/home/hye0n/projects/cnn-based-audio-pii-classification/src/cnn/data_probe/output/probe_00923_spk14.wav,번호는 삼사육육 구이오사 팔일이일 사칠팔오입니다.,3466-9254-8121-4785,,female,spk14,probe_grp4x4,probe,1,4.32,16,4,4,sentence,grouped4,0.9283700188000997,0.029086980892547992,0.9281898140907288,0.892836332321167,0.9640839099884033,0.9283700188000997
probe_00924_spk01.wav,/home/hye0n/projects/cnn-based-audio-pii-classification/src/cnn/data_probe/output/probe_00924_spk01.wav,번호는 삼구공칠 팔구오육 칠칠육육 오칠오사입니다.,3907-8956-7766-5754,,female,spk01,probe_grp4x4,probe,1,5.68,16,4,4,sentence,grouped4,0.888748029867808,0.07955523475758694,0.7822775840759277,0.910493791103363,0.9734727144241333,0.888748029867808
probe_00925_spk02.wav,/home/hye0n/projects/cnn-based-audio-pii-classification/src/cnn/data_probe/output/probe_00925_spk02.wav,번호는 육공이칠 삼사일오 일사팔팔 팔일사삼입니다.,6027-3415-1488-8143,,male,spk02,probe_grp4x4,probe,1,4.72,16,4,4,sentence,grouped4,0.9661552707354227,0.018223226074747224,0.9404610395431519,0.977275013923645,0.9807297587394714,0.9661552707354227
probe_00926_spk03.wav,/home/hye0n/projects/cnn-based-audio-pii-classification/src/cnn/data_probe/output/probe_00926_spk03.wav,번호는 일일일오 공팔삼오 삼오사사 사삼구이입니다.,1115-0835-3544-4392,,female,spk03,probe_grp4x4,probe,1,4.48,16,4,4,sentence,grouped4,0.9717394908269247,0.02128680852916162,0.9416513442993164,0.9876320362091064,0.9859350919723511,0.9717394908269247
probe_00927_spk04.wav,/home/hye0n/projects/cnn-based-audio-pii-classification/src/cnn/data_probe/output/probe_00927_spk04.wav,번호는 팔사공사 사오육육 구공칠팔 이육삼삼입니다.,8404-4566-9078-2633,,male,spk04,probe_grp4x4,probe,1,4.48,16,4,4,sentence,grouped4,0.9402276674906412,0.028880326952092958,0.8996774554252625,0.956275463104248,0.9647300839424133,0.9402276674906412
probe_00928_spk05.wav,/home/hye0n/projects/cnn-based-audio-pii-classification/src/cnn/data_probe/output/probe_00928_spk05.wav,번호는 삼칠삼팔 구팔칠칠 오일오삼 육육삼칠입니다.,3738-9877-5153-6637,,female,spk05,probe_grp4x4,probe,1,4.32,16,4,4,sentence,grouped4,0.9738711913426717,0.0008542951212185073,0.9744793772697449,0.9726630449295044,0.9744711518287659,0.9738711913426717
probe_00929_spk06.wav,/home/hye0n/projects/cnn-based-audio-pii-classification/src/cnn/data_probe/output/probe_00929_spk06.wav,번호는 칠팔공오 이구이사 공칠오오 삼육육육입니다.,7805-2924-0755-3666,,male,spk06,probe_grp4x4,probe,1,3.68,16,4,4,sentence,grouped4,0.6991049448649088,0.13297712739154507,0.5521451234817505,0.6709655523300171,0.874204158782959,0.6991049448649088
probe_00930_spk07.wav,/home/hye0n/projects/cnn-based-audio-pii-classification/src/cnn/data_probe/output/probe_00930_spk07.wav,번호는 팔사오구 공구공이 이오구구 구구육육입니다.,8459-0902-2599-9966,,female,spk07,probe_grp4x4,probe,1,4.08,16,4,4,sentence,grouped4,0.9405293067296346,0.049904565170416894,0.869956374168396,0.9763582944869995,0.9752732515335083,0.9405293067296346
probe_00931_spk08.wav,/home/hye0n/projects/cnn-based-audio-pii-classification/src/cnn/data_probe/output/probe_00931_spk08.wav,번호는 삼육일팔 육삼칠일 오구칠사 일이일팔입니다.,3618-6371-5974-1218,,male,spk08,probe_grp4x4,probe,1,5.12,16,4,4,sentence,grouped4,0.9502325057983398,0.03178029352692108,0.905562162399292,0.9682780504226685,0.9768573045730591,0.9502325057983398
probe_00932_spk09.wav,/home/hye0n/projects/cnn-based-audio-pii-classification/src/cnn/data_probe/output/probe_00932_spk09.wav,번호는 이공구칠 공이삼일 육사삼삼 사팔일칠입니다.,2097-0231-6433-4817,,female,spk09,probe_grp4x4,probe,1,4.32,16,4,4,sentence,grouped4,0.7058887879053751,0.061946445028280436,0.6647781729698181,0.7934402227401733,0.659447968006134,0.7058887879053751
probe_00933_spk10.wav,/home/hye0n/projects/cnn-based-audio-pii-classification/src/cnn/data_probe/output/probe_00933_spk10.wav,번호는 공오팔공 이오육육 이일이팔 육칠일육입니다.,0580-2566-2128-6716,,male,spk10,probe_grp4x4,probe,1,3.92,16,4,4,sentence,grouped4,0.9090657631556193,0.0404981788099458,0.9328886866569519,0.8520488142967224,0.9422597885131836,0.9090657631556193
probe_00934_spk11.wav,/home/hye0n/projects/cnn-based-audio-pii-classification/src/cnn/data_probe/output/probe_00934_spk11.wav,번호는 삼이삼사 육칠이구 구사구삼 팔칠사삼입니다.,3234-6729-9493-8743,,female,spk11,probe_grp4x4,probe,1,4.56,16,4,4,sentence,grouped4,0.8772538900375366,0.13253815387380122,0.6907407641410828,0.9866096377372742,0.9544112682342529,0.8772538900375366
probe_00935_spk12.wav,/home/hye0n/projects/cnn-based-audio-pii-classification/src/cnn/data_probe/output/probe_00935_spk12.wav,번호는 공이칠일 육구삼팔 오구칠칠 칠구공일입니다.,0271-6938-5977-7901,,male,spk12,probe_grp4x4,probe,1,3.92,16,4,4,sentence,grouped4,0.940125028292338,0.029309374153776036,0.8986754417419434,0.9607606530189514,0.9609389901161194,0.940125028292338
probe_00936_spk13.wav,/home/hye0n/projects/cnn-based-audio-pii-classification/src/cnn/data_probe/output/probe_00936_spk13.wav,번호는 사칠오사 육구이육 삼이구육 칠육이구입니다.,4754-6926-3296-7629,,male,spk13,probe_grp4x4,probe,1,3.6,16,4,4,sentence,grouped4,0.7893132170041403,0.13061443414967738,0.8105312585830688,0.619793713092804,0.9376146793365479,0.7893132170041403
probe_00937_spk14.wav,/home/hye0n/projects/cnn-based-audio-pii-classification/src/cnn/data_probe/output/probe_00937_spk14.wav,번호는 일육공삼 이사팔사 일삼칠육 팔일오일입니다.,1603-2484-1376-8151,,female,spk14,probe_grp4x4,probe,1,4.88,16,4,4,sentence,grouped4,0.9026392896970113,0.036924865717473755,0.8690600991249084,0.8847951292991638,0.9540626406669617,0.9026392896970113
probe_00938_spk01.wav,/home/hye0n/projects/cnn-based-audio-pii-classification/src/cnn/data_probe/output/probe_00938_spk01.wav,번호는 일팔오육 칠이사삼 팔공칠공 일칠육오입니다.,1856-7243-8070-1765,,female,spk01,probe_grp4x4,probe,1,4.8,16,4,4,sentence,grouped4,0.9816558957099915,0.015573159074832322,0.9596744179725647,0.9938281178474426,0.991465151309967,0.9816558957099915
probe_00939_spk02.wav,/home/hye0n/projects/cnn-based-audio-pii-classification/src/cnn/data_probe/output/probe_00939_spk02.wav,번호는 육삼육공 공사일이 오칠칠칠 일일팔삼입니다.,6360-0412-5777-1183,,male,spk02,probe_grp4x4,probe,1,5.04,16,4,4,sentence,grouped4,0.9573630491892496,0.016079578674975906,0.9350432753562927,0.9722912311553955,0.9647546410560608,0.9573630491892496
probe_00940_spk03.wav,/home/hye0n/projects/cnn-based-audio-pii-classification/src/cnn/data_probe/output/probe_00940_spk03.wav,번호는 칠이칠사 이이공구 일이사일 팔육이일입니다.,7274-2209-1241-8621,,female,spk03,probe_grp4x4,probe,1,4.8,16,4,4,sentence,grouped4,0.9779974420865377,0.018182876031685394,0.9524218440055847,0.9884739518165588,0.9930965304374695,0.9779974420865377
probe_00941_spk04.wav,/home/hye0n/projects/cnn-based-audio-pii-classification/src/cnn/data_probe/output/probe_00941_spk04.wav,번호는 공사이칠 오이삼공 팔삼칠공 팔일육사입니다.,0427-5230-8370-8164,,male,spk04,probe_grp4x4,probe,1,4.24,16,4,4,sentence,grouped4,0.9752533237139384,0.014833785587831286,0.955035388469696,0.9805158376693726,0.9902087450027466,0.9752533237139384
probe_00942_spk05.wav,/home/hye0n/projects/cnn-based-audio-pii-classification/src/cnn/data_probe/output/probe_00942_spk05.wav,번호는 칠공구공 공육삼삼 오삼삼일 공육공공입니다.,7090-0633-5331-0600,,female,spk05,probe_grp4x4,probe,1,4.56,16,4,4,sentence,grouped4,0.9728128512700399,0.01932727809065458,0.945920467376709,0.9820263981819153,0.9904916882514954,0.9728128512700399
probe_00943_spk06.wav,/home/hye0n/projects/cnn-based-audio-pii-classification/src/cnn/data_probe/output/probe_00943_spk06.wav,번호는 오삼일삼 일이이공 육팔일오 오팔삼구입니다.,5313-1220-6815-5839,,male,spk06,probe_grp4x4,probe,1,4.32,16,4,4,sentence,grouped4,0.9378055334091187,0.02181390665970063,0.9149447679519653,0.9312968850135803,0.9671749472618103,0.9378055334091187
probe_00944_spk07.wav,/home/hye0n/projects/cnn-based-audio-pii-classification/src/cnn/data_probe/output/probe_00944_spk07.wav,번호는 삼팔육육 일삼삼일 오오이공 육오공육입니다.,3866-1331-5520-6506,,female,spk07,probe_grp4x4,probe,1,4.4,16,4,4,sentence,grouped4,0.9603453079859415,0.020380495929028367,0.9351305365562439,0.9608610272407532,0.9850443601608276,0.9603453079859415
probe_00945_spk08.wav,/home/hye0n/projects/cnn-based-audio-pii-classification/src/cnn/data_probe/output/probe_00945_spk08.wav,번호는 삼칠삼일 사구오공 일삼육사 구칠일팔입니다.,3731-4950-1364-9718,,male,spk08,probe_grp4x4,probe,1,4.8,16,4,4,sentence,grouped4,0.9561885396639506,0.03155838271919696,0.9126177430152893,0.9696021676063538,0.9863457083702087,0.9561885396639506
probe_00946_spk09.wav,/home/hye0n/projects/cnn-based-audio-pii-classification/src/cnn/data_probe/output/probe_00946_spk09.wav,번호는 구이사일 구오육이 오이오칠 일오공구입니다.,9241-9562-5257-1509,,female,spk09,probe_grp4x4,probe,1,3.84,16,4,4,sentence,grouped4,0.9685151775677999,0.01701829067627286,0.9494744539260864,0.9652871489524841,0.9907839298248291,0.9685151775677999
probe_00947_spk10.wav,/home/hye0n/projects/cnn-based-audio-pii-classification/src/cnn/data_probe/output/probe_00947_spk10.wav,번호는 구칠육팔 삼팔구공 삼공구일 사삼육삼입니다.,9768-3890-3091-4363,,male,spk10,probe_grp4x4,probe,1,4.4,16,4,4,sentence,grouped4,0.9358779589335123,0.009345520191546016,0.9269280433654785,0.948775053024292,0.9319307804107666,0.9358779589335123
probe_00948_spk11.wav,/home/hye0n/projects/cnn-based-audio-pii-classification/src/cnn/data_probe/output/probe_00948_spk11.wav,번호는 구일공이 오칠사삼 이육삼공 삼구칠오입니다.,9102-5743-2630-3975,,female,spk11,probe_grp4x4,probe,1,4.72,16,4,4,sentence,grouped4,0.8226920962333679,0.1998398912514163,0.5407664179801941,0.9465550184249878,0.9807548522949219,0.8226920962333679
probe_00949_spk12.wav,/home/hye0n/projects/cnn-based-audio-pii-classification/src/cnn/data_probe/output/probe_00949_spk12.wav,번호는 이사오공 팔육사공 삼오오삼 삼팔공삼입니다.,2450-8640-3553-3803,,male,spk12,probe_grp4x4,probe,1,4.16,16,4,4,sentence,grouped4,0.9369521141052246,0.04628307005699223,0.8747737407684326,0.9503333568572998,0.9857492446899414,0.9369521141052246
probe_00950_spk13.wav,/home/hye0n/projects/cnn-based-audio-pii-classification/src/cnn/data_probe/output/probe_00950_spk13.wav,번호는 삼구육팔 오이칠공 일칠일삼 공이삼이입니다.,3968-5270-1713-0232,,male,spk13,probe_grp4x4,probe,1,3.92,16,4,4,sentence,grouped4,0.8292027711868286,0.07727892807372005,0.7224637866020203,0.8622463941574097,0.9028981328010559,0.8292027711868286
probe_00951_spk14.wav,/home/hye0n/projects/cnn-based-audio-pii-classification/src/cnn/data_probe/output/probe_00951_spk14.wav,번호는 일이구팔 삼삼팔일 육칠사이 삼삼육이입니다.,1298-3381-6742-3362,,female,spk14,probe_grp4x4,probe,1,3.68,16,4,4,sentence,grouped4,0.7182135184605917,0.10036456442672978,0.7758039236068726,0.5770702958106995,0.8017663359642029,0.7182135184605917
probe_00952_spk01.wav,/home/hye0n/projects/cnn-based-audio-pii-classification/src/cnn/data_probe/output/probe_00952_spk01.wav,번호는 구삼사사 구칠삼사 칠일오육 육이칠칠입니다.,9344-9734-7156-6277,,female,spk01,probe_grp4x4,probe,1,5.92,16,4,4,sentence,grouped4,0.9349952936172485,0.025887366851955286,0.8985321521759033,0.9560664296150208,0.9503872990608215,0.9349952936172485
probe_00953_spk02.wav,/home/hye0n/projects/cnn-based-audio-pii-classification/src/cnn/data_probe/output/probe_00953_spk02.wav,번호는 육팔구육 이칠공육 육일사구 팔이팔이입니다.,6896-2706-6149-8282,,male,spk02,probe_grp4x4,probe,1,4.72,16,4,4,sentence,grouped4,0.7244729399681091,0.14734877928199216,0.517376184463501,0.8080039620399475,0.8480386734008789,0.7244729399681091
probe_00954_spk03.wav,/home/hye0n/projects/cnn-based-audio-pii-classification/src/cnn/data_probe/output/probe_00954_spk03.wav,번호는 사육칠사 칠사육팔 구칠일오 이칠삼이입니다.,4674-7468-9715-2732,,female,spk03,probe_grp4x4,probe,1,4.56,16,4,4,sentence,grouped4,0.9686673084894816,0.015816446958245276,0.9502151012420654,0.9669445753097534,0.988842248916626,0.9686673084894816
probe_00955_spk04.wav,/home/hye0n/projects/cnn-based-audio-pii-classification/src/cnn/data_probe/output/probe_00955_spk04.wav,번호는 삼공공팔 오칠육육 육오육칠 사구일육입니다.,3008-5766-6567-4916,,male,spk04,probe_grp4x4,probe,1,4.56,16,4,4,sentence,grouped4,0.9872540235519409,0.012921192108711354,0.9690520763397217,0.9977523684501648,0.9949576258659363,0.9872540235519409
probe_00956_spk05.wav,/home/hye0n/projects/cnn-based-audio-pii-classification/src/cnn/data_probe/output/probe_00956_spk05.wav,번호는 공일육구 이삼육사 오팔칠오 공육육삼입니다.,0169-2364-5875-0663,,female,spk05,probe_grp4x4,probe,1,4.32,16,4,4,sentence,grouped4,0.9798685113588969,0.00997417324926275,0.9665390849113464,0.9825368523597717,0.9905295968055725,0.9798685113588969
probe_00957_spk06.wav,/home/hye0n/projects/cnn-based-audio-pii-classification/src/cnn/data_probe/output/probe_00957_spk06.wav,번호는 삼칠공오 공이사구 칠이사삼 구구이공입니다.,3705-0249-7243-9920,,male,spk06,probe_grp4x4,probe,1,4.0,16,4,4,sentence,grouped4,0.9798406759897867,0.021455421038569632,0.9495139122009277,0.9941565990447998,0.9958515167236328,0.9798406759897867
probe_00958_spk07.wav,/home/hye0n/projects/cnn-based-audio-pii-classification/src/cnn/data_probe/output/probe_00958_spk07.wav,번호는 일일육육 구일팔삼 육이육사 사팔팔육입니다.,1166-9183-6264-4886,,female,spk07,probe_grp4x4,probe,1,4.16,16,4,4,sentence,grouped4,0.9682070016860962,0.00828983534052227,0.972607433795929,0.9565961956977844,0.9754173755645752,0.9682070016860962
probe_00959_spk08.wav,/home/hye0n/projects/cnn-based-audio-pii-classification/src/cnn/data_probe/output/probe_00959_spk08.wav,번호는 구사육일 일구오이 사삼육사 공이칠공입니다.,9461-1952-4364-0270,,male,spk08,probe_grp4x4,probe,1,4.24,16,4,4,sentence,grouped4,0.9783058365186056,0.01739487363135465,0.9537058472633362,0.9906591176986694,0.990552544593811,0.9783058365186056
probe_00960_spk09.wav,/home/hye0n/projects/cnn-based-audio-pii-classification/src/cnn/data_probe/output/probe_00960_spk09.wav,번호는 일일육팔 육사육이 이오이이 삼칠이팔입니다.,1168-6462-2522-3728,,female,spk09,probe_grp4x4,probe,1,4.16,16,4,4,sentence,grouped4,0.9776586095492045,0.010303203075915897,0.9639801383018494,0.9888462424278259,0.9801494479179382,0.9776586095492045
probe_00961_spk10.wav,/home/hye0n/projects/cnn-based-audio-pii-classification/src/cnn/data_probe/output/probe_00961_spk10.wav,번호는 일칠구삼 이삼공이 삼사육칠 구일이일입니다.,1793-2302-3467-9121,,male,spk10,probe_grp4x4,probe,1,4.32,16,4,4,sentence,grouped4,0.9624027212460836,0.025645595085494462,0.9269813299179077,0.9733651876449585,0.9868616461753845,0.9624027212460836
probe_00962_spk11.wav,/home/hye0n/projects/cnn-based-audio-pii-classification/src/cnn/data_probe/output/probe_00962_spk11.wav,번호는 사일육일 사일오공 구삼칠칠 일공공사입니다.,4161-4150-9377-1004,,female,spk11,probe_grp4x4,probe,1,4.48,16,4,4,sentence,grouped4,0.9718769590059916,0.019481355586227787,0.9443748593330383,0.9870460033416748,0.9842100143432617,0.9718769590059916
probe_00963_spk12.wav,/home/hye0n/projects/cnn-based-audio-pii-classification/src/cnn/data_probe/output/probe_00963_spk12.wav,번호는 공구공일 삼팔공육 구팔사칠 칠오구육입니다.,0901-3806-9847-7596,,male,spk12,probe_grp4x4,probe,1,4.08,16,4,4,sentence,grouped4,0.9515641729036967,0.028516476611359493,0.9117510914802551,0.9659053683280945,0.9770360589027405,0.9515641729036967
probe_00964_spk13.wav,/home/hye0n/projects/cnn-based-audio-pii-classification/src/cnn/data_probe/output/probe_00964_spk13.wav,번호는 오오오오 삼오육육 구공오오 일공칠육입니다.,5555-3566-9055-1076,,male,spk13,probe_grp4x4,probe,1,3.84,16,4,4,sentence,grouped4,0.758156975110372,0.1507396646629343,0.5464538931846619,0.8423284888267517,0.8856885433197021,0.758156975110372
probe_00965_spk14.wav,/home/hye0n/projects/cnn-based-audio-pii-classification/src/cnn/data_probe/output/probe_00965_spk14.wav,번호는 이공구일 팔사삼오 칠구칠팔 육삼공오입니다.,2091-8435-7978-6305,,female,spk14,probe_grp4x4,probe,1,4.72,16,4,4,sentence,grouped4,0.9406765699386597,0.014203391252466212,0.9215508103370667,0.9555553197860718,0.9449235796928406,0.9406765699386597
probe_00966_spk01.wav,/home/hye0n/projects/cnn-based-audio-pii-classification/src/cnn/data_probe/output/probe_00966_spk01.wav,번호는 공오공오 칠삼구칠 육구일오 육칠일육입니다.,0505-7397-6915-6716,,female,spk01,probe_grp4x4,probe,1,4.8,16,4,4,sentence,grouped4,0.9705380201339722,0.010938020148011452,0.9552972912788391,0.975866973400116,0.9804497957229614,0.9705380201339722
probe_00967_spk02.wav,/home/hye0n/projects/cnn-based-audio-pii-classification/src/cnn/data_probe/output/probe_00967_spk02.wav,번호는 사구삼이 팔구팔공 이칠일사 팔칠이칠입니다.,4932-8980-2714-8727,,male,spk02,probe_grp4x4,probe,1,3.84,16,4,4,sentence,grouped4,0.8845667044321696,0.11587199074944952,0.7215206027030945,0.9802832007408142,0.9518963098526001,0.8845667044321696
probe_00968_spk03.wav,/home/hye0n/projects/cnn-based-audio-pii-classification/src/cnn/data_probe/output/probe_00968_spk03.wav,번호는 일칠팔삼 삼삼이일 일육공이 오육사삼입니다.,1783-3321-1602-5643,,female,spk03,probe_grp4x4,probe,1,4.88,16,4,4,sentence,grouped4,0.9190562764803568,0.032446683618492955,0.8731727600097656,0.9424542188644409,0.941541850566864,0.9190562764803568
probe_00969_spk04.wav,/home/hye0n/projects/cnn-based-audio-pii-classification/src/cnn/data_probe/output/probe_00969_spk04.wav,번호는 사칠일이 팔칠일오 삼구구일 오육육팔입니다.,4712-8715-3991-5668,,male,spk04,probe_grp4x4,probe,1,4.0,16,4,4,sentence,grouped4,0.9616978367169698,0.013367178830758013,0.9481788277626038,0.9799006581306458,0.9570140242576599,0.9616978367169698
probe_00970_spk05.wav,/home/hye0n/projects/cnn-based-audio-pii-classification/src/cnn/data_probe/output/probe_00970_spk05.wav,번호는 육삼삼사 일사일일 일오구삼 일구오이입니다.,6334-1411-1593-1952,,female,spk05,probe_grp4x4,probe,1,4.0,16,4,4,sentence,grouped4,0.9761120875676473,0.016623404061790928,0.9538474082946777,0.9807084202766418,0.9937804341316223,0.9761120875676473
probe_00971_spk06.wav,/home/hye0n/projects/cnn-based-audio-pii-classification/src/cnn/data_probe/output/probe_00971_spk06.wav,번호는 오육구공 사공구팔 삼육육오 오이팔구입니다.,5690-4098-3665-5289,,male,spk06,probe_grp4x4,probe,1,4.16,16,4,4,sentence,grouped4,0.9711799025535583,0.015693220143797423,0.9509194493293762,0.9734646677970886,0.9891555905342102,0.9711799025535583
probe_00972_spk07.wav,/home/hye0n/projects/cnn-based-audio-pii-classification/src/cnn/data_probe/output/probe_00972_spk07.wav,번호는 구삼일육 공팔칠오 이사삼칠 칠이구사입니다.,9316-0875-2437-7294,,female,spk07,probe_grp4x4,probe,1,4.72,16,4,4,sentence,grouped4,0.853624165058136,0.0688488797843025,0.7805507183074951,0.8344342708587646,0.9458875060081482,0.853624165058136
probe_00973_spk08.wav,/home/hye0n/projects/cnn-based-audio-pii-classification/src/cnn/data_probe/output/probe_00973_spk08.wav,번호는 이공구오 사팔일사 구칠삼칠 사육공오입니다.,2095-4814-9737-4605,,male,spk08,probe_grp4x4,probe,1,4.32,16,4,4,sentence,grouped4,0.9535350998242696,0.02443330774886261,0.9189823865890503,0.9710610508918762,0.9705618619918823,0.9535350998242696
probe_00974_spk09.wav,/home/hye0n/projects/cnn-based-audio-pii-classification/src/cnn/data_probe/output/probe_00974_spk09.wav,번호는 이삼삼공 이칠육사 이공팔육 오육칠오입니다.,2330-2764-2086-5675,,female,spk09,probe_grp4x4,probe,1,4.24,16,4,4,sentence,grouped4,0.9671774109204611,0.023252356506961083,0.9359813332557678,0.9737692475318909,0.9917816519737244,0.9671774109204611
probe_00975_spk10.wav,/home/hye0n/projects/cnn-based-audio-pii-classification/src/cnn/data_probe/output/probe_00975_spk10.wav,번호는 육육일팔 사사삼팔 육일이오 구공사칠입니다.,6618-4438-6125-9047,,male,spk10,probe_grp4x4,probe,1,4.0,16,4,4,sentence,grouped4,0.9462603529294332,0.010365472317820059,0.953668475151062,0.9316016435623169,0.9535109400749207,0.9462603529294332
probe_00976_spk11.wav,/home/hye0n/projects/cnn-based-audio-pii-classification/src/cnn/data_probe/output/probe_00976_spk11.wav,번호는 이구이칠 칠사이삼 삼삼공오 구일이육입니다.,2927-7423-3305-9126,,female,spk11,probe_grp4x4,probe,1,4.0,16,4,4,sentence,grouped4,0.9678722421328226,0.032923412500866146,0.9216293096542358,0.9862905144691467,0.9956969022750854,0.9678722421328226
probe_00977_spk12.wav,/home/hye0n/projects/cnn-based-audio-pii-classification/src/cnn/data_probe/output/probe_00977_spk12.wav,번호는 육이공일 오칠이공 일팔오구 육이육삼입니다.,6201-5720-1859-6263,,male,spk12,probe_grp4x4,probe,1,3.28,16,4,4,sentence,grouped4,0.3142234335343043,0.18555915265453476,0.30371466279029846,0.09239749610424042,0.546558141708374,0.3142234335343043
probe_00978_spk13.wav,/home/hye0n/projects/cnn-based-audio-pii-classification/src/cnn/data_probe/output/probe_00978_spk13.wav,번호는 공일삼육 칠사구이 육일칠육 사칠오공입니다.,0136-7492-6176-4750,,male,spk13,probe_grp4x4,probe,1,4.56,16,4,4,sentence,grouped4,0.6614748438199362,0.19756445656292873,0.39444565773010254,0.7237915992736816,0.8661872744560242,0.6614748438199362
probe_00979_spk14.wav,/home/hye0n/projects/cnn-based-audio-pii-classification/src/cnn/data_probe/output/probe_00979_spk14.wav,번호는 일일일일 칠팔삼공 구구구칠 사일구이입니다.,1111-7830-9997-4192,,female,spk14,probe_grp4x4,probe,1,4.48,16,4,4,sentence,grouped4,0.971985658009847,0.019464281201692954,0.9447697997093201,0.9820214509963989,0.989165723323822,0.971985658009847
probe_00980_spk01.wav,/home/hye0n/projects/cnn-based-audio-pii-classification/src/cnn/data_probe/output/probe_00980_spk01.wav,번호는 육칠육사 구이일오 일팔이육 공육팔팔입니다.,6764-9215-1826-0688,,female,spk01,probe_grp4x4,probe,1,4.56,16,4,4,sentence,grouped4,0.9730947812398275,0.011892255147261,0.957377552986145,0.9757702350616455,0.9861365556716919,0.9730947812398275
probe_00981_spk02.wav,/home/hye0n/projects/cnn-based-audio-pii-classification/src/cnn/data_probe/output/probe_00981_spk02.wav,번호는 팔칠일팔 구팔일삼 일이구이 공팔칠오입니다.,8718-9813-1292-0875,,male,spk02,probe_grp4x4,probe,1,4.0,16,4,4,sentence,grouped4,0.8716209332148234,0.03297794154632488,0.8741913437843323,0.8300075531005859,0.910663902759552,0.8716209332148234
probe_00982_spk03.wav,/home/hye0n/projects/cnn-based-audio-pii-classification/src/cnn/data_probe/output/probe_00982_spk03.wav,번호는 일공이구 삼이일팔 사공일일 팔사오팔입니다.,1029-3218-4011-8458,,female,spk03,probe_grp4x4,probe,1,4.88,16,4,4,sentence,grouped4,0.9769971172014872,0.021040750755267353,0.9472503066062927,0.9912261366844177,0.9925149083137512,0.9769971172014872
probe_00983_spk04.wav,/home/hye0n/projects/cnn-based-audio-pii-classification/src/cnn/data_probe/output/probe_00983_spk04.wav,번호는 이육공삼 사공팔사 팔칠이구 칠오팔오입니다.,2603-4084-8729-7585,,male,spk04,probe_grp4x4,probe,1,3.92,16,4,4,sentence,grouped4,0.9833170572916666,0.015216019701335657,0.9618064761161804,0.9935604333877563,0.9945842623710632,0.9833170572916666
probe_00984_spk05.wav,/home/hye0n/projects/cnn-based-audio-pii-classification/src/cnn/data_probe/output/probe_00984_spk05.wav,번호는 구팔팔삼 일공삼공 삼이사삼 이구팔삼입니다.,9883-1030-3243-2983,,female,spk05,probe_grp4x4,probe,1,4.4,16,4,4,sentence,grouped4,0.9635695815086365,0.014562644986794368,0.9535024166107178,0.9530437588691711,0.9841625690460205,0.9635695815086365
probe_00985_spk06.wav,/home/hye0n/projects/cnn-based-audio-pii-classification/src/cnn/data_probe/output/probe_00985_spk06.wav,번호는 구오사이 구육일팔 사사육이 육칠일사입니다.,9542-9618-4462-6714,,male,spk06,probe_grp4x4,probe,1,3.92,16,4,4,sentence,grouped4,0.9830210010210673,0.0027248444872778927,0.9808745384216309,0.9868658185005188,0.9813226461410522,0.9830210010210673
probe_00986_spk07.wav,/home/hye0n/projects/cnn-based-audio-pii-classification/src/cnn/data_probe/output/probe_00986_spk07.wav,번호는 육이팔삼 일사삼오 구팔구이 육이오육입니다.,6283-1435-9892-6256,,female,spk07,probe_grp4x4,probe,1,4.32,16,4,4,sentence,grouped4,0.8716833790143331,0.08061988285390269,0.8885741233825684,0.7655887603759766,0.9608872532844543,0.8716833790143331
probe_00987_spk08.wav,/home/hye0n/projects/cnn-based-audio-pii-classification/src/cnn/data_probe/output/probe_00987_spk08.wav,번호는 육공구삼 일사일팔 일팔육일 오일오오입니다.,6093-1418-1861-5155,,male,spk08,probe_grp4x4,probe,1,4.48,16,4,4,sentence,grouped4,0.964878777662913,0.029651758290324067,0.9229579567909241,0.9867467880249023,0.9849315881729126,0.964878777662913
probe_00988_spk09.wav,/home/hye0n/projects/cnn-based-audio-pii-classification/src/cnn/data_probe/output/probe_00988_spk09.wav,번호는 사이삼사 공일육삼 육일일이 팔사구칠입니다.,4234-0163-6112-8497,,female,spk09,probe_grp4x4,probe,1,4.0,16,4,4,sentence,grouped4,0.9628246625264486,0.01832727388816769,0.9469811320304871,0.9529821276664734,0.9885107278823853,0.9628246625264486
probe_00989_spk10.wav,/home/hye0n/projects/cnn-based-audio-pii-classification/src/cnn/data_probe/output/probe_00989_spk10.wav,번호는 일팔오구 사팔사구 일공이오 육이오팔입니다.,1859-4849-1025-6258,,male,spk10,probe_grp4x4,probe,1,3.76,16,4,4,sentence,grouped4,0.8086029092470804,0.08169022505819003,0.6947386264801025,0.882450520992279,0.8486195802688599,0.8086029092470804
probe_00990_spk11.wav,/home/hye0n/projects/cnn-based-audio-pii-classification/src/cnn/data_probe/output/probe_00990_spk11.wav,번호는 팔구육칠 구이사공 팔이이이 육구사공입니다.,8967-9240-8222-6940,,female,spk11,probe_grp4x4,probe,1,3.84,16,4,4,sentence,grouped4,0.9653011759122213,0.017067412589551488,0.9427588582038879,0.9691005349159241,0.9840441346168518,0.9653011759122213
probe_00991_spk12.wav,/home/hye0n/projects/cnn-based-audio-pii-classification/src/cnn/data_probe/output/probe_00991_spk12.wav,번호는 오삼구육 칠이칠오 칠팔사사 육팔삼사입니다.,5396-7275-7844-6834,,male,spk12,probe_grp4x4,probe,1,3.6,16,4,4,sentence,grouped4,0.7771556178728739,0.10042678245422829,0.6527617573738098,0.779998242855072,0.89870685338974,0.7771556178728739
probe_00992_spk13.wav,/home/hye0n/projects/cnn-based-audio-pii-classification/src/cnn/data_probe/output/probe_00992_spk13.wav,번호는 일사육오 일일일삼 일이구공 일사팔칠입니다.,1465-1113-1290-1487,,male,spk13,probe_grp4x4,probe,1,3.76,16,4,4,sentence,grouped4,0.8237980802853903,0.06785861335583362,0.7279093861579895,0.8750899434089661,0.8683949112892151,0.8237980802853903
probe_00993_spk14.wav,/home/hye0n/projects/cnn-based-audio-pii-classification/src/cnn/data_probe/output/probe_00993_spk14.wav,번호는 공육팔이 칠칠팔팔 일육공구 삼공육팔입니다.,0682-7788-1609-3068,,female,spk14,probe_grp4x4,probe,1,4.32,16,4,4,sentence,grouped4,0.9647088249524435,0.011773052649471333,0.9595158696174622,0.953605592250824,0.9810050129890442,0.9647088249524435
probe_00994_spk01.wav,/home/hye0n/projects/cnn-based-audio-pii-classification/src/cnn/data_probe/output/probe_00994_spk01.wav,번호는 오삼팔구 공구칠이 팔삼이일 오이팔오입니다.,5389-0972-8321-5285,,female,spk01,probe_grp4x4,probe,1,4.32,16,4,4,sentence,grouped4,0.9796983599662781,0.014479895904103295,0.9592567086219788,0.9909704923629761,0.9888678789138794,0.9796983599662781
probe_00995_spk02.wav,/home/hye0n/projects/cnn-based-audio-pii-classification/src/cnn/data_probe/output/probe_00995_spk02.wav,번호는 공육칠육 이오일오 삼팔일사 사칠사사입니다.,0676-2515-3814-4744,,male,spk02,probe_grp4x4,probe,1,4.64,16,4,4,sentence,grouped4,0.96930464108785,0.022496261342191466,0.9378933310508728,0.9893829226493835,0.9806376695632935,0.96930464108785
probe_00996_spk03.wav,/home/hye0n/projects/cnn-based-audio-pii-classification/src/cnn/data_probe/output/probe_00996_spk03.wav,번호는 삼공구육 삼사팔공 칠구칠공 오공구칠입니다.,3096-3480-7970-5097,,female,spk03,probe_grp4x4,probe,1,4.8,16,4,4,sentence,grouped4,0.9717093904813131,0.027532997553961908,0.932840883731842,0.9891365766525269,0.9931507110595703,0.9717093904813131
probe_00997_spk04.wav,/home/hye0n/projects/cnn-based-audio-pii-classification/src/cnn/data_probe/output/probe_00997_spk04.wav,번호는 오사오일 공오이육 오공일육 칠삼일팔입니다.,5451-0526-5016-7318,,male,spk04,probe_grp4x4,probe,1,5.28,16,4,4,sentence,grouped4,0.9405911564826965,0.030174737160588022,0.8996168971061707,0.9507533311843872,0.9714032411575317,0.9405911564826965
probe_00998_spk05.wav,/home/hye0n/projects/cnn-based-audio-pii-classification/src/cnn/data_probe/output/probe_00998_spk05.wav,번호는 팔이육일 칠공이사 삼칠육오 사오육이입니다.,8261-7024-3765-4562,,female,spk05,probe_grp4x4,probe,1,4.32,16,4,4,sentence,grouped4,0.8109685182571411,0.11187556375453764,0.6579383015632629,0.9222762584686279,0.8526909947395325,0.8109685182571411
probe_00999_spk06.wav,/home/hye0n/projects/cnn-based-audio-pii-classification/src/cnn/data_probe/output/probe_00999_spk06.wav,번호는 팔사일칠 칠이이오 육공오삼 일삼사공입니다.,8417-7225-6053-1340,,male,spk06,probe_grp4x4,probe,1,5.84,16,4,4,sentence,grouped4,0.9700732429822286,0.023733021888216525,0.936801552772522,0.9905340671539307,0.9828841090202332,0.9700732429822286
probe_01000_spk07.wav,/home/hye0n/projects/cnn-based-audio-pii-classification/src/cnn/data_probe/output/probe_01000_spk07.wav,이육육오.,2665,,female,spk07,probe_bare_4,probe,1,1.28,4,1,4,bare,continuous,0.22780278325080872,0.11084916316864582,0.10302332043647766,0.20801058411598206,0.37237444519996643,0.22780278325080872
probe_01001_spk08.wav,/home/hye0n/projects/cnn-based-audio-pii-classification/src/cnn/data_probe/output/probe_01001_spk08.wav,공이삼칠.,0237,,male,spk08,probe_bare_4,probe,1,1.36,4,1,4,bare,continuous,0.08012132470806439,0.05746337520444477,0.04164332523941994,0.037371277809143066,0.1613493710756302,0.08012132470806439
probe_01002_spk09.wav,/home/hye0n/projects/cnn-based-audio-pii-classification/src/cnn/data_probe/output/probe_01002_spk09.wav,사일육칠.,4167,,female,spk09,probe_bare_4,probe,1,1.44,4,1,4,bare,continuous,0.01820952755709489,0.006835712095523088,0.0152748366817832,0.011699960567057133,0.027653785422444344,0.01820952755709489
probe_01003_spk10.wav,/home/hye0n/projects/cnn-based-audio-pii-classification/src/cnn/data_probe/output/probe_01003_spk10.wav,팔칠이오.,8725,,male,spk10,probe_bare_4,probe,1,0.96,4,1,4,bare,continuous,0.17009188731511435,0.0870461792937619,0.08483405411243439,0.13581903278827667,0.28962257504463196,0.17009188731511435
probe_01004_spk11.wav,/home/hye0n/projects/cnn-based-audio-pii-classification/src/cnn/data_probe/output/probe_01004_spk11.wav,육팔육이.,6862,,female,spk11,probe_bare_4,probe,1,1.44,4,1,4,bare,continuous,0.12766793370246887,0.04394485437312668,0.08481039851903915,0.11012043803930283,0.18807296454906464,0.12766793370246887
probe_01005_spk12.wav,/home/hye0n/projects/cnn-based-audio-pii-classification/src/cnn/data_probe/output/probe_01005_spk12.wav,일일공이.,1102,,male,spk12,probe_bare_4,probe,1,0.8,4,1,4,bare,continuous,0.13295640299717584,0.07468238574039449,0.07108571380376816,0.0897621214389801,0.2380213737487793,0.13295640299717584
probe_01006_spk13.wav,/home/hye0n/projects/cnn-based-audio-pii-classification/src/cnn/data_probe/output/probe_01006_spk13.wav,이오팔공.,2580,,male,spk13,probe_bare_4,probe,1,1.2,4,1,4,bare,continuous,0.086063202470541,0.04840961678193797,0.04707995429635048,0.05681607127189636,0.15429358184337616,0.086063202470541
probe_01007_spk14.wav,/home/hye0n/projects/cnn-based-audio-pii-classification/src/cnn/data_probe/output/probe_01007_spk14.wav,삼공오육.,3056,,female,spk14,probe_bare_4,probe,1,1.36,4,1,4,bare,continuous,0.115070391446352,0.07802712199792258,0.055650923401117325,0.06425470858812332,0.22530554234981537,0.115070391446352
probe_01008_spk01.wav,/home/hye0n/projects/cnn-based-audio-pii-classification/src/cnn/data_probe/output/probe_01008_spk01.wav,구공육칠.,9067,,female,spk01,probe_bare_4,probe,1,1.36,4,1,4,bare,continuous,0.11439865703384082,0.06673913527247874,0.05979110673069954,0.075033999979496,0.2083708643913269,0.11439865703384082
probe_01009_spk02.wav,/home/hye0n/projects/cnn-based-audio-pii-classification/src/cnn/data_probe/output/probe_01009_spk02.wav,사사칠일.,4471,,male,spk02,probe_bare_4,probe,1,1.2,4,1,4,bare,continuous,0.1067244162162145,0.04964086963593321,0.06429784744977951,0.07949893921613693,0.17637646198272705,0.1067244162162145
probe_01010_spk03.wav,/home/hye0n/projects/cnn-based-audio-pii-classification/src/cnn/data_probe/output/probe_01010_spk03.wav,육삼구이.,6392,,female,spk03,probe_bare_4,probe,1,1.36,4,1,4,bare,continuous,0.03175190587838491,0.013227558530915423,0.024428699165582657,0.0205061137676239,0.050320904701948166,0.03175190587838491
probe_01011_spk04.wav,/home/hye0n/projects/cnn-based-audio-pii-classification/src/cnn/data_probe/output/probe_01011_spk04.wav,팔이삼사.,8234,,male,spk04,probe_bare_4,probe,1,0.96,4,1,4,bare,continuous,0.023882873977224033,0.009711605298381353,0.019717613235116005,0.014631446450948715,0.037299562245607376,0.023882873977224033
probe_01012_spk05.wav,/home/hye0n/projects/cnn-based-audio-pii-classification/src/cnn/data_probe/output/probe_01012_spk05.wav,일사삼육.,1436,,female,spk05,probe_bare_4,probe,1,1.12,4,1,4,bare,continuous,0.013742574490606785,0.00434735626197425,0.012707037851214409,0.009012009017169476,0.01950867660343647,0.013742574490606785
probe_01013_spk06.wav,/home/hye0n/projects/cnn-based-audio-pii-classification/src/cnn/data_probe/output/probe_01013_spk06.wav,삼칠일팔.,3718,,male,spk06,probe_bare_4,probe,1,5.44,4,1,4,bare,continuous,0.01405662763863802,0.0010993506594621733,0.015207063406705856,0.012575743719935417,0.014387075789272785,0.01405662763863802
probe_01014_spk07.wav,/home/hye0n/projects/cnn-based-audio-pii-classification/src/cnn/data_probe/output/probe_01014_spk07.wav,구이삼구.,9239,,female,spk07,probe_bare_4,probe,1,1.04,4,1,4,bare,continuous,0.04668956436216831,0.022644222748413014,0.03317262604832649,0.028306225314736366,0.07858984172344208,0.04668956436216831
probe_01015_spk08.wav,/home/hye0n/projects/cnn-based-audio-pii-classification/src/cnn/data_probe/output/probe_01015_spk08.wav,이삼일이.,2312,,male,spk08,probe_bare_4,probe,1,1.04,4,1,4,bare,continuous,0.2301261176665624,0.13100543147521992,0.12112826108932495,0.15488208830356598,0.41436800360679626,0.2301261176665624
probe_01016_spk09.wav,/home/hye0n/projects/cnn-based-audio-pii-classification/src/cnn/data_probe/output/probe_01016_spk09.wav,육공사삼.,6043,,female,spk09,probe_bare_4,probe,1,0.96,4,1,4,bare,continuous,0.053931936621665955,0.0231446435216796,0.03809535503387451,0.03704269230365753,0.08665776252746582,0.053931936621665955
probe_01017_spk10.wav,/home/hye0n/projects/cnn-based-audio-pii-classification/src/cnn/data_probe/output/probe_01017_spk10.wav,이육공구.,2609,,male,spk10,probe_bare_4,probe,1,0.88,4,1,4,bare,continuous,0.08295728887120883,0.04927705131210055,0.04702846333384514,0.04920921474695206,0.15263418853282928,0.08295728887120883
probe_01018_spk11.wav,/home/hye0n/projects/cnn-based-audio-pii-classification/src/cnn/data_probe/output/probe_01018_spk11.wav,삼일공육.,3106,,female,spk11,probe_bare_4,probe,1,1.04,4,1,4,bare,continuous,0.09691863879561424,0.05225261244166274,0.06461702287197113,0.055511150509119034,0.17062774300575256,0.09691863879561424
probe_01019_spk12.wav,/home/hye0n/projects/cnn-based-audio-pii-classification/src/cnn/data_probe/output/probe_01019_spk12.wav,육팔사삼.,6843,,male,spk12,probe_bare_4,probe,1,0.88,4,1,4,bare,continuous,0.03066413290798664,0.011605246569347723,0.023637380450963974,0.021332619711756706,0.04702239856123924,0.03066413290798664
probe_01020_spk13.wav,/home/hye0n/projects/cnn-based-audio-pii-classification/src/cnn/data_probe/output/probe_01020_spk13.wav,삼오육칠.,3567,,male,spk13,probe_bare_4,probe,1,1.28,4,1,4,bare,continuous,0.08263363192478816,0.03845865894242616,0.04976315423846245,0.061542194336652756,0.13659554719924927,0.08263363192478816
probe_01021_spk14.wav,/home/hye0n/projects/cnn-based-audio-pii-classification/src/cnn/data_probe/output/probe_01021_spk14.wav,공팔육공.,0860,,female,spk14,probe_bare_4,probe,1,1.2,4,1,4,bare,continuous,0.055963712433973946,0.022203776299837396,0.038170695304870605,0.0424533486366272,0.08726709336042404,0.055963712433973946
probe_01022_spk01.wav,/home/hye0n/projects/cnn-based-audio-pii-classification/src/cnn/data_probe/output/probe_01022_spk01.wav,사일사오.,4145,,female,spk01,probe_bare_4,probe,1,1.84,4,1,4,bare,continuous,0.03403999221821626,0.014062059273837437,0.029784101992845535,0.019344506785273552,0.052991367876529694,0.03403999221821626
probe_01023_spk02.wav,/home/hye0n/projects/cnn-based-audio-pii-classification/src/cnn/data_probe/output/probe_01023_spk02.wav,사오육삼.,4563,,male,spk02,probe_bare_4,probe,1,1.36,4,1,4,bare,continuous,0.05699143869181474,0.036175014080160516,0.036826588213443756,0.026355544105172157,0.10779218375682831,0.05699143869181474
probe_01024_spk03.wav,/home/hye0n/projects/cnn-based-audio-pii-classification/src/cnn/data_probe/output/probe_01024_spk03.wav,오공이공.,5020,,female,spk03,probe_bare_4,probe,1,1.04,4,1,4,bare,continuous,0.04474644300838312,0.02300142220967934,0.029336823150515556,0.027641862630844116,0.07726064324378967,0.04474644300838312
probe_01025_spk04.wav,/home/hye0n/projects/cnn-based-audio-pii-classification/src/cnn/data_probe/output/probe_01025_spk04.wav,공공오삼.,0053,,male,spk04,probe_bare_4,probe,1,1.6,4,1,4,bare,continuous,0.04492530164619287,0.020172204650276596,0.029139084741473198,0.032239943742752075,0.07339687645435333,0.04492530164619287
probe_01026_spk05.wav,/home/hye0n/projects/cnn-based-audio-pii-classification/src/cnn/data_probe/output/probe_01026_spk05.wav,사칠사구.,4749,,female,spk05,probe_bare_4,probe,1,1.36,4,1,4,bare,continuous,0.01442133883635203,0.0054678473339769785,0.012894118204712868,0.008620139211416245,0.02174975909292698,0.01442133883635203
probe_01027_spk06.wav,/home/hye0n/projects/cnn-based-audio-pii-classification/src/cnn/data_probe/output/probe_01027_spk06.wav,일육이사.,1624,,male,spk06,probe_bare_4,probe,1,0.88,4,1,4,bare,continuous,0.17357021073500314,0.11570911821878986,0.09605773538351059,0.08751954883337021,0.33713334798812866,0.17357021073500314
probe_01028_spk07.wav,/home/hye0n/projects/cnn-based-audio-pii-classification/src/cnn/data_probe/output/probe_01028_spk07.wav,칠오오사.,7554,,female,spk07,probe_bare_4,probe,1,0.96,4,1,4,bare,continuous,0.09476337830225627,0.07335599698054564,0.045335233211517334,0.04048822820186615,0.19846667349338531,0.09476337830225627
probe_01029_spk08.wav,/home/hye0n/projects/cnn-based-audio-pii-classification/src/cnn/data_probe/output/probe_01029_spk08.wav,일일공팔.,1108,,male,spk08,probe_bare_4,probe,1,1.04,4,1,4,bare,continuous,0.058764477570851646,0.030076372180349448,0.03930797800421715,0.0357365719974041,0.10124888271093369,0.058764477570851646
probe_01030_spk09.wav,/home/hye0n/projects/cnn-based-audio-pii-classification/src/cnn/data_probe/output/probe_01030_spk09.wav,이오오오.,2555,,female,spk09,probe_bare_4,probe,1,0.96,4,1,4,bare,continuous,0.430524821082751,0.24602881172690744,0.2153061479330063,0.301372766494751,0.7748955488204956,0.430524821082751
probe_01031_spk10.wav,/home/hye0n/projects/cnn-based-audio-pii-classification/src/cnn/data_probe/output/probe_01031_spk10.wav,구팔구오.,9895,,male,spk10,probe_bare_4,probe,1,0.72,4,1,4,bare,continuous,0.10840143511692683,0.05220198919763627,0.06472177803516388,0.07869868725538254,0.18178384006023407,0.10840143511692683
probe_01032_spk11.wav,/home/hye0n/projects/cnn-based-audio-pii-classification/src/cnn/data_probe/output/probe_01032_spk11.wav,삼사삼구.,3439,,female,spk11,probe_bare_4,probe,1,1.36,4,1,4,bare,continuous,0.029411941145857174,0.01375299766636707,0.022065119817852974,0.017489340156316757,0.048681363463401794,0.029411941145857174
probe_01033_spk12.wav,/home/hye0n/projects/cnn-based-audio-pii-classification/src/cnn/data_probe/output/probe_01033_spk12.wav,육일일이.,6112,,male,spk12,probe_bare_4,probe,1,0.72,4,1,4,bare,continuous,0.1663788581887881,0.07849554355353847,0.09427895396947861,0.1293293684720993,0.2755282521247864,0.1663788581887881
probe_01034_spk13.wav,/home/hye0n/projects/cnn-based-audio-pii-classification/src/cnn/data_probe/output/probe_01034_spk13.wav,구일공구.,9109,,male,spk13,probe_bare_4,probe,1,1.92,4,1,4,bare,continuous,0.031209900975227356,0.013798042337112766,0.021922538056969643,0.05071587115526199,0.020991293713450432,0.031209900975227356
probe_01035_spk14.wav,/home/hye0n/projects/cnn-based-audio-pii-classification/src/cnn/data_probe/output/probe_01035_spk14.wav,삼삼칠일.,3371,,female,spk14,probe_bare_4,probe,1,1.28,4,1,4,bare,continuous,0.07159880672891934,0.027416741256735898,0.04941785708069801,0.05514802783727646,0.11023053526878357,0.07159880672891934
probe_01036_spk01.wav,/home/hye0n/projects/cnn-based-audio-pii-classification/src/cnn/data_probe/output/probe_01036_spk01.wav,일팔구오.,1895,,female,spk01,probe_bare_4,probe,1,1.2,4,1,4,bare,continuous,0.044615913182497025,0.02475780150340759,0.027916492894291878,0.02631472982466221,0.07961651682853699,0.044615913182497025
probe_01037_spk02.wav,/home/hye0n/projects/cnn-based-audio-pii-classification/src/cnn/data_probe/output/probe_01037_spk02.wav,사칠삼팔.,4738,,male,spk02,probe_bare_4,probe,1,1.36,4,1,4,bare,continuous,0.08635813867052396,0.05256921892830784,0.04706581309437752,0.05134747177362442,0.16066113114356995,0.08635813867052396
probe_01038_spk03.wav,/home/hye0n/projects/cnn-based-audio-pii-classification/src/cnn/data_probe/output/probe_01038_spk03.wav,이공이삼.,2023,,female,spk03,probe_bare_4,probe,1,0.96,4,1,4,bare,continuous,0.04154454171657562,0.01954296033277713,0.027748962864279747,0.02770221419632435,0.06918244808912277,0.04154454171657562
probe_01039_spk04.wav,/home/hye0n/projects/cnn-based-audio-pii-classification/src/cnn/data_probe/output/probe_01039_spk04.wav,육팔사팔.,6848,,male,spk04,probe_bare_4,probe,1,1.28,4,1,4,bare,continuous,0.023502479307353497,0.008193666413287731,0.021534614264965057,0.0145970294252038,0.03437579423189163,0.023502479307353497
probe_01040_spk05.wav,/home/hye0n/projects/cnn-based-audio-pii-classification/src/cnn/data_probe/output/probe_01040_spk05.wav,오오칠일육일.,557161,,female,spk05,probe_bare_6,probe,1,1.76,6,1,6,bare,continuous,0.015636644326150417,0.005208092331100287,0.013825426809489727,0.010359538719058037,0.022724967449903488,0.015636644326150417
probe_01041_spk06.wav,/home/hye0n/projects/cnn-based-audio-pii-classification/src/cnn/data_probe/output/probe_01041_spk06.wav,칠육팔팔공이.,768802,,male,spk06,probe_bare_6,probe,1,1.28,6,1,6,bare,continuous,0.055818102012077965,0.02385273524767795,0.03853299096226692,0.03937384486198425,0.08954747021198273,0.055818102012077965
probe_01042_spk07.wav,/home/hye0n/projects/cnn-based-audio-pii-classification/src/cnn/data_probe/output/probe_01042_spk07.wav,구사이사공구.,942409,,female,spk07,probe_bare_6,probe,1,1.28,6,1,6,bare,continuous,0.023130124745269615,0.009468190344584406,0.020254667848348618,0.013242273591458797,0.035893432796001434,0.023130124745269615
probe_01043_spk08.wav,/home/hye0n/projects/cnn-based-audio-pii-classification/src/cnn/data_probe/output/probe_01043_spk08.wav,공삼육칠팔팔.,036788,,male,spk08,probe_bare_6,probe,1,1.84,6,1,6,bare,continuous,0.029142581547300022,0.012738861266832244,0.025968512520194054,0.015371821820735931,0.04608741030097008,0.029142581547300022
probe_01044_spk09.wav,/home/hye0n/projects/cnn-based-audio-pii-classification/src/cnn/data_probe/output/probe_01044_spk09.wav,일이칠팔육팔.,127868,,female,spk09,probe_bare_6,probe,1,1.44,6,1,6,bare,continuous,0.022799752031763394,0.006314305557993039,0.021323414519429207,0.015910929068922997,0.03116491250693798,0.022799752031763394
probe_01045_spk10.wav,/home/hye0n/projects/cnn-based-audio-pii-classification/src/cnn/data_probe/output/probe_01045_spk10.wav,육육구사삼이.,669432,,male,spk10,probe_bare_6,probe,1,1.28,6,1,6,bare,continuous,0.06626660997668903,0.032985076103445345,0.04052940756082535,0.04544218257069588,0.11282823979854584,0.06626660997668903
probe_01046_spk11.wav,/home/hye0n/projects/cnn-based-audio-pii-classification/src/cnn/data_probe/output/probe_01046_spk11.wav,공이구삼구공.,029390,,female,spk11,probe_bare_6,probe,1,1.44,6,1,6,bare,continuous,0.022815566509962082,0.008473942441299289,0.020234007388353348,0.013971593230962753,0.034241098910570145,0.022815566509962082
probe_01047_spk12.wav,/home/hye0n/projects/cnn-based-audio-pii-classification/src/cnn/data_probe/output/probe_01047_spk12.wav,팔칠팔팔사사.,878844,,male,spk12,probe_bare_6,probe,1,1.28,6,1,6,bare,continuous,0.009690276657541593,0.0017892376699747171,0.010548602789640427,0.00719967857003212,0.011322548612952232,0.009690276657541593
probe_01048_spk13.wav,/home/hye0n/projects/cnn-based-audio-pii-classification/src/cnn/data_probe/output/probe_01048_spk13.wav,삼사사팔일이.,344812,,male,spk13,probe_bare_6,probe,1,1.76,6,1,6,bare,continuous,0.02517057986309131,0.013143028075995869,0.018463637679815292,0.013511673547327518,0.04353642836213112,0.02517057986309131
probe_01049_spk14.wav,/home/hye0n/projects/cnn-based-audio-pii-classification/src/cnn/data_probe/output/probe_01049_spk14.wav,삼공팔삼사공.,308340,,female,spk14,probe_bare_6,probe,1,1.6,6,1,6,bare,continuous,0.02339915558695793,0.006744732174696325,0.019838031381368637,0.01751643419265747,0.03284300118684769,0.02339915558695793
probe_01050_spk01.wav,/home/hye0n/projects/cnn-based-audio-pii-classification/src/cnn/data_probe/output/probe_01050_spk01.wav,이사이사공삼.,242403,,female,spk01,probe_bare_6,probe,1,1.52,6,1,6,bare,continuous,0.06676546111702919,0.058457100852040415,0.028262672945857048,0.022660715505480766,0.14937299489974976,0.06676546111702919
probe_01051_spk02.wav,/home/hye0n/projects/cnn-based-audio-pii-classification/src/cnn/data_probe/output/probe_01051_spk02.wav,삼팔일공오구.,381059,,male,spk02,probe_bare_6,probe,1,1.44,6,1,6,bare,continuous,0.04451941264172395,0.022647023151175276,0.030662743374705315,0.02644122764468193,0.0764542669057846,0.04451941264172395
probe_01052_spk03.wav,/home/hye0n/projects/cnn-based-audio-pii-classification/src/cnn/data_probe/output/probe_01052_spk03.wav,오오일팔사이.,551842,,female,spk03,probe_bare_6,probe,1,1.44,6,1,6,bare,continuous,0.013625035683314005,0.003826756293964087,0.01363395620137453,0.008933781646192074,0.018307369202375412,0.013625035683314005
probe_01053_spk04.wav,/home/hye0n/projects/cnn-based-audio-pii-classification/src/cnn/data_probe/output/probe_01053_spk04.wav,육구사오공공.,694500,,male,spk04,probe_bare_6,probe,1,1.6,6,1,6,bare,continuous,0.029244488415618736,0.01589125639421565,0.021877752617001534,0.014540457166731358,0.05131525546312332,0.029244488415618736
probe_01054_spk05.wav,/home/hye0n/projects/cnn-based-audio-pii-classification/src/cnn/data_probe/output/probe_01054_spk05.wav,오삼사이사공.,534240,,female,spk05,probe_bare_6,probe,1,1.36,6,1,6,bare,continuous,0.009987368558843931,0.004051530422350159,0.008534600958228111,0.0059138098731637,0.01551369484513998,0.009987368558843931
probe_01055_spk06.wav,/home/hye0n/projects/cnn-based-audio-pii-classification/src/cnn/data_probe/output/probe_01055_spk06.wav,팔구일육사구.,891649,,male,spk06,probe_bare_6,probe,1,1.36,6,1,6,bare,continuous,0.010258714047571024,0.001974114863567766,0.0111890509724617,0.007513951510190964,0.012073139660060406,0.010258714047571024
probe_01056_spk07.wav,/home/hye0n/projects/cnn-based-audio-pii-classification/src/cnn/data_probe/output/probe_01056_spk07.wav,팔삼칠삼오사.,837354,,female,spk07,probe_bare_6,probe,1,1.6,6,1,6,bare,continuous,0.012257338501513004,0.003038031726960185,0.013312265276908875,0.008122964762151241,0.015336785465478897,0.012257338501513004
probe_01057_spk08.wav,/home/hye0n/projects/cnn-based-audio-pii-classification/src/cnn/data_probe/output/probe_01057_spk08.wav,삼구육이칠삼.,396273,,male,spk08,probe_bare_6,probe,1,1.76,6,1,6,bare,continuous,0.03913742117583752,0.019432424269938586,0.02739107981324196,0.023494405671954155,0.06652677804231644,0.03913742117583752
probe_01058_spk09.wav,/home/hye0n/projects/cnn-based-audio-pii-classification/src/cnn/data_probe/output/probe_01058_spk09.wav,육오이칠일칠.,652717,,female,spk09,probe_bare_6,probe,1,1.92,6,1,6,bare,continuous,0.11847599844137828,0.03733105996950881,0.08035530894994736,0.10590531677007675,0.16916736960411072,0.11847599844137828
probe_01059_spk10.wav,/home/hye0n/projects/cnn-based-audio-pii-classification/src/cnn/data_probe/output/probe_01059_spk10.wav,이칠이이삼구.,272239,,male,spk10,probe_bare_6,probe,1,1.68,6,1,6,bare,continuous,0.0727167862157027,0.022986118644784385,0.04752526059746742,0.06751977652311325,0.1031053215265274,0.0727167862157027
probe_01060_spk11.wav,/home/hye0n/projects/cnn-based-audio-pii-classification/src/cnn/data_probe/output/probe_01060_spk11.wav,칠이사공사이.,724042,,female,spk11,probe_bare_6,probe,1,1.92,6,1,6,bare,continuous,0.04660345862309138,0.024867927811535614,0.030938923358917236,0.027166925370693207,0.0817045271396637,0.04660345862309138
probe_01061_spk12.wav,/home/hye0n/projects/cnn-based-audio-pii-classification/src/cnn/data_probe/output/probe_01061_spk12.wav,이육구삼일이.,269312,,male,spk12,probe_bare_6,probe,1,1.2,6,1,6,bare,continuous,0.07095967481533687,0.03572942322239396,0.04533594101667404,0.04605608433485031,0.12148699909448624,0.07095967481533687
probe_01062_spk13.wav,/home/hye0n/projects/cnn-based-audio-pii-classification/src/cnn/data_probe/output/probe_01062_spk13.wav,일육삼칠육일.,163761,,male,spk13,probe_bare_6,probe,1,1.52,6,1,6,bare,continuous,0.01220538125683864,0.0030399832491166765,0.012715386226773262,0.00825346540659666,0.015647292137145996,0.01220538125683864
probe_01063_spk14.wav,/home/hye0n/projects/cnn-based-audio-pii-classification/src/cnn/data_probe/output/probe_01063_spk14.wav,팔이공구일육.,820916,,female,spk14,probe_bare_6,probe,1,1.52,6,1,6,bare,continuous,0.07901101435224216,0.05795859407843549,0.03766508772969246,0.03839218616485596,0.16097576916217804,0.07901101435224216
probe_01064_spk01.wav,/home/hye0n/projects/cnn-based-audio-pii-classification/src/cnn/data_probe/output/probe_01064_spk01.wav,육공일공공이.,601002,,female,spk01,probe_bare_6,probe,1,1.84,6,1,6,bare,continuous,0.276544248064359,0.15751647741601477,0.16055212914943695,0.16983896493911743,0.4992416501045227,0.276544248064359
probe_01065_spk02.wav,/home/hye0n/projects/cnn-based-audio-pii-classification/src/cnn/data_probe/output/probe_01065_spk02.wav,삼일사이구공.,314290,,male,spk02,probe_bare_6,probe,1,1.6,6,1,6,bare,continuous,0.061828628182411194,0.038812439696736194,0.03581163287162781,0.03298088163137436,0.11669337004423141,0.061828628182411194
probe_01066_spk03.wav,/home/hye0n/projects/cnn-based-audio-pii-classification/src/cnn/data_probe/output/probe_01066_spk03.wav,공일팔오일삼.,018513,,female,spk03,probe_bare_6,probe,1,1.28,6,1,6,bare,continuous,0.010266658073912064,0.0021132456066136826,0.010219665244221687,0.007702287752181292,0.012878021225333214,0.010266658073912064
probe_01067_spk04.wav,/home/hye0n/projects/cnn-based-audio-pii-classification/src/cnn/data_probe/output/probe_01067_spk04.wav,이칠구칠이사.,279724,,male,spk04,probe_bare_6,probe,1,1.44,6,1,6,bare,continuous,0.013303976505994797,0.0038700882011051124,0.013820752501487732,0.008326893672347069,0.01776428334414959,0.013303976505994797
probe_01068_spk05.wav,/home/hye0n/projects/cnn-based-audio-pii-classification/src/cnn/data_probe/output/probe_01068_spk05.wav,오칠이삼공팔.,572308,,female,spk05,probe_bare_6,probe,1,1.6,6,1,6,bare,continuous,0.00970911451925834,0.0018197434466641583,0.010435065254569054,0.007207928225398064,0.011484350077807903,0.00970911451925834
probe_01069_spk06.wav,/home/hye0n/projects/cnn-based-audio-pii-classification/src/cnn/data_probe/output/probe_01069_spk06.wav,사팔일공공일.,481001,,male,spk06,probe_bare_6,probe,1,1.2,6,1,6,bare,continuous,0.012335876623789469,0.0024081634545494277,0.011677799746394157,0.009771115146577358,0.015558714978396893,0.012335876623789469
probe_01070_spk07.wav,/home/hye0n/projects/cnn-based-audio-pii-classification/src/cnn/data_probe/output/probe_01070_spk07.wav,팔사일팔육이.,841862,,female,spk07,probe_bare_6,probe,1,1.28,6,1,6,bare,continuous,0.014953329538305601,0.002723050159599937,0.01329291332513094,0.012774423696100712,0.01879265159368515,0.014953329538305601
probe_01071_spk08.wav,/home/hye0n/projects/cnn-based-audio-pii-classification/src/cnn/data_probe/output/probe_01071_spk08.wav,공삼공삼육육.,030366,,male,spk08,probe_bare_6,probe,1,1.84,6,1,6,bare,continuous,0.03058170589307944,0.013293456253292207,0.02779347077012062,0.015874790027737617,0.04807685688138008,0.03058170589307944
probe_01072_spk09.wav,/home/hye0n/projects/cnn-based-audio-pii-classification/src/cnn/data_probe/output/probe_01072_spk09.wav,이오사삼육일.,254361,,female,spk09,probe_bare_6,probe,1,1.36,6,1,6,bare,continuous,0.018721147750814755,0.0059776033731615275,0.016206467524170876,0.012988859787583351,0.02696811594069004,0.018721147750814755
probe_01073_spk10.wav,/home/hye0n/projects/cnn-based-audio-pii-classification/src/cnn/data_probe/output/probe_01073_spk10.wav,칠이일삼일사.,721314,,male,spk10,probe_bare_6,probe,1,1.2,6,1,6,bare,continuous,0.013625461297730604,0.003338498090159777,0.012679238803684711,0.01009272038936615,0.018104424700140953,0.013625461297730604
probe_01074_spk11.wav,/home/hye0n/projects/cnn-based-audio-pii-classification/src/cnn/data_probe/output/probe_01074_spk11.wav,오일구오일오.,519515,,female,spk11,probe_bare_6,probe,1,1.68,6,1,6,bare,continuous,0.028640902290741604,0.011037455206595216,0.023403199389576912,0.01852543093264103,0.043994076550006866,0.028640902290741604
probe_01075_spk12.wav,/home/hye0n/projects/cnn-based-audio-pii-classification/src/cnn/data_probe/output/probe_01075_spk12.wav,일공구이이육.,109226,,male,spk12,probe_bare_6,probe,1,1.12,6,1,6,bare,continuous,0.022171671502292156,0.006965285378755404,0.019404936581850052,0.015367751009762287,0.03174232691526413,0.022171671502292156
probe_01076_spk13.wav,/home/hye0n/projects/cnn-based-audio-pii-classification/src/cnn/data_probe/output/probe_01076_spk13.wav,팔오구이육이.,859262,,male,spk13,probe_bare_6,probe,1,2.0,6,1,6,bare,continuous,0.01560172097136577,0.002067947859535061,0.01843591220676899,0.013560019433498383,0.014809231273829937,0.01560172097136577
probe_01077_spk14.wav,/home/hye0n/projects/cnn-based-audio-pii-classification/src/cnn/data_probe/output/probe_01077_spk14.wav,사구사오일사.,494514,,female,spk14,probe_bare_6,probe,1,1.84,6,1,6,bare,continuous,0.009520766790956259,0.002236329118621276,0.01077326014637947,0.006379525642842054,0.011409514583647251,0.009520766790956259
probe_01078_spk01.wav,/home/hye0n/projects/cnn-based-audio-pii-classification/src/cnn/data_probe/output/probe_01078_spk01.wav,칠오사일공이.,754102,,female,spk01,probe_bare_6,probe,1,1.68,6,1,6,bare,continuous,0.03900170450409254,0.0189095543581946,0.030150646343827248,0.021573150530457497,0.06528131663799286,0.03900170450409254
probe_01079_spk02.wav,/home/hye0n/projects/cnn-based-audio-pii-classification/src/cnn/data_probe/output/probe_01079_spk02.wav,이오이육칠칠.,252677,,male,spk02,probe_bare_6,probe,1,1.68,6,1,6,bare,continuous,0.025506910867989063,0.009483637633627551,0.023361146450042725,0.01511437352746725,0.038045212626457214,0.025506910867989063
probe_01080_spk03.wav,/home/hye0n/projects/cnn-based-audio-pii-classification/src/cnn/data_probe/output/probe_01080_spk03.wav,일일구육사이일오.,11964215,,female,spk03,probe_bare_8,probe,1,1.84,8,1,8,bare,continuous,0.007912660483270884,0.0018859048812493431,0.009897904470562935,0.005377618130296469,0.008462458848953247,0.007912660483270884
probe_01081_spk04.wav,/home/hye0n/projects/cnn-based-audio-pii-classification/src/cnn/data_probe/output/probe_01081_spk04.wav,이이육오오칠육칠.,22655767,,male,spk04,probe_bare_8,probe,1,1.92,8,1,8,bare,continuous,0.024855571798980236,0.008797417086872594,0.026949318125844002,0.013187776319682598,0.03442962095141411,0.024855571798980236
probe_01082_spk05.wav,/home/hye0n/projects/cnn-based-audio-pii-classification/src/cnn/data_probe/output/probe_01082_spk05.wav,육구오이삼육육팔.,69523668,,female,spk05,probe_bare_8,probe,1,1.92,8,1,8,bare,continuous,0.014116445556282997,0.0031301103258268835,0.014050396159291267,0.010316310450434685,0.01798263005912304,0.014116445556282997
probe_01083_spk06.wav,/home/hye0n/projects/cnn-based-audio-pii-classification/src/cnn/data_probe/output/probe_01083_spk06.wav,칠팔팔칠팔팔삼육.,78878836,,male,spk06,probe_bare_8,probe,1,1.6,8,1,8,bare,continuous,0.006609455682337284,0.0010952414004393213,0.007542499341070652,0.005072231870144606,0.007213635835796595,0.006609455682337284
probe_01084_spk07.wav,/home/hye0n/projects/cnn-based-audio-pii-classification/src/cnn/data_probe/output/probe_01084_spk07.wav,일구육팔구삼일삼.,19689313,,female,spk07,probe_bare_8,probe,1,2.32,8,1,8,bare,continuous,0.01869646490861972,0.00298522250839001,0.01784554496407509,0.01554082427173853,0.022703025490045547,0.01869646490861972
probe_01085_spk08.wav,/home/hye0n/projects/cnn-based-audio-pii-classification/src/cnn/data_probe/output/probe_01085_spk08.wav,오공삼공오팔칠이.,50305872,,male,spk08,probe_bare_8,probe,1,3.04,8,1,8,bare,continuous,0.06072659666339556,0.03001506762605082,0.04199305921792984,0.037106286734342575,0.10308044403791428,0.06072659666339556
probe_01086_spk09.wav,/home/hye0n/projects/cnn-based-audio-pii-classification/src/cnn/data_probe/output/probe_01086_spk09.wav,일공오오이사칠이.,10552472,,female,spk09,probe_bare_8,probe,1,1.84,8,1,8,bare,continuous,0.04988099696735541,0.018236524236499466,0.024216191843152046,0.06491443514823914,0.06051236391067505,0.04988099696735541
probe_01087_spk10.wav,/home/hye0n/projects/cnn-based-audio-pii-classification/src/cnn/data_probe/output/probe_01087_spk10.wav,팔육삼삼삼공이일.,86333021,,male,spk10,probe_bare_8,probe,1,2.64,8,1,8,bare,continuous,0.04798532028992971,0.014275239354701147,0.0344802625477314,0.041742321103811264,0.06773337721824646,0.04798532028992971
probe_01088_spk11.wav,/home/hye0n/projects/cnn-based-audio-pii-classification/src/cnn/data_probe/output/probe_01088_spk11.wav,이육공육오공일구.,26065019,,female,spk11,probe_bare_8,probe,1,2.32,8,1,8,bare,continuous,0.010391460110743841,0.003568571817991538,0.014244657941162586,0.00564232561737299,0.011287396773695946,0.010391460110743841
probe_01089_spk12.wav,/home/hye0n/projects/cnn-based-audio-pii-classification/src/cnn/data_probe/output/probe_01089_spk12.wav,일칠구이공이오이.,17920252,,male,spk12,probe_bare_8,probe,1,1.52,8,1,8,bare,continuous,0.011493097059428692,0.002259631809566847,0.011675344780087471,0.00863900501281023,0.014164941385388374,0.011493097059428692
probe_01090_spk13.wav,/home/hye0n/projects/cnn-based-audio-pii-classification/src/cnn/data_probe/output/probe_01090_spk13.wav,일삼일공구육이이.,13109622,,male,spk13,probe_bare_8,probe,1,2.24,8,1,8,bare,continuous,0.027598389113942783,0.0067694605972318635,0.021791009232401848,0.02391086146235466,0.03709329664707184,0.027598389113942783
probe_01091_spk14.wav,/home/hye0n/projects/cnn-based-audio-pii-classification/src/cnn/data_probe/output/probe_01091_spk14.wav,칠이팔사칠육오칠.,72847657,,female,spk14,probe_bare_8,probe,1,2.08,8,1,8,bare,continuous,0.026764774695038795,0.009325416329037923,0.02567857876420021,0.015925420448184013,0.03869032487273216,0.026764774695038795
probe_01092_spk01.wav,/home/hye0n/projects/cnn-based-audio-pii-classification/src/cnn/data_probe/output/probe_01092_spk01.wav,공사일이공공구이.,04120092,,female,spk01,probe_bare_8,probe,1,1.84,8,1,8,bare,continuous,0.07328692389031251,0.029761165743287805,0.031217100098729134,0.0932319164276123,0.0954117551445961,0.07328692389031251
probe_01093_spk02.wav,/home/hye0n/projects/cnn-based-audio-pii-classification/src/cnn/data_probe/output/probe_01093_spk02.wav,팔이공육육칠팔사.,82066784,,male,spk02,probe_bare_8,probe,1,1.68,8,1,8,bare,continuous,0.024450938838223617,0.00979507798711601,0.026295408606529236,0.01163905393332243,0.03541835397481918,0.024450938838223617
probe_01094_spk03.wav,/home/hye0n/projects/cnn-based-audio-pii-classification/src/cnn/data_probe/output/probe_01094_spk03.wav,구팔사삼육이사일.,98436241,,female,spk03,probe_bare_8,probe,1,1.68,8,1,8,bare,continuous,0.008509548070530096,0.0009814677773416723,0.00928605254739523,0.007124952971935272,0.009117638692259789,0.008509548070530096
probe_01095_spk04.wav,/home/hye0n/projects/cnn-based-audio-pii-classification/src/cnn/data_probe/output/probe_01095_spk04.wav,팔육이삼육구공삼.,86236903,,male,spk04,probe_bare_8,probe,1,1.76,8,1,8,bare,continuous,0.007245700961599748,0.0016340072034970452,0.007922133430838585,0.004993902053683996,0.008821067400276661,0.007245700961599748
probe_01096_spk05.wav,/home/hye0n/projects/cnn-based-audio-pii-classification/src/cnn/data_probe/output/probe_01096_spk05.wav,육이팔구일칠칠오.,62891775,,female,spk05,probe_bare_8,probe,1,1.68,8,1,8,bare,continuous,0.008639408896366755,0.0026963424000681804,0.008735902607440948,0.005289888009428978,0.011892436072230339,0.008639408896366755
probe_01097_spk06.wav,/home/hye0n/projects/cnn-based-audio-pii-classification/src/cnn/data_probe/output/probe_01097_spk06.wav,육육이공오육삼사.,66205634,,male,spk06,probe_bare_8,probe,1,1.92,8,1,8,bare,continuous,0.008150936725238958,0.001979635646475355,0.010347656905651093,0.005549496039748192,0.008555657230317593,0.008150936725238958
probe_01098_spk07.wav,/home/hye0n/projects/cnn-based-audio-pii-classification/src/cnn/data_probe/output/probe_01098_spk07.wav,일일일오구오공삼.,11159503,,female,spk07,probe_bare_8,probe,1,1.44,8,1,8,bare,continuous,0.02121294258783261,0.011168768162894359,0.014919912442564964,0.011813127435743809,0.036905787885189056,0.02121294258783261
probe_01099_spk08.wav,/home/hye0n/projects/cnn-based-audio-pii-classification/src/cnn/data_probe/output/probe_01099_spk08.wav,사이팔일일삼구공.,42811390,,male,spk08,probe_bare_8,probe,1,1.84,8,1,8,bare,continuous,0.035268694162368774,0.01661725498511067,0.030443279072642326,0.017763162031769753,0.057599641382694244,0.035268694162368774
probe_01100_spk09.wav,/home/hye0n/projects/cnn-based-audio-pii-classification/src/cnn/data_probe/output/probe_01100_spk09.wav,사삼팔삼공삼사일.,43830341,,female,spk09,probe_bare_8,probe,1,2.08,8,1,8,bare,continuous,0.012751562055200338,0.004222941377092229,0.014188944362103939,0.007012880872935057,0.01705286093056202,0.012751562055200338
probe_01101_spk10.wav,/home/hye0n/projects/cnn-based-audio-pii-classification/src/cnn/data_probe/output/probe_01101_spk10.wav,구구공구칠공공오.,99097005,,male,spk10,probe_bare_8,probe,1,2.08,8,1,8,bare,continuous,0.07934364676475525,0.0410820634049551,0.055007703602313995,0.045823268592357635,0.13719996809959412,0.07934364676475525
probe_01102_spk11.wav,/home/hye0n/projects/cnn-based-audio-pii-classification/src/cnn/data_probe/output/probe_01102_spk11.wav,일사공오사육팔삼.,14054683,,female,spk11,probe_bare_8,probe,1,2.48,8,1,8,bare,continuous,0.022112404617170494,0.006629627165441269,0.021884256973862648,0.01410928089171648,0.03034367598593235,0.022112404617170494
probe_01103_spk12.wav,/home/hye0n/projects/cnn-based-audio-pii-classification/src/cnn/data_probe/output/probe_01103_spk12.wav,오육오이일오육팔.,56521568,,male,spk12,probe_bare_8,probe,1,1.44,8,1,8,bare,continuous,0.014591655073066553,0.004778474912479265,0.01869538240134716,0.007890027947723866,0.01718955487012863,0.014591655073066553
probe_01104_spk13.wav,/home/hye0n/projects/cnn-based-audio-pii-classification/src/cnn/data_probe/output/probe_01104_spk13.wav,일팔이공구육칠구.,18209679,,male,spk13,probe_bare_8,probe,1,2.16,8,1,8,bare,continuous,0.03839955540994803,0.01866023311043771,0.025379590690135956,0.02503073401749134,0.0647883415222168,0.03839955540994803
probe_01105_spk14.wav,/home/hye0n/projects/cnn-based-audio-pii-classification/src/cnn/data_probe/output/probe_01105_spk14.wav,공사이이칠일일삼.,04227113,,female,spk14,probe_bare_8,probe,1,1.6,8,1,8,bare,continuous,0.01070934689293305,0.002878521127744062,0.010469939559698105,0.00730969849973917,0.014348402619361877,0.01070934689293305
probe_01106_spk01.wav,/home/hye0n/projects/cnn-based-audio-pii-classification/src/cnn/data_probe/output/probe_01106_spk01.wav,삼이이팔팔구팔오.,32288985,,female,spk01,probe_bare_8,probe,1,2.24,8,1,8,bare,continuous,0.12550612166523933,0.096345234854011,0.05396903306245804,0.06084837391972542,0.26170095801353455,0.12550612166523933
probe_01107_spk02.wav,/home/hye0n/projects/cnn-based-audio-pii-classification/src/cnn/data_probe/output/probe_01107_spk02.wav,칠이오사오구육공.,72545960,,male,spk02,probe_bare_8,probe,1,1.84,8,1,8,bare,continuous,0.04704933147877455,0.037615302792424025,0.029873577877879143,0.012035469524562359,0.09923894703388214,0.04704933147877455
probe_01108_spk03.wav,/home/hye0n/projects/cnn-based-audio-pii-classification/src/cnn/data_probe/output/probe_01108_spk03.wav,육삼삼구구일이구.,63399129,,female,spk03,probe_bare_8,probe,1,1.92,8,1,8,bare,continuous,0.01012758786479632,0.002918888725707959,0.011463149450719357,0.006077193655073643,0.012842420488595963,0.01012758786479632
probe_01109_spk04.wav,/home/hye0n/projects/cnn-based-audio-pii-classification/src/cnn/data_probe/output/probe_01109_spk04.wav,칠일공이사팔일칠.,71024817,,male,spk04,probe_bare_8,probe,1,1.76,8,1,8,bare,continuous,0.008433909776310125,0.0030238811177030643,0.007524861488491297,0.005269593093544245,0.012507274746894836,0.008433909776310125
probe_01110_spk05.wav,/home/hye0n/projects/cnn-based-audio-pii-classification/src/cnn/data_probe/output/probe_01110_spk05.wav,일칠오이사이일사.,17524214,,female,spk05,probe_bare_8,probe,1,2.0,8,1,8,bare,continuous,0.00870144615570704,0.0008551746304698224,0.007721901871263981,0.009805510751903057,0.008576925843954086,0.00870144615570704
probe_01111_spk06.wav,/home/hye0n/projects/cnn-based-audio-pii-classification/src/cnn/data_probe/output/probe_01111_spk06.wav,구오오일일이칠사.,95511274,,male,spk06,probe_bare_8,probe,1,1.68,8,1,8,bare,continuous,0.007229140494018793,0.0011821215893673617,0.007890081033110619,0.005568826105445623,0.008228514343500137,0.007229140494018793
probe_01112_spk07.wav,/home/hye0n/projects/cnn-based-audio-pii-classification/src/cnn/data_probe/output/probe_01112_spk07.wav,칠사칠이일구칠공.,74721970,,female,spk07,probe_bare_8,probe,1,1.92,8,1,8,bare,continuous,0.02154506246248881,0.0038082147369051713,0.016335269436240196,0.022967888042330742,0.025332029908895493,0.02154506246248881
probe_01113_spk08.wav,/home/hye0n/projects/cnn-based-audio-pii-classification/src/cnn/data_probe/output/probe_01113_spk08.wav,오사육육구이칠오.,54669275,,male,spk08,probe_bare_8,probe,1,1.6,8,1,8,bare,continuous,0.01920772468050321,0.005959976914902277,0.018793927505612373,0.012123974040150642,0.026705272495746613,0.01920772468050321
probe_01114_spk09.wav,/home/hye0n/projects/cnn-based-audio-pii-classification/src/cnn/data_probe/output/probe_01114_spk09.wav,팔구오오일육팔칠.,89551687,,female,spk09,probe_bare_8,probe,1,1.84,8,1,8,bare,continuous,0.040044885128736496,0.012011010619418198,0.023227516561746597,0.050522059202194214,0.04638507962226868,0.040044885128736496
probe_01115_spk10.wav,/home/hye0n/projects/cnn-based-audio-pii-classification/src/cnn/data_probe/output/probe_01115_spk10.wav,사공구공삼팔공이.,40903802,,male,spk10,probe_bare_8,probe,1,1.68,8,1,8,bare,continuous,0.01956773518274228,0.008815291963048876,0.0176949854940176,0.009830138646066189,0.031178081408143044,0.01956773518274228
probe_01116_spk11.wav,/home/hye0n/projects/cnn-based-audio-pii-classification/src/cnn/data_probe/output/probe_01116_spk11.wav,일사육이구육일삼.,14629613,,female,spk11,probe_bare_8,probe,1,2.08,8,1,8,bare,continuous,0.009287107114990553,0.0010116603012472597,0.00995729211717844,0.007857334800064564,0.010046694427728653,0.009287107114990553
probe_01117_spk12.wav,/home/hye0n/projects/cnn-based-audio-pii-classification/src/cnn/data_probe/output/probe_01117_spk12.wav,육칠일오칠칠팔칠.,67157787,,male,spk12,probe_bare_8,probe,1,1.84,8,1,8,bare,continuous,0.007588405317316453,0.0015448838081689475,0.00885635893791914,0.005413578357547522,0.008495278656482697,0.007588405317316453
probe_01118_spk13.wav,/home/hye0n/projects/cnn-based-audio-pii-classification/src/cnn/data_probe/output/probe_01118_spk13.wav,일일이일육육삼육.,11216636,,male,spk13,probe_bare_8,probe,1,1.52,8,1,8,bare,continuous,0.009195302613079548,0.002137631434600504,0.010677183046936989,0.006172427907586098,0.010736296884715557,0.009195302613079548
probe_01119_spk14.wav,/home/hye0n/projects/cnn-based-audio-pii-classification/src/cnn/data_probe/output/probe_01119_spk14.wav,오일오오구칠삼칠.,51559737,,female,spk14,probe_bare_8,probe,1,2.16,8,1,8,bare,continuous,0.04231412336230278,0.017749745341849803,0.04082852602005005,0.021356116980314255,0.06475772708654404,0.04231412336230278
probe_01120_spk01.wav,/home/hye0n/projects/cnn-based-audio-pii-classification/src/cnn/data_probe/output/probe_01120_spk01.wav,일사칠공팔이칠이삼오.,1470827235,,female,spk01,probe_bare_10,probe,1,2.32,10,1,10,bare,continuous,0.027322646230459213,0.008539734439828616,0.0273493230342865,0.016850337386131287,0.037768278270959854,0.027322646230459213
probe_01121_spk02.wav,/home/hye0n/projects/cnn-based-audio-pii-classification/src/cnn/data_probe/output/probe_01121_spk02.wav,구공구육공오육칠삼공.,9096056730,,male,spk02,probe_bare_10,probe,1,2.4,10,1,10,bare,continuous,0.04089175040523211,0.016521242821130395,0.03050343506038189,0.02796163223683834,0.0642101839184761,0.04089175040523211
probe_01122_spk03.wav,/home/hye0n/projects/cnn-based-audio-pii-classification/src/cnn/data_probe/output/probe_01122_spk03.wav,삼공육사사이일이일사.,3064421214,,female,spk03,probe_bare_10,probe,1,3.6,10,1,10,bare,continuous,0.012166257171581188,0.005429738749602009,0.011048429645597935,0.006145965773612261,0.01930437609553337,0.012166257171581188
probe_01123_spk04.wav,/home/hye0n/projects/cnn-based-audio-pii-classification/src/cnn/data_probe/output/probe_01123_spk04.wav,육일사칠육팔삼사이공.,6147683420,,male,spk04,probe_bare_10,probe,1,2.24,10,1,10,bare,continuous,0.016127054889996845,0.006368992882028655,0.011536700651049614,0.01171085424721241,0.025133609771728516,0.016127054889996845
probe_01124_spk05.wav,/home/hye0n/projects/cnn-based-audio-pii-classification/src/cnn/data_probe/output/probe_01124_spk05.wav,일육오사이삼오육칠칠.,1654235677,,female,spk05,probe_bare_10,probe,1,2.08,10,1,10,bare,continuous,0.026893135470648605,0.016171102394756318,0.017253251746296883,0.013753085397183895,0.04967306926846504,0.026893135470648605
probe_01125_spk06.wav,/home/hye0n/projects/cnn-based-audio-pii-classification/src/cnn/data_probe/output/probe_01125_spk06.wav,팔이육오구육공팔구삼.,8265960893,,male,spk06,probe_bare_10,probe,1,2.4,10,1,10,bare,continuous,0.012730369654794535,0.004323100762524248,0.016399571672081947,0.006660616025328636,0.015130921266973019,0.012730369654794535
probe_01126_spk07.wav,/home/hye0n/projects/cnn-based-audio-pii-classification/src/cnn/data_probe/output/probe_01126_spk07.wav,일구구이오오공이칠이.,1992550272,,female,spk07,probe_bare_10,probe,1,1.68,10,1,10,bare,continuous,0.02769018306086461,0.01124660344483611,0.027432678267359734,0.014046520926058292,0.041591349989175797,0.02769018306086461
probe_01127_spk08.wav,/home/hye0n/projects/cnn-based-audio-pii-classification/src/cnn/data_probe/output/probe_01127_spk08.wav,칠오일육사팔공칠이칠.,7516480727,,male,spk08,probe_bare_10,probe,1,2.56,10,1,10,bare,continuous,0.03419434962173303,0.005417382387725486,0.02728797309100628,0.04051956161856651,0.0347755141556263,0.03419434962173303
probe_01128_spk09.wav,/home/hye0n/projects/cnn-based-audio-pii-classification/src/cnn/data_probe/output/probe_01128_spk09.wav,구일공삼삼육팔이구육.,9103368296,,female,spk09,probe_bare_10,probe,1,2.32,10,1,10,bare,continuous,0.07560492431124051,0.03532454442809771,0.038109879940748215,0.06576352566480637,0.12294136732816696,0.07560492431124051
probe_01129_spk10.wav,/home/hye0n/projects/cnn-based-audio-pii-classification/src/cnn/data_probe/output/probe_01129_spk10.wav,삼오삼삼구공오오공사.,3533905504,,male,spk10,probe_bare_10,probe,1,2.56,10,1,10,bare,continuous,0.030123338103294373,0.015324956754228436,0.024180307984352112,0.015045151114463806,0.0511445552110672,0.030123338103294373
probe_01130_spk11.wav,/home/hye0n/projects/cnn-based-audio-pii-classification/src/cnn/data_probe/output/probe_01130_spk11.wav,사팔일칠칠육육오오팔.,4817766558,,female,spk11,probe_bare_10,probe,1,2.88,10,1,10,bare,continuous,0.028694266453385353,0.011728487800159127,0.03947637230157852,0.012387821450829506,0.03421860560774803,0.028694266453385353
probe_01131_spk12.wav,/home/hye0n/projects/cnn-based-audio-pii-classification/src/cnn/data_probe/output/probe_01131_spk12.wav,육팔오일이칠육오이팔.,6851276528,,male,spk12,probe_bare_10,probe,1,2.08,10,1,10,bare,continuous,0.009943852666765451,0.002687383390021354,0.013055194169282913,0.0064980206079781055,0.010278343223035336,0.009943852666765451
probe_01132_spk13.wav,/home/hye0n/projects/cnn-based-audio-pii-classification/src/cnn/data_probe/output/probe_01132_spk13.wav,구이팔육육사육사구일.,9286646491,,male,spk13,probe_bare_10,probe,1,2.32,10,1,10,bare,continuous,0.011151966483642658,0.003283943354636187,0.01350161712616682,0.00650787865743041,0.013446403667330742,0.011151966483642658
probe_01133_spk14.wav,/home/hye0n/projects/cnn-based-audio-pii-classification/src/cnn/data_probe/output/probe_01133_spk14.wav,일일일공구육일칠구팔.,1110961798,,female,spk14,probe_bare_10,probe,1,3.12,10,1,10,bare,continuous,0.0365110511581103,0.015145280443375556,0.05623483285307884,0.019417382776737213,0.03388093784451485,0.0365110511581103
probe_01134_spk01.wav,/home/hye0n/projects/cnn-based-audio-pii-classification/src/cnn/data_probe/output/probe_01134_spk01.wav,일칠팔구공사육삼삼칠.,1789046337,,female,spk01,probe_bare_10,probe,1,2.96,10,1,10,bare,continuous,0.047769857570528984,0.01417412109613521,0.02807079441845417,0.05440710857510567,0.060831669718027115,0.047769857570528984
probe_01135_spk02.wav,/home/hye0n/projects/cnn-based-audio-pii-classification/src/cnn/data_probe/output/probe_01135_spk02.wav,팔육일삼칠일오칠육육.,8613715766,,male,spk02,probe_bare_10,probe,1,2.72,10,1,10,bare,continuous,0.024091908087333042,0.004896677465054098,0.02913074754178524,0.017458640038967133,0.025686336681246758,0.024091908087333042
probe_01136_spk03.wav,/home/hye0n/projects/cnn-based-audio-pii-classification/src/cnn/data_probe/output/probe_01136_spk03.wav,공오삼팔사사사사육삼.,0538444463,,female,spk03,probe_bare_10,probe,1,2.56,10,1,10,bare,continuous,0.010103590786457062,0.002609633719678312,0.011306747794151306,0.006480490788817406,0.012523533776402473,0.010103590786457062
probe_01137_spk04.wav,/home/hye0n/projects/cnn-based-audio-pii-classification/src/cnn/data_probe/output/probe_01137_spk04.wav,공육공공공이오팔구오.,0600025895,,male,spk04,probe_bare_10,probe,1,2.8,10,1,10,bare,continuous,0.027507347986102104,0.0035803571778845,0.02468130551278591,0.025281887501478195,0.032558850944042206,0.027507347986102104
probe_01138_spk05.wav,/home/hye0n/projects/cnn-based-audio-pii-classification/src/cnn/data_probe/output/probe_01138_spk05.wav,오이구육삼팔육삼구육.,5296386396,,female,spk05,probe_bare_10,probe,1,2.0,10,1,10,bare,continuous,0.012099463182191053,0.0056547595332972315,0.010046523064374924,0.006432388909161091,0.019819477573037148,0.012099463182191053
probe_01139_spk06.wav,/home/hye0n/projects/cnn-based-audio-pii-classification/src/cnn/data_probe/output/probe_01139_spk06.wav,공구육이육이육오팔이.,0962626582,,male,spk06,probe_bare_10,probe,1,1.92,10,1,10,bare,continuous,0.01093285313496987,0.0019986900525724963,0.013043669052422047,0.008249414153397083,0.01150547619909048,0.01093285313496987
probe_01140_spk07.wav,/home/hye0n/projects/cnn-based-audio-pii-classification/src/cnn/data_probe/output/probe_01140_spk07.wav,육삼일이팔일구육사팔.,6312819648,,female,spk07,probe_bare_10,probe,1,2.16,10,1,10,bare,continuous,0.05621014162898064,0.057065221119406054,0.019045894965529442,0.012753782793879509,0.13683074712753296,0.05621014162898064
probe_01141_spk08.wav,/home/hye0n/projects/cnn-based-audio-pii-classification/src/cnn/data_probe/output/probe_01141_spk08.wav,이오삼일일공육공구이.,2531106092,,male,spk08,probe_bare_10,probe,1,2.16,10,1,10,bare,continuous,0.023940478761990864,0.012476807427480944,0.040376462042331696,0.010163716971874237,0.021281257271766663,0.023940478761990864
probe_01142_spk09.wav,/home/hye0n/projects/cnn-based-audio-pii-classification/src/cnn/data_probe/output/probe_01142_spk09.wav,공구팔일구육공이칠오.,0981960275,,female,spk09,probe_bare_10,probe,1,1.92,10,1,10,bare,continuous,0.024687834704915684,0.018966658775624416,0.015079021453857422,0.007804589346051216,0.05117989331483841,0.024687834704915684
probe_01143_spk10.wav,/home/hye0n/projects/cnn-based-audio-pii-classification/src/cnn/data_probe/output/probe_01143_spk10.wav,이삼삼사삼팔삼육사공.,2334383640,,male,spk10,probe_bare_10,probe,1,2.08,10,1,10,bare,continuous,0.009688837919384241,0.004135827379329648,0.015232091769576073,0.005301087629050016,0.008533334359526634,0.009688837919384241
probe_01144_spk11.wav,/home/hye0n/projects/cnn-based-audio-pii-classification/src/cnn/data_probe/output/probe_01144_spk11.wav,사일이공구일일칠구일.,4120911791,,female,spk11,probe_bare_10,probe,1,2.8,10,1,10,bare,continuous,0.01796592151125272,0.003000244125316664,0.013977907598018646,0.0187053345143795,0.021214522421360016,0.01796592151125272
probe_01145_spk12.wav,/home/hye0n/projects/cnn-based-audio-pii-classification/src/cnn/data_probe/output/probe_01145_spk12.wav,일이사사이일일칠오삼.,1244211753,,male,spk12,probe_bare_10,probe,1,1.76,10,1,10,bare,continuous,0.0077896749911208945,0.0017875078228939112,0.008522811345756054,0.005327955354005098,0.009518258273601532,0.0077896749911208945
probe_01146_spk13.wav,/home/hye0n/projects/cnn-based-audio-pii-classification/src/cnn/data_probe/output/probe_01146_spk13.wav,육일칠공육일칠일삼육.,6170617136,,male,spk13,probe_bare_10,probe,1,2.0,10,1,10,bare,continuous,0.011550579064836105,0.003227234953791348,0.013566980138421059,0.00699651287868619,0.014088244177401066,0.011550579064836105
probe_01147_spk14.wav,/home/hye0n/projects/cnn-based-audio-pii-classification/src/cnn/data_probe/output/probe_01147_spk14.wav,육오칠이이사공이구구.,6572240299,,female,spk14,probe_bare_10,probe,1,2.32,10,1,10,bare,continuous,0.11335567633310954,0.05141764834548324,0.14504635334014893,0.04083196818828583,0.15418870747089386,0.11335567633310954
probe_01148_spk01.wav,/home/hye0n/projects/cnn-based-audio-pii-classification/src/cnn/data_probe/output/probe_01148_spk01.wav,공일오오칠구구팔공이.,0155799802,,female,spk01,probe_bare_10,probe,1,2.8,10,1,10,bare,continuous,0.33733880519866943,0.29475811739562346,0.0710727870464325,0.19271233677864075,0.7482312917709351,0.33733880519866943
probe_01149_spk02.wav,/home/hye0n/projects/cnn-based-audio-pii-classification/src/cnn/data_probe/output/probe_01149_spk02.wav,팔사일삼구공팔공팔팔.,8413908088,,male,spk02,probe_bare_10,probe,1,2.64,10,1,10,bare,continuous,0.01591895365466674,0.008644733284781233,0.02707628533244133,0.0060121724382042885,0.014668403193354607,0.01591895365466674
probe_01150_spk03.wav,/home/hye0n/projects/cnn-based-audio-pii-classification/src/cnn/data_probe/output/probe_01150_spk03.wav,이삼오일삼공오이삼일.,2351305231,,female,spk03,probe_bare_10,probe,1,2.32,10,1,10,bare,continuous,0.019015501253306866,0.008441572895606562,0.0167051050812006,0.0100273871794343,0.030314011499285698,0.019015501253306866
probe_01151_spk04.wav,/home/hye0n/projects/cnn-based-audio-pii-classification/src/cnn/data_probe/output/probe_01151_spk04.wav,이사사칠삼일오팔사칠.,2447315847,,male,spk04,probe_bare_10,probe,1,2.48,10,1,10,bare,continuous,0.005586833693087101,0.002065264866320109,0.006071660201996565,0.0028500896878540516,0.007838751189410686,0.005586833693087101
probe_01152_spk05.wav,/home/hye0n/projects/cnn-based-audio-pii-classification/src/cnn/data_probe/output/probe_01152_spk05.wav,칠육팔육삼사이삼사육.,7686342346,,female,spk05,probe_bare_10,probe,1,2.0,10,1,10,bare,continuous,0.011851041112095118,0.004588121849550721,0.010450134053826332,0.007064748089760542,0.01803824119269848,0.011851041112095118
probe_01153_spk06.wav,/home/hye0n/projects/cnn-based-audio-pii-classification/src/cnn/data_probe/output/probe_01153_spk06.wav,일구구사이삼칠육칠육.,1994237676,,male,spk06,probe_bare_10,probe,1,2.0,10,1,10,bare,continuous,0.009402818667391935,0.0026099603665976495,0.010477466508746147,0.005807441659271717,0.011923547834157944,0.009402818667391935
probe_01154_spk07.wav,/home/hye0n/projects/cnn-based-audio-pii-classification/src/cnn/data_probe/output/probe_01154_spk07.wav,구사오구일구육육삼구.,9459196639,,female,spk07,probe_bare_10,probe,1,2.32,10,1,10,bare,continuous,0.036040338998039566,0.0036494727254291247,0.039254091680049896,0.03093606047332287,0.037930864840745926,0.036040338998039566
probe_01155_spk08.wav,/home/hye0n/projects/cnn-based-audio-pii-classification/src/cnn/data_probe/output/probe_01155_spk08.wav,오오일칠이공팔사구육.,5517208496,,male,spk08,probe_bare_10,probe,1,2.32,10,1,10,bare,continuous,0.01690969771395127,0.004778422644990369,0.02330142818391323,0.011814011260867119,0.01561365369707346,0.01690969771395127
probe_01156_spk09.wav,/home/hye0n/projects/cnn-based-audio-pii-classification/src/cnn/data_probe/output/probe_01156_spk09.wav,사구팔오육공일이오육.,4985601256,,female,spk09,probe_bare_10,probe,1,1.68,10,1,10,bare,continuous,0.014506883919239044,0.0046982330749723465,0.01323294173926115,0.00949647556990385,0.02079123444855213,0.014506883919239044
probe_01157_spk10.wav,/home/hye0n/projects/cnn-based-audio-pii-classification/src/cnn/data_probe/output/probe_01157_spk10.wav,이오삼일삼오오이오일.,2531355251,,male,spk10,probe_bare_10,probe,1,2.48,10,1,10,bare,continuous,0.015447744478782019,0.005546672277105556,0.01523641124367714,0.008762618526816368,0.022344203665852547,0.015447744478782019
probe_01158_spk11.wav,/home/hye0n/projects/cnn-based-audio-pii-classification/src/cnn/data_probe/output/probe_01158_spk11.wav,공오공오삼칠구오삼팔.,0505379538,,female,spk11,probe_bare_10,probe,1,3.84,10,1,10,bare,continuous,0.010142532332489887,0.0020324543200140755,0.012397684156894684,0.007471575867384672,0.010558336973190308,0.010142532332489887
probe_01159_spk12.wav,/home/hye0n/projects/cnn-based-audio-pii-classification/src/cnn/data_probe/output/probe_01159_spk12.wav,일육사구삼팔삼일팔사.,1649383184,,male,spk12,probe_bare_10,probe,1,2.48,10,1,10,bare,continuous,0.01208971751232942,0.005441013336248093,0.01826215721666813,0.005024467594921589,0.01298252772539854,0.01208971751232942
probe_01160_spk13.wav,/home/hye0n/projects/cnn-based-audio-pii-classification/src/cnn/data_probe/output/probe_01160_spk13.wav,구일구육육오오삼삼공칠칠.,919665533077,,male,spk13,probe_bare_12,probe,1,2.8,12,1,12,bare,continuous,0.05826811802883943,0.034550626233089424,0.01979757286608219,0.051414474844932556,0.10359230637550354,0.05826811802883943
probe_01161_spk14.wav,/home/hye0n/projects/cnn-based-audio-pii-classification/src/cnn/data_probe/output/probe_01161_spk14.wav,공사육일일칠이구오구육삼.,046117295963,,female,spk14,probe_bare_12,probe,1,2.8,12,1,12,bare,continuous,0.24663052087028822,0.1646611195107315,0.036564771085977554,0.4386933445930481,0.264633446931839,0.24663052087028822
probe_01162_spk01.wav,/home/hye0n/projects/cnn-based-audio-pii-classification/src/cnn/data_probe/output/probe_01162_spk01.wav,구공사공구공칠사이육공팔.,904090742608,,female,spk01,probe_bare_12,probe,1,2.88,12,1,12,bare,continuous,0.09760880842804909,0.03833970071031192,0.09365541487932205,0.05275413766503334,0.14641687273979187,0.09760880842804909
probe_01163_spk02.wav,/home/hye0n/projects/cnn-based-audio-pii-classification/src/cnn/data_probe/output/probe_01163_spk02.wav,팔공오공일칠일육사사오오.,805017164455,,male,spk02,probe_bare_12,probe,1,2.48,12,1,12,bare,continuous,0.0542145607372125,0.028369371943797777,0.023490138351917267,0.047233108431100845,0.09192043542861938,0.0542145607372125
probe_01164_spk03.wav,/home/hye0n/projects/cnn-based-audio-pii-classification/src/cnn/data_probe/output/probe_01164_spk03.wav,육일팔오칠구공육사칠칠일.,618579064771,,female,spk03,probe_bare_12,probe,1,2.72,12,1,12,bare,continuous,0.014242565569778284,0.004709222405156202,0.01173240877687931,0.010155406780540943,0.020839881151914597,0.014242565569778284
probe_01165_spk04.wav,/home/hye0n/projects/cnn-based-audio-pii-classification/src/cnn/data_probe/output/probe_01165_spk04.wav,오구일공삼공공이일오육삼.,591030021563,,male,spk04,probe_bare_12,probe,1,2.56,12,1,12,bare,continuous,0.07449934134880702,0.023310211154933744,0.05278196930885315,0.06387976557016373,0.10683628916740417,0.07449934134880702
probe_01166_spk05.wav,/home/hye0n/projects/cnn-based-audio-pii-classification/src/cnn/data_probe/output/probe_01166_spk05.wav,이일삼오팔공공사공일공사.,213580040104,,female,spk05,probe_bare_12,probe,1,3.52,12,1,12,bare,continuous,0.3632293293873469,0.23009449551705474,0.12718434631824493,0.2872742712497711,0.6752293705940247,0.3632293293873469
probe_01167_spk06.wav,/home/hye0n/projects/cnn-based-audio-pii-classification/src/cnn/data_probe/output/probe_01167_spk06.wav,일사오구육사이이구칠일이.,145964229712,,male,spk06,probe_bare_12,probe,1,2.4,12,1,12,bare,continuous,0.01237508375197649,0.004276251210839366,0.014542103745043278,0.006402043625712395,0.016181103885173798,0.01237508375197649
probe_01168_spk07.wav,/home/hye0n/projects/cnn-based-audio-pii-classification/src/cnn/data_probe/output/probe_01168_spk07.wav,오이구육칠일팔팔삼구칠칠.,529671883977,,female,spk07,probe_bare_12,probe,1,2.48,12,1,12,bare,continuous,0.03054597352941831,0.007216430403425992,0.03958345204591751,0.021921349689364433,0.030133118852972984,0.03054597352941831
probe_01169_spk08.wav,/home/hye0n/projects/cnn-based-audio-pii-classification/src/cnn/data_probe/output/probe_01169_spk08.wav,사오칠삼일사사일오팔삼삼.,457314415833,,male,spk08,probe_bare_12,probe,1,3.68,12,1,12,bare,continuous,0.11339949692289035,0.04290619738166354,0.05307384207844734,0.14922131597995758,0.1379033327102661,0.11339949692289035
probe_01170_spk09.wav,/home/hye0n/projects/cnn-based-audio-pii-classification/src/cnn/data_probe/output/probe_01170_spk09.wav,일일칠공삼공삼칠육삼칠일.,117030376371,,female,spk09,probe_bare_12,probe,1,3.52,12,1,12,bare,continuous,0.6008045176664988,0.17357171510737981,0.3553737699985504,0.7198427319526672,0.7271970510482788,0.6008045176664988
probe_01171_spk10.wav,/home/hye0n/projects/cnn-based-audio-pii-classification/src/cnn/data_probe/output/probe_01171_spk10.wav,오삼구팔팔오사칠이팔일이.,539885472812,,male,spk10,probe_bare_12,probe,1,2.56,12,1,12,bare,continuous,0.018802480151255924,0.004894285535007627,0.02298787422478199,0.011935591697692871,0.021483974531292915,0.018802480151255924
probe_01172_spk11.wav,/home/hye0n/projects/cnn-based-audio-pii-classification/src/cnn/data_probe/output/probe_01172_spk11.wav,삼오육칠구팔삼육삼일사육.,356798363146,,female,spk11,probe_bare_12,probe,1,3.6,12,1,12,bare,continuous,0.13497912511229515,0.1128833729760891,0.042507801204919815,0.06851707398891449,0.29391250014305115,0.13497912511229515
probe_01173_spk12.wav,/home/hye0n/projects/cnn-based-audio-pii-classification/src/cnn/data_probe/output/probe_01173_spk12.wav,이사구일이칠일일삼공칠이.,249127113072,,male,spk12,probe_bare_12,probe,1,1.92,12,1,12,bare,continuous,0.007399584787587325,0.0013943348106501103,0.008364653214812279,0.005427843891084194,0.008406257256865501,0.007399584787587325
probe_01174_spk13.wav,/home/hye0n/projects/cnn-based-audio-pii-classification/src/cnn/data_probe/output/probe_01174_spk13.wav,사공칠팔칠오사일팔일오육.,407875418156,,male,spk13,probe_bare_12,probe,1,2.24,12,1,12,bare,continuous,0.016470096074044704,0.006446165141481396,0.017823118716478348,0.007986116223037243,0.023601053282618523,0.016470096074044704
probe_01175_spk14.wav,/home/hye0n/projects/cnn-based-audio-pii-classification/src/cnn/data_probe/output/probe_01175_spk14.wav,삼이육팔육팔오공칠사오일.,326868507451,,female,spk14,probe_bare_12,probe,1,2.8,12,1,12,bare,continuous,0.03367343917489052,0.005507788145628424,0.028537634760141373,0.04131295159459114,0.03116973116993904,0.03367343917489052
probe_01176_spk01.wav,/home/hye0n/projects/cnn-based-audio-pii-classification/src/cnn/data_probe/output/probe_01176_spk01.wav,공육육삼사삼육이구사팔구.,066343629489,,female,spk01,probe_bare_12,probe,1,3.04,12,1,12,bare,continuous,0.052098099452753864,0.031375914084385496,0.05954032018780708,0.010493853129446507,0.086260125041008,0.052098099452753864
probe_01177_spk02.wav,/home/hye0n/projects/cnn-based-audio-pii-classification/src/cnn/data_probe/output/probe_01177_spk02.wav,칠팔육일공삼일삼일공공구.,786103131009,,male,spk02,probe_bare_12,probe,1,2.88,12,1,12,bare,continuous,0.03518483228981495,0.008071557660122504,0.02703707106411457,0.03233516216278076,0.046182263642549515,0.03518483228981495
probe_01178_spk03.wav,/home/hye0n/projects/cnn-based-audio-pii-classification/src/cnn/data_probe/output/probe_01178_spk03.wav,사삼일팔일사삼구육육육일.,431814396661,,female,spk03,probe_bare_12,probe,1,3.52,12,1,12,bare,continuous,0.07706301969786485,0.0411594130126854,0.08112500607967377,0.024745138362050056,0.12531891465187073,0.07706301969786485
probe_01179_spk04.wav,/home/hye0n/projects/cnn-based-audio-pii-classification/src/cnn/data_probe/output/probe_01179_spk04.wav,삼사칠삼이삼오사구사공일.,347323549401,,male,spk04,probe_bare_12,probe,1,2.8,12,1,12,bare,continuous,0.030553291862209637,0.002641710001575088,0.030130520462989807,0.03397931531071663,0.027550039812922478,0.030553291862209637
probe_01180_spk05.wav,/home/hye0n/projects/cnn-based-audio-pii-classification/src/cnn/data_probe/output/probe_01180_spk05.wav,이팔구칠사삼이오일이이오.,289743251225,,female,spk05,probe_bare_12,probe,1,2.0,12,1,12,bare,continuous,0.034278858763476215,0.028581553695264907,0.012364589609205723,0.015822026878595352,0.07464995980262756,0.034278858763476215
probe_01181_spk06.wav,/home/hye0n/projects/cnn-based-audio-pii-classification/src/cnn/data_probe/output/probe_01181_spk06.wav,칠이공칠육오공이사일이공.,720765024120,,male,spk06,probe_bare_12,probe,1,2.8,12,1,12,bare,continuous,0.00926357057566444,0.002918268900674804,0.011904506012797356,0.005196553189307451,0.010689652524888515,0.00926357057566444
probe_01182_spk07.wav,/home/hye0n/projects/cnn-based-audio-pii-classification/src/cnn/data_probe/output/probe_01182_spk07.wav,구오칠구공칠삼칠일공공구.,957907371009,,female,spk07,probe_bare_12,probe,1,2.96,12,1,12,bare,continuous,0.08824807157119115,0.037497099758865504,0.05989706516265869,0.06361360102891922,0.14123354852199554,0.08824807157119115
probe_01183_spk08.wav,/home/hye0n/projects/cnn-based-audio-pii-classification/src/cnn/data_probe/output/probe_01183_spk08.wav,사삼팔팔이이일일사오칠칠.,438822114577,,male,spk08,probe_bare_12,probe,1,2.64,12,1,12,bare,continuous,0.08539448554317157,0.03592095016991219,0.03554585948586464,0.10184484720230103,0.11879274994134903,0.08539448554317157
probe_01184_spk09.wav,/home/hye0n/projects/cnn-based-audio-pii-classification/src/cnn/data_probe/output/probe_01184_spk09.wav,오팔사칠사오칠공오사오팔.,584745705458,,female,spk09,probe_bare_12,probe,1,2.72,12,1,12,bare,continuous,0.0098542181464533,0.0033498311065836514,0.01082348171621561,0.005353686865419149,0.013385485857725143,0.0098542181464533
probe_01185_spk10.wav,/home/hye0n/projects/cnn-based-audio-pii-classification/src/cnn/data_probe/output/probe_01185_spk10.wav,구칠일사팔공이육삼이오칠.,971480263257,,male,spk10,probe_bare_12,probe,1,2.32,12,1,12,bare,continuous,0.007027095494170983,0.0022419744491062234,0.009840293787419796,0.004353961441665888,0.006887031253427267,0.007027095494170983
probe_01186_spk11.wav,/home/hye0n/projects/cnn-based-audio-pii-classification/src/cnn/data_probe/output/probe_01186_spk11.wav,공삼구육오삼일삼육일사팔.,039653136148,,female,spk11,probe_bare_12,probe,1,3.36,12,1,12,bare,continuous,0.0227812093993028,0.011596087713240373,0.024313421919941902,0.007874978706240654,0.036155227571725845,0.0227812093993028
probe_01187_spk12.wav,/home/hye0n/projects/cnn-based-audio-pii-classification/src/cnn/data_probe/output/probe_01187_spk12.wav,칠팔이사오오육구육사사삼.,782455696443,,male,spk12,probe_bare_12,probe,1,2.4,12,1,12,bare,continuous,0.049649291982253395,0.04122677051380583,0.028726954013109207,0.01298125833272934,0.10723966360092163,0.049649291982253395
probe_01188_spk13.wav,/home/hye0n/projects/cnn-based-audio-pii-classification/src/cnn/data_probe/output/probe_01188_spk13.wav,공구팔오구일육칠구오사일.,098591679541,,male,spk13,probe_bare_12,probe,1,2.48,12,1,12,bare,continuous,0.01933511160314083,0.00745449270072735,0.01642410084605217,0.012015726417303085,0.029565507546067238,0.01933511160314083
probe_01189_spk14.wav,/home/hye0n/projects/cnn-based-audio-pii-classification/src/cnn/data_probe/output/probe_01189_spk14.wav,공칠이칠이팔사구팔이사칠.,072728498247,,female,spk14,probe_bare_12,probe,1,2.72,12,1,12,bare,continuous,0.054320563562214375,0.05073581610672779,0.023077309131622314,0.01400402095168829,0.12588036060333252,0.054320563562214375
probe_01190_spk01.wav,/home/hye0n/projects/cnn-based-audio-pii-classification/src/cnn/data_probe/output/probe_01190_spk01.wav,사일사공칠공삼사구일공칠.,414070349107,,female,spk01,probe_bare_12,probe,1,3.28,12,1,12,bare,continuous,0.10106353958447774,0.04714583341529031,0.07586651295423508,0.060202471911907196,0.16712163388729095,0.10106353958447774
probe_01191_spk02.wav,/home/hye0n/projects/cnn-based-audio-pii-classification/src/cnn/data_probe/output/probe_01191_spk02.wav,사공육오공공사이오사팔팔.,406500425488,,male,spk02,probe_bare_12,probe,1,3.2,12,1,12,bare,continuous,0.08660432323813438,0.06086413957640004,0.03994857147336006,0.04728959500789642,0.17257480323314667,0.08660432323813438
probe_01192_spk03.wav,/home/hye0n/projects/cnn-based-audio-pii-classification/src/cnn/data_probe/output/probe_01192_spk03.wav,이일사이삼육구일사삼공칠.,214236914307,,female,spk03,probe_bare_12,probe,1,2.56,12,1,12,bare,continuous,0.09843028336763382,0.045301736300038274,0.03436564654111862,0.13005924224853516,0.13086596131324768,0.09843028336763382
probe_01193_spk04.wav,/home/hye0n/projects/cnn-based-audio-pii-classification/src/cnn/data_probe/output/probe_01193_spk04.wav,오삼육육육일사사구사이구.,536661449429,,male,spk04,probe_bare_12,probe,1,2.72,12,1,12,bare,continuous,0.40400050580501556,0.24005946470249548,0.14437390863895416,0.34437161684036255,0.72325599193573,0.40400050580501556
probe_01194_spk05.wav,/home/hye0n/projects/cnn-based-audio-pii-classification/src/cnn/data_probe/output/probe_01194_spk05.wav,육오구이삼사이육팔삼사사.,659234268344,,female,spk05,probe_bare_12,probe,1,3.12,12,1,12,bare,continuous,0.02845411530385415,0.00955927472063899,0.015530695207417011,0.031479474157094955,0.038352176547050476,0.02845411530385415
probe_01195_spk06.wav,/home/hye0n/projects/cnn-based-audio-pii-classification/src/cnn/data_probe/output/probe_01195_spk06.wav,일사구칠팔이육육일이팔칠.,149782661287,,male,spk06,probe_bare_12,probe,1,3.2,12,1,12,bare,continuous,0.027896593635280926,0.007850056128724128,0.02958240546286106,0.017550867050886154,0.036556508392095566,0.027896593635280926
probe_01196_spk07.wav,/home/hye0n/projects/cnn-based-audio-pii-classification/src/cnn/data_probe/output/probe_01196_spk07.wav,오팔오칠오육칠육육칠공팔.,585756766708,,female,spk07,probe_bare_12,probe,1,2.56,12,1,12,bare,continuous,0.07973618681232135,0.026714501461114055,0.07053005695343018,0.05260705575346947,0.11607144773006439,0.07973618681232135
probe_01197_spk08.wav,/home/hye0n/projects/cnn-based-audio-pii-classification/src/cnn/data_probe/output/probe_01197_spk08.wav,공육일이구사삼구팔오이구.,061294398529,,male,spk08,probe_bare_12,probe,1,2.64,12,1,12,bare,continuous,0.021014815817276638,0.007604421582450967,0.02945081517100334,0.011020461097359657,0.02257317118346691,0.021014815817276638
probe_01198_spk09.wav,/home/hye0n/projects/cnn-based-audio-pii-classification/src/cnn/data_probe/output/probe_01198_spk09.wav,팔구사공육이육공칠팔칠공.,894062607870,,female,spk09,probe_bare_12,probe,1,2.4,12,1,12,bare,continuous,0.041435565489033856,0.021214746819610966,0.04868147522211075,0.012599105946719646,0.06302611529827118,0.041435565489033856
probe_01199_spk10.wav,/home/hye0n/projects/cnn-based-audio-pii-classification/src/cnn/data_probe/output/probe_01199_spk10.wav,일공사일오구일사구칠오공.,104159149750,,male,spk10,probe_bare_12,probe,1,2.48,12,1,12,bare,continuous,0.018436575308442116,0.005796629464858253,0.01718405820429325,0.012046797201037407,0.02607887051999569,0.018436575308442116
probe_01200_spk11.wav,/home/hye0n/projects/cnn-based-audio-pii-classification/src/cnn/data_probe/output/probe_01200_spk11.wav,일구팔공삼팔이팔칠이삼이사사.,19803828723244,,female,spk11,probe_bare_14,probe,1,2.96,14,1,14,bare,continuous,0.2995225787162781,0.1830153794531184,0.20881664752960205,0.13494396209716797,0.5548071265220642,0.2995225787162781
probe_01201_spk12.wav,/home/hye0n/projects/cnn-based-audio-pii-classification/src/cnn/data_probe/output/probe_01201_spk12.wav,공칠구삼일일공이구일팔일삼삼.,07931102918133,,male,spk12,probe_bare_14,probe,1,2.4,14,1,14,bare,continuous,0.017133953981101513,0.005928397897899188,0.01709144562482834,0.009894526563584805,0.024415889754891396,0.017133953981101513
probe_01202_spk13.wav,/home/hye0n/projects/cnn-based-audio-pii-classification/src/cnn/data_probe/output/probe_01202_spk13.wav,일칠공팔칠육공일사육칠이삼팔.,17087601467238,,male,spk13,probe_bare_14,probe,1,3.6,14,1,14,bare,continuous,0.5085126360257467,0.1892777798989955,0.2587294578552246,0.5500652194023132,0.7167432308197021,0.5085126360257467
probe_01203_spk14.wav,/home/hye0n/projects/cnn-based-audio-pii-classification/src/cnn/data_probe/output/probe_01203_spk14.wav,사구칠구일육이공이이삼이팔팔.,49791620223288,,female,spk14,probe_bare_14,probe,1,2.72,14,1,14,bare,continuous,0.03180566616356373,0.016250971094732707,0.03269525244832039,0.011472495272755623,0.05124925076961517,0.03180566616356373
probe_01204_spk01.wav,/home/hye0n/projects/cnn-based-audio-pii-classification/src/cnn/data_probe/output/probe_01204_spk01.wav,삼칠칠사사일구칠오사육육일칠.,37744197546617,,female,spk01,probe_bare_14,probe,1,4.24,14,1,14,bare,continuous,0.33038324614365894,0.23757336628772838,0.08027584850788116,0.2611526846885681,0.6497212052345276,0.33038324614365894
probe_01205_spk02.wav,/home/hye0n/projects/cnn-based-audio-pii-classification/src/cnn/data_probe/output/probe_01205_spk02.wav,육육이공사칠일구육공구사공구.,66204719609409,,male,spk02,probe_bare_14,probe,1,3.2,14,1,14,bare,continuous,0.3603231410185496,0.07704911800057389,0.2730080783367157,0.46043339371681213,0.34752795100212097,0.3603231410185496
probe_01206_spk03.wav,/home/hye0n/projects/cnn-based-audio-pii-classification/src/cnn/data_probe/output/probe_01206_spk03.wav,칠공오이칠칠사공이오팔팔삼오.,70527740258835,,female,spk03,probe_bare_14,probe,1,3.52,14,1,14,bare,continuous,0.5703608294328054,0.1386029629889854,0.37450405955314636,0.6614872813224792,0.6750911474227905,0.5703608294328054
probe_01207_spk04.wav,/home/hye0n/projects/cnn-based-audio-pii-classification/src/cnn/data_probe/output/probe_01207_spk04.wav,팔육팔일이이오구오칠이사사육.,86812259572446,,male,spk04,probe_bare_14,probe,1,2.64,14,1,14,bare,continuous,0.03132574136058489,0.004830552366958102,0.024521227926015854,0.03420330584049225,0.03525269031524658,0.03132574136058489
probe_01208_spk05.wav,/home/hye0n/projects/cnn-based-audio-pii-classification/src/cnn/data_probe/output/probe_01208_spk05.wav,일칠육칠구이구팔팔사이오구구.,17679298842599,,female,spk05,probe_bare_14,probe,1,3.2,14,1,14,bare,continuous,0.5359736780325571,0.1867495181157363,0.3013145625591278,0.5483537316322327,0.758252739906311,0.5359736780325571
probe_01209_spk06.wav,/home/hye0n/projects/cnn-based-audio-pii-classification/src/cnn/data_probe/output/probe_01209_spk06.wav,오구구육일공공이삼일일칠칠오.,59961002311775,,male,spk06,probe_bare_14,probe,1,2.4,14,1,14,bare,continuous,0.02472526238610347,0.014452139962329861,0.015496916137635708,0.013546248897910118,0.04513262212276459,0.02472526238610347
probe_01210_spk07.wav,/home/hye0n/projects/cnn-based-audio-pii-classification/src/cnn/data_probe/output/probe_01210_spk07.wav,삼삼일이육육일공구사일공일칠.,33126610941017,,female,spk07,probe_bare_14,probe,1,3.68,14,1,14,bare,continuous,0.35749268035093945,0.1840350140172874,0.23059827089309692,0.2241489142179489,0.6177308559417725,0.35749268035093945
probe_01211_spk08.wav,/home/hye0n/projects/cnn-based-audio-pii-classification/src/cnn/data_probe/output/probe_01211_spk08.wav,오구공이오일칠육이구팔삼삼사.,59025176298334,,male,spk08,probe_bare_14,probe,1,3.04,14,1,14,bare,continuous,0.49781549473603565,0.20430608450236254,0.21220333874225616,0.6027964949607849,0.6784466505050659,0.49781549473603565
probe_01212_spk09.wav,/home/hye0n/projects/cnn-based-audio-pii-classification/src/cnn/data_probe/output/probe_01212_spk09.wav,칠칠사삼삼이육팔삼일구공일삼.,77433268319013,,female,spk09,probe_bare_14,probe,1,2.88,14,1,14,bare,continuous,0.042459904216229916,0.02295813233357569,0.0685623362660408,0.01268711406737566,0.046130262315273285,0.042459904216229916
probe_01213_spk10.wav,/home/hye0n/projects/cnn-based-audio-pii-classification/src/cnn/data_probe/output/probe_01213_spk10.wav,공이공오육구팔일오이팔칠삼삼.,02056981528733,,male,spk10,probe_bare_14,probe,1,2.88,14,1,14,bare,continuous,0.08057490363717079,0.04024631759569198,0.09738045930862427,0.025078292936086655,0.11926595866680145,0.08057490363717079
probe_01214_spk11.wav,/home/hye0n/projects/cnn-based-audio-pii-classification/src/cnn/data_probe/output/probe_01214_spk11.wav,구칠팔오오구팔이일칠육육일구.,97855982176619,,female,spk11,probe_bare_14,probe,1,3.52,14,1,14,bare,continuous,0.37604991098244983,0.20989435903988493,0.13431553542613983,0.6461043357849121,0.3477298617362976,0.37604991098244983
probe_01215_spk12.wav,/home/hye0n/projects/cnn-based-audio-pii-classification/src/cnn/data_probe/output/probe_01215_spk12.wav,일이팔사일일칠삼공구팔오공삼.,12841173098503,,male,spk12,probe_bare_14,probe,1,2.96,14,1,14,bare,continuous,0.05217342327038447,0.039850574584201125,0.03248155489563942,0.016288895159959793,0.1077498197555542,0.05217342327038447
probe_01216_spk13.wav,/home/hye0n/projects/cnn-based-audio-pii-classification/src/cnn/data_probe/output/probe_01216_spk13.wav,사사육오일이사일팔구삼팔구팔.,44651241893898,,male,spk13,probe_bare_14,probe,1,2.72,14,1,14,bare,continuous,0.053404092167814575,0.03255753775791985,0.02530701272189617,0.035862989723682404,0.09904227405786514,0.053404092167814575
probe_01217_spk14.wav,/home/hye0n/projects/cnn-based-audio-pii-classification/src/cnn/data_probe/output/probe_01217_spk14.wav,사육구공팔일구칠사공공오육사.,46908197400564,,female,spk14,probe_bare_14,probe,1,3.04,14,1,14,bare,continuous,0.06442054609457652,0.01033609793142007,0.05644508823752403,0.057799484580755234,0.07901706546545029,0.06442054609457652
probe_01218_spk01.wav,/home/hye0n/projects/cnn-based-audio-pii-classification/src/cnn/data_probe/output/probe_01218_spk01.wav,삼오공이삼팔오공삼칠일구구공.,35023850371990,,female,spk01,probe_bare_14,probe,1,3.04,14,1,14,bare,continuous,0.22692546745141348,0.14911404761504618,0.1256200224161148,0.11740514636039734,0.43775123357772827,0.22692546745141348
probe_01219_spk02.wav,/home/hye0n/projects/cnn-based-audio-pii-classification/src/cnn/data_probe/output/probe_01219_spk02.wav,오일육구구일팔칠이사공일공칠.,51699187240107,,male,spk02,probe_bare_14,probe,1,2.96,14,1,14,bare,continuous,0.05924918005863825,0.014804607575827423,0.04433257132768631,0.05398405343294144,0.07943091541528702,0.05924918005863825
probe_01220_spk03.wav,/home/hye0n/projects/cnn-based-audio-pii-classification/src/cnn/data_probe/output/probe_01220_spk03.wav,팔삼오육칠사삼공공공삼팔구육.,83567430003896,,female,spk03,probe_bare_14,probe,1,3.84,14,1,14,bare,continuous,0.7401670217514038,0.10206457948727551,0.6159114241600037,0.7386852502822876,0.8659043908119202,0.7401670217514038
probe_01221_spk04.wav,/home/hye0n/projects/cnn-based-audio-pii-classification/src/cnn/data_probe/output/probe_01221_spk04.wav,공팔칠공육육이육육팔이일칠일.,08706626682171,,male,spk04,probe_bare_14,probe,1,2.72,14,1,14,bare,continuous,0.2021796926856041,0.09133111901860298,0.10839632898569107,0.3259841203689575,0.1721586287021637,0.2021796926856041
probe_01222_spk05.wav,/home/hye0n/projects/cnn-based-audio-pii-classification/src/cnn/data_probe/output/probe_01222_spk05.wav,구오오삼오육공삼삼일구공삼육.,95535603319036,,female,spk05,probe_bare_14,probe,1,3.04,14,1,14,bare,continuous,0.3833191792170207,0.22683256700238258,0.16336789727210999,0.2910682260990143,0.6955214142799377,0.3833191792170207
probe_01223_spk06.wav,/home/hye0n/projects/cnn-based-audio-pii-classification/src/cnn/data_probe/output/probe_01223_spk06.wav,팔구공공삼공일공이칠이사공오.,89003010272405,,male,spk06,probe_bare_14,probe,1,3.04,14,1,14,bare,continuous,0.06610989570617676,0.033140077678713464,0.05120519548654556,0.03508128225803375,0.11204320937395096,0.06610989570617676
probe_01224_spk07.wav,/home/hye0n/projects/cnn-based-audio-pii-classification/src/cnn/data_probe/output/probe_01224_spk07.wav,오구삼사이구육칠일일일사팔삼.,59342967111483,,female,spk07,probe_bare_14,probe,1,2.48,14,1,14,bare,continuous,0.15931002795696259,0.12689951785301543,0.048561789095401764,0.09238798171281815,0.33698031306266785,0.15931002795696259
probe_01225_spk08.wav,/home/hye0n/projects/cnn-based-audio-pii-classification/src/cnn/data_probe/output/probe_01225_spk08.wav,칠오삼칠사오팔사삼팔사오팔팔.,75374584384588,,male,spk08,probe_bare_14,probe,1,3.52,14,1,14,bare,continuous,0.5679965416590372,0.11082250820750687,0.49371710419654846,0.48561903834342957,0.7246534824371338,0.5679965416590372
probe_01226_spk09.wav,/home/hye0n/projects/cnn-based-audio-pii-classification/src/cnn/data_probe/output/probe_01226_spk09.wav,일공오육구칠사일삼이팔삼사팔.,10569741328348,,female,spk09,probe_bare_14,probe,1,2.8,14,1,14,bare,continuous,0.017070272626976173,0.010972673218898867,0.032348211854696274,0.007078057155013084,0.011784548871219158,0.017070272626976173
probe_01227_spk10.wav,/home/hye0n/projects/cnn-based-audio-pii-classification/src/cnn/data_probe/output/probe_01227_spk10.wav,삼일오이공삼칠칠일공칠공사사.,31520377107044,,male,spk10,probe_bare_14,probe,1,3.52,14,1,14,bare,continuous,0.15231998016436896,0.09266134212550453,0.024866171181201935,0.18966826796531677,0.24242550134658813,0.15231998016436896
probe_01228_spk11.wav,/home/hye0n/projects/cnn-based-audio-pii-classification/src/cnn/data_probe/output/probe_01228_spk11.wav,구육사일공사구육칠공육육칠공.,96410496706670,,female,spk11,probe_bare_14,probe,1,3.84,14,1,14,bare,continuous,0.8653383255004883,0.0619456291766983,0.7896979451179504,0.8648859262466431,0.9414311051368713,0.8653383255004883
probe_01229_spk12.wav,/home/hye0n/projects/cnn-based-audio-pii-classification/src/cnn/data_probe/output/probe_01229_spk12.wav,삼삼육이육팔공사공팔오공구오.,33626804085095,,male,spk12,probe_bare_14,probe,1,2.96,14,1,14,bare,continuous,0.06213191896677017,0.03711564165544346,0.052072908729314804,0.022546757012605667,0.11177609115839005,0.06213191896677017
probe_01230_spk13.wav,/home/hye0n/projects/cnn-based-audio-pii-classification/src/cnn/data_probe/output/probe_01230_spk13.wav,사구삼공오구육육공일팔육사팔.,49305966018648,,male,spk13,probe_bare_14,probe,1,3.28,14,1,14,bare,continuous,0.6357860267162323,0.12981396357299158,0.4736863076686859,0.6422017216682434,0.7914700508117676,0.6357860267162323
probe_01231_spk14.wav,/home/hye0n/projects/cnn-based-audio-pii-classification/src/cnn/data_probe/output/probe_01231_spk14.wav,칠육구구팔사이육칠삼이공사사.,76998426732044,,female,spk14,probe_bare_14,probe,1,3.12,14,1,14,bare,continuous,0.040362306560079254,0.013935559527548507,0.050798892974853516,0.02066616900265217,0.049621857702732086,0.040362306560079254
probe_01232_spk01.wav,/home/hye0n/projects/cnn-based-audio-pii-classification/src/cnn/data_probe/output/probe_01232_spk01.wav,일삼팔사오구육공구사오사사구.,13845960945449,,female,spk01,probe_bare_14,probe,1,3.44,14,1,14,bare,continuous,0.10577635715405147,0.002821472945405835,0.10963960736989975,0.10470933467149734,0.1029801294207573,0.10577635715405147
probe_01233_spk02.wav,/home/hye0n/projects/cnn-based-audio-pii-classification/src/cnn/data_probe/output/probe_01233_spk02.wav,공일사구오사이칠칠공칠공칠공.,01495427707070,,male,spk02,probe_bare_14,probe,1,3.68,14,1,14,bare,continuous,0.0426209835956494,0.024425250953981154,0.033491190522909164,0.018334979191422462,0.07603678107261658,0.0426209835956494
probe_01234_spk03.wav,/home/hye0n/projects/cnn-based-audio-pii-classification/src/cnn/data_probe/output/probe_01234_spk03.wav,오칠팔삼육공구일사구팔오일칠.,57836091498517,,female,spk03,probe_bare_14,probe,1,3.92,14,1,14,bare,continuous,0.4849149361252785,0.2665213029228704,0.11306893080472946,0.6174682974815369,0.7242075800895691,0.4849149361252785
probe_01235_spk04.wav,/home/hye0n/projects/cnn-based-audio-pii-classification/src/cnn/data_probe/output/probe_01235_spk04.wav,이사사사칠이삼이이구공삼일공.,24447232290310,,male,spk04,probe_bare_14,probe,1,2.72,14,1,14,bare,continuous,0.027063932890693348,0.001727545177042171,0.029078079387545586,0.027254369109869003,0.02485935017466545,0.027063932890693348
probe_01236_spk05.wav,/home/hye0n/projects/cnn-based-audio-pii-classification/src/cnn/data_probe/output/probe_01236_spk05.wav,이팔칠구오공팔삼공사사공오팔.,28795083044058,,female,spk05,probe_bare_14,probe,1,3.04,14,1,14,bare,continuous,0.2070042851070563,0.10991420538486679,0.056667376309633255,0.24795565009117126,0.3163898289203644,0.2070042851070563
probe_01237_spk06.wav,/home/hye0n/projects/cnn-based-audio-pii-classification/src/cnn/data_probe/output/probe_01237_spk06.wav,공구삼오일일팔칠일팔일삼삼오.,09351187181335,,male,spk06,probe_bare_14,probe,1,2.56,14,1,14,bare,continuous,0.031751698503891625,0.02741874173682218,0.014584977179765701,0.01022428274154663,0.07044583559036255,0.031751698503891625
probe_01238_spk07.wav,/home/hye0n/projects/cnn-based-audio-pii-classification/src/cnn/data_probe/output/probe_01238_spk07.wav,구오육일육사이공오구오오육오.,95616420595565,,female,spk07,probe_bare_14,probe,1,2.96,14,1,14,bare,continuous,0.47125417987505597,0.22598267391646829,0.19741860032081604,0.7508702874183655,0.46547365188598633,0.47125417987505597
probe_01239_spk08.wav,/home/hye0n/projects/cnn-based-audio-pii-classification/src/cnn/data_probe/output/probe_01239_spk08.wav,칠사구공이오공사이구공일구삼.,74902504290193,,male,spk08,probe_bare_14,probe,1,3.52,14,1,14,bare,continuous,0.3180062621831894,0.09616672011190543,0.18220491707324982,0.37953880429267883,0.3922750651836395,0.3180062621831894
probe_01240_spk09.wav,/home/hye0n/projects/cnn-based-audio-pii-classification/src/cnn/data_probe/output/probe_01240_spk09.wav,오팔팔구오삼육구공이육일일삼구팔.,5889536902611398,,female,spk09,probe_bare_16,probe,1,3.28,16,1,16,bare,continuous,0.21240399281183878,0.05686532350656605,0.1328744739294052,0.2418348640203476,0.26250264048576355,0.21240399281183878
probe_01241_spk10.wav,/home/hye0n/projects/cnn-based-audio-pii-classification/src/cnn/data_probe/output/probe_01241_spk10.wav,구팔육팔일팔공구칠팔팔칠오사삼구.,9868180978875439,,male,spk10,probe_bare_16,probe,1,2.8,16,1,16,bare,continuous,0.047453672935565315,0.024880254775477742,0.02654767408967018,0.08241677284240723,0.03339657187461853,0.047453672935565315
probe_01242_spk11.wav,/home/hye0n/projects/cnn-based-audio-pii-classification/src/cnn/data_probe/output/probe_01242_spk11.wav,사삼오삼오삼칠오일삼칠육오일오팔.,4353537513765158,,female,spk11,probe_bare_16,probe,1,4.08,16,1,16,bare,continuous,0.3802466442187627,0.23138579937140474,0.22586455941200256,0.20757029950618744,0.7073050737380981,0.3802466442187627
probe_01243_spk12.wav,/home/hye0n/projects/cnn-based-audio-pii-classification/src/cnn/data_probe/output/probe_01243_spk12.wav,팔일오칠구삼칠육삼구이팔삼육구이.,8157937639283692,,male,spk12,probe_bare_16,probe,1,3.28,16,1,16,bare,continuous,0.05083700890342394,0.004297267231749315,0.052719973027706146,0.044891469180583954,0.054899584501981735,0.05083700890342394
probe_01244_spk13.wav,/home/hye0n/projects/cnn-based-audio-pii-classification/src/cnn/data_probe/output/probe_01244_spk13.wav,구사사오오일일육육팔이구칠삼이칠.,9445511668297327,,male,spk13,probe_bare_16,probe,1,4.0,16,1,16,bare,continuous,0.597556988398234,0.24167708719587094,0.2559131383895874,0.7599331140518188,0.7768247127532959,0.597556988398234
probe_01245_spk14.wav,/home/hye0n/projects/cnn-based-audio-pii-classification/src/cnn/data_probe/output/probe_01245_spk14.wav,공이일육사팔칠일이공육공이일이팔.,0216487120602128,,female,spk14,probe_bare_16,probe,1,2.88,16,1,16,bare,continuous,0.1676618450631698,0.1756086067313689,0.07085888832807541,0.01799902878701687,0.4141276180744171,0.1676618450631698
probe_01246_spk01.wav,/home/hye0n/projects/cnn-based-audio-pii-classification/src/cnn/data_probe/output/probe_01246_spk01.wav,팔육육오이육팔삼사일오오구구구일.,8665268341559991,,female,spk01,probe_bare_16,probe,1,4.0,16,1,16,bare,continuous,0.6458027561505636,0.061558198233232046,0.6216210126876831,0.5854674577713013,0.7303197979927063,0.6458027561505636
probe_01247_spk02.wav,/home/hye0n/projects/cnn-based-audio-pii-classification/src/cnn/data_probe/output/probe_01247_spk02.wav,공일오칠육칠육사칠이이구팔일이공.,0157676472298120,,male,spk02,probe_bare_16,probe,1,3.12,16,1,16,bare,continuous,0.1054802897075812,0.0448145412769934,0.0499657578766346,0.10675893723964691,0.1597161740064621,0.1054802897075812
probe_01248_spk03.wav,/home/hye0n/projects/cnn-based-audio-pii-classification/src/cnn/data_probe/output/probe_01248_spk03.wav,구구오칠육오칠이팔구사일삼사칠오.,9957657289413475,,female,spk03,probe_bare_16,probe,1,3.36,16,1,16,bare,continuous,0.39471469322840375,0.054092353240434286,0.372969388961792,0.34207096695899963,0.46910372376441956,0.39471469322840375
probe_01249_spk04.wav,/home/hye0n/projects/cnn-based-audio-pii-classification/src/cnn/data_probe/output/probe_01249_spk04.wav,공구팔팔구팔육사오육오이이공삼육.,0988986456522036,,male,spk04,probe_bare_16,probe,1,3.28,16,1,16,bare,continuous,0.507582555214564,0.07345549729745329,0.40414944291114807,0.5676512718200684,0.5509469509124756,0.507582555214564
probe_01250_spk05.wav,/home/hye0n/projects/cnn-based-audio-pii-classification/src/cnn/data_probe/output/probe_01250_spk05.wav,팔사구구오일오사이일사사칠칠삼이.,8499515421447732,,female,spk05,probe_bare_16,probe,1,3.44,16,1,16,bare,continuous,0.5601373463869095,0.254589661496723,0.2007831186056137,0.7591081857681274,0.7205207347869873,0.5601373463869095
probe_01251_spk06.wav,/home/hye0n/projects/cnn-based-audio-pii-classification/src/cnn/data_probe/output/probe_01251_spk06.wav,사사구일삼사이일삼팔팔이공구공팔.,4491342138820908,,male,spk06,probe_bare_16,probe,1,3.36,16,1,16,bare,continuous,0.1584484502673149,0.07394260083421732,0.05452447384595871,0.22046616673469543,0.2003547102212906,0.1584484502673149
probe_01252_spk07.wav,/home/hye0n/projects/cnn-based-audio-pii-classification/src/cnn/data_probe/output/probe_01252_spk07.wav,팔삼공칠공오삼사구육칠팔이칠사일.,8307053496782741,,female,spk07,probe_bare_16,probe,1,4.16,16,1,16,bare,continuous,0.809329887231191,0.11818530422064037,0.6656840443611145,0.8071524500846863,0.9551531672477722,0.809329887231191
probe_01253_spk08.wav,/home/hye0n/projects/cnn-based-audio-pii-classification/src/cnn/data_probe/output/probe_01253_spk08.wav,일칠육칠사일이사일오일삼일오이팔.,1767412415131528,,male,spk08,probe_bare_16,probe,1,4.16,16,1,16,bare,continuous,0.46179866790771484,0.09913867896230316,0.6016849875450134,0.4000151455402374,0.3836958706378937,0.46179866790771484
probe_01254_spk09.wav,/home/hye0n/projects/cnn-based-audio-pii-classification/src/cnn/data_probe/output/probe_01254_spk09.wav,오사칠팔일오공육일팔오삼팔공공삼.,5478150618538003,,female,spk09,probe_bare_16,probe,1,3.36,16,1,16,bare,continuous,0.6103055477142334,0.19369046923667121,0.3780665397644043,0.8522136807441711,0.6006364226341248,0.6103055477142334
probe_01255_spk10.wav,/home/hye0n/projects/cnn-based-audio-pii-classification/src/cnn/data_probe/output/probe_01255_spk10.wav,이구육삼삼사칠이칠이칠사이삼일팔.,2963347272742318,,male,spk10,probe_bare_16,probe,1,2.8,16,1,16,bare,continuous,0.012454807758331299,0.0036148513768587687,0.016854343935847282,0.008000314235687256,0.012509765103459358,0.012454807758331299
probe_01256_spk11.wav,/home/hye0n/projects/cnn-based-audio-pii-classification/src/cnn/data_probe/output/probe_01256_spk11.wav,삼공육일칠팔구삼이공육사구육구삼.,3061789320649693,,female,spk11,probe_bare_16,probe,1,3.84,16,1,16,bare,continuous,0.6665444771448771,0.15360559123519094,0.4513317942619324,0.7485648393630981,0.7997367978096008,0.6665444771448771
probe_01257_spk12.wav,/home/hye0n/projects/cnn-based-audio-pii-classification/src/cnn/data_probe/output/probe_01257_spk12.wav,오칠팔이사삼사칠칠육구오팔칠사일.,5782434776958741,,male,spk12,probe_bare_16,probe,1,3.52,16,1,16,bare,continuous,0.5775026480356852,0.14124488137311775,0.3897082805633545,0.7303500771522522,0.612449586391449,0.5775026480356852
probe_01258_spk13.wav,/home/hye0n/projects/cnn-based-audio-pii-classification/src/cnn/data_probe/output/probe_01258_spk13.wav,삼일사육칠오삼육일이칠오일오육이.,3146753612751562,,male,spk13,probe_bare_16,probe,1,2.88,16,1,16,bare,continuous,0.041641014317671456,0.01803800137983962,0.04287123307585716,0.018959660083055496,0.06309214979410172,0.041641014317671456
probe_01259_spk14.wav,/home/hye0n/projects/cnn-based-audio-pii-classification/src/cnn/data_probe/output/probe_01259_spk14.wav,칠칠구육삼공사사팔삼육공팔오사오.,7796304483608545,,female,spk14,probe_bare_16,probe,1,3.2,16,1,16,bare,continuous,0.22316476702690125,0.08217206059109668,0.20759083330631256,0.1312197893857956,0.3306836783885956,0.22316476702690125
probe_01260_spk01.wav,/home/hye0n/projects/cnn-based-audio-pii-classification/src/cnn/data_probe/output/probe_01260_spk01.wav,육육칠육육사공사칠삼오공사칠육삼.,6676640473504763,,female,spk01,probe_bare_16,probe,1,3.92,16,1,16,bare,continuous,0.43730393052101135,0.1542535134388366,0.3987252712249756,0.2706497609615326,0.6425367593765259,0.43730393052101135
probe_01261_spk02.wav,/home/hye0n/projects/cnn-based-audio-pii-classification/src/cnn/data_probe/output/probe_01261_spk02.wav,구이팔삼일구구오이구팔공공육일오.,9283199529800615,,male,spk02,probe_bare_16,probe,1,2.88,16,1,16,bare,continuous,0.06572304666042328,0.02812934544355855,0.05850910395383835,0.03544994443655014,0.10321009159088135,0.06572304666042328
probe_01262_spk03.wav,/home/hye0n/projects/cnn-based-audio-pii-classification/src/cnn/data_probe/output/probe_01262_spk03.wav,오팔일공팔삼오팔삼이팔육삼사이오.,5810835832863425,,female,spk03,probe_bare_16,probe,1,3.36,16,1,16,bare,continuous,0.1669573411345482,0.06410343997735868,0.10262282937765121,0.1438102275133133,0.25443896651268005,0.1669573411345482
probe_01263_spk04.wav,/home/hye0n/projects/cnn-based-audio-pii-classification/src/cnn/data_probe/output/probe_01263_spk04.wav,오육삼팔삼공공공팔일팔육칠공이사.,5638300081867024,,male,spk04,probe_bare_16,probe,1,3.52,16,1,16,bare,continuous,0.9382913708686829,0.06216165483625889,0.8504753112792969,0.9786834716796875,0.9857153296470642,0.9382913708686829
probe_01264_spk05.wav,/home/hye0n/projects/cnn-based-audio-pii-classification/src/cnn/data_probe/output/probe_01264_spk05.wav,사공삼삼공사일육육이사일일일팔육.,4033041662411186,,female,spk05,probe_bare_16,probe,1,3.44,16,1,16,bare,continuous,0.7858678698539734,0.19954919334657975,0.5039331316947937,0.9161383509635925,0.9375321269035339,0.7858678698539734
probe_01265_spk06.wav,/home/hye0n/projects/cnn-based-audio-pii-classification/src/cnn/data_probe/output/probe_01265_spk06.wav,공공팔구이일구육삼구사오육팔공사.,0089219639456804,,male,spk06,probe_bare_16,probe,1,3.2,16,1,16,bare,continuous,0.4417309562365214,0.1394949207764233,0.36431318521499634,0.3232994079589844,0.6375802755355835,0.4417309562365214
probe_01266_spk07.wav,/home/hye0n/projects/cnn-based-audio-pii-classification/src/cnn/data_probe/output/probe_01266_spk07.wav,사칠삼일사구칠육사육일삼육팔사칠.,4731497646136847,,female,spk07,probe_bare_16,probe,1,4.72,16,1,16,bare,continuous,0.4994821647802989,0.06880861914041715,0.46610593795776367,0.4370093047618866,0.5953312516212463,0.4994821647802989
probe_01267_spk08.wav,/home/hye0n/projects/cnn-based-audio-pii-classification/src/cnn/data_probe/output/probe_01267_spk08.wav,사팔팔삼육공칠육오팔일칠삼구공육.,4883607658173906,,male,spk08,probe_bare_16,probe,1,3.92,16,1,16,bare,continuous,0.9378759066263834,0.04281823203753152,0.8775889873504639,0.9729404449462891,0.9630982875823975,0.9378759066263834
probe_01268_spk09.wav,/home/hye0n/projects/cnn-based-audio-pii-classification/src/cnn/data_probe/output/probe_01268_spk09.wav,삼칠오칠구일사오이일일팔이삼칠구.,3757914521182379,,female,spk09,probe_bare_16,probe,1,3.2,16,1,16,bare,continuous,0.6408394426107407,0.3025265199525273,0.22784025967121124,0.7506064176559448,0.9440716505050659,0.6408394426107407
probe_01269_spk10.wav,/home/hye0n/projects/cnn-based-audio-pii-classification/src/cnn/data_probe/output/probe_01269_spk10.wav,삼일이육구칠팔구삼공칠사육사오이.,3126978930746452,,male,spk10,probe_bare_16,probe,1,2.88,16,1,16,bare,continuous,0.052249716284374394,0.02756406231497028,0.059093937277793884,0.015593078918755054,0.08206213265657425,0.052249716284374394
probe_01270_spk11.wav,/home/hye0n/projects/cnn-based-audio-pii-classification/src/cnn/data_probe/output/probe_01270_spk11.wav,공오구구육공사삼팔칠팔칠오삼오칠.,0599604387875357,,female,spk11,probe_bare_16,probe,1,3.76,16,1,16,bare,continuous,0.5296798745791117,0.07663588725738346,0.4277156591415405,0.5488490462303162,0.6124749183654785,0.5296798745791117
probe_01271_spk12.wav,/home/hye0n/projects/cnn-based-audio-pii-classification/src/cnn/data_probe/output/probe_01271_spk12.wav,칠팔팔일일육일육이공이팔일이삼칠.,7881161620281237,,male,spk12,probe_bare_16,probe,1,2.72,16,1,16,bare,continuous,0.041963858529925346,0.011026459479096766,0.03971723094582558,0.02972346358001232,0.05645088106393814,0.041963858529925346
probe_01272_spk13.wav,/home/hye0n/projects/cnn-based-audio-pii-classification/src/cnn/data_probe/output/probe_01272_spk13.wav,일공육칠이팔칠이팔육육공사일육사.,1067287286604164,,male,spk13,probe_bare_16,probe,1,2.88,16,1,16,bare,continuous,0.26107147336006165,0.19292517563012132,0.056607335805892944,0.5197516083717346,0.20685547590255737,0.26107147336006165
probe_01273_spk14.wav,/home/hye0n/projects/cnn-based-audio-pii-classification/src/cnn/data_probe/output/probe_01273_spk14.wav,사팔오구오구이이사팔삼구오팔구사.,4859592248395894,,female,spk14,probe_bare_16,probe,1,2.88,16,1,16,bare,continuous,0.23995105425516763,0.07147119832938563,0.14028793573379517,0.2752002477645874,0.30436497926712036,0.23995105425516763
probe_01274_spk01.wav,/home/hye0n/projects/cnn-based-audio-pii-classification/src/cnn/data_probe/output/probe_01274_spk01.wav,칠칠삼오이이팔칠공오육이이칠일공.,7735228705622710,,female,spk01,probe_bare_16,probe,1,3.52,16,1,16,bare,continuous,0.8069485227266947,0.15380830180830904,0.592495322227478,0.9456847906112671,0.8826654553413391,0.8069485227266947
probe_01275_spk02.wav,/home/hye0n/projects/cnn-based-audio-pii-classification/src/cnn/data_probe/output/probe_01275_spk02.wav,사삼삼일팔칠오일공구칠구이일오팔.,4331875109792158,,male,spk02,probe_bare_16,probe,1,3.36,16,1,16,bare,continuous,0.7711501121520996,0.21205173665004642,0.4733244776725769,0.9504574537277222,0.8896684050559998,0.7711501121520996
probe_01276_spk03.wav,/home/hye0n/projects/cnn-based-audio-pii-classification/src/cnn/data_probe/output/probe_01276_spk03.wav,삼오공삼사사육구사오구육사팔팔삼.,3503446945964883,,female,spk03,probe_bare_16,probe,1,3.84,16,1,16,bare,continuous,0.8621041377385458,0.10969661093548627,0.7070007920265198,0.9369662404060364,0.942345380783081,0.8621041377385458
probe_01277_spk04.wav,/home/hye0n/projects/cnn-based-audio-pii-classification/src/cnn/data_probe/output/probe_01277_spk04.wav,일구이일삼사이사구일이팔구육오구.,1921342491289659,,male,spk04,probe_bare_16,probe,1,3.04,16,1,16,bare,continuous,0.6129469474156698,0.2554032452653945,0.2682551145553589,0.6918215751647949,0.8787641525268555,0.6129469474156698
probe_01278_spk05.wav,/home/hye0n/projects/cnn-based-audio-pii-classification/src/cnn/data_probe/output/probe_01278_spk05.wav,구구사구칠삼이공삼삼일구이이이칠.,9949732033192227,,female,spk05,probe_bare_16,probe,1,4.08,16,1,16,bare,continuous,0.6662891805171967,0.23945226785864804,0.3671518862247467,0.6784033179283142,0.953312337398529,0.6662891805171967
probe_01279_spk06.wav,/home/hye0n/projects/cnn-based-audio-pii-classification/src/cnn/data_probe/output/probe_01279_spk06.wav,공오일공이팔칠육칠오사팔일삼팔육.,0510287675481386,,male,spk06,probe_bare_16,probe,1,2.88,16,1,16,bare,continuous,0.37595068911711377,0.22149609654932256,0.2715083956718445,0.1724187582731247,0.6839249134063721,0.37595068911711377
