filename,filepath,text,value,pii_type,gender,speaker_id,template_id,source_type,label,duration,n_digits,n_groups,max_run,frame,axis,prob_mean,prob_std,prob_ckpt_seq_indist_gru_cnn_hires_s42,prob_ckpt_seq_indist_gru_cnn_hires_s43,prob_ckpt_seq_indist_gru_cnn_hires_s44,prob
probe_00000_spk01.wav,/home/hye0n/projects/cnn-based-audio-pii-classification/src/cnn/data_probe/output/probe_00000_spk01.wav,번호는 일공사삼입니다.,1043,,female,spk01,probe_cont_4,probe,1,2.24,4,1,4,sentence,continuous,0.0025038112265368304,0.0004274972998382917,0.002873779507353902,0.0019047334790229797,0.002732920693233609,0.0025038112265368304
probe_00001_spk02.wav,/home/hye0n/projects/cnn-based-audio-pii-classification/src/cnn/data_probe/output/probe_00001_spk02.wav,번호는 삼이일팔입니다.,3218,,male,spk02,probe_cont_4,probe,1,1.84,4,1,4,sentence,continuous,0.0030062415171414614,0.00045729896357412844,0.0023630058858543634,0.003269812325015664,0.0033859063405543566,0.0030062415171414614
probe_00002_spk03.wav,/home/hye0n/projects/cnn-based-audio-pii-classification/src/cnn/data_probe/output/probe_00002_spk03.wav,번호는 일구육공입니다.,1960,,female,spk03,probe_cont_4,probe,1,2.0,4,1,4,sentence,continuous,0.0039376515584687395,0.0020175960871076357,0.0027527043130248785,0.006778005510568619,0.0022822448518127203,0.0039376515584687395
probe_00003_spk04.wav,/home/hye0n/projects/cnn-based-audio-pii-classification/src/cnn/data_probe/output/probe_00003_spk04.wav,번호는 공일삼삼입니다.,0133,,male,spk04,probe_cont_4,probe,1,2.0,4,1,4,sentence,continuous,0.0025442016776651144,9.667055319433258e-05,0.002631456358358264,0.0024094274267554283,0.002591721247881651,0.0025442016776651144
probe_00004_spk05.wav,/home/hye0n/projects/cnn-based-audio-pii-classification/src/cnn/data_probe/output/probe_00004_spk05.wav,번호는 팔구공팔입니다.,8908,,female,spk05,probe_cont_4,probe,1,2.0,4,1,4,sentence,continuous,0.0018395956916113694,0.0002784401438952949,0.002094941446557641,0.001971523044630885,0.0014523225836455822,0.0018395956916113694
probe_00005_spk06.wav,/home/hye0n/projects/cnn-based-audio-pii-classification/src/cnn/data_probe/output/probe_00005_spk06.wav,번호는 삼팔육삼입니다.,3863,,male,spk06,probe_cont_4,probe,1,2.24,4,1,4,sentence,continuous,0.0011674874695017934,0.00021476632617743372,0.0014577516121789813,0.0010997951030731201,0.0009449156932532787,0.0011674874695017934
probe_00006_spk07.wav,/home/hye0n/projects/cnn-based-audio-pii-classification/src/cnn/data_probe/output/probe_00006_spk07.wav,번호는 칠구사공입니다.,7940,,female,spk07,probe_cont_4,probe,1,1.68,4,1,4,sentence,continuous,0.002331312745809555,0.0005436979237537302,0.0024056769907474518,0.0016313609667122364,0.002956900279968977,0.002331312745809555
probe_00007_spk08.wav,/home/hye0n/projects/cnn-based-audio-pii-classification/src/cnn/data_probe/output/probe_00007_spk08.wav,번호는 이육오사입니다.,2654,,male,spk08,probe_cont_4,probe,1,1.76,4,1,4,sentence,continuous,0.0034006506903097034,0.0013327015977494879,0.0037484606727957726,0.001622560084797442,0.0048309313133358955,0.0034006506903097034
probe_00008_spk09.wav,/home/hye0n/projects/cnn-based-audio-pii-classification/src/cnn/data_probe/output/probe_00008_spk09.wav,번호는 이삼오일입니다.,2351,,female,spk09,probe_cont_4,probe,1,1.6,4,1,4,sentence,continuous,0.0021213506115600467,0.0004152554009343655,0.0017845883267000318,0.0018730796873569489,0.0027063838206231594,0.0021213506115600467
probe_00009_spk10.wav,/home/hye0n/projects/cnn-based-audio-pii-classification/src/cnn/data_probe/output/probe_00009_spk10.wav,번호는 일육일오입니다.,1615,,male,spk10,probe_cont_4,probe,1,2.24,4,1,4,sentence,continuous,0.0016009039633596938,1.926439232181396e-05,0.001626732642762363,0.001595495268702507,0.001580483978614211,0.0016009039633596938
probe_00010_spk11.wav,/home/hye0n/projects/cnn-based-audio-pii-classification/src/cnn/data_probe/output/probe_00010_spk11.wav,번호는 오구사공입니다.,5940,,female,spk11,probe_cont_4,probe,1,2.4,4,1,4,sentence,continuous,0.001903542938331763,0.00024567305949777933,0.0022292262874543667,0.0018454898381605744,0.0016359126893803477,0.001903542938331763
probe_00011_spk12.wav,/home/hye0n/projects/cnn-based-audio-pii-classification/src/cnn/data_probe/output/probe_00011_spk12.wav,번호는 칠팔일육입니다.,7816,,male,spk12,probe_cont_4,probe,1,1.68,4,1,4,sentence,continuous,0.0014517555246129632,5.7500110375351045e-05,0.0015295809134840965,0.0013924271333962679,0.0014332585269585252,0.0014517555246129632
probe_00012_spk13.wav,/home/hye0n/projects/cnn-based-audio-pii-classification/src/cnn/data_probe/output/probe_00012_spk13.wav,번호는 일팔사구입니다.,1849,,male,spk13,probe_cont_4,probe,1,1.76,4,1,4,sentence,continuous,0.00367394438944757,0.0016038667548335071,0.0019984235987067223,0.0031876747962087393,0.005835734773427248,0.00367394438944757
probe_00013_spk14.wav,/home/hye0n/projects/cnn-based-audio-pii-classification/src/cnn/data_probe/output/probe_00013_spk14.wav,번호는 오구삼일입니다.,5931,,female,spk14,probe_cont_4,probe,1,1.92,4,1,4,sentence,continuous,0.0019383064548795421,0.0002889924033411666,0.002314433455467224,0.001611782587133348,0.0018887033220380545,0.0019383064548795421
probe_00014_spk01.wav,/home/hye0n/projects/cnn-based-audio-pii-classification/src/cnn/data_probe/output/probe_00014_spk01.wav,번호는 공삼사일입니다.,0341,,female,spk01,probe_cont_4,probe,1,2.16,4,1,4,sentence,continuous,0.0021413807990029454,0.00039184288324831384,0.001983520109206438,0.001760288025252521,0.002680334262549877,0.0021413807990029454
probe_00015_spk02.wav,/home/hye0n/projects/cnn-based-audio-pii-classification/src/cnn/data_probe/output/probe_00015_spk02.wav,번호는 삼일육사입니다.,3164,,male,spk02,probe_cont_4,probe,1,2.0,4,1,4,sentence,continuous,0.003539445266748468,0.00010272393098050457,0.003458545543253422,0.003475397592410445,0.0036843926645815372,0.003539445266748468
probe_00016_spk03.wav,/home/hye0n/projects/cnn-based-audio-pii-classification/src/cnn/data_probe/output/probe_00016_spk03.wav,번호는 칠오이오입니다.,7525,,female,spk03,probe_cont_4,probe,1,2.0,4,1,4,sentence,continuous,0.0020807943462083736,0.00039759023166270645,0.0019993598107248545,0.002603324130177498,0.0016396990977227688,0.0020807943462083736
probe_00017_spk04.wav,/home/hye0n/projects/cnn-based-audio-pii-classification/src/cnn/data_probe/output/probe_00017_spk04.wav,번호는 오삼사일입니다.,5341,,male,spk04,probe_cont_4,probe,1,1.6,4,1,4,sentence,continuous,0.003073121227013568,0.0017925393698072732,0.002124374732375145,0.0015116393333300948,0.0055833496153354645,0.003073121227013568
probe_00018_spk05.wav,/home/hye0n/projects/cnn-based-audio-pii-classification/src/cnn/data_probe/output/probe_00018_spk05.wav,번호는 구이팔삼입니다.,9283,,female,spk05,probe_cont_4,probe,1,1.92,4,1,4,sentence,continuous,0.001687974319793284,0.00012808112873170842,0.0015733473701402545,0.0018667483236640692,0.0016238272655755281,0.001687974319793284
probe_00019_spk06.wav,/home/hye0n/projects/cnn-based-audio-pii-classification/src/cnn/data_probe/output/probe_00019_spk06.wav,번호는 이칠육사입니다.,2764,,male,spk06,probe_cont_4,probe,1,2.88,4,1,4,sentence,continuous,0.0020861258575071893,0.00024254390766747315,0.002358033787459135,0.0017690893728286028,0.0021312544122338295,0.0020861258575071893
probe_00020_spk07.wav,/home/hye0n/projects/cnn-based-audio-pii-classification/src/cnn/data_probe/output/probe_00020_spk07.wav,번호는 팔삼오공입니다.,8350,,female,spk07,probe_cont_4,probe,1,1.76,4,1,4,sentence,continuous,0.0044616876014818745,0.0017982692780087032,0.0029247538186609745,0.003475436707958579,0.006984872277826071,0.0044616876014818745
probe_00021_spk08.wav,/home/hye0n/projects/cnn-based-audio-pii-classification/src/cnn/data_probe/output/probe_00021_spk08.wav,번호는 삼공오육입니다.,3056,,male,spk08,probe_cont_4,probe,1,1.92,4,1,4,sentence,continuous,0.004841545131057501,0.0024693881131435673,0.003357446286827326,0.002845912240445614,0.008321276865899563,0.004841545131057501
probe_00022_spk09.wav,/home/hye0n/projects/cnn-based-audio-pii-classification/src/cnn/data_probe/output/probe_00022_spk09.wav,번호는 사일삼구입니다.,4139,,female,spk09,probe_cont_4,probe,1,1.6,4,1,4,sentence,continuous,0.002582836508130034,0.0005379167544767051,0.002219664165750146,0.002185534918680787,0.0033433104399591684,0.002582836508130034
probe_00023_spk10.wav,/home/hye0n/projects/cnn-based-audio-pii-classification/src/cnn/data_probe/output/probe_00023_spk10.wav,번호는 오삼칠육입니다.,5376,,male,spk10,probe_cont_4,probe,1,2.24,4,1,4,sentence,continuous,0.002002264761055509,0.0002567810544771857,0.002300326945260167,0.0016735841054469347,0.002032883232459426,0.002002264761055509
probe_00024_spk11.wav,/home/hye0n/projects/cnn-based-audio-pii-classification/src/cnn/data_probe/output/probe_00024_spk11.wav,번호는 칠이사이입니다.,7242,,female,spk11,probe_cont_4,probe,1,2.96,4,1,4,sentence,continuous,0.001956845517270267,8.834479439881644e-05,0.0020350725390017033,0.0018333661137148738,0.002002097899094224,0.001956845517270267
probe_00025_spk12.wav,/home/hye0n/projects/cnn-based-audio-pii-classification/src/cnn/data_probe/output/probe_00025_spk12.wav,번호는 삼팔팔사입니다.,3884,,male,spk12,probe_cont_4,probe,1,2.0,4,1,4,sentence,continuous,0.0018569259361053507,0.0003140952727884451,0.0022405569907277822,0.0014711924595758319,0.0018590283580124378,0.0018569259361053507
probe_00026_spk13.wav,/home/hye0n/projects/cnn-based-audio-pii-classification/src/cnn/data_probe/output/probe_00026_spk13.wav,번호는 구육구육입니다.,9696,,male,spk13,probe_cont_4,probe,1,2.16,4,1,4,sentence,continuous,0.001936648894722263,0.00044144588521874477,0.0025598141364753246,0.0015925007173791528,0.0016576318303123116,0.001936648894722263
probe_00027_spk14.wav,/home/hye0n/projects/cnn-based-audio-pii-classification/src/cnn/data_probe/output/probe_00027_spk14.wav,번호는 오삼이팔입니다.,5328,,female,spk14,probe_cont_4,probe,1,2.16,4,1,4,sentence,continuous,0.002333588859376808,0.0007133241070959106,0.00275453832000494,0.0013291694922372699,0.002917058765888214,0.002333588859376808
probe_00028_spk01.wav,/home/hye0n/projects/cnn-based-audio-pii-classification/src/cnn/data_probe/output/probe_00028_spk01.wav,번호는 칠일공일입니다.,7101,,female,spk01,probe_cont_4,probe,1,2.16,4,1,4,sentence,continuous,0.004553001994887988,0.0014088391352666072,0.004413675982505083,0.006343909539282322,0.0029014204628765583,0.004553001994887988
probe_00029_spk02.wav,/home/hye0n/projects/cnn-based-audio-pii-classification/src/cnn/data_probe/output/probe_00029_spk02.wav,번호는 이이육구입니다.,2269,,male,spk02,probe_cont_4,probe,1,1.68,4,1,4,sentence,continuous,0.005941843070710699,0.002458261549290946,0.0032724568154662848,0.005347713362425566,0.009205359034240246,0.005941843070710699
probe_00030_spk03.wav,/home/hye0n/projects/cnn-based-audio-pii-classification/src/cnn/data_probe/output/probe_00030_spk03.wav,번호는 일육육구입니다.,1669,,female,spk03,probe_cont_4,probe,1,2.16,4,1,4,sentence,continuous,0.0027049899411698184,0.0005690182349082751,0.002074239309877157,0.0034531329292804003,0.0025875975843518972,0.0027049899411698184
probe_00031_spk04.wav,/home/hye0n/projects/cnn-based-audio-pii-classification/src/cnn/data_probe/output/probe_00031_spk04.wav,번호는 칠팔사팔입니다.,7848,,male,spk04,probe_cont_4,probe,1,1.68,4,1,4,sentence,continuous,0.003505126883586248,0.0011439871834862158,0.0019211885519325733,0.004582428373396397,0.004011763725429773,0.003505126883586248
probe_00032_spk05.wav,/home/hye0n/projects/cnn-based-audio-pii-classification/src/cnn/data_probe/output/probe_00032_spk05.wav,번호는 공일팔사입니다.,0184,,female,spk05,probe_cont_4,probe,1,1.84,4,1,4,sentence,continuous,0.0019408055813983083,0.0002522420346776237,0.0020104963332414627,0.0022089395206421614,0.0016029808903113008,0.0019408055813983083
probe_00033_spk06.wav,/home/hye0n/projects/cnn-based-audio-pii-classification/src/cnn/data_probe/output/probe_00033_spk06.wav,번호는 오일사육입니다.,5146,,male,spk06,probe_cont_4,probe,1,2.56,4,1,4,sentence,continuous,0.0019385745205606024,0.00015691332850781774,0.0018288636347278953,0.0018263810779899359,0.002160478848963976,0.0019385745205606024
probe_00034_spk07.wav,/home/hye0n/projects/cnn-based-audio-pii-classification/src/cnn/data_probe/output/probe_00034_spk07.wav,번호는 이칠공사입니다.,2704,,female,spk07,probe_cont_4,probe,1,1.92,4,1,4,sentence,continuous,0.0015374418968955676,6.967487521369942e-05,0.0016359377186745405,0.0014857831411063671,0.001490604830905795,0.0015374418968955676
probe_00035_spk08.wav,/home/hye0n/projects/cnn-based-audio-pii-classification/src/cnn/data_probe/output/probe_00035_spk08.wav,번호는 팔이팔일입니다.,8281,,male,spk08,probe_cont_4,probe,1,1.84,4,1,4,sentence,continuous,0.0033022186253219843,0.0011965727380760817,0.003084699623286724,0.001957639353349805,0.004864316899329424,0.0033022186253219843
probe_00036_spk09.wav,/home/hye0n/projects/cnn-based-audio-pii-classification/src/cnn/data_probe/output/probe_00036_spk09.wav,번호는 사팔구삼입니다.,4893,,female,spk09,probe_cont_4,probe,1,1.76,4,1,4,sentence,continuous,0.0017165141180157661,0.0001782293143857745,0.0016527333064004779,0.0019595858175307512,0.0015372232301160693,0.0017165141180157661
probe_00037_spk10.wav,/home/hye0n/projects/cnn-based-audio-pii-classification/src/cnn/data_probe/output/probe_00037_spk10.wav,번호는 이오이팔입니다.,2528,,male,spk10,probe_cont_4,probe,1,1.84,4,1,4,sentence,continuous,0.0017878345291440685,0.00022117679239833847,0.0017081991536542773,0.001565693411976099,0.0020896110218018293,0.0017878345291440685
probe_00038_spk11.wav,/home/hye0n/projects/cnn-based-audio-pii-classification/src/cnn/data_probe/output/probe_00038_spk11.wav,번호는 팔공구오입니다.,8095,,female,spk11,probe_cont_4,probe,1,3.76,4,1,4,sentence,continuous,0.008311570466806492,0.0036839411777702924,0.0035626781173050404,0.00883044395595789,0.012541589327156544,0.008311570466806492
probe_00039_spk12.wav,/home/hye0n/projects/cnn-based-audio-pii-classification/src/cnn/data_probe/output/probe_00039_spk12.wav,번호는 칠공일오입니다.,7015,,male,spk12,probe_cont_4,probe,1,1.6,4,1,4,sentence,continuous,0.0026799781868855157,0.0006663365892843376,0.0031289360485970974,0.001737979706376791,0.003173018805682659,0.0026799781868855157
probe_00040_spk13.wav,/home/hye0n/projects/cnn-based-audio-pii-classification/src/cnn/data_probe/output/probe_00040_spk13.wav,번호는 사삼공삼입니다.,4303,,male,spk13,probe_cont_4,probe,1,2.16,4,1,4,sentence,continuous,0.0023019456615050635,0.0005508146291503223,0.0030416413210332394,0.0017205963376909494,0.0021435993257910013,0.0023019456615050635
probe_00041_spk14.wav,/home/hye0n/projects/cnn-based-audio-pii-classification/src/cnn/data_probe/output/probe_00041_spk14.wav,번호는 구일일칠입니다.,9117,,female,spk14,probe_cont_4,probe,1,2.72,4,1,4,sentence,continuous,0.0025987244055916867,6.547373356190428e-05,0.0025461220648139715,0.002559033455327153,0.002691017696633935,0.0025987244055916867
probe_00042_spk01.wav,/home/hye0n/projects/cnn-based-audio-pii-classification/src/cnn/data_probe/output/probe_00042_spk01.wav,번호는 일팔이이입니다.,1822,,female,spk01,probe_cont_4,probe,1,2.24,4,1,4,sentence,continuous,0.006967311259359121,0.002053252864525273,0.00452728196978569,0.006824071053415537,0.009550580754876137,0.006967311259359121
probe_00043_spk02.wav,/home/hye0n/projects/cnn-based-audio-pii-classification/src/cnn/data_probe/output/probe_00043_spk02.wav,번호는 칠팔이사입니다.,7824,,male,spk02,probe_cont_4,probe,1,1.84,4,1,4,sentence,continuous,0.001468735747039318,0.0001411881793231636,0.001623475574888289,0.001500649144873023,0.0012820825213566422,0.001468735747039318
probe_00044_spk03.wav,/home/hye0n/projects/cnn-based-audio-pii-classification/src/cnn/data_probe/output/probe_00044_spk03.wav,번호는 팔구육삼입니다.,8963,,female,spk03,probe_cont_4,probe,1,3.36,4,1,4,sentence,continuous,0.0032694507390260696,0.0006701922323634359,0.0031630201265215874,0.0041382890194654465,0.002507043071091175,0.0032694507390260696
probe_00045_spk04.wav,/home/hye0n/projects/cnn-based-audio-pii-classification/src/cnn/data_probe/output/probe_00045_spk04.wav,번호는 팔삼사육입니다.,8346,,male,spk04,probe_cont_4,probe,1,2.64,4,1,4,sentence,continuous,0.0012705562403425574,0.00019873983446732626,0.0015389990294352174,0.0012084468035027385,0.0010642228880897164,0.0012705562403425574
probe_00046_spk05.wav,/home/hye0n/projects/cnn-based-audio-pii-classification/src/cnn/data_probe/output/probe_00046_spk05.wav,번호는 오칠팔칠입니다.,5787,,female,spk05,probe_cont_4,probe,1,2.16,4,1,4,sentence,continuous,0.0020487670165797076,0.00010497317385734828,0.002196882152929902,0.0019833974074572325,0.001966021489351988,0.0020487670165797076
probe_00047_spk06.wav,/home/hye0n/projects/cnn-based-audio-pii-classification/src/cnn/data_probe/output/probe_00047_spk06.wav,번호는 일삼삼일입니다.,1331,,male,spk06,probe_cont_4,probe,1,2.32,4,1,4,sentence,continuous,0.0024291126367946467,0.000318156223679388,0.0027303111273795366,0.0019890402909368277,0.0025679864920675755,0.0024291126367946467
probe_00048_spk07.wav,/home/hye0n/projects/cnn-based-audio-pii-classification/src/cnn/data_probe/output/probe_00048_spk07.wav,번호는 오공구팔입니다.,5098,,female,spk07,probe_cont_4,probe,1,2.48,4,1,4,sentence,continuous,0.003049638355150819,0.001086158045628667,0.0029301655013114214,0.0017831381410360336,0.0044356114231050014,0.003049638355150819
probe_00049_spk08.wav,/home/hye0n/projects/cnn-based-audio-pii-classification/src/cnn/data_probe/output/probe_00049_spk08.wav,번호는 삼구삼공입니다.,3930,,male,spk08,probe_cont_4,probe,1,2.16,4,1,4,sentence,continuous,0.011591445654630661,0.007851206240438575,0.005840105004608631,0.006241927854716778,0.022692304104566574,0.011591445654630661
probe_00050_spk09.wav,/home/hye0n/projects/cnn-based-audio-pii-classification/src/cnn/data_probe/output/probe_00050_spk09.wav,번호는 일공삼일입니다.,1031,,female,spk09,probe_cont_4,probe,1,1.68,4,1,4,sentence,continuous,0.0015393238281831145,0.00013402164400544558,0.0016433906275779009,0.0016244774451479316,0.0013501034118235111,0.0015393238281831145
probe_00051_spk10.wav,/home/hye0n/projects/cnn-based-audio-pii-classification/src/cnn/data_probe/output/probe_00051_spk10.wav,번호는 공오일팔입니다.,0518,,male,spk10,probe_cont_4,probe,1,2.4,4,1,4,sentence,continuous,0.002013451070524752,0.0003395067347006354,0.0020197229459881783,0.001594541477970779,0.0024260887876152992,0.002013451070524752
probe_00052_spk11.wav,/home/hye0n/projects/cnn-based-audio-pii-classification/src/cnn/data_probe/output/probe_00052_spk11.wav,번호는 삼사칠삼입니다.,3473,,female,spk11,probe_cont_4,probe,1,2.0,4,1,4,sentence,continuous,0.004669862876956661,0.0025116233584843565,0.002628553193062544,0.0031731443013995886,0.008207891136407852,0.004669862876956661
probe_00053_spk12.wav,/home/hye0n/projects/cnn-based-audio-pii-classification/src/cnn/data_probe/output/probe_00053_spk12.wav,번호는 팔이구구입니다.,8299,,male,spk12,probe_cont_4,probe,1,1.68,4,1,4,sentence,continuous,0.0014014807529747486,8.165603344236181e-05,0.0015112502733245492,0.001377653214149177,0.0013155387714505196,0.0014014807529747486
probe_00054_spk13.wav,/home/hye0n/projects/cnn-based-audio-pii-classification/src/cnn/data_probe/output/probe_00054_spk13.wav,번호는 칠삼칠육입니다.,7376,,male,spk13,probe_cont_4,probe,1,1.76,4,1,4,sentence,continuous,0.0022546811184535422,0.0007188215318066441,0.0020769373513758183,0.0014767416287213564,0.0032103643752634525,0.0022546811184535422
probe_00055_spk14.wav,/home/hye0n/projects/cnn-based-audio-pii-classification/src/cnn/data_probe/output/probe_00055_spk14.wav,번호는 삼일일육입니다.,3116,,female,spk14,probe_cont_4,probe,1,1.68,4,1,4,sentence,continuous,0.002058007987216115,0.00024538411603540407,0.0018324028933420777,0.001942453789524734,0.0023991672787815332,0.002058007987216115
probe_00056_spk01.wav,/home/hye0n/projects/cnn-based-audio-pii-classification/src/cnn/data_probe/output/probe_00056_spk01.wav,번호는 오육육칠입니다.,5667,,female,spk01,probe_cont_4,probe,1,2.48,4,1,4,sentence,continuous,0.003429923439398408,0.00078300303596465,0.0031683037523180246,0.0026289033703505993,0.0044925631955266,0.003429923439398408
probe_00057_spk02.wav,/home/hye0n/projects/cnn-based-audio-pii-classification/src/cnn/data_probe/output/probe_00057_spk02.wav,번호는 공일공육입니다.,0106,,male,spk02,probe_cont_4,probe,1,2.24,4,1,4,sentence,continuous,0.005754692014306784,0.0004707194462197261,0.005665385629981756,0.005228045396506786,0.0063706450164318085,0.005754692014306784
probe_00058_spk03.wav,/home/hye0n/projects/cnn-based-audio-pii-classification/src/cnn/data_probe/output/probe_00058_spk03.wav,번호는 오일삼삼입니다.,5133,,female,spk03,probe_cont_4,probe,1,2.24,4,1,4,sentence,continuous,0.002008713704223434,0.00031545913822508164,0.0021240694914013147,0.0015778180677443743,0.0023242535535246134,0.002008713704223434
probe_00059_spk04.wav,/home/hye0n/projects/cnn-based-audio-pii-classification/src/cnn/data_probe/output/probe_00059_spk04.wav,번호는 삼팔칠이입니다.,3872,,male,spk04,probe_cont_4,probe,1,1.92,4,1,4,sentence,continuous,0.0018314028081173699,0.0002751301221506584,0.002212019870057702,0.0015711452579125762,0.0017110432963818312,0.0018314028081173699
probe_00060_spk05.wav,/home/hye0n/projects/cnn-based-audio-pii-classification/src/cnn/data_probe/output/probe_00060_spk05.wav,번호는 육이사칠입니다.,6247,,female,spk05,probe_cont_4,probe,1,1.76,4,1,4,sentence,continuous,0.002579134190455079,0.0007370174743607431,0.0020496491342782974,0.002066363813355565,0.0036213896237313747,0.002579134190455079
probe_00061_spk06.wav,/home/hye0n/projects/cnn-based-audio-pii-classification/src/cnn/data_probe/output/probe_00061_spk06.wav,번호는 삼일칠팔입니다.,3178,,male,spk06,probe_cont_4,probe,1,2.08,4,1,4,sentence,continuous,0.0017303830245509744,0.00018425665867542556,0.0019712254870682955,0.0016961125656962395,0.0015238110208883882,0.0017303830245509744
probe_00062_spk07.wav,/home/hye0n/projects/cnn-based-audio-pii-classification/src/cnn/data_probe/output/probe_00062_spk07.wav,번호는 일공팔공입니다.,1080,,female,spk07,probe_cont_4,probe,1,2.0,4,1,4,sentence,continuous,0.010120615518341461,0.0036319885269115657,0.005175635684281588,0.013796181418001652,0.011390029452741146,0.010120615518341461
probe_00063_spk08.wav,/home/hye0n/projects/cnn-based-audio-pii-classification/src/cnn/data_probe/output/probe_00063_spk08.wav,번호는 일삼이육입니다.,1326,,male,spk08,probe_cont_4,probe,1,2.56,4,1,4,sentence,continuous,0.006785382594292362,0.0035699580137150562,0.011668535880744457,0.0032333957497030497,0.005454216152429581,0.006785382594292362
probe_00064_spk09.wav,/home/hye0n/projects/cnn-based-audio-pii-classification/src/cnn/data_probe/output/probe_00064_spk09.wav,번호는 칠칠삼육입니다.,7736,,female,spk09,probe_cont_4,probe,1,1.84,4,1,4,sentence,continuous,0.002566469678034385,0.00046104383148961795,0.002018058905377984,0.0025352633092552423,0.0031460868194699287,0.002566469678034385
probe_00065_spk10.wav,/home/hye0n/projects/cnn-based-audio-pii-classification/src/cnn/data_probe/output/probe_00065_spk10.wav,번호는 공이육공입니다.,0260,,male,spk10,probe_cont_4,probe,1,2.24,4,1,4,sentence,continuous,0.002526763671388229,0.00020678722848215645,0.002243943978101015,0.002603743690997362,0.002732603345066309,0.002526763671388229
probe_00066_spk11.wav,/home/hye0n/projects/cnn-based-audio-pii-classification/src/cnn/data_probe/output/probe_00066_spk11.wav,번호는 육사칠사입니다.,6474,,female,spk11,probe_cont_4,probe,1,2.4,4,1,4,sentence,continuous,0.0014982259987543027,0.00018347630074993187,0.00173378293402493,0.0014746814267709851,0.0012862136354669929,0.0014982259987543027
probe_00067_spk12.wav,/home/hye0n/projects/cnn-based-audio-pii-classification/src/cnn/data_probe/output/probe_00067_spk12.wav,번호는 육팔칠이입니다.,6872,,male,spk12,probe_cont_4,probe,1,1.68,4,1,4,sentence,continuous,0.0014172940282151103,0.00010634536629139064,0.0015610409900546074,0.0013071241555735469,0.0013837169390171766,0.0014172940282151103
probe_00068_spk13.wav,/home/hye0n/projects/cnn-based-audio-pii-classification/src/cnn/data_probe/output/probe_00068_spk13.wav,번호는 삼사삼공입니다.,3430,,male,spk13,probe_cont_4,probe,1,1.92,4,1,4,sentence,continuous,0.003252596672003468,0.0010274576151940377,0.002783102449029684,0.002296468010172248,0.004678219556808472,0.003252596672003468
probe_00069_spk14.wav,/home/hye0n/projects/cnn-based-audio-pii-classification/src/cnn/data_probe/output/probe_00069_spk14.wav,번호는 구팔공오입니다.,9805,,female,spk14,probe_cont_4,probe,1,1.84,4,1,4,sentence,continuous,0.0036013547020653882,0.0012664775982571695,0.00274597923271358,0.00266625196672976,0.005391832906752825,0.0036013547020653882
probe_00070_spk01.wav,/home/hye0n/projects/cnn-based-audio-pii-classification/src/cnn/data_probe/output/probe_00070_spk01.wav,번호는 공공구칠입니다.,0097,,female,spk01,probe_cont_4,probe,1,2.08,4,1,4,sentence,continuous,0.013348962490757307,0.002390294436895117,0.010032818652689457,0.015575060620903969,0.014439008198678493,0.013348962490757307
probe_00071_spk02.wav,/home/hye0n/projects/cnn-based-audio-pii-classification/src/cnn/data_probe/output/probe_00071_spk02.wav,번호는 팔팔이공입니다.,8820,,male,spk02,probe_cont_4,probe,1,2.4,4,1,4,sentence,continuous,0.001853769024213155,8.288653074388529e-05,0.001970406621694565,0.0018055506516247988,0.0017853497993201017,0.001853769024213155
probe_00072_spk03.wav,/home/hye0n/projects/cnn-based-audio-pii-classification/src/cnn/data_probe/output/probe_00072_spk03.wav,번호는 팔일이일입니다.,8121,,female,spk03,probe_cont_4,probe,1,2.88,4,1,4,sentence,continuous,0.0032759186966965594,0.0008300404612799899,0.0025207626167684793,0.002875193953514099,0.0044317995198071,0.0032759186966965594
probe_00073_spk04.wav,/home/hye0n/projects/cnn-based-audio-pii-classification/src/cnn/data_probe/output/probe_00073_spk04.wav,번호는 구일삼육입니다.,9136,,male,spk04,probe_cont_4,probe,1,2.16,4,1,4,sentence,continuous,0.0019812354585155845,0.00026331946385804223,0.002318715211004019,0.0016761641018092632,0.0019488270627334714,0.0019812354585155845
probe_00074_spk05.wav,/home/hye0n/projects/cnn-based-audio-pii-classification/src/cnn/data_probe/output/probe_00074_spk05.wav,번호는 일구삼구입니다.,1939,,female,spk05,probe_cont_4,probe,1,1.92,4,1,4,sentence,continuous,0.006615627634649475,0.002498158701392154,0.0032557130325585604,0.009241325780749321,0.007349844090640545,0.006615627634649475
probe_00075_spk06.wav,/home/hye0n/projects/cnn-based-audio-pii-classification/src/cnn/data_probe/output/probe_00075_spk06.wav,번호는 구공구일입니다.,9091,,male,spk06,probe_cont_4,probe,1,2.48,4,1,4,sentence,continuous,0.0014549705277507503,0.00011690049891006823,0.0016113735036924481,0.001330377534031868,0.001423160545527935,0.0014549705277507503
probe_00076_spk07.wav,/home/hye0n/projects/cnn-based-audio-pii-classification/src/cnn/data_probe/output/probe_00076_spk07.wav,번호는 육구구팔입니다.,6998,,female,spk07,probe_cont_4,probe,1,1.92,4,1,4,sentence,continuous,0.002849017037078738,0.0009214654100357377,0.0021089932415634394,0.0022900933399796486,0.004147964529693127,0.002849017037078738
probe_00077_spk08.wav,/home/hye0n/projects/cnn-based-audio-pii-classification/src/cnn/data_probe/output/probe_00077_spk08.wav,번호는 오사삼오입니다.,5435,,male,spk08,probe_cont_4,probe,1,1.76,4,1,4,sentence,continuous,0.0020027704692135253,0.0003010381255513824,0.002243292983621359,0.0015782928094267845,0.002186725614592433,0.0020027704692135253
probe_00078_spk09.wav,/home/hye0n/projects/cnn-based-audio-pii-classification/src/cnn/data_probe/output/probe_00078_spk09.wav,번호는 삼사육이입니다.,3462,,female,spk09,probe_cont_4,probe,1,1.68,4,1,4,sentence,continuous,0.002167816273868084,0.00037060028374713886,0.001799984136596322,0.0026750611141324043,0.0020284035708755255,0.002167816273868084
probe_00079_spk10.wav,/home/hye0n/projects/cnn-based-audio-pii-classification/src/cnn/data_probe/output/probe_00079_spk10.wav,번호는 사칠오일입니다.,4751,,male,spk10,probe_cont_4,probe,1,2.0,4,1,4,sentence,continuous,0.001675225212238729,9.986097850810108e-05,0.001815920346416533,0.0015942954923957586,0.0016154597979038954,0.001675225212238729
probe_00080_spk11.wav,/home/hye0n/projects/cnn-based-audio-pii-classification/src/cnn/data_probe/output/probe_00080_spk11.wav,번호는 공칠구구입니다.,0799,,female,spk11,probe_cont_4,probe,1,2.4,4,1,4,sentence,continuous,0.001402219485801955,0.00016882724922264548,0.0016336303669959307,0.0013374130940064788,0.0012356149964034557,0.001402219485801955
probe_00081_spk12.wav,/home/hye0n/projects/cnn-based-audio-pii-classification/src/cnn/data_probe/output/probe_00081_spk12.wav,번호는 일일팔삼입니다.,1183,,male,spk12,probe_cont_4,probe,1,1.92,4,1,4,sentence,continuous,0.0017705031593019764,0.00023313538193730566,0.0020260184537619352,0.00182319525629282,0.0014622957678511739,0.0017705031593019764
probe_00082_spk13.wav,/home/hye0n/projects/cnn-based-audio-pii-classification/src/cnn/data_probe/output/probe_00082_spk13.wav,번호는 팔사이오입니다.,8425,,male,spk13,probe_cont_4,probe,1,1.92,4,1,4,sentence,continuous,0.002626248790572087,0.00036484864095239297,0.002241942100226879,0.0031165683176368475,0.0025202359538525343,0.002626248790572087
probe_00083_spk14.wav,/home/hye0n/projects/cnn-based-audio-pii-classification/src/cnn/data_probe/output/probe_00083_spk14.wav,번호는 일삼오사입니다.,1354,,female,spk14,probe_cont_4,probe,1,1.84,4,1,4,sentence,continuous,0.001587395090609789,0.00017944807197767398,0.001841105055063963,0.0014656250132247806,0.0014554552035406232,0.001587395090609789
probe_00084_spk01.wav,/home/hye0n/projects/cnn-based-audio-pii-classification/src/cnn/data_probe/output/probe_00084_spk01.wav,번호는 이칠팔사입니다.,2784,,female,spk01,probe_cont_4,probe,1,2.4,4,1,4,sentence,continuous,0.003956872969865799,0.0007177692796215919,0.002980720717459917,0.004686059430241585,0.004203838761895895,0.003956872969865799
probe_00085_spk02.wav,/home/hye0n/projects/cnn-based-audio-pii-classification/src/cnn/data_probe/output/probe_00085_spk02.wav,번호는 구팔공팔입니다.,9808,,male,spk02,probe_cont_4,probe,1,1.68,4,1,4,sentence,continuous,0.0017747122328728437,5.526066020463928e-05,0.0017032730393111706,0.0018378716195002198,0.0017829920398071408,0.0017747122328728437
probe_00086_spk03.wav,/home/hye0n/projects/cnn-based-audio-pii-classification/src/cnn/data_probe/output/probe_00086_spk03.wav,번호는 사일이사입니다.,4124,,female,spk03,probe_cont_4,probe,1,1.92,4,1,4,sentence,continuous,0.002784502304469546,0.000287098949844132,0.0030732888262718916,0.002887273905798793,0.0023929441813379526,0.002784502304469546
probe_00087_spk04.wav,/home/hye0n/projects/cnn-based-audio-pii-classification/src/cnn/data_probe/output/probe_00087_spk04.wav,번호는 일일팔이입니다.,1182,,male,spk04,probe_cont_4,probe,1,1.68,4,1,4,sentence,continuous,0.0015852937940508127,0.00015497708212556488,0.0018032575026154518,0.0014962044078856707,0.0014564194716513157,0.0015852937940508127
probe_00088_spk05.wav,/home/hye0n/projects/cnn-based-audio-pii-classification/src/cnn/data_probe/output/probe_00088_spk05.wav,번호는 사사구삼입니다.,4493,,female,spk05,probe_cont_4,probe,1,1.68,4,1,4,sentence,continuous,0.001879194596161445,0.00022195207702200832,0.0020559909753501415,0.0020154102239757776,0.0015661825891584158,0.001879194596161445
probe_00089_spk06.wav,/home/hye0n/projects/cnn-based-audio-pii-classification/src/cnn/data_probe/output/probe_00089_spk06.wav,번호는 오삼사팔입니다.,5348,,male,spk06,probe_cont_4,probe,1,2.16,4,1,4,sentence,continuous,0.0014727648813277483,7.576145520762674e-05,0.0015562931075692177,0.0013728890335187316,0.0014891125028952956,0.0014727648813277483
probe_00090_spk07.wav,/home/hye0n/projects/cnn-based-audio-pii-classification/src/cnn/data_probe/output/probe_00090_spk07.wav,번호는 칠사공일입니다.,7401,,female,spk07,probe_cont_4,probe,1,2.0,4,1,4,sentence,continuous,0.002076747672011455,0.00029106566370456366,0.0019464318174868822,0.0024800507817417383,0.0018037604168057442,0.002076747672011455
probe_00091_spk08.wav,/home/hye0n/projects/cnn-based-audio-pii-classification/src/cnn/data_probe/output/probe_00091_spk08.wav,번호는 육사공공입니다.,6400,,male,spk08,probe_cont_4,probe,1,1.84,4,1,4,sentence,continuous,0.006662827295561631,0.0035005212532576565,0.005114307161420584,0.0033649825491011143,0.011509192176163197,0.006662827295561631
probe_00092_spk09.wav,/home/hye0n/projects/cnn-based-audio-pii-classification/src/cnn/data_probe/output/probe_00092_spk09.wav,번호는 오이사이입니다.,5242,,female,spk09,probe_cont_4,probe,1,1.92,4,1,4,sentence,continuous,0.0016814751628165443,0.00019508898723567862,0.0018225220264866948,0.001816302421502769,0.0014056010404601693,0.0016814751628165443
probe_00093_spk10.wav,/home/hye0n/projects/cnn-based-audio-pii-classification/src/cnn/data_probe/output/probe_00093_spk10.wav,번호는 칠팔육팔입니다.,7868,,male,spk10,probe_cont_4,probe,1,2.08,4,1,4,sentence,continuous,0.002487706718966365,0.0002993447997047144,0.00276359380222857,0.0020716881845146418,0.002627838170155883,0.002487706718966365
probe_00094_spk11.wav,/home/hye0n/projects/cnn-based-audio-pii-classification/src/cnn/data_probe/output/probe_00094_spk11.wav,번호는 공일일이입니다.,0112,,female,spk11,probe_cont_4,probe,1,2.0,4,1,4,sentence,continuous,0.0013485113546873133,9.233030271290508e-05,0.0014770720154047012,0.0013040159828960896,0.001264446065761149,0.0013485113546873133
probe_00095_spk12.wav,/home/hye0n/projects/cnn-based-audio-pii-classification/src/cnn/data_probe/output/probe_00095_spk12.wav,번호는 팔공오구입니다.,8059,,male,spk12,probe_cont_4,probe,1,1.52,4,1,4,sentence,continuous,0.0016523486313720543,0.00014514194201286775,0.0018542706966400146,0.0015194519655779004,0.0015833232318982482,0.0016523486313720543
probe_00096_spk13.wav,/home/hye0n/projects/cnn-based-audio-pii-classification/src/cnn/data_probe/output/probe_00096_spk13.wav,번호는 팔이육이입니다.,8262,,male,spk13,probe_cont_4,probe,1,2.16,4,1,4,sentence,continuous,0.0023533135342101255,5.628940161813756e-05,0.002387011656537652,0.0022740059066563845,0.0023989230394363403,0.0023533135342101255
probe_00097_spk14.wav,/home/hye0n/projects/cnn-based-audio-pii-classification/src/cnn/data_probe/output/probe_00097_spk14.wav,번호는 공사오공입니다.,0450,,female,spk14,probe_cont_4,probe,1,2.08,4,1,4,sentence,continuous,0.0019797636584068337,0.00039499658049621435,0.002512206556275487,0.0018598701572045684,0.001567214261740446,0.0019797636584068337
probe_00098_spk01.wav,/home/hye0n/projects/cnn-based-audio-pii-classification/src/cnn/data_probe/output/probe_00098_spk01.wav,번호는 오삼삼일입니다.,5331,,female,spk01,probe_cont_4,probe,1,2.4,4,1,4,sentence,continuous,0.0025524086862181625,0.0007964193411172852,0.0021437695249915123,0.0018477804260328412,0.0036656761076301336,0.0025524086862181625
probe_00099_spk02.wav,/home/hye0n/projects/cnn-based-audio-pii-classification/src/cnn/data_probe/output/probe_00099_spk02.wav,번호는 오팔육구입니다.,5869,,male,spk02,probe_cont_4,probe,1,1.84,4,1,4,sentence,continuous,0.008547268031785885,0.004911699049702234,0.0062222774140536785,0.004041166044771671,0.015378360636532307,0.008547268031785885
probe_00100_spk03.wav,/home/hye0n/projects/cnn-based-audio-pii-classification/src/cnn/data_probe/output/probe_00100_spk03.wav,번호는 이삼이이육공입니다.,232260,,female,spk03,probe_cont_6,probe,1,2.64,6,1,6,sentence,continuous,0.020087667430440586,0.0058298318819275455,0.01633286476135254,0.028321679681539536,0.01560845784842968,0.020087667430440586
probe_00101_spk04.wav,/home/hye0n/projects/cnn-based-audio-pii-classification/src/cnn/data_probe/output/probe_00101_spk04.wav,번호는 이오육삼사이입니다.,256342,,male,spk04,probe_cont_6,probe,1,2.24,6,1,6,sentence,continuous,0.003542593369881312,0.0005903261259691682,0.0030752033926546574,0.003177216276526451,0.004375360440462828,0.003542593369881312
probe_00102_spk05.wav,/home/hye0n/projects/cnn-based-audio-pii-classification/src/cnn/data_probe/output/probe_00102_spk05.wav,번호는 일육공칠삼삼입니다.,160733,,female,spk05,probe_cont_6,probe,1,2.8,6,1,6,sentence,continuous,0.006753695197403431,0.0008307884277664069,0.007691103965044022,0.006898393388837576,0.005671588238328695,0.006753695197403431
probe_00103_spk06.wav,/home/hye0n/projects/cnn-based-audio-pii-classification/src/cnn/data_probe/output/probe_00103_spk06.wav,번호는 칠오사삼삼공입니다.,754330,,male,spk06,probe_cont_6,probe,1,2.88,6,1,6,sentence,continuous,0.0020020951051265,1.3146661173178736e-05,0.002018182072788477,0.001985979499295354,0.0020021237432956696,0.0020020951051265
probe_00104_spk07.wav,/home/hye0n/projects/cnn-based-audio-pii-classification/src/cnn/data_probe/output/probe_00104_spk07.wav,번호는 삼육오사일사입니다.,365414,,female,spk07,probe_cont_6,probe,1,2.24,6,1,6,sentence,continuous,0.025980410786966484,0.010536685131647773,0.012275009416043758,0.027768125757575035,0.037898097187280655,0.025980410786966484
probe_00105_spk08.wav,/home/hye0n/projects/cnn-based-audio-pii-classification/src/cnn/data_probe/output/probe_00105_spk08.wav,번호는 오팔육팔오공입니다.,586850,,male,spk08,probe_cont_6,probe,1,2.72,6,1,6,sentence,continuous,0.020340207343300182,0.013643086873330284,0.011569867841899395,0.009842111729085445,0.03960864245891571,0.020340207343300182
probe_00106_spk09.wav,/home/hye0n/projects/cnn-based-audio-pii-classification/src/cnn/data_probe/output/probe_00106_spk09.wav,번호는 일사이구사공입니다.,142940,,female,spk09,probe_cont_6,probe,1,2.4,6,1,6,sentence,continuous,0.008531861162434021,0.004478144486297453,0.004775498993694782,0.0059943911619484425,0.01482569333165884,0.008531861162434021
probe_00107_spk10.wav,/home/hye0n/projects/cnn-based-audio-pii-classification/src/cnn/data_probe/output/probe_00107_spk10.wav,번호는 일구육오오육입니다.,196556,,male,spk10,probe_cont_6,probe,1,2.16,6,1,6,sentence,continuous,0.005379177241896589,0.001784812031353283,0.005733709316700697,0.003037641989067197,0.007366180419921875,0.005379177241896589
probe_00108_spk11.wav,/home/hye0n/projects/cnn-based-audio-pii-classification/src/cnn/data_probe/output/probe_00108_spk11.wav,번호는 구팔일육구삼입니다.,981693,,female,spk11,probe_cont_6,probe,1,2.56,6,1,6,sentence,continuous,0.0057500326074659824,0.0007547167653491804,0.006702850107103586,0.005690157413482666,0.004857090301811695,0.0057500326074659824
probe_00109_spk12.wav,/home/hye0n/projects/cnn-based-audio-pii-classification/src/cnn/data_probe/output/probe_00109_spk12.wav,번호는 사공육공팔팔입니다.,406088,,male,spk12,probe_cont_6,probe,1,2.16,6,1,6,sentence,continuous,0.006681326388691862,0.0038669666461471647,0.0030051630456000566,0.0050130547024309635,0.012025761418044567,0.006681326388691862
probe_00110_spk13.wav,/home/hye0n/projects/cnn-based-audio-pii-classification/src/cnn/data_probe/output/probe_00110_spk13.wav,번호는 삼오육일오구입니다.,356159,,male,spk13,probe_cont_6,probe,1,2.0,6,1,6,sentence,continuous,0.0026362635350475707,0.0003916384025574906,0.0024720458313822746,0.0022602835670113564,0.0031764612067490816,0.0026362635350475707
probe_00111_spk14.wav,/home/hye0n/projects/cnn-based-audio-pii-classification/src/cnn/data_probe/output/probe_00111_spk14.wav,번호는 오일사팔사육입니다.,514846,,female,spk14,probe_cont_6,probe,1,2.56,6,1,6,sentence,continuous,0.0028495421477903924,0.00027375340135241333,0.0029934321064502,0.0030888577457517385,0.002466336591169238,0.0028495421477903924
probe_00112_spk01.wav,/home/hye0n/projects/cnn-based-audio-pii-classification/src/cnn/data_probe/output/probe_00112_spk01.wav,번호는 오육사팔이삼입니다.,564823,,female,spk01,probe_cont_6,probe,1,2.4,6,1,6,sentence,continuous,0.005814252886921167,0.0027928597490958947,0.0027275015600025654,0.005223601125180721,0.009491655975580215,0.005814252886921167
probe_00113_spk02.wav,/home/hye0n/projects/cnn-based-audio-pii-classification/src/cnn/data_probe/output/probe_00113_spk02.wav,번호는 육육이구구사입니다.,662994,,male,spk02,probe_cont_6,probe,1,2.0,6,1,6,sentence,continuous,0.0022201551279673972,0.00034969590700696673,0.001960727386176586,0.002714497270062566,0.00198524072766304,0.0022201551279673972
probe_00114_spk03.wav,/home/hye0n/projects/cnn-based-audio-pii-classification/src/cnn/data_probe/output/probe_00114_spk03.wav,번호는 육팔공사사삼입니다.,680443,,female,spk03,probe_cont_6,probe,1,2.64,6,1,6,sentence,continuous,0.015227123474081358,0.003921000756969288,0.012815995141863823,0.012108197435736656,0.020757177844643593,0.015227123474081358
probe_00115_spk04.wav,/home/hye0n/projects/cnn-based-audio-pii-classification/src/cnn/data_probe/output/probe_00115_spk04.wav,번호는 육구구오칠칠입니다.,699577,,male,spk04,probe_cont_6,probe,1,2.4,6,1,6,sentence,continuous,0.0040133376605808735,0.0008764326848131813,0.002984104212373495,0.005126043222844601,0.003929865546524525,0.0040133376605808735
probe_00116_spk05.wav,/home/hye0n/projects/cnn-based-audio-pii-classification/src/cnn/data_probe/output/probe_00116_spk05.wav,번호는 칠삼팔칠이일입니다.,738721,,female,spk05,probe_cont_6,probe,1,2.16,6,1,6,sentence,continuous,0.003992405564834674,0.0004089142224980588,0.0034600328654050827,0.004454169888049364,0.004063013941049576,0.003992405564834674
probe_00117_spk06.wav,/home/hye0n/projects/cnn-based-audio-pii-classification/src/cnn/data_probe/output/probe_00117_spk06.wav,번호는 사팔구오일삼입니다.,489513,,male,spk06,probe_cont_6,probe,1,2.32,6,1,6,sentence,continuous,0.00486150267533958,0.0012129121203746072,0.003335134359076619,0.004946908447891474,0.006302465219050646,0.00486150267533958
probe_00118_spk07.wav,/home/hye0n/projects/cnn-based-audio-pii-classification/src/cnn/data_probe/output/probe_00118_spk07.wav,번호는 사삼삼이공공입니다.,433200,,female,spk07,probe_cont_6,probe,1,2.4,6,1,6,sentence,continuous,0.01079057203605771,0.004221234320253741,0.008223189041018486,0.007406861986964941,0.016741665080189705,0.01079057203605771
probe_00119_spk08.wav,/home/hye0n/projects/cnn-based-audio-pii-classification/src/cnn/data_probe/output/probe_00119_spk08.wav,번호는 삼칠구일칠육입니다.,379176,,male,spk08,probe_cont_6,probe,1,2.4,6,1,6,sentence,continuous,0.009544592816382647,0.005597189818288608,0.004145306535065174,0.017257077619433403,0.0072313942946493626,0.009544592816382647
probe_00120_spk09.wav,/home/hye0n/projects/cnn-based-audio-pii-classification/src/cnn/data_probe/output/probe_00120_spk09.wav,번호는 구삼육칠육삼입니다.,936763,,female,spk09,probe_cont_6,probe,1,2.56,6,1,6,sentence,continuous,0.04930999005834261,0.03841688430375071,0.03535054996609688,0.010818444192409515,0.10176097601652145,0.04930999005834261
probe_00121_spk10.wav,/home/hye0n/projects/cnn-based-audio-pii-classification/src/cnn/data_probe/output/probe_00121_spk10.wav,번호는 이공일육삼이입니다.,201632,,male,spk10,probe_cont_6,probe,1,1.68,6,1,6,sentence,continuous,0.0021062124675760665,0.00023800053906976074,0.0017891267780214548,0.0023625248577445745,0.0021669857669621706,0.0021062124675760665
probe_00122_spk11.wav,/home/hye0n/projects/cnn-based-audio-pii-classification/src/cnn/data_probe/output/probe_00122_spk11.wav,번호는 팔칠공팔삼일입니다.,870831,,female,spk11,probe_cont_6,probe,1,2.88,6,1,6,sentence,continuous,0.0027682210008303323,0.000291791432167513,0.003141272347420454,0.0027344627305865288,0.0024289279244840145,0.0027682210008303323
probe_00123_spk12.wav,/home/hye0n/projects/cnn-based-audio-pii-classification/src/cnn/data_probe/output/probe_00123_spk12.wav,번호는 칠이칠팔팔구입니다.,727889,,male,spk12,probe_cont_6,probe,1,2.16,6,1,6,sentence,continuous,0.003966619726270437,0.0023686388515850184,0.002084819134324789,0.0025075627490878105,0.007307477295398712,0.003966619726270437
probe_00124_spk13.wav,/home/hye0n/projects/cnn-based-audio-pii-classification/src/cnn/data_probe/output/probe_00124_spk13.wav,번호는 오칠구팔육팔입니다.,579868,,male,spk13,probe_cont_6,probe,1,2.56,6,1,6,sentence,continuous,0.007285371733208497,0.003077912125329347,0.005810869857668877,0.004475835710763931,0.011569409631192684,0.007285371733208497
probe_00125_spk14.wav,/home/hye0n/projects/cnn-based-audio-pii-classification/src/cnn/data_probe/output/probe_00125_spk14.wav,번호는 칠이칠칠사삼입니다.,727743,,female,spk14,probe_cont_6,probe,1,2.56,6,1,6,sentence,continuous,0.006399291412283977,0.0021202987477838575,0.005026782397180796,0.004776722751557827,0.009394369088113308,0.006399291412283977
probe_00126_spk01.wav,/home/hye0n/projects/cnn-based-audio-pii-classification/src/cnn/data_probe/output/probe_00126_spk01.wav,번호는 사팔칠삼사칠입니다.,487347,,female,spk01,probe_cont_6,probe,1,2.64,6,1,6,sentence,continuous,0.020888656222571928,0.018447227663159114,0.006105161737650633,0.009664911776781082,0.04689589515328407,0.020888656222571928
probe_00127_spk02.wav,/home/hye0n/projects/cnn-based-audio-pii-classification/src/cnn/data_probe/output/probe_00127_spk02.wav,번호는 일사삼사오오입니다.,143455,,male,spk02,probe_cont_6,probe,1,3.36,6,1,6,sentence,continuous,0.0074859812545279665,0.002542616435470601,0.010780630633234978,0.004591134376823902,0.007086178753525019,0.0074859812545279665
probe_00128_spk03.wav,/home/hye0n/projects/cnn-based-audio-pii-classification/src/cnn/data_probe/output/probe_00128_spk03.wav,번호는 팔일이이삼육입니다.,812236,,female,spk03,probe_cont_6,probe,1,2.64,6,1,6,sentence,continuous,0.01065551582723856,0.0010772417724006036,0.012127994559705257,0.009580854326486588,0.010257698595523834,0.01065551582723856
probe_00129_spk04.wav,/home/hye0n/projects/cnn-based-audio-pii-classification/src/cnn/data_probe/output/probe_00129_spk04.wav,번호는 이삼일육육오입니다.,231665,,male,spk04,probe_cont_6,probe,1,2.4,6,1,6,sentence,continuous,0.0016221986540282767,0.0002882167617885175,0.002018126891925931,0.0015081033343449235,0.0013403657358139753,0.0016221986540282767
probe_00130_spk05.wav,/home/hye0n/projects/cnn-based-audio-pii-classification/src/cnn/data_probe/output/probe_00130_spk05.wav,번호는 팔칠육공삼육입니다.,876036,,female,spk05,probe_cont_6,probe,1,2.48,6,1,6,sentence,continuous,0.029356542974710464,0.01931042745222364,0.020628469064831734,0.05613049864768982,0.01131066121160984,0.029356542974710464
probe_00131_spk06.wav,/home/hye0n/projects/cnn-based-audio-pii-classification/src/cnn/data_probe/output/probe_00131_spk06.wav,번호는 육구공구육칠입니다.,690967,,male,spk06,probe_cont_6,probe,1,3.68,6,1,6,sentence,continuous,0.0035884621708343425,0.000990390782425362,0.004963389597833157,0.003132281359285116,0.002669715555384755,0.0035884621708343425
probe_00132_spk07.wav,/home/hye0n/projects/cnn-based-audio-pii-classification/src/cnn/data_probe/output/probe_00132_spk07.wav,번호는 공오사육육팔입니다.,054668,,female,spk07,probe_cont_6,probe,1,2.96,6,1,6,sentence,continuous,0.012070031060526768,0.006149619712502016,0.010240933857858181,0.005621323827654123,0.020347835496068,0.012070031060526768
probe_00133_spk08.wav,/home/hye0n/projects/cnn-based-audio-pii-classification/src/cnn/data_probe/output/probe_00133_spk08.wav,번호는 팔구삼칠삼사입니다.,893734,,male,spk08,probe_cont_6,probe,1,2.72,6,1,6,sentence,continuous,0.007653784782936175,0.0015489513176182924,0.009366560727357864,0.005614741239696741,0.007980052381753922,0.007653784782936175
probe_00134_spk09.wav,/home/hye0n/projects/cnn-based-audio-pii-classification/src/cnn/data_probe/output/probe_00134_spk09.wav,번호는 육칠공육오육입니다.,670656,,female,spk09,probe_cont_6,probe,1,2.32,6,1,6,sentence,continuous,0.02007301493237416,0.00630207737067647,0.012542865239083767,0.027966879308223724,0.019709300249814987,0.02007301493237416
probe_00135_spk10.wav,/home/hye0n/projects/cnn-based-audio-pii-classification/src/cnn/data_probe/output/probe_00135_spk10.wav,번호는 이칠이구팔공입니다.,272980,,male,spk10,probe_cont_6,probe,1,2.56,6,1,6,sentence,continuous,0.002353525720536709,0.00018936206680724208,0.002120930701494217,0.0023548812605440617,0.002584765199571848,0.002353525720536709
probe_00136_spk11.wav,/home/hye0n/projects/cnn-based-audio-pii-classification/src/cnn/data_probe/output/probe_00136_spk11.wav,번호는 육구구공일육입니다.,699016,,female,spk11,probe_cont_6,probe,1,2.88,6,1,6,sentence,continuous,0.004891160875558853,0.0005330889880418373,0.004264233633875847,0.004841998685151339,0.005567250307649374,0.004891160875558853
probe_00137_spk12.wav,/home/hye0n/projects/cnn-based-audio-pii-classification/src/cnn/data_probe/output/probe_00137_spk12.wav,번호는 이칠이공사육입니다.,272046,,male,spk12,probe_cont_6,probe,1,2.0,6,1,6,sentence,continuous,0.0022578202576066055,0.0003347284624711872,0.0027214963920414448,0.002108553657308221,0.0019434107234701514,0.0022578202576066055
probe_00138_spk13.wav,/home/hye0n/projects/cnn-based-audio-pii-classification/src/cnn/data_probe/output/probe_00138_spk13.wav,번호는 오삼칠오오육입니다.,537556,,male,spk13,probe_cont_6,probe,1,1.92,6,1,6,sentence,continuous,0.00835989493255814,0.00392448200254042,0.008373158052563667,0.003546787891536951,0.0131597388535738,0.00835989493255814
probe_00139_spk14.wav,/home/hye0n/projects/cnn-based-audio-pii-classification/src/cnn/data_probe/output/probe_00139_spk14.wav,번호는 사육사일칠공입니다.,464170,,female,spk14,probe_cont_6,probe,1,2.56,6,1,6,sentence,continuous,0.0036683670865992704,0.0007260372025178004,0.0026440033689141273,0.00411968631669879,0.0042414115741848946,0.0036683670865992704
probe_00140_spk01.wav,/home/hye0n/projects/cnn-based-audio-pii-classification/src/cnn/data_probe/output/probe_00140_spk01.wav,번호는 팔공오삼일공입니다.,805310,,female,spk01,probe_cont_6,probe,1,2.8,6,1,6,sentence,continuous,0.0119401840493083,0.002775558934263294,0.013030113652348518,0.014660893939435482,0.0081295445561409,0.0119401840493083
probe_00141_spk02.wav,/home/hye0n/projects/cnn-based-audio-pii-classification/src/cnn/data_probe/output/probe_00141_spk02.wav,번호는 공삼삼공구이입니다.,033092,,male,spk02,probe_cont_6,probe,1,2.24,6,1,6,sentence,continuous,0.002912173978984356,0.00026265950199736316,0.0031075088772922754,0.0025408859364688396,0.0030881271231919527,0.002912173978984356
probe_00142_spk03.wav,/home/hye0n/projects/cnn-based-audio-pii-classification/src/cnn/data_probe/output/probe_00142_spk03.wav,번호는 삼이칠일구삼입니다.,327193,,female,spk03,probe_cont_6,probe,1,2.8,6,1,6,sentence,continuous,0.009798113256692886,0.0009435222794815512,0.008704452775418758,0.011006971821188927,0.009682915173470974,0.009798113256692886
probe_00143_spk04.wav,/home/hye0n/projects/cnn-based-audio-pii-classification/src/cnn/data_probe/output/probe_00143_spk04.wav,번호는 칠사오이구구입니다.,745299,,male,spk04,probe_cont_6,probe,1,2.24,6,1,6,sentence,continuous,0.003677810231844584,0.0007056779219772071,0.0032160335686057806,0.004674886353313923,0.003142510773614049,0.003677810231844584
probe_00144_spk05.wav,/home/hye0n/projects/cnn-based-audio-pii-classification/src/cnn/data_probe/output/probe_00144_spk05.wav,번호는 일이사일구공입니다.,124190,,female,spk05,probe_cont_6,probe,1,3.04,6,1,6,sentence,continuous,0.010903469597299894,0.0019559158891589174,0.013659418560564518,0.009320630691945553,0.00973035953938961,0.010903469597299894
probe_00145_spk06.wav,/home/hye0n/projects/cnn-based-audio-pii-classification/src/cnn/data_probe/output/probe_00145_spk06.wav,번호는 사구육육삼일입니다.,496631,,male,spk06,probe_cont_6,probe,1,2.48,6,1,6,sentence,continuous,0.0036923848868658147,0.00042414704689739216,0.004005203489214182,0.003092738101258874,0.003979213070124388,0.0036923848868658147
probe_00146_spk07.wav,/home/hye0n/projects/cnn-based-audio-pii-classification/src/cnn/data_probe/output/probe_00146_spk07.wav,번호는 구삼일사구일입니다.,931491,,female,spk07,probe_cont_6,probe,1,2.88,6,1,6,sentence,continuous,0.003604412544518709,0.00016950502694145641,0.003824995830655098,0.0034128485713154078,0.003575393231585622,0.003604412544518709
probe_00147_spk08.wav,/home/hye0n/projects/cnn-based-audio-pii-classification/src/cnn/data_probe/output/probe_00147_spk08.wav,번호는 구공오팔육오입니다.,905865,,male,spk08,probe_cont_6,probe,1,2.56,6,1,6,sentence,continuous,0.03222927482177814,0.021305936400290736,0.027624566107988358,0.00874380487948656,0.0603194534778595,0.03222927482177814
probe_00148_spk09.wav,/home/hye0n/projects/cnn-based-audio-pii-classification/src/cnn/data_probe/output/probe_00148_spk09.wav,번호는 일팔오공육칠입니다.,185067,,female,spk09,probe_cont_6,probe,1,2.4,6,1,6,sentence,continuous,0.008804392535239458,0.004719950032071149,0.004198113456368446,0.015291254967451096,0.006923809181898832,0.008804392535239458
probe_00149_spk10.wav,/home/hye0n/projects/cnn-based-audio-pii-classification/src/cnn/data_probe/output/probe_00149_spk10.wav,번호는 일육오칠이육입니다.,165726,,male,spk10,probe_cont_6,probe,1,3.44,6,1,6,sentence,continuous,0.007729781946788232,0.0029566191172352026,0.005642585456371307,0.005635689478367567,0.01191107090562582,0.007729781946788232
probe_00150_spk11.wav,/home/hye0n/projects/cnn-based-audio-pii-classification/src/cnn/data_probe/output/probe_00150_spk11.wav,번호는 이팔사구팔칠입니다.,284987,,female,spk11,probe_cont_6,probe,1,3.04,6,1,6,sentence,continuous,0.002251353347674012,0.0004338269965952417,0.0028229346498847008,0.0017724826466292143,0.0021586427465081215,0.002251353347674012
probe_00151_spk12.wav,/home/hye0n/projects/cnn-based-audio-pii-classification/src/cnn/data_probe/output/probe_00151_spk12.wav,번호는 칠육구사오삼입니다.,769453,,male,spk12,probe_cont_6,probe,1,1.68,6,1,6,sentence,continuous,0.0017371849001695712,0.00013880336948779765,0.001908932696096599,0.0017336310120299459,0.0015689909923821688,0.0017371849001695712
probe_00152_spk13.wav,/home/hye0n/projects/cnn-based-audio-pii-classification/src/cnn/data_probe/output/probe_00152_spk13.wav,번호는 일사칠삼칠구입니다.,147379,,male,spk13,probe_cont_6,probe,1,1.92,6,1,6,sentence,continuous,0.0022473075271894536,0.00019283649983257599,0.0024614986032247543,0.0019940254278481007,0.0022863985504955053,0.0022473075271894536
probe_00153_spk14.wav,/home/hye0n/projects/cnn-based-audio-pii-classification/src/cnn/data_probe/output/probe_00153_spk14.wav,번호는 구육오공칠오입니다.,965075,,female,spk14,probe_cont_6,probe,1,2.4,6,1,6,sentence,continuous,0.00328469998203218,0.0004373223605443294,0.0038954901974648237,0.0030634342692792416,0.002895175479352474,0.00328469998203218
probe_00154_spk01.wav,/home/hye0n/projects/cnn-based-audio-pii-classification/src/cnn/data_probe/output/probe_00154_spk01.wav,번호는 이칠삼오사오입니다.,273545,,female,spk01,probe_cont_6,probe,1,2.64,6,1,6,sentence,continuous,0.006465864988664786,0.0029960089301819515,0.003518839366734028,0.005303019657731056,0.010575735941529274,0.006465864988664786
probe_00155_spk02.wav,/home/hye0n/projects/cnn-based-audio-pii-classification/src/cnn/data_probe/output/probe_00155_spk02.wav,번호는 사구사팔공팔입니다.,494808,,male,spk02,probe_cont_6,probe,1,2.4,6,1,6,sentence,continuous,0.007086268548543255,0.0026805455708689752,0.003404011717066169,0.009707605466246605,0.00814718846231699,0.007086268548543255
probe_00156_spk03.wav,/home/hye0n/projects/cnn-based-audio-pii-classification/src/cnn/data_probe/output/probe_00156_spk03.wav,번호는 삼일삼육칠팔입니다.,313678,,female,spk03,probe_cont_6,probe,1,3.28,6,1,6,sentence,continuous,0.007418584233770768,0.003246703229959059,0.0048069823533296585,0.005453869234770536,0.011994901113212109,0.007418584233770768
probe_00157_spk04.wav,/home/hye0n/projects/cnn-based-audio-pii-classification/src/cnn/data_probe/output/probe_00157_spk04.wav,번호는 삼칠칠칠공일입니다.,377701,,male,spk04,probe_cont_6,probe,1,2.56,6,1,6,sentence,continuous,0.04576783192654451,0.03990169348087803,0.012618258595466614,0.10189065337181091,0.022794583812355995,0.04576783192654451
probe_00158_spk05.wav,/home/hye0n/projects/cnn-based-audio-pii-classification/src/cnn/data_probe/output/probe_00158_spk05.wav,번호는 사삼육삼사구입니다.,436349,,female,spk05,probe_cont_6,probe,1,2.4,6,1,6,sentence,continuous,0.010692229960113764,0.004563057377290946,0.006450275424867868,0.0170246921479702,0.008601722307503223,0.010692229960113764
probe_00159_spk06.wav,/home/hye0n/projects/cnn-based-audio-pii-classification/src/cnn/data_probe/output/probe_00159_spk06.wav,번호는 오칠팔팔오육입니다.,578856,,male,spk06,probe_cont_6,probe,1,2.0,6,1,6,sentence,continuous,0.004448642410958807,0.002648338442250474,0.002157824579626322,0.0030279920902103186,0.00816011056303978,0.004448642410958807
probe_00160_spk07.wav,/home/hye0n/projects/cnn-based-audio-pii-classification/src/cnn/data_probe/output/probe_00160_spk07.wav,번호는 팔오오칠사사입니다.,855744,,female,spk07,probe_cont_6,probe,1,2.48,6,1,6,sentence,continuous,0.002618378338714441,0.0002613846905265966,0.0029745374340564013,0.0023545902222394943,0.0025260073598474264,0.002618378338714441
probe_00161_spk08.wav,/home/hye0n/projects/cnn-based-audio-pii-classification/src/cnn/data_probe/output/probe_00161_spk08.wav,번호는 사삼일삼오일입니다.,431351,,male,spk08,probe_cont_6,probe,1,2.24,6,1,6,sentence,continuous,0.014337521667281786,0.004922471018389957,0.013189402408897877,0.008965368382632732,0.02085779421031475,0.014337521667281786
probe_00162_spk09.wav,/home/hye0n/projects/cnn-based-audio-pii-classification/src/cnn/data_probe/output/probe_00162_spk09.wav,번호는 팔이삼삼칠사입니다.,823374,,female,spk09,probe_cont_6,probe,1,2.32,6,1,6,sentence,continuous,0.004992887222518523,0.0006304215402473989,0.004270111210644245,0.004902231972664595,0.005806318484246731,0.004992887222518523
probe_00163_spk10.wav,/home/hye0n/projects/cnn-based-audio-pii-classification/src/cnn/data_probe/output/probe_00163_spk10.wav,번호는 구팔구사일삼입니다.,989413,,male,spk10,probe_cont_6,probe,1,2.8,6,1,6,sentence,continuous,0.0026281429454684258,0.00032500074128978854,0.003083969233557582,0.0023491904139518738,0.0024512691888958216,0.0026281429454684258
probe_00164_spk11.wav,/home/hye0n/projects/cnn-based-audio-pii-classification/src/cnn/data_probe/output/probe_00164_spk11.wav,번호는 사삼오이사공입니다.,435240,,female,spk11,probe_cont_6,probe,1,2.56,6,1,6,sentence,continuous,0.004188180668279529,0.0010211901101118686,0.00403352128341794,0.0030220055487006903,0.0055090151727199554,0.004188180668279529
probe_00165_spk12.wav,/home/hye0n/projects/cnn-based-audio-pii-classification/src/cnn/data_probe/output/probe_00165_spk12.wav,번호는 팔이사공공팔입니다.,824008,,male,spk12,probe_cont_6,probe,1,2.56,6,1,6,sentence,continuous,0.0016309675217295687,0.0002318983927060029,0.001954049803316593,0.0015181980561465025,0.0014206547057256103,0.0016309675217295687
probe_00166_spk13.wav,/home/hye0n/projects/cnn-based-audio-pii-classification/src/cnn/data_probe/output/probe_00166_spk13.wav,번호는 사이칠일공구입니다.,427109,,male,spk13,probe_cont_6,probe,1,2.32,6,1,6,sentence,continuous,0.0024682622558126846,0.00039747806873884837,0.002114567207172513,0.002266747411340475,0.003023472148925066,0.0024682622558126846
probe_00167_spk14.wav,/home/hye0n/projects/cnn-based-audio-pii-classification/src/cnn/data_probe/output/probe_00167_spk14.wav,번호는 사칠칠칠오이입니다.,477752,,female,spk14,probe_cont_6,probe,1,2.56,6,1,6,sentence,continuous,0.005550967218975226,0.0005739025967811054,0.005509394221007824,0.004869792144745588,0.006273715291172266,0.005550967218975226
probe_00168_spk01.wav,/home/hye0n/projects/cnn-based-audio-pii-classification/src/cnn/data_probe/output/probe_00168_spk01.wav,번호는 공사칠일일육입니다.,047116,,female,spk01,probe_cont_6,probe,1,3.12,6,1,6,sentence,continuous,0.030008424073457718,0.001150407859345817,0.030802704393863678,0.03084091655910015,0.028381651267409325,0.030008424073457718
probe_00169_spk02.wav,/home/hye0n/projects/cnn-based-audio-pii-classification/src/cnn/data_probe/output/probe_00169_spk02.wav,번호는 칠일구공이이입니다.,719022,,male,spk02,probe_cont_6,probe,1,2.0,6,1,6,sentence,continuous,0.003090893616899848,0.0002946627791422421,0.0029280278831720352,0.0028401438612490892,0.0035045091062784195,0.003090893616899848
probe_00170_spk03.wav,/home/hye0n/projects/cnn-based-audio-pii-classification/src/cnn/data_probe/output/probe_00170_spk03.wav,번호는 구사일삼일팔입니다.,941318,,female,spk03,probe_cont_6,probe,1,2.32,6,1,6,sentence,continuous,0.004369717401762803,0.0011036722302661813,0.0032200468704104424,0.005858791060745716,0.004030314274132252,0.004369717401762803
probe_00171_spk04.wav,/home/hye0n/projects/cnn-based-audio-pii-classification/src/cnn/data_probe/output/probe_00171_spk04.wav,번호는 육구구구삼팔입니다.,699938,,male,spk04,probe_cont_6,probe,1,2.32,6,1,6,sentence,continuous,0.0032821024457613626,0.0005016690554350832,0.0038675018586218357,0.002642288338392973,0.0033365171402692795,0.0032821024457613626
probe_00172_spk05.wav,/home/hye0n/projects/cnn-based-audio-pii-classification/src/cnn/data_probe/output/probe_00172_spk05.wav,번호는 육칠칠사구육입니다.,677496,,female,spk05,probe_cont_6,probe,1,3.12,6,1,6,sentence,continuous,0.005923005752265453,0.0010890171837329736,0.005557285621762276,0.004810248501598835,0.007401483133435249,0.005923005752265453
probe_00173_spk06.wav,/home/hye0n/projects/cnn-based-audio-pii-classification/src/cnn/data_probe/output/probe_00173_spk06.wav,번호는 사구구공구일입니다.,499091,,male,spk06,probe_cont_6,probe,1,2.4,6,1,6,sentence,continuous,0.004524427931755781,0.001455307447171714,0.0037495633587241173,0.00326062785461545,0.006563092581927776,0.004524427931755781
probe_00174_spk07.wav,/home/hye0n/projects/cnn-based-audio-pii-classification/src/cnn/data_probe/output/probe_00174_spk07.wav,번호는 삼삼사일이삼입니다.,334123,,female,spk07,probe_cont_6,probe,1,2.88,6,1,6,sentence,continuous,0.007078616879880428,0.003291627328110972,0.0039476859383285046,0.005660767201334238,0.011627397499978542,0.007078616879880428
probe_00175_spk08.wav,/home/hye0n/projects/cnn-based-audio-pii-classification/src/cnn/data_probe/output/probe_00175_spk08.wav,번호는 이팔일이공육입니다.,281206,,male,spk08,probe_cont_6,probe,1,2.16,6,1,6,sentence,continuous,0.010487960030635199,0.0040803515141799,0.015716176480054855,0.005758853629231453,0.009988849982619286,0.010487960030635199
probe_00176_spk09.wav,/home/hye0n/projects/cnn-based-audio-pii-classification/src/cnn/data_probe/output/probe_00176_spk09.wav,번호는 칠구칠사공삼입니다.,797403,,female,spk09,probe_cont_6,probe,1,2.56,6,1,6,sentence,continuous,0.0053415861912071705,0.0007062715176723622,0.0053893039003014565,0.004453712608665228,0.006181742064654827,0.0053415861912071705
probe_00177_spk10.wav,/home/hye0n/projects/cnn-based-audio-pii-classification/src/cnn/data_probe/output/probe_00177_spk10.wav,번호는 사사칠일삼사입니다.,447134,,male,spk10,probe_cont_6,probe,1,2.4,6,1,6,sentence,continuous,0.001553658318395416,0.0003539052021059564,0.002050064504146576,0.0013607635628432035,0.0012501468881964684,0.001553658318395416
probe_00178_spk11.wav,/home/hye0n/projects/cnn-based-audio-pii-classification/src/cnn/data_probe/output/probe_00178_spk11.wav,번호는 구삼육일팔삼입니다.,936183,,female,spk11,probe_cont_6,probe,1,2.96,6,1,6,sentence,continuous,0.0019449492683634162,0.00014556332529650328,0.002073087729513645,0.00202040933072567,0.0017413507448509336,0.0019449492683634162
probe_00179_spk12.wav,/home/hye0n/projects/cnn-based-audio-pii-classification/src/cnn/data_probe/output/probe_00179_spk12.wav,번호는 이사이일공이입니다.,242102,,male,spk12,probe_cont_6,probe,1,1.92,6,1,6,sentence,continuous,0.0025802882543454566,0.0006361504633455555,0.003321922617033124,0.0017684325575828552,0.002650509588420391,0.0025802882543454566
probe_00180_spk13.wav,/home/hye0n/projects/cnn-based-audio-pii-classification/src/cnn/data_probe/output/probe_00180_spk13.wav,번호는 사구구사칠일입니다.,499471,,male,spk13,probe_cont_6,probe,1,1.92,6,1,6,sentence,continuous,0.002241377408305804,0.0005627838178070422,0.001918251276947558,0.0017730352701619267,0.003032845677807927,0.002241377408305804
probe_00181_spk14.wav,/home/hye0n/projects/cnn-based-audio-pii-classification/src/cnn/data_probe/output/probe_00181_spk14.wav,번호는 칠사육사팔팔입니다.,746488,,female,spk14,probe_cont_6,probe,1,2.8,6,1,6,sentence,continuous,0.004624638085563977,0.0008676152355983464,0.0036691399291157722,0.005769021809101105,0.004435752518475056,0.004624638085563977
probe_00182_spk01.wav,/home/hye0n/projects/cnn-based-audio-pii-classification/src/cnn/data_probe/output/probe_00182_spk01.wav,번호는 칠칠일구공육입니다.,771906,,female,spk01,probe_cont_6,probe,1,2.72,6,1,6,sentence,continuous,0.009613164079686006,0.001379575150695005,0.009091217070817947,0.011502179317176342,0.008246095851063728,0.009613164079686006
probe_00183_spk02.wav,/home/hye0n/projects/cnn-based-audio-pii-classification/src/cnn/data_probe/output/probe_00183_spk02.wav,번호는 오구사공일삼입니다.,594013,,male,spk02,probe_cont_6,probe,1,2.72,6,1,6,sentence,continuous,0.009750390114883581,0.0022432868325316397,0.012838221155107021,0.007576015777885914,0.00883693341165781,0.009750390114883581
probe_00184_spk03.wav,/home/hye0n/projects/cnn-based-audio-pii-classification/src/cnn/data_probe/output/probe_00184_spk03.wav,번호는 구구공사구공입니다.,990490,,female,spk03,probe_cont_6,probe,1,3.12,6,1,6,sentence,continuous,0.003989766895150145,0.0006759245879934326,0.0046664271503686905,0.0030667067039757967,0.0042361668311059475,0.003989766895150145
probe_00185_spk04.wav,/home/hye0n/projects/cnn-based-audio-pii-classification/src/cnn/data_probe/output/probe_00185_spk04.wav,번호는 이칠팔칠사이입니다.,278742,,male,spk04,probe_cont_6,probe,1,2.4,6,1,6,sentence,continuous,0.006481712528814872,0.0032335402545186965,0.004778264556080103,0.011008674278855324,0.0036581987515091896,0.006481712528814872
probe_00186_spk05.wav,/home/hye0n/projects/cnn-based-audio-pii-classification/src/cnn/data_probe/output/probe_00186_spk05.wav,번호는 구육칠일칠오입니다.,967175,,female,spk05,probe_cont_6,probe,1,2.48,6,1,6,sentence,continuous,0.002383932820521295,0.0008267558594237874,0.0023120585829019547,0.003430519951507449,0.0014092199271544814,0.002383932820521295
probe_00187_spk06.wav,/home/hye0n/projects/cnn-based-audio-pii-classification/src/cnn/data_probe/output/probe_00187_spk06.wav,번호는 육오오일이오입니다.,655125,,male,spk06,probe_cont_6,probe,1,3.12,6,1,6,sentence,continuous,0.0017225501748422782,0.00019969223493973592,0.0019931336864829063,0.0016572863096371293,0.0015172305284067988,0.0017225501748422782
probe_00188_spk07.wav,/home/hye0n/projects/cnn-based-audio-pii-classification/src/cnn/data_probe/output/probe_00188_spk07.wav,번호는 육칠사육팔공입니다.,674680,,female,spk07,probe_cont_6,probe,1,3.76,6,1,6,sentence,continuous,0.009022667227933804,0.001430018326916995,0.007006846833974123,0.0098899370059371,0.01017121784389019,0.009022667227933804
probe_00189_spk08.wav,/home/hye0n/projects/cnn-based-audio-pii-classification/src/cnn/data_probe/output/probe_00189_spk08.wav,번호는 칠일오사오일입니다.,715451,,male,spk08,probe_cont_6,probe,1,2.32,6,1,6,sentence,continuous,0.0075514051131904125,0.0035602590529727595,0.011447166092693806,0.002841197419911623,0.008365851826965809,0.0075514051131904125
probe_00190_spk09.wav,/home/hye0n/projects/cnn-based-audio-pii-classification/src/cnn/data_probe/output/probe_00190_spk09.wav,번호는 육팔공팔칠육입니다.,680876,,female,spk09,probe_cont_6,probe,1,2.4,6,1,6,sentence,continuous,0.01053194080789884,0.0022378026906537886,0.007397357374429703,0.011721831746399403,0.012476633302867413,0.01053194080789884
probe_00191_spk10.wav,/home/hye0n/projects/cnn-based-audio-pii-classification/src/cnn/data_probe/output/probe_00191_spk10.wav,번호는 공삼팔오구칠입니다.,038597,,male,spk10,probe_cont_6,probe,1,3.04,6,1,6,sentence,continuous,0.016358919131259125,0.007694714576260638,0.008352577686309814,0.013979549519717693,0.026744630187749863,0.016358919131259125
probe_00192_spk11.wav,/home/hye0n/projects/cnn-based-audio-pii-classification/src/cnn/data_probe/output/probe_00192_spk11.wav,번호는 칠공삼사팔이입니다.,703482,,female,spk11,probe_cont_6,probe,1,2.96,6,1,6,sentence,continuous,0.003776506365587314,0.0005434183873726603,0.003778840648010373,0.004440885037183762,0.003109793411567807,0.003776506365587314
probe_00193_spk12.wav,/home/hye0n/projects/cnn-based-audio-pii-classification/src/cnn/data_probe/output/probe_00193_spk12.wav,번호는 사칠칠일공구입니다.,477109,,male,spk12,probe_cont_6,probe,1,2.0,6,1,6,sentence,continuous,0.0023625406126181283,7.041060032538925e-05,0.0024178491439670324,0.0024065955076366663,0.0022631771862506866,0.0023625406126181283
probe_00194_spk13.wav,/home/hye0n/projects/cnn-based-audio-pii-classification/src/cnn/data_probe/output/probe_00194_spk13.wav,번호는 삼이사팔공팔입니다.,324808,,male,spk13,probe_cont_6,probe,1,2.08,6,1,6,sentence,continuous,0.0032667111760626235,0.0010594600021421822,0.003011455526575446,0.0021157395094633102,0.004672938492149115,0.0032667111760626235
probe_00195_spk14.wav,/home/hye0n/projects/cnn-based-audio-pii-classification/src/cnn/data_probe/output/probe_00195_spk14.wav,번호는 육일삼일칠일입니다.,613171,,female,spk14,probe_cont_6,probe,1,2.4,6,1,6,sentence,continuous,0.002351464005187154,0.00040293409492079695,0.0029111094772815704,0.0019787352066487074,0.0021645473316311836,0.002351464005187154
probe_00196_spk01.wav,/home/hye0n/projects/cnn-based-audio-pii-classification/src/cnn/data_probe/output/probe_00196_spk01.wav,번호는 이칠사팔사육입니다.,274846,,female,spk01,probe_cont_6,probe,1,2.72,6,1,6,sentence,continuous,0.016216216143220663,0.007275539870293392,0.006300312001258135,0.02355247735977173,0.018795859068632126,0.016216216143220663
probe_00197_spk02.wav,/home/hye0n/projects/cnn-based-audio-pii-classification/src/cnn/data_probe/output/probe_00197_spk02.wav,번호는 칠칠삼칠팔이입니다.,773782,,male,spk02,probe_cont_6,probe,1,2.4,6,1,6,sentence,continuous,0.0034268295858055353,0.00096180746766554,0.002898117061704397,0.004776523448526859,0.0026058482471853495,0.0034268295858055353
probe_00198_spk03.wav,/home/hye0n/projects/cnn-based-audio-pii-classification/src/cnn/data_probe/output/probe_00198_spk03.wav,번호는 육삼구팔이일입니다.,639821,,female,spk03,probe_cont_6,probe,1,2.24,6,1,6,sentence,continuous,0.005532382133727272,0.0015896375607162858,0.0053367288783192635,0.003690695622935891,0.0075697218999266624,0.005532382133727272
probe_00199_spk04.wav,/home/hye0n/projects/cnn-based-audio-pii-classification/src/cnn/data_probe/output/probe_00199_spk04.wav,번호는 사육오팔사공입니다.,465840,,male,spk04,probe_cont_6,probe,1,2.16,6,1,6,sentence,continuous,0.003986714640632272,0.0007500185388092487,0.003191307419911027,0.004992108326405287,0.0037767281755805016,0.003986714640632272
probe_00200_spk05.wav,/home/hye0n/projects/cnn-based-audio-pii-classification/src/cnn/data_probe/output/probe_00200_spk05.wav,번호는 사사구구칠이칠팔입니다.,44997278,,female,spk05,probe_cont_8,probe,1,2.8,8,1,8,sentence,continuous,0.0025251162393639484,0.0003536654638140256,0.0020270543172955513,0.002734528621658683,0.0028137657791376114,0.0025251162393639484
probe_00201_spk06.wav,/home/hye0n/projects/cnn-based-audio-pii-classification/src/cnn/data_probe/output/probe_00201_spk06.wav,번호는 칠오오팔팔육칠오입니다.,75588675,,male,spk06,probe_cont_8,probe,1,10.8,8,1,8,sentence,continuous,0.7400124669075012,0.16954679040974516,0.9180620908737183,0.7900664806365967,0.5119088292121887,0.7400124669075012
probe_00202_spk07.wav,/home/hye0n/projects/cnn-based-audio-pii-classification/src/cnn/data_probe/output/probe_00202_spk07.wav,번호는 삼삼구육삼육공오입니다.,33963605,,female,spk07,probe_cont_8,probe,1,3.36,8,1,8,sentence,continuous,0.1540202796459198,0.014278244455179057,0.13416992127895355,0.16074001789093018,0.16715089976787567,0.1540202796459198
probe_00203_spk08.wav,/home/hye0n/projects/cnn-based-audio-pii-classification/src/cnn/data_probe/output/probe_00203_spk08.wav,번호는 칠육육이칠공이팔입니다.,76627028,,male,spk08,probe_cont_8,probe,1,3.04,8,1,8,sentence,continuous,0.23462548851966858,0.0917025531478327,0.11032995581626892,0.328820139169693,0.2647263705730438,0.23462548851966858
probe_00204_spk09.wav,/home/hye0n/projects/cnn-based-audio-pii-classification/src/cnn/data_probe/output/probe_00204_spk09.wav,번호는 구오일칠일팔칠공입니다.,95171870,,female,spk09,probe_cont_8,probe,1,2.48,8,1,8,sentence,continuous,0.04621019524832567,0.02830428324740075,0.021424023434519768,0.031383197754621506,0.08582336455583572,0.04621019524832567
probe_00205_spk10.wav,/home/hye0n/projects/cnn-based-audio-pii-classification/src/cnn/data_probe/output/probe_00205_spk10.wav,번호는 이육이일칠사오구입니다.,26217459,,male,spk10,probe_cont_8,probe,1,2.72,8,1,8,sentence,continuous,0.0027005886659026146,0.00033437583752004673,0.002319970401003957,0.0031339165288954973,0.0026478790678083897,0.0027005886659026146
probe_00206_spk11.wav,/home/hye0n/projects/cnn-based-audio-pii-classification/src/cnn/data_probe/output/probe_00206_spk11.wav,번호는 육일오팔육오칠팔입니다.,61586578,,female,spk11,probe_cont_8,probe,1,3.04,8,1,8,sentence,continuous,0.006278265888492267,0.0006323557138349884,0.007055011577904224,0.006273703183978796,0.005506082903593779,0.006278265888492267
probe_00207_spk12.wav,/home/hye0n/projects/cnn-based-audio-pii-classification/src/cnn/data_probe/output/probe_00207_spk12.wav,번호는 공구일삼사삼일육입니다.,09134316,,male,spk12,probe_cont_8,probe,1,2.4,8,1,8,sentence,continuous,0.00494078965857625,0.0006584384746546326,0.0058717671781778336,0.004491807892918587,0.00445879390463233,0.00494078965857625
probe_00208_spk13.wav,/home/hye0n/projects/cnn-based-audio-pii-classification/src/cnn/data_probe/output/probe_00208_spk13.wav,번호는 일일칠이사공공오입니다.,11724005,,male,spk13,probe_cont_8,probe,1,2.48,8,1,8,sentence,continuous,0.002361429932837685,0.0003645032406888767,0.002447947161272168,0.0018780804239213467,0.00275826221331954,0.002361429932837685
probe_00209_spk14.wav,/home/hye0n/projects/cnn-based-audio-pii-classification/src/cnn/data_probe/output/probe_00209_spk14.wav,번호는 공사오오육이삼팔입니다.,04556238,,female,spk14,probe_cont_8,probe,1,3.04,8,1,8,sentence,continuous,0.019041314721107483,0.0066979724824454525,0.02846609614789486,0.015150127001106739,0.01350772101432085,0.019041314721107483
probe_00210_spk01.wav,/home/hye0n/projects/cnn-based-audio-pii-classification/src/cnn/data_probe/output/probe_00210_spk01.wav,번호는 육구이이이일구육입니다.,69222196,,female,spk01,probe_cont_8,probe,1,2.96,8,1,8,sentence,continuous,0.022036917818089325,0.009503422160547467,0.010995163582265377,0.034193478524684906,0.020922111347317696,0.022036917818089325
probe_00211_spk02.wav,/home/hye0n/projects/cnn-based-audio-pii-classification/src/cnn/data_probe/output/probe_00211_spk02.wav,번호는 구삼칠구이삼칠사입니다.,93792374,,male,spk02,probe_cont_8,probe,1,3.36,8,1,8,sentence,continuous,0.012589872814714909,0.006116397039609201,0.006511665880680084,0.020958799868822098,0.010299152694642544,0.012589872814714909
probe_00212_spk03.wav,/home/hye0n/projects/cnn-based-audio-pii-classification/src/cnn/data_probe/output/probe_00212_spk03.wav,번호는 칠사공칠사팔이일입니다.,74074821,,female,spk03,probe_cont_8,probe,1,2.56,8,1,8,sentence,continuous,0.061439803491036095,0.038841369692959996,0.016494866460561752,0.1112608090043068,0.056563735008239746,0.061439803491036095
probe_00213_spk04.wav,/home/hye0n/projects/cnn-based-audio-pii-classification/src/cnn/data_probe/output/probe_00213_spk04.wav,번호는 칠오구사육사칠사입니다.,75946474,,male,spk04,probe_cont_8,probe,1,2.72,8,1,8,sentence,continuous,0.08802588656544685,0.03219932264177753,0.04570088908076286,0.09464051574468613,0.12373625487089157,0.08802588656544685
probe_00214_spk05.wav,/home/hye0n/projects/cnn-based-audio-pii-classification/src/cnn/data_probe/output/probe_00214_spk05.wav,번호는 삼육칠일삼육구오입니다.,36713695,,female,spk05,probe_cont_8,probe,1,2.8,8,1,8,sentence,continuous,0.2242359866698583,0.09430412330717036,0.09093780815601349,0.294572651386261,0.2871975004673004,0.2242359866698583
probe_00215_spk06.wav,/home/hye0n/projects/cnn-based-audio-pii-classification/src/cnn/data_probe/output/probe_00215_spk06.wav,번호는 구사사공육사공구입니다.,94406409,,male,spk06,probe_cont_8,probe,1,2.64,8,1,8,sentence,continuous,0.014722503411273161,0.0035315526187108684,0.010377397760748863,0.019027622416615486,0.014762490056455135,0.014722503411273161
probe_00216_spk07.wav,/home/hye0n/projects/cnn-based-audio-pii-classification/src/cnn/data_probe/output/probe_00216_spk07.wav,번호는 공구칠사삼구오삼입니다.,09743953,,female,spk07,probe_cont_8,probe,1,3.2,8,1,8,sentence,continuous,0.01764192059636116,0.00683211422567209,0.010099606588482857,0.01618318259716034,0.026642972603440285,0.01764192059636116
probe_00217_spk08.wav,/home/hye0n/projects/cnn-based-audio-pii-classification/src/cnn/data_probe/output/probe_00217_spk08.wav,번호는 삼구사이일공사칠입니다.,39421047,,male,spk08,probe_cont_8,probe,1,3.04,8,1,8,sentence,continuous,0.03612676759560903,0.009326631738975435,0.023219376802444458,0.044931747019290924,0.040229178965091705,0.03612676759560903
probe_00218_spk09.wav,/home/hye0n/projects/cnn-based-audio-pii-classification/src/cnn/data_probe/output/probe_00218_spk09.wav,번호는 공구오이일사오육입니다.,09521456,,female,spk09,probe_cont_8,probe,1,2.48,8,1,8,sentence,continuous,0.07904147853453954,0.04198879210889868,0.0587255023419857,0.1375216543674469,0.04087727889418602,0.07904147853453954
probe_00219_spk10.wav,/home/hye0n/projects/cnn-based-audio-pii-classification/src/cnn/data_probe/output/probe_00219_spk10.wav,번호는 이삼이팔오팔팔사입니다.,23285884,,male,spk10,probe_cont_8,probe,1,2.64,8,1,8,sentence,continuous,0.002890479906151692,0.0006883571046882281,0.0031870384700596333,0.0019392105750739574,0.0035451906733214855,0.002890479906151692
probe_00220_spk11.wav,/home/hye0n/projects/cnn-based-audio-pii-classification/src/cnn/data_probe/output/probe_00220_spk11.wav,번호는 이사칠사오일칠일입니다.,24745171,,female,spk11,probe_cont_8,probe,1,2.8,8,1,8,sentence,continuous,0.06995401593546073,0.06263383278980794,0.022565808147192,0.15845756232738495,0.02883867733180523,0.06995401593546073
probe_00221_spk12.wav,/home/hye0n/projects/cnn-based-audio-pii-classification/src/cnn/data_probe/output/probe_00221_spk12.wav,번호는 이삼육팔오일육공입니다.,23685160,,male,spk12,probe_cont_8,probe,1,2.24,8,1,8,sentence,continuous,0.008326780050992966,0.0006315524598355228,0.007793762721121311,0.007972638122737408,0.009213939309120178,0.008326780050992966
probe_00222_spk13.wav,/home/hye0n/projects/cnn-based-audio-pii-classification/src/cnn/data_probe/output/probe_00222_spk13.wav,번호는 사팔일칠오사구육입니다.,48175496,,male,spk13,probe_cont_8,probe,1,2.24,8,1,8,sentence,continuous,0.004968684089059631,0.001103149629386946,0.003553174203261733,0.005108409561216831,0.006244468502700329,0.004968684089059631
probe_00223_spk14.wav,/home/hye0n/projects/cnn-based-audio-pii-classification/src/cnn/data_probe/output/probe_00223_spk14.wav,번호는 오일삼칠공구팔오입니다.,51370985,,female,spk14,probe_cont_8,probe,1,2.56,8,1,8,sentence,continuous,0.01512039266526699,0.01046442676525485,0.008322068490087986,0.029903465881943703,0.007135643623769283,0.01512039266526699
probe_00224_spk01.wav,/home/hye0n/projects/cnn-based-audio-pii-classification/src/cnn/data_probe/output/probe_00224_spk01.wav,번호는 구삼일칠사육일이입니다.,93174612,,female,spk01,probe_cont_8,probe,1,2.72,8,1,8,sentence,continuous,0.016488831490278244,0.007474522218715967,0.009835696779191494,0.012701709754765034,0.026929087936878204,0.016488831490278244
probe_00225_spk02.wav,/home/hye0n/projects/cnn-based-audio-pii-classification/src/cnn/data_probe/output/probe_00225_spk02.wav,번호는 공공사칠일일삼팔입니다.,00471138,,male,spk02,probe_cont_8,probe,1,3.04,8,1,8,sentence,continuous,0.27803246428569156,0.15465801128730738,0.24449297785758972,0.48197853565216064,0.10762587934732437,0.27803246428569156
probe_00226_spk03.wav,/home/hye0n/projects/cnn-based-audio-pii-classification/src/cnn/data_probe/output/probe_00226_spk03.wav,번호는 이육칠오팔육구이입니다.,26758692,,female,spk03,probe_cont_8,probe,1,3.52,8,1,8,sentence,continuous,0.0744323159257571,0.002794616194045438,0.07813355326652527,0.07138150930404663,0.07378188520669937,0.0744323159257571
probe_00227_spk04.wav,/home/hye0n/projects/cnn-based-audio-pii-classification/src/cnn/data_probe/output/probe_00227_spk04.wav,번호는 육일칠구육사공오입니다.,61796405,,male,spk04,probe_cont_8,probe,1,2.56,8,1,8,sentence,continuous,0.009513150279720625,0.001087679589607213,0.008104578591883183,0.010752706788480282,0.009682165458798409,0.009513150279720625
probe_00228_spk05.wav,/home/hye0n/projects/cnn-based-audio-pii-classification/src/cnn/data_probe/output/probe_00228_spk05.wav,번호는 삼칠칠삼오일오팔입니다.,37735158,,female,spk05,probe_cont_8,probe,1,2.72,8,1,8,sentence,continuous,0.1396555956453085,0.14102159047236584,0.01687825657427311,0.33715057373046875,0.06493795663118362,0.1396555956453085
probe_00229_spk06.wav,/home/hye0n/projects/cnn-based-audio-pii-classification/src/cnn/data_probe/output/probe_00229_spk06.wav,번호는 오공육사삼일칠일입니다.,50643171,,male,spk06,probe_cont_8,probe,1,2.48,8,1,8,sentence,continuous,0.03346458884576956,0.014699406695583258,0.04310717433691025,0.012694181874394417,0.04459241032600403,0.03346458884576956
probe_00230_spk07.wav,/home/hye0n/projects/cnn-based-audio-pii-classification/src/cnn/data_probe/output/probe_00230_spk07.wav,번호는 삼구공공오삼이구입니다.,39005329,,female,spk07,probe_cont_8,probe,1,2.88,8,1,8,sentence,continuous,0.04485219592849413,0.013607610473486013,0.04022178053855896,0.03099118545651436,0.06334362179040909,0.04485219592849413
probe_00231_spk08.wav,/home/hye0n/projects/cnn-based-audio-pii-classification/src/cnn/data_probe/output/probe_00231_spk08.wav,번호는 삼일팔삼구삼삼오입니다.,31839335,,male,spk08,probe_cont_8,probe,1,3.2,8,1,8,sentence,continuous,0.4959535499413808,0.12572724424732717,0.34454572200775146,0.49092480540275574,0.6523901224136353,0.4959535499413808
probe_00232_spk09.wav,/home/hye0n/projects/cnn-based-audio-pii-classification/src/cnn/data_probe/output/probe_00232_spk09.wav,번호는 이구공사이이팔사입니다.,29042284,,female,spk09,probe_cont_8,probe,1,2.72,8,1,8,sentence,continuous,0.00932852334032456,0.001159206982567956,0.01096786092966795,0.008517247624695301,0.008500461466610432,0.00932852334032456
probe_00233_spk10.wav,/home/hye0n/projects/cnn-based-audio-pii-classification/src/cnn/data_probe/output/probe_00233_spk10.wav,번호는 이일공이공오삼구입니다.,21020539,,male,spk10,probe_cont_8,probe,1,2.24,8,1,8,sentence,continuous,0.008300942368805408,0.0021384016171944456,0.007733799982815981,0.0060119847767055035,0.011157042346894741,0.008300942368805408
probe_00234_spk11.wav,/home/hye0n/projects/cnn-based-audio-pii-classification/src/cnn/data_probe/output/probe_00234_spk11.wav,번호는 오공이사공이육팔입니다.,50240268,,female,spk11,probe_cont_8,probe,1,3.68,8,1,8,sentence,continuous,0.49934281905492145,0.11125801122559126,0.4762851297855377,0.37608006596565247,0.6456632614135742,0.49934281905492145
probe_00235_spk12.wav,/home/hye0n/projects/cnn-based-audio-pii-classification/src/cnn/data_probe/output/probe_00235_spk12.wav,번호는 일일칠칠오팔구일입니다.,11775891,,male,spk12,probe_cont_8,probe,1,2.64,8,1,8,sentence,continuous,0.003034123374770085,0.0004933536891462585,0.0036577987484633923,0.0029931520111858845,0.0024514193646609783,0.003034123374770085
probe_00236_spk13.wav,/home/hye0n/projects/cnn-based-audio-pii-classification/src/cnn/data_probe/output/probe_00236_spk13.wav,번호는 칠팔삼구공팔사칠입니다.,78390847,,male,spk13,probe_cont_8,probe,1,2.48,8,1,8,sentence,continuous,0.017090267967432737,0.01187544552158342,0.006772483233362436,0.01077323779463768,0.033725082874298096,0.017090267967432737
probe_00237_spk14.wav,/home/hye0n/projects/cnn-based-audio-pii-classification/src/cnn/data_probe/output/probe_00237_spk14.wav,번호는 공공칠육육일칠칠입니다.,00766177,,female,spk14,probe_cont_8,probe,1,2.64,8,1,8,sentence,continuous,0.01884699271370967,0.005754682390949628,0.025693943724036217,0.01161379273980856,0.01923324167728424,0.01884699271370967
probe_00238_spk01.wav,/home/hye0n/projects/cnn-based-audio-pii-classification/src/cnn/data_probe/output/probe_00238_spk01.wav,번호는 일일오구이일이사입니다.,11592124,,female,spk01,probe_cont_8,probe,1,2.72,8,1,8,sentence,continuous,0.022258407125870388,0.0051112803309665295,0.024908410385251045,0.015109241008758545,0.02675756998360157,0.022258407125870388
probe_00239_spk02.wav,/home/hye0n/projects/cnn-based-audio-pii-classification/src/cnn/data_probe/output/probe_00239_spk02.wav,번호는 구구팔오육구팔사입니다.,99856984,,male,spk02,probe_cont_8,probe,1,2.96,8,1,8,sentence,continuous,0.020553182810544968,0.010500665296696592,0.014212755486369133,0.01209389977157116,0.03535289317369461,0.020553182810544968
probe_00240_spk03.wav,/home/hye0n/projects/cnn-based-audio-pii-classification/src/cnn/data_probe/output/probe_00240_spk03.wav,번호는 칠팔구육일일팔삼입니다.,78961183,,female,spk03,probe_cont_8,probe,1,3.6,8,1,8,sentence,continuous,0.17498901983102164,0.079186577986937,0.07974378764629364,0.27362173795700073,0.1716015338897705,0.17498901983102164
probe_00241_spk04.wav,/home/hye0n/projects/cnn-based-audio-pii-classification/src/cnn/data_probe/output/probe_00241_spk04.wav,번호는 육칠삼육오칠육육입니다.,67365766,,male,spk04,probe_cont_8,probe,1,2.8,8,1,8,sentence,continuous,0.10184384634097417,0.026381420384898564,0.06952841579914093,0.10185369104146957,0.134149432182312,0.10184384634097417
probe_00242_spk05.wav,/home/hye0n/projects/cnn-based-audio-pii-classification/src/cnn/data_probe/output/probe_00242_spk05.wav,번호는 일오육오사오이칠입니다.,15654527,,female,spk05,probe_cont_8,probe,1,2.16,8,1,8,sentence,continuous,0.015362417480597893,0.006492211719710246,0.006380970124155283,0.021503420546650887,0.01820286177098751,0.015362417480597893
probe_00243_spk06.wav,/home/hye0n/projects/cnn-based-audio-pii-classification/src/cnn/data_probe/output/probe_00243_spk06.wav,번호는 일일일일육일오이입니다.,11116152,,male,spk06,probe_cont_8,probe,1,3.04,8,1,8,sentence,continuous,0.002054262440651655,0.00032476454462800075,0.0022984889801591635,0.0022690067999064922,0.0015952915418893099,0.002054262440651655
probe_00244_spk07.wav,/home/hye0n/projects/cnn-based-audio-pii-classification/src/cnn/data_probe/output/probe_00244_spk07.wav,번호는 팔공구팔팔오일육입니다.,80988516,,female,spk07,probe_cont_8,probe,1,2.96,8,1,8,sentence,continuous,0.08238140679895878,0.05103350933191333,0.031230172142386436,0.1520511507987976,0.06386289745569229,0.08238140679895878
probe_00245_spk08.wav,/home/hye0n/projects/cnn-based-audio-pii-classification/src/cnn/data_probe/output/probe_00245_spk08.wav,번호는 오육공사구사오일입니다.,56049451,,male,spk08,probe_cont_8,probe,1,2.96,8,1,8,sentence,continuous,0.06294999023278554,0.020279357559897977,0.07693351060152054,0.03427357226610184,0.07764288783073425,0.06294999023278554
probe_00246_spk09.wav,/home/hye0n/projects/cnn-based-audio-pii-classification/src/cnn/data_probe/output/probe_00246_spk09.wav,번호는 구팔삼이칠삼일오입니다.,98327315,,female,spk09,probe_cont_8,probe,1,2.32,8,1,8,sentence,continuous,0.0075934700046976404,0.0034591459124082642,0.004248801153153181,0.006174133624881506,0.012357475236058235,0.0075934700046976404
probe_00247_spk10.wav,/home/hye0n/projects/cnn-based-audio-pii-classification/src/cnn/data_probe/output/probe_00247_spk10.wav,번호는 팔오일사구삼육팔입니다.,85149368,,male,spk10,probe_cont_8,probe,1,3.68,8,1,8,sentence,continuous,0.006314953013012807,0.0015089071976029434,0.008150305598974228,0.006340045016258955,0.004454508423805237,0.006314953013012807
probe_00248_spk11.wav,/home/hye0n/projects/cnn-based-audio-pii-classification/src/cnn/data_probe/output/probe_00248_spk11.wav,번호는 구구팔공구사공이입니다.,99809402,,female,spk11,probe_cont_8,probe,1,3.44,8,1,8,sentence,continuous,0.002748883639772733,0.0005647817363641538,0.0035451315343379974,0.0024051617365330458,0.002296357648447156,0.002748883639772733
probe_00249_spk12.wav,/home/hye0n/projects/cnn-based-audio-pii-classification/src/cnn/data_probe/output/probe_00249_spk12.wav,번호는 사사오오공이이구입니다.,44550229,,male,spk12,probe_cont_8,probe,1,2.08,8,1,8,sentence,continuous,0.005522655167927344,0.0014820717125704006,0.0047578657977283,0.004215041641145945,0.007595058064907789,0.005522655167927344
probe_00250_spk13.wav,/home/hye0n/projects/cnn-based-audio-pii-classification/src/cnn/data_probe/output/probe_00250_spk13.wav,번호는 육일이공일팔삼육입니다.,61201836,,male,spk13,probe_cont_8,probe,1,2.8,8,1,8,sentence,continuous,0.02819891305019458,0.018330274857547454,0.013363678939640522,0.017206333577632904,0.05402672663331032,0.02819891305019458
probe_00251_spk14.wav,/home/hye0n/projects/cnn-based-audio-pii-classification/src/cnn/data_probe/output/probe_00251_spk14.wav,번호는 육칠오이오사오구입니다.,67525459,,female,spk14,probe_cont_8,probe,1,2.56,8,1,8,sentence,continuous,0.00914997390160958,0.0007511137166857464,0.009899871423840523,0.009426560252904892,0.008123490028083324,0.00914997390160958
probe_00252_spk01.wav,/home/hye0n/projects/cnn-based-audio-pii-classification/src/cnn/data_probe/output/probe_00252_spk01.wav,번호는 구일공이이구공일입니다.,91022901,,female,spk01,probe_cont_8,probe,1,2.88,8,1,8,sentence,continuous,0.03467229877909025,0.0023196712806452034,0.031922053545713425,0.03759610652923584,0.03449873626232147,0.03467229877909025
probe_00253_spk02.wav,/home/hye0n/projects/cnn-based-audio-pii-classification/src/cnn/data_probe/output/probe_00253_spk02.wav,번호는 사칠육칠구칠육사입니다.,47679764,,male,spk02,probe_cont_8,probe,1,3.6,8,1,8,sentence,continuous,0.026545644427339237,0.014205806179501295,0.013061217963695526,0.046184953302145004,0.020390762016177177,0.026545644427339237
probe_00254_spk03.wav,/home/hye0n/projects/cnn-based-audio-pii-classification/src/cnn/data_probe/output/probe_00254_spk03.wav,번호는 삼팔일오육일사구입니다.,38156149,,female,spk03,probe_cont_8,probe,1,3.2,8,1,8,sentence,continuous,0.010068200528621674,0.004023498177409857,0.006864687893539667,0.01574254035949707,0.007597373332828283,0.010068200528621674
probe_00255_spk04.wav,/home/hye0n/projects/cnn-based-audio-pii-classification/src/cnn/data_probe/output/probe_00255_spk04.wav,번호는 칠팔사공삼육구공입니다.,78403690,,male,spk04,probe_cont_8,probe,1,2.72,8,1,8,sentence,continuous,0.06899818715949853,0.03666120047182431,0.021305030211806297,0.07523546367883682,0.11045406758785248,0.06899818715949853
probe_00256_spk05.wav,/home/hye0n/projects/cnn-based-audio-pii-classification/src/cnn/data_probe/output/probe_00256_spk05.wav,번호는 공삼사삼이사사오입니다.,03432445,,female,spk05,probe_cont_8,probe,1,3.36,8,1,8,sentence,continuous,0.027303867662946384,0.00766680028247314,0.018448377028107643,0.02631359174847603,0.03714963421225548,0.027303867662946384
probe_00257_spk06.wav,/home/hye0n/projects/cnn-based-audio-pii-classification/src/cnn/data_probe/output/probe_00257_spk06.wav,번호는 일공칠육이이육팔입니다.,10762268,,male,spk06,probe_cont_8,probe,1,2.32,8,1,8,sentence,continuous,0.018592027792086203,0.009656017011698964,0.0075179035775363445,0.031048687174916267,0.017209492623806,0.018592027792086203
probe_00258_spk07.wav,/home/hye0n/projects/cnn-based-audio-pii-classification/src/cnn/data_probe/output/probe_00258_spk07.wav,번호는 삼팔팔오일육공육입니다.,38851606,,female,spk07,probe_cont_8,probe,1,3.12,8,1,8,sentence,continuous,0.08791301647822063,0.03978945697314627,0.06303714960813522,0.14406244456768036,0.05663945525884628,0.08791301647822063
probe_00259_spk08.wav,/home/hye0n/projects/cnn-based-audio-pii-classification/src/cnn/data_probe/output/probe_00259_spk08.wav,번호는 공칠일오구육구육입니다.,07159696,,male,spk08,probe_cont_8,probe,1,2.96,8,1,8,sentence,continuous,0.10597166667381923,0.02735773890192505,0.13036873936653137,0.06776820868253708,0.11977805197238922,0.10597166667381923
probe_00260_spk09.wav,/home/hye0n/projects/cnn-based-audio-pii-classification/src/cnn/data_probe/output/probe_00260_spk09.wav,번호는 육사일육공오이구입니다.,64160529,,female,spk09,probe_cont_8,probe,1,2.88,8,1,8,sentence,continuous,0.165049746632576,0.01612542007828232,0.1423797309398651,0.17852871119976044,0.17424079775810242,0.165049746632576
probe_00261_spk10.wav,/home/hye0n/projects/cnn-based-audio-pii-classification/src/cnn/data_probe/output/probe_00261_spk10.wav,번호는 칠오일육일삼육구입니다.,75161369,,male,spk10,probe_cont_8,probe,1,3.04,8,1,8,sentence,continuous,0.0065402379259467125,0.0018763492003733427,0.009154142811894417,0.004837488289922476,0.005629082676023245,0.0065402379259467125
probe_00262_spk11.wav,/home/hye0n/projects/cnn-based-audio-pii-classification/src/cnn/data_probe/output/probe_00262_spk11.wav,번호는 육팔일육사오삼오입니다.,68164535,,female,spk11,probe_cont_8,probe,1,3.36,8,1,8,sentence,continuous,0.10147141168514888,0.08722938302221449,0.017731621861457825,0.2217899113893509,0.06489270180463791,0.10147141168514888
probe_00263_spk12.wav,/home/hye0n/projects/cnn-based-audio-pii-classification/src/cnn/data_probe/output/probe_00263_spk12.wav,번호는 이일팔일팔팔삼오입니다.,21818835,,male,spk12,probe_cont_8,probe,1,2.4,8,1,8,sentence,continuous,0.0068337705451995134,0.0030412799292672734,0.0030597492586821318,0.006934262812137604,0.010507299564778805,0.0068337705451995134
probe_00264_spk13.wav,/home/hye0n/projects/cnn-based-audio-pii-classification/src/cnn/data_probe/output/probe_00264_spk13.wav,번호는 오이삼일이사삼이입니다.,52312432,,male,spk13,probe_cont_8,probe,1,2.32,8,1,8,sentence,continuous,0.0029469172780712447,0.0003627420177142169,0.003068008925765753,0.0033180834725499153,0.0024546594358980656,0.0029469172780712447
probe_00265_spk14.wav,/home/hye0n/projects/cnn-based-audio-pii-classification/src/cnn/data_probe/output/probe_00265_spk14.wav,번호는 구이일이칠칠구구입니다.,92127799,,female,spk14,probe_cont_8,probe,1,2.64,8,1,8,sentence,continuous,0.006992578040808439,0.002509983301576371,0.004380094353109598,0.010379978455603123,0.006217661313712597,0.006992578040808439
probe_00266_spk01.wav,/home/hye0n/projects/cnn-based-audio-pii-classification/src/cnn/data_probe/output/probe_00266_spk01.wav,번호는 칠구구오오이칠일입니다.,79955271,,female,spk01,probe_cont_8,probe,1,2.88,8,1,8,sentence,continuous,0.0484721710284551,0.008710356126457368,0.05346566438674927,0.05572756379842758,0.036223284900188446,0.0484721710284551
probe_00267_spk02.wav,/home/hye0n/projects/cnn-based-audio-pii-classification/src/cnn/data_probe/output/probe_00267_spk02.wav,번호는 칠칠사사구공오팔입니다.,77449058,,male,spk02,probe_cont_8,probe,1,2.48,8,1,8,sentence,continuous,0.015068925451487303,0.009591780286183117,0.004177067894488573,0.02751692198216915,0.013512786477804184,0.015068925451487303
probe_00268_spk03.wav,/home/hye0n/projects/cnn-based-audio-pii-classification/src/cnn/data_probe/output/probe_00268_spk03.wav,번호는 일사칠칠공공오사입니다.,14770054,,female,spk03,probe_cont_8,probe,1,2.56,8,1,8,sentence,continuous,0.24360025922457376,0.16220054609774515,0.05390438437461853,0.4501403272151947,0.22675606608390808,0.24360025922457376
probe_00269_spk04.wav,/home/hye0n/projects/cnn-based-audio-pii-classification/src/cnn/data_probe/output/probe_00269_spk04.wav,번호는 일일구구팔육칠구입니다.,11998679,,male,spk04,probe_cont_8,probe,1,2.8,8,1,8,sentence,continuous,0.06028706952929497,0.03331009235032451,0.02496277168393135,0.05095868557691574,0.10493975132703781,0.06028706952929497
probe_00270_spk05.wav,/home/hye0n/projects/cnn-based-audio-pii-classification/src/cnn/data_probe/output/probe_00270_spk05.wav,번호는 팔공칠구삼오구칠입니다.,80793597,,female,spk05,probe_cont_8,probe,1,2.96,8,1,8,sentence,continuous,0.03765281941741705,0.020181471245880822,0.011509680189192295,0.06064103543758392,0.04080774262547493,0.03765281941741705
probe_00271_spk06.wav,/home/hye0n/projects/cnn-based-audio-pii-classification/src/cnn/data_probe/output/probe_00271_spk06.wav,번호는 팔이공칠일오일팔입니다.,82071518,,male,spk06,probe_cont_8,probe,1,3.36,8,1,8,sentence,continuous,0.012584831720838944,0.007773238219260416,0.009084276854991913,0.023359766229987144,0.005310452077537775,0.012584831720838944
probe_00272_spk07.wav,/home/hye0n/projects/cnn-based-audio-pii-classification/src/cnn/data_probe/output/probe_00272_spk07.wav,번호는 이공삼칠칠팔팔구입니다.,20377889,,female,spk07,probe_cont_8,probe,1,2.48,8,1,8,sentence,continuous,0.04372188542038202,0.02503221916511864,0.011582891456782818,0.0726456344127655,0.04693713039159775,0.04372188542038202
probe_00273_spk08.wav,/home/hye0n/projects/cnn-based-audio-pii-classification/src/cnn/data_probe/output/probe_00273_spk08.wav,번호는 이오오사육육오구입니다.,25546659,,male,spk08,probe_cont_8,probe,1,2.96,8,1,8,sentence,continuous,0.05993258208036423,0.02925318176219945,0.05265052989125252,0.028305325657129288,0.09884189069271088,0.05993258208036423
probe_00274_spk09.wav,/home/hye0n/projects/cnn-based-audio-pii-classification/src/cnn/data_probe/output/probe_00274_spk09.wav,번호는 공오일오일팔육사입니다.,05151864,,female,spk09,probe_cont_8,probe,1,3.28,8,1,8,sentence,continuous,0.004226400672147672,0.00038834292395706794,0.004048844799399376,0.004765257239341736,0.0038650999777019024,0.004226400672147672
probe_00275_spk10.wav,/home/hye0n/projects/cnn-based-audio-pii-classification/src/cnn/data_probe/output/probe_00275_spk10.wav,번호는 사구이오일구이오입니다.,49251925,,male,spk10,probe_cont_8,probe,1,2.64,8,1,8,sentence,continuous,0.00394763572451969,0.0007905904865888693,0.0028362141456454992,0.004397958982735872,0.004608734045177698,0.00394763572451969
probe_00276_spk11.wav,/home/hye0n/projects/cnn-based-audio-pii-classification/src/cnn/data_probe/output/probe_00276_spk11.wav,번호는 사육이구일사팔육입니다.,46291486,,female,spk11,probe_cont_8,probe,1,3.28,8,1,8,sentence,continuous,0.12830145781238875,0.10755927559684027,0.04051928594708443,0.27977606654167175,0.06460902094841003,0.12830145781238875
probe_00277_spk12.wav,/home/hye0n/projects/cnn-based-audio-pii-classification/src/cnn/data_probe/output/probe_00277_spk12.wav,번호는 오이팔일육팔오공입니다.,52816850,,male,spk12,probe_cont_8,probe,1,2.72,8,1,8,sentence,continuous,0.01020530021438996,0.003899986758360544,0.007559941615909338,0.007336750160902739,0.015719208866357803,0.01020530021438996
probe_00278_spk13.wav,/home/hye0n/projects/cnn-based-audio-pii-classification/src/cnn/data_probe/output/probe_00278_spk13.wav,번호는 오사이삼오칠삼삼입니다.,54235733,,male,spk13,probe_cont_8,probe,1,2.56,8,1,8,sentence,continuous,0.013974614596615234,0.005662097158168993,0.007272692862898111,0.013530552387237549,0.021120598539710045,0.013974614596615234
probe_00279_spk14.wav,/home/hye0n/projects/cnn-based-audio-pii-classification/src/cnn/data_probe/output/probe_00279_spk14.wav,번호는 이이일사일팔팔팔입니다.,22141888,,female,spk14,probe_cont_8,probe,1,3.36,8,1,8,sentence,continuous,0.024896133380631607,0.010818359721202124,0.019273102283477783,0.015385250560939312,0.04003004729747772,0.024896133380631607
probe_00280_spk01.wav,/home/hye0n/projects/cnn-based-audio-pii-classification/src/cnn/data_probe/output/probe_00280_spk01.wav,번호는 공오구이구육이이입니다.,05929622,,female,spk01,probe_cont_8,probe,1,2.96,8,1,8,sentence,continuous,0.025221948822339375,0.002623295940996886,0.021516406908631325,0.02691902220249176,0.027230417355895042,0.025221948822339375
probe_00281_spk02.wav,/home/hye0n/projects/cnn-based-audio-pii-classification/src/cnn/data_probe/output/probe_00281_spk02.wav,번호는 이구이칠공육오삼입니다.,29270653,,male,spk02,probe_cont_8,probe,1,2.88,8,1,8,sentence,continuous,0.02957347718377908,0.010541797628585712,0.019819345325231552,0.024686479941010475,0.044214606285095215,0.02957347718377908
probe_00282_spk03.wav,/home/hye0n/projects/cnn-based-audio-pii-classification/src/cnn/data_probe/output/probe_00282_spk03.wav,번호는 칠구사칠삼팔삼사입니다.,79473834,,female,spk03,probe_cont_8,probe,1,3.52,8,1,8,sentence,continuous,0.3165012945731481,0.09939620587081154,0.18080569803714752,0.35257744789123535,0.4161207377910614,0.3165012945731481
probe_00283_spk04.wav,/home/hye0n/projects/cnn-based-audio-pii-classification/src/cnn/data_probe/output/probe_00283_spk04.wav,번호는 칠삼오구칠칠사육입니다.,73597746,,male,spk04,probe_cont_8,probe,1,2.56,8,1,8,sentence,continuous,0.015968854539096355,0.006518834962925983,0.007333430461585522,0.023082081228494644,0.0174910519272089,0.015968854539096355
probe_00284_spk05.wav,/home/hye0n/projects/cnn-based-audio-pii-classification/src/cnn/data_probe/output/probe_00284_spk05.wav,번호는 팔팔육이삼구이사입니다.,88623924,,female,spk05,probe_cont_8,probe,1,3.04,8,1,8,sentence,continuous,0.014097888022661209,0.008672365580325195,0.010606075637042522,0.02602565661072731,0.005661931820213795,0.014097888022661209
probe_00285_spk06.wav,/home/hye0n/projects/cnn-based-audio-pii-classification/src/cnn/data_probe/output/probe_00285_spk06.wav,번호는 공칠오팔일팔일사입니다.,07581814,,male,spk06,probe_cont_8,probe,1,2.96,8,1,8,sentence,continuous,0.02354203009357055,0.010740096203571557,0.014772570692002773,0.038666728883981705,0.017186790704727173,0.02354203009357055
probe_00286_spk07.wav,/home/hye0n/projects/cnn-based-audio-pii-classification/src/cnn/data_probe/output/probe_00286_spk07.wav,번호는 일이사칠팔이육일입니다.,12478261,,female,spk07,probe_cont_8,probe,1,3.04,8,1,8,sentence,continuous,0.09798694401979446,0.04230970858233546,0.07417028397321701,0.15743201971054077,0.06235852837562561,0.09798694401979446
probe_00287_spk08.wav,/home/hye0n/projects/cnn-based-audio-pii-classification/src/cnn/data_probe/output/probe_00287_spk08.wav,번호는 삼칠오공육공육팔입니다.,37506068,,male,spk08,probe_cont_8,probe,1,3.04,8,1,8,sentence,continuous,0.2023997356494268,0.029267669711789204,0.2222713977098465,0.16101978719234467,0.22390802204608917,0.2023997356494268
probe_00288_spk09.wav,/home/hye0n/projects/cnn-based-audio-pii-classification/src/cnn/data_probe/output/probe_00288_spk09.wav,번호는 오삼육일오삼공오입니다.,53615305,,female,spk09,probe_cont_8,probe,1,2.48,8,1,8,sentence,continuous,0.018228879508872826,0.004479371958981948,0.012041782028973103,0.020144706591963768,0.02250014990568161,0.018228879508872826
probe_00289_spk10.wav,/home/hye0n/projects/cnn-based-audio-pii-classification/src/cnn/data_probe/output/probe_00289_spk10.wav,번호는 일오이이공사칠이입니다.,15220472,,male,spk10,probe_cont_8,probe,1,2.96,8,1,8,sentence,continuous,0.004507821286097169,0.0011056429085589505,0.00476830406114459,0.005712788086384535,0.0030423717107623816,0.004507821286097169
probe_00290_spk11.wav,/home/hye0n/projects/cnn-based-audio-pii-classification/src/cnn/data_probe/output/probe_00290_spk11.wav,번호는 칠칠구공일공사삼입니다.,77901043,,female,spk11,probe_cont_8,probe,1,2.56,8,1,8,sentence,continuous,0.015360502526164055,0.002644856131832044,0.011623244732618332,0.017096564173698425,0.017361698672175407,0.015360502526164055
probe_00291_spk12.wav,/home/hye0n/projects/cnn-based-audio-pii-classification/src/cnn/data_probe/output/probe_00291_spk12.wav,번호는 이팔구팔육일사삼입니다.,28986143,,male,spk12,probe_cont_8,probe,1,2.24,8,1,8,sentence,continuous,0.012196639087051153,0.010122149579161814,0.005993442609906197,0.00412563094869256,0.026470843702554703,0.012196639087051153
probe_00292_spk13.wav,/home/hye0n/projects/cnn-based-audio-pii-classification/src/cnn/data_probe/output/probe_00292_spk13.wav,번호는 사일공삼육구칠일입니다.,41036971,,male,spk13,probe_cont_8,probe,1,2.48,8,1,8,sentence,continuous,0.03082389912257592,0.020728090653223605,0.01494078990072012,0.017428262159228325,0.06010264530777931,0.03082389912257592
probe_00293_spk14.wav,/home/hye0n/projects/cnn-based-audio-pii-classification/src/cnn/data_probe/output/probe_00293_spk14.wav,번호는 일칠구팔공팔구삼입니다.,17980893,,female,spk14,probe_cont_8,probe,1,3.52,8,1,8,sentence,continuous,0.12541407843430838,0.018586800514929624,0.10305558145046234,0.12462349236011505,0.14856316149234772,0.12541407843430838
probe_00294_spk01.wav,/home/hye0n/projects/cnn-based-audio-pii-classification/src/cnn/data_probe/output/probe_00294_spk01.wav,번호는 이사육공구오삼구입니다.,24609539,,female,spk01,probe_cont_8,probe,1,3.28,8,1,8,sentence,continuous,0.06774323123196761,0.03539851949848236,0.0583190843462944,0.02987629733979702,0.1150343120098114,0.06774323123196761
probe_00295_spk02.wav,/home/hye0n/projects/cnn-based-audio-pii-classification/src/cnn/data_probe/output/probe_00295_spk02.wav,번호는 육이일팔오일팔팔입니다.,62185188,,male,spk02,probe_cont_8,probe,1,2.64,8,1,8,sentence,continuous,0.016220591341455776,0.004997537779763236,0.010450469329953194,0.015571201220154762,0.022640103474259377,0.016220591341455776
probe_00296_spk03.wav,/home/hye0n/projects/cnn-based-audio-pii-classification/src/cnn/data_probe/output/probe_00296_spk03.wav,번호는 팔팔팔공육칠공육입니다.,88806706,,female,spk03,probe_cont_8,probe,1,2.96,8,1,8,sentence,continuous,0.5463655392328898,0.1461954247335226,0.33973079919815063,0.6436648964881897,0.6557009220123291,0.5463655392328898
probe_00297_spk04.wav,/home/hye0n/projects/cnn-based-audio-pii-classification/src/cnn/data_probe/output/probe_00297_spk04.wav,번호는 오사공오일오삼일입니다.,54051531,,male,spk04,probe_cont_8,probe,1,3.68,8,1,8,sentence,continuous,0.00531280180439353,0.0004907255334907418,0.005289331078529358,0.005925206933170557,0.004723867401480675,0.00531280180439353
probe_00298_spk05.wav,/home/hye0n/projects/cnn-based-audio-pii-classification/src/cnn/data_probe/output/probe_00298_spk05.wav,번호는 구오이공오팔오이입니다.,95205852,,female,spk05,probe_cont_8,probe,1,2.56,8,1,8,sentence,continuous,0.029263821120063465,0.0030848364076131642,0.026106342673301697,0.02823544107377529,0.0334496796131134,0.029263821120063465
probe_00299_spk06.wav,/home/hye0n/projects/cnn-based-audio-pii-classification/src/cnn/data_probe/output/probe_00299_spk06.wav,번호는 칠칠이이일칠공사입니다.,77221704,,male,spk06,probe_cont_8,probe,1,3.92,8,1,8,sentence,continuous,0.49087215463320416,0.13064377474108596,0.6408873796463013,0.5092629790306091,0.322466105222702,0.49087215463320416
probe_00300_spk07.wav,/home/hye0n/projects/cnn-based-audio-pii-classification/src/cnn/data_probe/output/probe_00300_spk07.wav,번호는 삼공삼공오사팔육팔칠입니다.,3030548687,,female,spk07,probe_cont_10,probe,1,3.04,10,1,10,sentence,continuous,0.8298784097035726,0.06535447177557648,0.7700677514076233,0.7987605929374695,0.920806884765625,0.8298784097035726
probe_00301_spk08.wav,/home/hye0n/projects/cnn-based-audio-pii-classification/src/cnn/data_probe/output/probe_00301_spk08.wav,번호는 사공삼사오공오사일오입니다.,4034505415,,male,spk08,probe_cont_10,probe,1,3.04,10,1,10,sentence,continuous,0.749545693397522,0.0825444678550773,0.6824803948402405,0.7003313302993774,0.865825355052948,0.749545693397522
probe_00302_spk09.wav,/home/hye0n/projects/cnn-based-audio-pii-classification/src/cnn/data_probe/output/probe_00302_spk09.wav,번호는 육육칠육오이칠칠오팔입니다.,6676527758,,female,spk09,probe_cont_10,probe,1,3.28,10,1,10,sentence,continuous,0.6233748396237692,0.10670275611191002,0.4961194396018982,0.7572361826896667,0.6167688965797424,0.6233748396237692
probe_00303_spk10.wav,/home/hye0n/projects/cnn-based-audio-pii-classification/src/cnn/data_probe/output/probe_00303_spk10.wav,번호는 사일육일육구이팔사오입니다.,4161692845,,male,spk10,probe_cont_10,probe,1,3.28,10,1,10,sentence,continuous,0.04409444394210974,0.027079586425298306,0.022474132478237152,0.08227936178445816,0.02752983756363392,0.04409444394210974
probe_00304_spk11.wav,/home/hye0n/projects/cnn-based-audio-pii-classification/src/cnn/data_probe/output/probe_00304_spk11.wav,번호는 일일오사사칠구육이칠입니다.,1154479627,,female,spk11,probe_cont_10,probe,1,3.36,10,1,10,sentence,continuous,0.10725828011830647,0.03811635580795506,0.07949286699295044,0.16115468740463257,0.08112728595733643,0.10725828011830647
probe_00305_spk12.wav,/home/hye0n/projects/cnn-based-audio-pii-classification/src/cnn/data_probe/output/probe_00305_spk12.wav,번호는 오칠공오구육사공일육입니다.,5705964016,,male,spk12,probe_cont_10,probe,1,2.8,10,1,10,sentence,continuous,0.23716751237710318,0.11984475381002004,0.1093791127204895,0.3974813222885132,0.20464210212230682,0.23716751237710318
probe_00306_spk13.wav,/home/hye0n/projects/cnn-based-audio-pii-classification/src/cnn/data_probe/output/probe_00306_spk13.wav,번호는 오팔이공이구칠공이일입니다.,5820297021,,male,spk13,probe_cont_10,probe,1,2.88,10,1,10,sentence,continuous,0.06304493422309558,0.033325223550173644,0.03797343000769615,0.04102029651403427,0.1101410761475563,0.06304493422309558
probe_00307_spk14.wav,/home/hye0n/projects/cnn-based-audio-pii-classification/src/cnn/data_probe/output/probe_00307_spk14.wav,번호는 삼오오육구공구이칠오입니다.,3556909275,,female,spk14,probe_cont_10,probe,1,3.28,10,1,10,sentence,continuous,0.3123103479544322,0.16615239408820076,0.19231316447257996,0.19735056161880493,0.5472673177719116,0.3123103479544322
probe_00308_spk01.wav,/home/hye0n/projects/cnn-based-audio-pii-classification/src/cnn/data_probe/output/probe_00308_spk01.wav,번호는 오칠일구이팔오육오사입니다.,5719285654,,female,spk01,probe_cont_10,probe,1,3.2,10,1,10,sentence,continuous,0.05813392996788025,0.014231080892760388,0.03805045038461685,0.06704612076282501,0.06930521875619888,0.05813392996788025
probe_00309_spk02.wav,/home/hye0n/projects/cnn-based-audio-pii-classification/src/cnn/data_probe/output/probe_00309_spk02.wav,번호는 삼일공이칠팔육팔일사입니다.,3102786814,,male,spk02,probe_cont_10,probe,1,2.88,10,1,10,sentence,continuous,0.1459693399568399,0.08751943093655976,0.051938917487859726,0.26268523931503296,0.12328386306762695,0.1459693399568399
probe_00310_spk03.wav,/home/hye0n/projects/cnn-based-audio-pii-classification/src/cnn/data_probe/output/probe_00310_spk03.wav,번호는 사칠삼구사칠삼일이일입니다.,4739473121,,female,spk03,probe_cont_10,probe,1,3.2,10,1,10,sentence,continuous,0.21744224429130554,0.09446579249758635,0.14907525479793549,0.35102465748786926,0.15222682058811188,0.21744224429130554
probe_00311_spk04.wav,/home/hye0n/projects/cnn-based-audio-pii-classification/src/cnn/data_probe/output/probe_00311_spk04.wav,번호는 칠이칠일오오일팔팔사입니다.,7271551884,,male,spk04,probe_cont_10,probe,1,3.2,10,1,10,sentence,continuous,0.7086740732192993,0.13430343666192268,0.5373075008392334,0.8652886152267456,0.723426103591919,0.7086740732192993
probe_00312_spk05.wav,/home/hye0n/projects/cnn-based-audio-pii-classification/src/cnn/data_probe/output/probe_00312_spk05.wav,번호는 사이이오팔삼일삼이삼입니다.,4225831323,,female,spk05,probe_cont_10,probe,1,3.04,10,1,10,sentence,continuous,0.027148934391637642,0.009402063962147758,0.03858514130115509,0.02730518952012062,0.015556472353637218,0.027148934391637642
probe_00313_spk06.wav,/home/hye0n/projects/cnn-based-audio-pii-classification/src/cnn/data_probe/output/probe_00313_spk06.wav,번호는 칠공오팔구오칠팔이구입니다.,7058957829,,male,spk06,probe_cont_10,probe,1,2.64,10,1,10,sentence,continuous,0.029461185758312542,0.006585952138714458,0.02015226148068905,0.03438040241599083,0.03385089337825775,0.029461185758312542
probe_00314_spk07.wav,/home/hye0n/projects/cnn-based-audio-pii-classification/src/cnn/data_probe/output/probe_00314_spk07.wav,번호는 일일사육칠팔육육구일입니다.,1146786691,,female,spk07,probe_cont_10,probe,1,3.36,10,1,10,sentence,continuous,0.33633919556935626,0.08604065447158851,0.4088480472564697,0.3847094774246216,0.21546006202697754,0.33633919556935626
probe_00315_spk08.wav,/home/hye0n/projects/cnn-based-audio-pii-classification/src/cnn/data_probe/output/probe_00315_spk08.wav,번호는 이오일칠칠팔오이팔구입니다.,2517785289,,male,spk08,probe_cont_10,probe,1,2.96,10,1,10,sentence,continuous,0.060768735905488334,0.023085914808447097,0.0491788350045681,0.0929965227842331,0.0401308499276638,0.060768735905488334
probe_00316_spk09.wav,/home/hye0n/projects/cnn-based-audio-pii-classification/src/cnn/data_probe/output/probe_00316_spk09.wav,번호는 이이육팔공일팔이사이입니다.,2268018242,,female,spk09,probe_cont_10,probe,1,2.96,10,1,10,sentence,continuous,0.36656805872917175,0.10706930959556618,0.3501754403114319,0.5051262378692627,0.24440249800682068,0.36656805872917175
probe_00317_spk10.wav,/home/hye0n/projects/cnn-based-audio-pii-classification/src/cnn/data_probe/output/probe_00317_spk10.wav,번호는 이오삼오팔사일사삼팔입니다.,2535841438,,male,spk10,probe_cont_10,probe,1,2.72,10,1,10,sentence,continuous,0.11930622657140096,0.07923129936590402,0.06371542066335678,0.23135508596897125,0.06284817308187485,0.11930622657140096
probe_00318_spk11.wav,/home/hye0n/projects/cnn-based-audio-pii-classification/src/cnn/data_probe/output/probe_00318_spk11.wav,번호는 사이사구팔일팔이구구입니다.,4249818299,,female,spk11,probe_cont_10,probe,1,4.24,10,1,10,sentence,continuous,0.22777090469996134,0.057412427308162026,0.14973536133766174,0.28620827198028564,0.24736908078193665,0.22777090469996134
probe_00319_spk12.wav,/home/hye0n/projects/cnn-based-audio-pii-classification/src/cnn/data_probe/output/probe_00319_spk12.wav,번호는 이이구구오구공공일공입니다.,2299590010,,male,spk12,probe_cont_10,probe,1,3.12,10,1,10,sentence,continuous,0.1984585573275884,0.09806585097581942,0.1886632740497589,0.08355049788951874,0.32316190004348755,0.1984585573275884
probe_00320_spk13.wav,/home/hye0n/projects/cnn-based-audio-pii-classification/src/cnn/data_probe/output/probe_00320_spk13.wav,번호는 구사삼구육구공칠팔사입니다.,9439690784,,male,spk13,probe_cont_10,probe,1,3.76,10,1,10,sentence,continuous,0.10658838599920273,0.03307838042857278,0.1487877070903778,0.06800496578216553,0.10297248512506485,0.10658838599920273
probe_00321_spk14.wav,/home/hye0n/projects/cnn-based-audio-pii-classification/src/cnn/data_probe/output/probe_00321_spk14.wav,번호는 사칠삼육사칠일공이칠입니다.,4736471027,,female,spk14,probe_cont_10,probe,1,3.12,10,1,10,sentence,continuous,0.0495014184465011,0.02658213531306776,0.013598764315247536,0.057800572365522385,0.07710491865873337,0.0495014184465011
probe_00322_spk01.wav,/home/hye0n/projects/cnn-based-audio-pii-classification/src/cnn/data_probe/output/probe_00322_spk01.wav,번호는 육칠칠삼오구이오오오입니다.,6773592555,,female,spk01,probe_cont_10,probe,1,3.6,10,1,10,sentence,continuous,0.6168960531552633,0.055590924867952494,0.6636919379234314,0.5387885570526123,0.6482076644897461,0.6168960531552633
probe_00323_spk02.wav,/home/hye0n/projects/cnn-based-audio-pii-classification/src/cnn/data_probe/output/probe_00323_spk02.wav,번호는 육이오팔팔일오삼칠일입니다.,6258815371,,male,spk02,probe_cont_10,probe,1,2.48,10,1,10,sentence,continuous,0.054286605678498745,0.03211810775005065,0.008965973742306232,0.07432213425636292,0.07957170903682709,0.054286605678498745
probe_00324_spk03.wav,/home/hye0n/projects/cnn-based-audio-pii-classification/src/cnn/data_probe/output/probe_00324_spk03.wav,번호는 사칠삼이일공사육구육입니다.,4732104696,,female,spk03,probe_cont_10,probe,1,3.68,10,1,10,sentence,continuous,0.7532018820444742,0.0701803095682733,0.6922445893287659,0.8515117168426514,0.7158493399620056,0.7532018820444742
probe_00325_spk04.wav,/home/hye0n/projects/cnn-based-audio-pii-classification/src/cnn/data_probe/output/probe_00325_spk04.wav,번호는 삼이오구오삼이칠팔칠입니다.,3259532787,,male,spk04,probe_cont_10,probe,1,2.96,10,1,10,sentence,continuous,0.01567638013511896,0.00862541052466109,0.007270376197993755,0.027534503489732742,0.012224260717630386,0.01567638013511896
probe_00326_spk05.wav,/home/hye0n/projects/cnn-based-audio-pii-classification/src/cnn/data_probe/output/probe_00326_spk05.wav,번호는 칠사칠공일육팔칠삼삼입니다.,7470168733,,female,spk05,probe_cont_10,probe,1,3.68,10,1,10,sentence,continuous,0.8687989910443624,0.051416959795209265,0.865676760673523,0.9332746863365173,0.8074455261230469,0.8687989910443624
probe_00327_spk06.wav,/home/hye0n/projects/cnn-based-audio-pii-classification/src/cnn/data_probe/output/probe_00327_spk06.wav,번호는 구오공공사칠구칠사팔입니다.,9500479748,,male,spk06,probe_cont_10,probe,1,3.04,10,1,10,sentence,continuous,0.10268110036849976,0.012810830589567772,0.08770842105150223,0.11900147795677185,0.10133340209722519,0.10268110036849976
probe_00328_spk07.wav,/home/hye0n/projects/cnn-based-audio-pii-classification/src/cnn/data_probe/output/probe_00328_spk07.wav,번호는 공일육이사오육오공육입니다.,0162456506,,female,spk07,probe_cont_10,probe,1,4.0,10,1,10,sentence,continuous,0.6993066271146139,0.08722354746545646,0.58148592710495,0.7265841960906982,0.7898497581481934,0.6993066271146139
probe_00329_spk08.wav,/home/hye0n/projects/cnn-based-audio-pii-classification/src/cnn/data_probe/output/probe_00329_spk08.wav,번호는 공구팔삼오팔사일육팔입니다.,0983584168,,male,spk08,probe_cont_10,probe,1,4.0,10,1,10,sentence,continuous,0.1572566976149877,0.0060746686396595815,0.1517767608165741,0.1657264232635498,0.15426690876483917,0.1572566976149877
probe_00330_spk09.wav,/home/hye0n/projects/cnn-based-audio-pii-classification/src/cnn/data_probe/output/probe_00330_spk09.wav,번호는 칠팔사구구일이일육오입니다.,7849912165,,female,spk09,probe_cont_10,probe,1,3.12,10,1,10,sentence,continuous,0.311765193939209,0.12878566047829818,0.21252663433551788,0.49364331364631653,0.22912563383579254,0.311765193939209
probe_00331_spk10.wav,/home/hye0n/projects/cnn-based-audio-pii-classification/src/cnn/data_probe/output/probe_00331_spk10.wav,번호는 오팔오이삼구팔육팔공입니다.,5852398680,,male,spk10,probe_cont_10,probe,1,3.68,10,1,10,sentence,continuous,0.018672659682730835,0.007302312484809001,0.017689887434244156,0.010261165909469128,0.028066925704479218,0.018672659682730835
probe_00332_spk11.wav,/home/hye0n/projects/cnn-based-audio-pii-classification/src/cnn/data_probe/output/probe_00332_spk11.wav,번호는 공공이오칠팔칠이구팔입니다.,0025787298,,female,spk11,probe_cont_10,probe,1,3.52,10,1,10,sentence,continuous,0.13083944469690323,0.052894009451170225,0.07036908715963364,0.19920815527439117,0.12294109165668488,0.13083944469690323
probe_00333_spk12.wav,/home/hye0n/projects/cnn-based-audio-pii-classification/src/cnn/data_probe/output/probe_00333_spk12.wav,번호는 이오구오이육구사구오입니다.,2595269495,,male,spk12,probe_cont_10,probe,1,2.48,10,1,10,sentence,continuous,0.03523626923561096,0.004273134979166436,0.031694862991571426,0.03276629373431206,0.0412476509809494,0.03523626923561096
probe_00334_spk13.wav,/home/hye0n/projects/cnn-based-audio-pii-classification/src/cnn/data_probe/output/probe_00334_spk13.wav,번호는 팔팔팔칠구사칠공오오입니다.,8887947055,,male,spk13,probe_cont_10,probe,1,3.52,10,1,10,sentence,continuous,0.23677265892426172,0.12074313875251431,0.21030527353286743,0.10391402989625931,0.39609867334365845,0.23677265892426172
probe_00335_spk14.wav,/home/hye0n/projects/cnn-based-audio-pii-classification/src/cnn/data_probe/output/probe_00335_spk14.wav,번호는 일육구사공구칠사구구입니다.,1694097499,,female,spk14,probe_cont_10,probe,1,3.36,10,1,10,sentence,continuous,0.018935549383362133,0.0012928794956639754,0.01868503727018833,0.01749229058623314,0.020629320293664932,0.018935549383362133
probe_00336_spk01.wav,/home/hye0n/projects/cnn-based-audio-pii-classification/src/cnn/data_probe/output/probe_00336_spk01.wav,번호는 삼공구칠이팔구육이삼입니다.,3097289623,,female,spk01,probe_cont_10,probe,1,3.12,10,1,10,sentence,continuous,0.09653693561752637,0.05264616455894804,0.06696493923664093,0.052149031311273575,0.1704968363046646,0.09653693561752637
probe_00337_spk02.wav,/home/hye0n/projects/cnn-based-audio-pii-classification/src/cnn/data_probe/output/probe_00337_spk02.wav,번호는 공구일삼공칠오육이육입니다.,0913075626,,male,spk02,probe_cont_10,probe,1,2.88,10,1,10,sentence,continuous,0.15405021359523138,0.08973482693294686,0.03498988598585129,0.2516196668148041,0.17554108798503876,0.15405021359523138
probe_00338_spk03.wav,/home/hye0n/projects/cnn-based-audio-pii-classification/src/cnn/data_probe/output/probe_00338_spk03.wav,번호는 삼육팔구칠공이팔삼팔입니다.,3689702838,,female,spk03,probe_cont_10,probe,1,3.6,10,1,10,sentence,continuous,0.16060217966636023,0.09300966007923034,0.03554580360651016,0.2584414482116699,0.18781928718090057,0.16060217966636023
probe_00339_spk04.wav,/home/hye0n/projects/cnn-based-audio-pii-classification/src/cnn/data_probe/output/probe_00339_spk04.wav,번호는 오칠팔육오이칠팔오팔입니다.,5786527858,,male,spk04,probe_cont_10,probe,1,3.36,10,1,10,sentence,continuous,0.5060024758179983,0.22274211945301764,0.19143179059028625,0.6489685773849487,0.6776070594787598,0.5060024758179983
probe_00340_spk05.wav,/home/hye0n/projects/cnn-based-audio-pii-classification/src/cnn/data_probe/output/probe_00340_spk05.wav,번호는 오사구칠삼삼사팔사삼입니다.,5497334843,,female,spk05,probe_cont_10,probe,1,3.2,10,1,10,sentence,continuous,0.6676174600919088,0.1977598141801208,0.3903939723968506,0.8382256031036377,0.774232804775238,0.6676174600919088
probe_00341_spk06.wav,/home/hye0n/projects/cnn-based-audio-pii-classification/src/cnn/data_probe/output/probe_00341_spk06.wav,번호는 사사삼칠오칠오팔사사입니다.,4437575844,,male,spk06,probe_cont_10,probe,1,2.96,10,1,10,sentence,continuous,0.006363010732457042,0.0032770579226598213,0.01095654908567667,0.004598422907292843,0.0035340602044016123,0.006363010732457042
probe_00342_spk07.wav,/home/hye0n/projects/cnn-based-audio-pii-classification/src/cnn/data_probe/output/probe_00342_spk07.wav,번호는 일구팔육육오이사공사입니다.,1986652404,,female,spk07,probe_cont_10,probe,1,3.6,10,1,10,sentence,continuous,0.22695348039269447,0.12062911939694018,0.05869336053729057,0.3354448974132538,0.28672218322753906,0.22695348039269447
probe_00343_spk08.wav,/home/hye0n/projects/cnn-based-audio-pii-classification/src/cnn/data_probe/output/probe_00343_spk08.wav,번호는 일오칠사칠삼삼팔사팔입니다.,1574733848,,male,spk08,probe_cont_10,probe,1,3.12,10,1,10,sentence,continuous,0.6692162354787191,0.15280067230654096,0.4931822419166565,0.8657739758491516,0.6486924886703491,0.6692162354787191
probe_00344_spk09.wav,/home/hye0n/projects/cnn-based-audio-pii-classification/src/cnn/data_probe/output/probe_00344_spk09.wav,번호는 사이일구구삼삼공팔삼입니다.,4219933083,,female,spk09,probe_cont_10,probe,1,3.2,10,1,10,sentence,continuous,0.28819672266642254,0.06301072863768882,0.35358840227127075,0.3079267740249634,0.20307499170303345,0.28819672266642254
probe_00345_spk10.wav,/home/hye0n/projects/cnn-based-audio-pii-classification/src/cnn/data_probe/output/probe_00345_spk10.wav,번호는 삼공일육오칠일이공팔입니다.,3016571208,,male,spk10,probe_cont_10,probe,1,3.28,10,1,10,sentence,continuous,0.017776459455490112,0.0023460648117824704,0.01457822136580944,0.020140094682574272,0.018611062318086624,0.017776459455490112
probe_00346_spk11.wav,/home/hye0n/projects/cnn-based-audio-pii-classification/src/cnn/data_probe/output/probe_00346_spk11.wav,번호는 이육칠칠삼사오사공일입니다.,2677345401,,female,spk11,probe_cont_10,probe,1,3.36,10,1,10,sentence,continuous,0.6964527666568756,0.1955584524349244,0.42813751101493835,0.8886608481407166,0.7725599408149719,0.6964527666568756
probe_00347_spk12.wav,/home/hye0n/projects/cnn-based-audio-pii-classification/src/cnn/data_probe/output/probe_00347_spk12.wav,번호는 구삼팔공이육이공육칠입니다.,9380262067,,male,spk12,probe_cont_10,probe,1,2.72,10,1,10,sentence,continuous,0.04637874476611614,0.03054299160768982,0.03002873994410038,0.08917772024869919,0.01992977410554886,0.04637874476611614
probe_00348_spk13.wav,/home/hye0n/projects/cnn-based-audio-pii-classification/src/cnn/data_probe/output/probe_00348_spk13.wav,번호는 이사공공사구구일오사입니다.,2400499154,,male,spk13,probe_cont_10,probe,1,2.88,10,1,10,sentence,continuous,0.1665035436550776,0.024482483795514334,0.18161889910697937,0.18592238426208496,0.13196934759616852,0.1665035436550776
probe_00349_spk14.wav,/home/hye0n/projects/cnn-based-audio-pii-classification/src/cnn/data_probe/output/probe_00349_spk14.wav,번호는 칠팔팔칠이팔칠사삼일입니다.,7887287431,,female,spk14,probe_cont_10,probe,1,3.76,10,1,10,sentence,continuous,0.44328181942303974,0.13643592062354765,0.38927391171455383,0.6307055354118347,0.3098660111427307,0.44328181942303974
probe_00350_spk01.wav,/home/hye0n/projects/cnn-based-audio-pii-classification/src/cnn/data_probe/output/probe_00350_spk01.wav,번호는 오이칠사이공오사구삼입니다.,5274205493,,female,spk01,probe_cont_10,probe,1,3.2,10,1,10,sentence,continuous,0.16835438956816992,0.09662341002888823,0.09796606749296188,0.10211759805679321,0.30497950315475464,0.16835438956816992
probe_00351_spk02.wav,/home/hye0n/projects/cnn-based-audio-pii-classification/src/cnn/data_probe/output/probe_00351_spk02.wav,번호는 이구육육팔오일육일이입니다.,2966851612,,male,spk02,probe_cont_10,probe,1,2.8,10,1,10,sentence,continuous,0.018566034734249115,0.005219499257772371,0.011899873614311218,0.024644380435347557,0.01915385015308857,0.018566034734249115
probe_00352_spk03.wav,/home/hye0n/projects/cnn-based-audio-pii-classification/src/cnn/data_probe/output/probe_00352_spk03.wav,번호는 이칠오삼공사육삼칠사입니다.,2753046374,,female,spk03,probe_cont_10,probe,1,3.52,10,1,10,sentence,continuous,0.5125170052051544,0.19097295659152072,0.3054558336734772,0.7662150263786316,0.4658801555633545,0.5125170052051544
probe_00353_spk04.wav,/home/hye0n/projects/cnn-based-audio-pii-classification/src/cnn/data_probe/output/probe_00353_spk04.wav,번호는 오사구구공사오삼공일입니다.,5499045301,,male,spk04,probe_cont_10,probe,1,2.8,10,1,10,sentence,continuous,0.11823542912801106,0.022626761264623974,0.12346045672893524,0.08828283846378326,0.1429629921913147,0.11823542912801106
probe_00354_spk05.wav,/home/hye0n/projects/cnn-based-audio-pii-classification/src/cnn/data_probe/output/probe_00354_spk05.wav,번호는 칠사이육팔사일사오구입니다.,7426841459,,female,spk05,probe_cont_10,probe,1,2.88,10,1,10,sentence,continuous,0.08298837020993233,0.070856180720453,0.04415373131632805,0.18240444362163544,0.022406935691833496,0.08298837020993233
probe_00355_spk06.wav,/home/hye0n/projects/cnn-based-audio-pii-classification/src/cnn/data_probe/output/probe_00355_spk06.wav,번호는 삼삼이칠이칠구오육팔입니다.,3327279568,,male,spk06,probe_cont_10,probe,1,3.2,10,1,10,sentence,continuous,0.013202169133971134,0.003970850789544689,0.015907838940620422,0.007587762083858252,0.01611090637743473,0.013202169133971134
probe_00356_spk07.wav,/home/hye0n/projects/cnn-based-audio-pii-classification/src/cnn/data_probe/output/probe_00356_spk07.wav,번호는 칠팔삼삼구일팔칠팔오입니다.,7833918785,,female,spk07,probe_cont_10,probe,1,3.04,10,1,10,sentence,continuous,0.6696743170420328,0.27384721804140605,0.2859117388725281,0.906646192073822,0.8164650201797485,0.6696743170420328
probe_00357_spk08.wav,/home/hye0n/projects/cnn-based-audio-pii-classification/src/cnn/data_probe/output/probe_00357_spk08.wav,번호는 일구일공팔팔삼구팔이입니다.,1910883982,,male,spk08,probe_cont_10,probe,1,3.44,10,1,10,sentence,continuous,0.6970093647638956,0.006817955963750351,0.6952285766601562,0.7061063647270203,0.6896931529045105,0.6970093647638956
probe_00358_spk09.wav,/home/hye0n/projects/cnn-based-audio-pii-classification/src/cnn/data_probe/output/probe_00358_spk09.wav,번호는 이오팔칠일삼구칠일팔입니다.,2587139718,,female,spk09,probe_cont_10,probe,1,3.2,10,1,10,sentence,continuous,0.4142002960046132,0.12218155877139253,0.29857945442199707,0.5832148790359497,0.36080655455589294,0.4142002960046132
probe_00359_spk10.wav,/home/hye0n/projects/cnn-based-audio-pii-classification/src/cnn/data_probe/output/probe_00359_spk10.wav,번호는 칠공칠이팔육칠구공팔입니다.,7072867908,,male,spk10,probe_cont_10,probe,1,3.04,10,1,10,sentence,continuous,0.005733282305300236,0.002420432973342875,0.00552430609241128,0.002878887113183737,0.00879665371030569,0.005733282305300236
probe_00360_spk11.wav,/home/hye0n/projects/cnn-based-audio-pii-classification/src/cnn/data_probe/output/probe_00360_spk11.wav,번호는 칠사공육사공삼구일공입니다.,7406403910,,female,spk11,probe_cont_10,probe,1,4.0,10,1,10,sentence,continuous,0.15898429354031882,0.04843698654758589,0.14496466517448425,0.22406131029129028,0.10792690515518188,0.15898429354031882
probe_00361_spk12.wav,/home/hye0n/projects/cnn-based-audio-pii-classification/src/cnn/data_probe/output/probe_00361_spk12.wav,번호는 육오일팔공일칠공사육입니다.,6518017046,,male,spk12,probe_cont_10,probe,1,2.64,10,1,10,sentence,continuous,0.020310224344333012,0.019018553439563764,0.007418433669954538,0.04719895124435425,0.006313288118690252,0.020310224344333012
probe_00362_spk13.wav,/home/hye0n/projects/cnn-based-audio-pii-classification/src/cnn/data_probe/output/probe_00362_spk13.wav,번호는 이이육오육칠육육일팔입니다.,2265676618,,male,spk13,probe_cont_10,probe,1,4.0,10,1,10,sentence,continuous,0.04689543197552363,0.005810397469902058,0.05274789035320282,0.03897394239902496,0.04896446317434311,0.04689543197552363
probe_00363_spk14.wav,/home/hye0n/projects/cnn-based-audio-pii-classification/src/cnn/data_probe/output/probe_00363_spk14.wav,번호는 이오일이팔육팔이삼공입니다.,2512868230,,female,spk14,probe_cont_10,probe,1,3.28,10,1,10,sentence,continuous,0.10198996216058731,0.02190260862045708,0.10643477737903595,0.07322006672620773,0.12631504237651825,0.10198996216058731
probe_00364_spk01.wav,/home/hye0n/projects/cnn-based-audio-pii-classification/src/cnn/data_probe/output/probe_00364_spk01.wav,번호는 공사칠팔육팔육삼삼칠입니다.,0478686337,,female,spk01,probe_cont_10,probe,1,3.84,10,1,10,sentence,continuous,0.6496215264002482,0.07963240632783446,0.6372116208076477,0.5588910579681396,0.7527619004249573,0.6496215264002482
probe_00365_spk02.wav,/home/hye0n/projects/cnn-based-audio-pii-classification/src/cnn/data_probe/output/probe_00365_spk02.wav,번호는 오이사삼일공육구공삼입니다.,5243106903,,male,spk02,probe_cont_10,probe,1,3.2,10,1,10,sentence,continuous,0.22767528394858041,0.06120205995313835,0.14117257297039032,0.2734759449958801,0.2683773338794708,0.22767528394858041
probe_00366_spk03.wav,/home/hye0n/projects/cnn-based-audio-pii-classification/src/cnn/data_probe/output/probe_00366_spk03.wav,번호는 삼일일구공칠구공삼공입니다.,3119079030,,female,spk03,probe_cont_10,probe,1,3.44,10,1,10,sentence,continuous,0.9416256546974182,0.027861868921750247,0.9026997089385986,0.9557967782020569,0.9663804769515991,0.9416256546974182
probe_00367_spk04.wav,/home/hye0n/projects/cnn-based-audio-pii-classification/src/cnn/data_probe/output/probe_00367_spk04.wav,번호는 육칠삼팔삼공이팔사삼입니다.,6738302843,,male,spk04,probe_cont_10,probe,1,3.68,10,1,10,sentence,continuous,0.8911401629447937,0.009371481598010213,0.8927615284919739,0.9017209410667419,0.8789380192756653,0.8911401629447937
probe_00368_spk05.wav,/home/hye0n/projects/cnn-based-audio-pii-classification/src/cnn/data_probe/output/probe_00368_spk05.wav,번호는 구오구구오삼사이팔삼입니다.,9599534283,,female,spk05,probe_cont_10,probe,1,3.12,10,1,10,sentence,continuous,0.07926488171021144,0.01903647520655065,0.0685100182890892,0.06326871365308762,0.10601591318845749,0.07926488171021144
probe_00369_spk06.wav,/home/hye0n/projects/cnn-based-audio-pii-classification/src/cnn/data_probe/output/probe_00369_spk06.wav,번호는 육사사공팔구이육팔칠입니다.,6440892687,,male,spk06,probe_cont_10,probe,1,2.48,10,1,10,sentence,continuous,0.00469157084201773,0.0009437535989278806,0.004968238528817892,0.0034224861301481724,0.005683987867087126,0.00469157084201773
probe_00370_spk07.wav,/home/hye0n/projects/cnn-based-audio-pii-classification/src/cnn/data_probe/output/probe_00370_spk07.wav,번호는 공오육팔오육육이사육입니다.,0568566246,,female,spk07,probe_cont_10,probe,1,2.8,10,1,10,sentence,continuous,0.14074942717949548,0.021628193327084357,0.12784510850906372,0.1231854036450386,0.17121776938438416,0.14074942717949548
probe_00371_spk08.wav,/home/hye0n/projects/cnn-based-audio-pii-classification/src/cnn/data_probe/output/probe_00371_spk08.wav,번호는 이팔칠삼삼사이칠공팔입니다.,2873342708,,male,spk08,probe_cont_10,probe,1,3.84,10,1,10,sentence,continuous,0.5157604018847147,0.11623563773421862,0.664182186126709,0.5027403235435486,0.3803586959838867,0.5157604018847147
probe_00372_spk09.wav,/home/hye0n/projects/cnn-based-audio-pii-classification/src/cnn/data_probe/output/probe_00372_spk09.wav,번호는 육육팔팔이육삼사삼오입니다.,6688263435,,female,spk09,probe_cont_10,probe,1,2.8,10,1,10,sentence,continuous,0.0397757546355327,0.009128132899349299,0.02716725878417492,0.04847866669297218,0.04368133842945099,0.0397757546355327
probe_00373_spk10.wav,/home/hye0n/projects/cnn-based-audio-pii-classification/src/cnn/data_probe/output/probe_00373_spk10.wav,번호는 일칠오일팔삼공사육구입니다.,1751830469,,male,spk10,probe_cont_10,probe,1,2.56,10,1,10,sentence,continuous,0.2070381393035253,0.07749287323244543,0.09883025288581848,0.2761756479740143,0.2461085170507431,0.2070381393035253
probe_00374_spk11.wav,/home/hye0n/projects/cnn-based-audio-pii-classification/src/cnn/data_probe/output/probe_00374_spk11.wav,번호는 구공일삼구팔삼칠삼오입니다.,9013983735,,female,spk11,probe_cont_10,probe,1,4.4,10,1,10,sentence,continuous,0.44195112586021423,0.1923380503270876,0.2519184350967407,0.7055099606513977,0.3684249818325043,0.44195112586021423
probe_00375_spk12.wav,/home/hye0n/projects/cnn-based-audio-pii-classification/src/cnn/data_probe/output/probe_00375_spk12.wav,번호는 사공삼삼일칠삼구삼육입니다.,4033173936,,male,spk12,probe_cont_10,probe,1,3.68,10,1,10,sentence,continuous,0.17606121301651,0.11759550283140831,0.1263756901025772,0.3383505642414093,0.06345738470554352,0.17606121301651
probe_00376_spk13.wav,/home/hye0n/projects/cnn-based-audio-pii-classification/src/cnn/data_probe/output/probe_00376_spk13.wav,번호는 삼팔오사육칠팔오사사입니다.,3854678544,,male,spk13,probe_cont_10,probe,1,2.72,10,1,10,sentence,continuous,0.02523565338924527,0.012862040407137114,0.007087332662194967,0.03324822708964348,0.03537140041589737,0.02523565338924527
probe_00377_spk14.wav,/home/hye0n/projects/cnn-based-audio-pii-classification/src/cnn/data_probe/output/probe_00377_spk14.wav,번호는 오팔칠칠일칠오삼오오입니다.,5877175355,,female,spk14,probe_cont_10,probe,1,3.28,10,1,10,sentence,continuous,0.47430795431137085,0.15353006395457777,0.352421373128891,0.6908628344535828,0.3796396553516388,0.47430795431137085
probe_00378_spk01.wav,/home/hye0n/projects/cnn-based-audio-pii-classification/src/cnn/data_probe/output/probe_00378_spk01.wav,번호는 육공구삼이공사팔구구입니다.,6093204899,,female,spk01,probe_cont_10,probe,1,3.36,10,1,10,sentence,continuous,0.19694030781586966,0.157713879858055,0.10522167384624481,0.06672784686088562,0.4188714027404785,0.19694030781586966
probe_00379_spk02.wav,/home/hye0n/projects/cnn-based-audio-pii-classification/src/cnn/data_probe/output/probe_00379_spk02.wav,번호는 육사이삼오삼육구삼칠입니다.,6423536937,,male,spk02,probe_cont_10,probe,1,3.2,10,1,10,sentence,continuous,0.07589873671531677,0.0024686821572883666,0.07927890121936798,0.07345204800367355,0.07496526092290878,0.07589873671531677
probe_00380_spk03.wav,/home/hye0n/projects/cnn-based-audio-pii-classification/src/cnn/data_probe/output/probe_00380_spk03.wav,번호는 팔오사칠칠칠이오이이입니다.,8547772522,,female,spk03,probe_cont_10,probe,1,3.44,10,1,10,sentence,continuous,0.8513030211130778,0.056009515271240304,0.8045244812965393,0.9300495386123657,0.8193350434303284,0.8513030211130778
probe_00381_spk04.wav,/home/hye0n/projects/cnn-based-audio-pii-classification/src/cnn/data_probe/output/probe_00381_spk04.wav,번호는 팔칠이팔공팔공일공공입니다.,8728080100,,male,spk04,probe_cont_10,probe,1,3.28,10,1,10,sentence,continuous,0.8601810733477274,0.04195683707570514,0.8332289457321167,0.919436514377594,0.8278777599334717,0.8601810733477274
probe_00382_spk05.wav,/home/hye0n/projects/cnn-based-audio-pii-classification/src/cnn/data_probe/output/probe_00382_spk05.wav,번호는 육이삼일이공삼팔칠오입니다.,6231203875,,female,spk05,probe_cont_10,probe,1,2.88,10,1,10,sentence,continuous,0.09484190245469411,0.017102400101755084,0.0713815838098526,0.1116660013794899,0.10147812217473984,0.09484190245469411
probe_00383_spk06.wav,/home/hye0n/projects/cnn-based-audio-pii-classification/src/cnn/data_probe/output/probe_00383_spk06.wav,번호는 공구구칠칠공공팔팔육입니다.,0997700886,,male,spk06,probe_cont_10,probe,1,2.8,10,1,10,sentence,continuous,0.029628174379467964,0.00928421934599966,0.017899340018630028,0.03038172796368599,0.040603455156087875,0.029628174379467964
probe_00384_spk07.wav,/home/hye0n/projects/cnn-based-audio-pii-classification/src/cnn/data_probe/output/probe_00384_spk07.wav,번호는 공공팔사팔사공팔육이입니다.,0084840862,,female,spk07,probe_cont_10,probe,1,3.52,10,1,10,sentence,continuous,0.5812715689341227,0.10552919030631851,0.4357273578643799,0.6826317310333252,0.6254556179046631,0.5812715689341227
probe_00385_spk08.wav,/home/hye0n/projects/cnn-based-audio-pii-classification/src/cnn/data_probe/output/probe_00385_spk08.wav,번호는 일일팔이삼삼구팔사오입니다.,1182339845,,male,spk08,probe_cont_10,probe,1,3.12,10,1,10,sentence,continuous,0.10699958850940068,0.028318440008818318,0.07013726979494095,0.1389872282743454,0.11187426745891571,0.10699958850940068
probe_00386_spk09.wav,/home/hye0n/projects/cnn-based-audio-pii-classification/src/cnn/data_probe/output/probe_00386_spk09.wav,번호는 사육일오육칠구삼삼사입니다.,4615679334,,female,spk09,probe_cont_10,probe,1,3.2,10,1,10,sentence,continuous,0.6843226552009583,0.12600819361339813,0.5635730624198914,0.8581952452659607,0.6311996579170227,0.6843226552009583
probe_00387_spk10.wav,/home/hye0n/projects/cnn-based-audio-pii-classification/src/cnn/data_probe/output/probe_00387_spk10.wav,번호는 일공일육육육팔칠공공입니다.,1016668700,,male,spk10,probe_cont_10,probe,1,2.88,10,1,10,sentence,continuous,0.0785056749979655,0.021806010342990196,0.04813916236162186,0.08903497457504272,0.0983428880572319,0.0785056749979655
probe_00388_spk11.wav,/home/hye0n/projects/cnn-based-audio-pii-classification/src/cnn/data_probe/output/probe_00388_spk11.wav,번호는 이일칠육오구일팔공삼입니다.,2176591803,,female,spk11,probe_cont_10,probe,1,2.88,10,1,10,sentence,continuous,0.1659839948018392,0.08713619864223655,0.08203268051147461,0.2860826849937439,0.12983661890029907,0.1659839948018392
probe_00389_spk12.wav,/home/hye0n/projects/cnn-based-audio-pii-classification/src/cnn/data_probe/output/probe_00389_spk12.wav,번호는 삼구칠사공일사팔구공입니다.,3974014890,,male,spk12,probe_cont_10,probe,1,3.2,10,1,10,sentence,continuous,0.19413254658381143,0.09211227121072386,0.06392034888267517,0.26249340176582336,0.2559838891029358,0.19413254658381143
probe_00390_spk13.wav,/home/hye0n/projects/cnn-based-audio-pii-classification/src/cnn/data_probe/output/probe_00390_spk13.wav,번호는 이오공삼구이육일사이입니다.,2503926142,,male,spk13,probe_cont_10,probe,1,4.16,10,1,10,sentence,continuous,0.1301969587802887,0.05903504894215915,0.10325855761766434,0.21210187673568726,0.0752304419875145,0.1301969587802887
probe_00391_spk14.wav,/home/hye0n/projects/cnn-based-audio-pii-classification/src/cnn/data_probe/output/probe_00391_spk14.wav,번호는 구삼구육팔오육이일팔입니다.,9396856218,,female,spk14,probe_cont_10,probe,1,3.28,10,1,10,sentence,continuous,0.4642505943775177,0.1893081912147977,0.22544345259666443,0.6884623169898987,0.47884601354599,0.4642505943775177
probe_00392_spk01.wav,/home/hye0n/projects/cnn-based-audio-pii-classification/src/cnn/data_probe/output/probe_00392_spk01.wav,번호는 오공일육삼일오구구구입니다.,5016315999,,female,spk01,probe_cont_10,probe,1,3.44,10,1,10,sentence,continuous,0.15262595191597939,0.06733764685510259,0.20337972044944763,0.057466696947813034,0.1970314383506775,0.15262595191597939
probe_00393_spk02.wav,/home/hye0n/projects/cnn-based-audio-pii-classification/src/cnn/data_probe/output/probe_00393_spk02.wav,번호는 육오공사칠칠삼오팔육입니다.,6504773586,,male,spk02,probe_cont_10,probe,1,3.6,10,1,10,sentence,continuous,0.3546646883090337,0.08004936993720857,0.24185051023960114,0.40291252732276917,0.41923102736473083,0.3546646883090337
probe_00394_spk03.wav,/home/hye0n/projects/cnn-based-audio-pii-classification/src/cnn/data_probe/output/probe_00394_spk03.wav,번호는 육이구육일구사삼일일입니다.,6296194311,,female,spk03,probe_cont_10,probe,1,4.0,10,1,10,sentence,continuous,0.20138411968946457,0.058959225318075466,0.11888115853071213,0.23218421638011932,0.25308698415756226,0.20138411968946457
probe_00395_spk04.wav,/home/hye0n/projects/cnn-based-audio-pii-classification/src/cnn/data_probe/output/probe_00395_spk04.wav,번호는 사이육이육오오일일공입니다.,4262655110,,male,spk04,probe_cont_10,probe,1,2.8,10,1,10,sentence,continuous,0.6051739354928335,0.15205191026145085,0.4266902506351471,0.7982779741287231,0.5905535817146301,0.6051739354928335
probe_00396_spk05.wav,/home/hye0n/projects/cnn-based-audio-pii-classification/src/cnn/data_probe/output/probe_00396_spk05.wav,번호는 사칠오사일이일이육칠입니다.,4754121267,,female,spk05,probe_cont_10,probe,1,2.72,10,1,10,sentence,continuous,0.21297460546096167,0.1525064028973092,0.1348564326763153,0.4261327087879181,0.07793467491865158,0.21297460546096167
probe_00397_spk06.wav,/home/hye0n/projects/cnn-based-audio-pii-classification/src/cnn/data_probe/output/probe_00397_spk06.wav,번호는 팔팔팔육일공일오팔일입니다.,8886101581,,male,spk06,probe_cont_10,probe,1,3.44,10,1,10,sentence,continuous,0.04273108330865701,0.018087981198218868,0.05446861684322357,0.056545693427324295,0.017178939655423164,0.04273108330865701
probe_00398_spk07.wav,/home/hye0n/projects/cnn-based-audio-pii-classification/src/cnn/data_probe/output/probe_00398_spk07.wav,번호는 구구오육공사육육일팔입니다.,9956046618,,female,spk07,probe_cont_10,probe,1,3.6,10,1,10,sentence,continuous,0.23118510842323303,0.024418130021739728,0.20419372618198395,0.22602693736553192,0.2633346617221832,0.23118510842323303
probe_00399_spk08.wav,/home/hye0n/projects/cnn-based-audio-pii-classification/src/cnn/data_probe/output/probe_00399_spk08.wav,번호는 삼구팔이육이이사사사입니다.,3982622444,,male,spk08,probe_cont_10,probe,1,2.88,10,1,10,sentence,continuous,0.3337753812472026,0.11176869973198492,0.2284085750579834,0.28442084789276123,0.48849672079086304,0.3337753812472026
probe_00400_spk09.wav,/home/hye0n/projects/cnn-based-audio-pii-classification/src/cnn/data_probe/output/probe_00400_spk09.wav,번호는 칠이일이육사육사칠일오사입니다.,721264647154,,female,spk09,probe_cont_12,probe,1,3.6,12,1,12,sentence,continuous,0.8426740566889445,0.03959983597886815,0.86304771900177,0.8776636123657227,0.7873108386993408,0.8426740566889445
probe_00401_spk10.wav,/home/hye0n/projects/cnn-based-audio-pii-classification/src/cnn/data_probe/output/probe_00401_spk10.wav,번호는 삼칠구구삼칠일이사공육오입니다.,379937124065,,male,spk10,probe_cont_12,probe,1,3.52,12,1,12,sentence,continuous,0.052926729122797646,0.01769566582749053,0.0358041375875473,0.045682407915592194,0.07729364186525345,0.052926729122797646
probe_00402_spk11.wav,/home/hye0n/projects/cnn-based-audio-pii-classification/src/cnn/data_probe/output/probe_00402_spk11.wav,번호는 구육오칠오육구이사오구삼입니다.,965756924593,,female,spk11,probe_cont_12,probe,1,3.92,12,1,12,sentence,continuous,0.6440532207489014,0.11074857331101115,0.7149655818939209,0.7295368909835815,0.48765718936920166,0.6440532207489014
probe_00403_spk12.wav,/home/hye0n/projects/cnn-based-audio-pii-classification/src/cnn/data_probe/output/probe_00403_spk12.wav,번호는 칠오이육오사칠구삼오육사입니다.,752654793564,,male,spk12,probe_cont_12,probe,1,3.36,12,1,12,sentence,continuous,0.012474903215964636,0.00655772322869812,0.009837210178375244,0.021493589505553246,0.006093909963965416,0.012474903215964636
probe_00404_spk13.wav,/home/hye0n/projects/cnn-based-audio-pii-classification/src/cnn/data_probe/output/probe_00404_spk13.wav,번호는 육오일구삼구팔이팔공칠삼입니다.,651939828073,,male,spk13,probe_cont_12,probe,1,3.52,12,1,12,sentence,continuous,0.21756184101104736,0.1160089668587351,0.14078232645988464,0.13038966059684753,0.3815135359764099,0.21756184101104736
probe_00405_spk14.wav,/home/hye0n/projects/cnn-based-audio-pii-classification/src/cnn/data_probe/output/probe_00405_spk14.wav,번호는 칠사일육칠이사삼사이육육입니다.,741672434266,,female,spk14,probe_cont_12,probe,1,3.52,12,1,12,sentence,continuous,0.39190353949864704,0.11845347639314152,0.36341556906700134,0.5491096377372742,0.26318541169166565,0.39190353949864704
probe_00406_spk01.wav,/home/hye0n/projects/cnn-based-audio-pii-classification/src/cnn/data_probe/output/probe_00406_spk01.wav,번호는 일칠구칠구육팔팔육팔공오입니다.,179796886805,,female,spk01,probe_cont_12,probe,1,3.68,12,1,12,sentence,continuous,0.9402215282122294,0.04129374991907967,0.8822547793388367,0.9753410816192627,0.9630687236785889,0.9402215282122294
probe_00407_spk02.wav,/home/hye0n/projects/cnn-based-audio-pii-classification/src/cnn/data_probe/output/probe_00407_spk02.wav,번호는 팔구일일삼오이구공구육오입니다.,891135290965,,male,spk02,probe_cont_12,probe,1,2.96,12,1,12,sentence,continuous,0.5123598774274191,0.220784907684171,0.4391133785247803,0.8118427395820618,0.28612351417541504,0.5123598774274191
probe_00408_spk03.wav,/home/hye0n/projects/cnn-based-audio-pii-classification/src/cnn/data_probe/output/probe_00408_spk03.wav,번호는 육일공일사삼팔팔팔구구삼입니다.,610143888993,,female,spk03,probe_cont_12,probe,1,3.92,12,1,12,sentence,continuous,0.9378925760587057,0.06397368071483157,0.8474980592727661,0.979838490486145,0.9863411784172058,0.9378925760587057
probe_00409_spk04.wav,/home/hye0n/projects/cnn-based-audio-pii-classification/src/cnn/data_probe/output/probe_00409_spk04.wav,번호는 칠오육칠구팔이오공칠일사입니다.,756798250714,,male,spk04,probe_cont_12,probe,1,3.44,12,1,12,sentence,continuous,0.9624438087145487,0.019107600515636553,0.9358707070350647,0.971481442451477,0.9799792766571045,0.9624438087145487
probe_00410_spk05.wav,/home/hye0n/projects/cnn-based-audio-pii-classification/src/cnn/data_probe/output/probe_00410_spk05.wav,번호는 육일일이오사오칠삼팔칠오입니다.,611254573875,,female,spk05,probe_cont_12,probe,1,3.6,12,1,12,sentence,continuous,0.8692941268285116,0.07076654082779847,0.9185475707054138,0.92011559009552,0.7692192196846008,0.8692941268285116
probe_00411_spk06.wav,/home/hye0n/projects/cnn-based-audio-pii-classification/src/cnn/data_probe/output/probe_00411_spk06.wav,번호는 칠일칠칠오일사공일공오일입니다.,717751401051,,male,spk06,probe_cont_12,probe,1,2.96,12,1,12,sentence,continuous,0.08984685192505519,0.008890348165041268,0.09145010262727737,0.07824570685625076,0.09984474629163742,0.08984685192505519
probe_00412_spk07.wav,/home/hye0n/projects/cnn-based-audio-pii-classification/src/cnn/data_probe/output/probe_00412_spk07.wav,번호는 이삼팔이팔이오팔육칠삼육입니다.,238282586736,,female,spk07,probe_cont_12,probe,1,3.52,12,1,12,sentence,continuous,0.9080941677093506,0.03152178316161663,0.9075397849082947,0.946974515914917,0.8697682023048401,0.9080941677093506
probe_00413_spk08.wav,/home/hye0n/projects/cnn-based-audio-pii-classification/src/cnn/data_probe/output/probe_00413_spk08.wav,번호는 이이육육공구삼칠구육육공입니다.,226609379660,,male,spk08,probe_cont_12,probe,1,4.0,12,1,12,sentence,continuous,0.8045957287152609,0.10665553362543162,0.9144774079322815,0.6601696014404297,0.8391401767730713,0.8045957287152609
probe_00414_spk09.wav,/home/hye0n/projects/cnn-based-audio-pii-classification/src/cnn/data_probe/output/probe_00414_spk09.wav,번호는 삼삼사일구일팔이오오삼칠입니다.,334191825537,,female,spk09,probe_cont_12,probe,1,3.36,12,1,12,sentence,continuous,0.8976250688234965,0.048215810511664896,0.8372610211372375,0.955271303653717,0.9003428816795349,0.8976250688234965
probe_00415_spk10.wav,/home/hye0n/projects/cnn-based-audio-pii-classification/src/cnn/data_probe/output/probe_00415_spk10.wav,번호는 일사칠팔오구육구육구일오입니다.,147859696915,,male,spk10,probe_cont_12,probe,1,2.72,12,1,12,sentence,continuous,0.4178570359945297,0.1424885935390212,0.21707774698734283,0.5034056305885315,0.5330877304077148,0.4178570359945297
probe_00416_spk11.wav,/home/hye0n/projects/cnn-based-audio-pii-classification/src/cnn/data_probe/output/probe_00416_spk11.wav,번호는 오칠구이사구구일이오일삼입니다.,579249912513,,female,spk11,probe_cont_12,probe,1,3.12,12,1,12,sentence,continuous,0.8920119007428488,0.05968722042136284,0.8082618117332458,0.9247606992721558,0.9430131912231445,0.8920119007428488
probe_00417_spk12.wav,/home/hye0n/projects/cnn-based-audio-pii-classification/src/cnn/data_probe/output/probe_00417_spk12.wav,번호는 사일이오이팔육육구이구육입니다.,412528669296,,male,spk12,probe_cont_12,probe,1,3.36,12,1,12,sentence,continuous,0.273134782910347,0.14945918739754532,0.14862926304340363,0.18746575713157654,0.4833093285560608,0.273134782910347
probe_00418_spk13.wav,/home/hye0n/projects/cnn-based-audio-pii-classification/src/cnn/data_probe/output/probe_00418_spk13.wav,번호는 육이칠팔이팔이칠사이이오입니다.,627828274225,,male,spk13,probe_cont_12,probe,1,2.72,12,1,12,sentence,continuous,0.0412161685526371,0.005338106744602995,0.048298075795173645,0.03541070222854614,0.03993972763419151,0.0412161685526371
probe_00419_spk14.wav,/home/hye0n/projects/cnn-based-audio-pii-classification/src/cnn/data_probe/output/probe_00419_spk14.wav,번호는 칠구공오공칠이삼육팔팔칠입니다.,790507236887,,female,spk14,probe_cont_12,probe,1,3.6,12,1,12,sentence,continuous,0.5442913075288137,0.1462714624904505,0.3382832109928131,0.663528323173523,0.631062388420105,0.5442913075288137
probe_00420_spk01.wav,/home/hye0n/projects/cnn-based-audio-pii-classification/src/cnn/data_probe/output/probe_00420_spk01.wav,번호는 육칠육칠칠이일구공삼사공입니다.,676772190340,,female,spk01,probe_cont_12,probe,1,3.84,12,1,12,sentence,continuous,0.9812149206797282,0.006248732968130111,0.976714015007019,0.9768792986869812,0.9900514483451843,0.9812149206797282
probe_00421_spk02.wav,/home/hye0n/projects/cnn-based-audio-pii-classification/src/cnn/data_probe/output/probe_00421_spk02.wav,번호는 사삼팔사이칠구칠팔팔일구입니다.,438427978819,,male,spk02,probe_cont_12,probe,1,3.6,12,1,12,sentence,continuous,0.7018905480702718,0.130067490862826,0.5592072010040283,0.8737679123878479,0.6726965308189392,0.7018905480702718
probe_00422_spk03.wav,/home/hye0n/projects/cnn-based-audio-pii-classification/src/cnn/data_probe/output/probe_00422_spk03.wav,번호는 일사팔오팔공칠팔삼육일삼입니다.,148580783613,,female,spk03,probe_cont_12,probe,1,3.76,12,1,12,sentence,continuous,0.5114645858605703,0.08274637717806724,0.4570479989051819,0.6283922791481018,0.4489534795284271,0.5114645858605703
probe_00423_spk04.wav,/home/hye0n/projects/cnn-based-audio-pii-classification/src/cnn/data_probe/output/probe_00423_spk04.wav,번호는 사공칠사오일칠일삼삼구오입니다.,407451713395,,male,spk04,probe_cont_12,probe,1,3.44,12,1,12,sentence,continuous,0.8461595773696899,0.08444499241951248,0.7356010675430298,0.9405418634414673,0.8623358011245728,0.8461595773696899
probe_00424_spk05.wav,/home/hye0n/projects/cnn-based-audio-pii-classification/src/cnn/data_probe/output/probe_00424_spk05.wav,번호는 구육이구이삼삼공구오팔사입니다.,962923309584,,female,spk05,probe_cont_12,probe,1,3.2,12,1,12,sentence,continuous,0.9126795530319214,0.004458483505289488,0.9189611077308655,0.9100117087364197,0.909065842628479,0.9126795530319214
probe_00425_spk06.wav,/home/hye0n/projects/cnn-based-audio-pii-classification/src/cnn/data_probe/output/probe_00425_spk06.wav,번호는 구팔이오사사구사팔일이육입니다.,982544948126,,male,spk06,probe_cont_12,probe,1,2.72,12,1,12,sentence,continuous,0.03924573895831903,0.01673080632521413,0.02436290867626667,0.030757438391447067,0.06261686980724335,0.03924573895831903
probe_00426_spk07.wav,/home/hye0n/projects/cnn-based-audio-pii-classification/src/cnn/data_probe/output/probe_00426_spk07.wav,번호는 공사이이삼이오삼육칠이구입니다.,042232536729,,female,spk07,probe_cont_12,probe,1,3.04,12,1,12,sentence,continuous,0.5265601575374603,0.07366179032739438,0.52540123462677,0.43692830204963684,0.6173509359359741,0.5265601575374603
probe_00427_spk08.wav,/home/hye0n/projects/cnn-based-audio-pii-classification/src/cnn/data_probe/output/probe_00427_spk08.wav,번호는 사육육칠일일육팔사오칠칠입니다.,466711684577,,male,spk08,probe_cont_12,probe,1,3.68,12,1,12,sentence,continuous,0.9786479671796163,0.003478172246868819,0.9743078947067261,0.982822835445404,0.9788131713867188,0.9786479671796163
probe_00428_spk09.wav,/home/hye0n/projects/cnn-based-audio-pii-classification/src/cnn/data_probe/output/probe_00428_spk09.wav,번호는 오구공일칠오일팔육삼육삼입니다.,590175186363,,female,spk09,probe_cont_12,probe,1,3.76,12,1,12,sentence,continuous,0.7151124477386475,0.11691864004751926,0.5570750832557678,0.7520229816436768,0.8362392783164978,0.7151124477386475
probe_00429_spk10.wav,/home/hye0n/projects/cnn-based-audio-pii-classification/src/cnn/data_probe/output/probe_00429_spk10.wav,번호는 칠사오사오팔구이구칠오공입니다.,745458929750,,male,spk10,probe_cont_12,probe,1,3.2,12,1,12,sentence,continuous,0.015687793493270874,0.004621258576304078,0.009152347221970558,0.018953852355480194,0.01895718090236187,0.015687793493270874
probe_00430_spk11.wav,/home/hye0n/projects/cnn-based-audio-pii-classification/src/cnn/data_probe/output/probe_00430_spk11.wav,번호는 공일칠공일이칠칠공육삼이입니다.,017012770632,,female,spk11,probe_cont_12,probe,1,4.24,12,1,12,sentence,continuous,0.83642578125,0.05721076573641175,0.8852641582489014,0.8678699731826782,0.7561432123184204,0.83642578125
probe_00431_spk12.wav,/home/hye0n/projects/cnn-based-audio-pii-classification/src/cnn/data_probe/output/probe_00431_spk12.wav,번호는 사이사일오사일오이공육사입니다.,424154152064,,male,spk12,probe_cont_12,probe,1,2.88,12,1,12,sentence,continuous,0.08222717667619388,0.06861069947055079,0.03184376284480095,0.17923305928707123,0.03560470789670944,0.08222717667619388
probe_00432_spk13.wav,/home/hye0n/projects/cnn-based-audio-pii-classification/src/cnn/data_probe/output/probe_00432_spk13.wav,번호는 삼육일일공삼칠일이구삼팔입니다.,361103712938,,male,spk13,probe_cont_12,probe,1,3.12,12,1,12,sentence,continuous,0.28426631291707355,0.11027866503048045,0.3391418159008026,0.1304023563861847,0.3832547664642334,0.28426631291707355
probe_00433_spk14.wav,/home/hye0n/projects/cnn-based-audio-pii-classification/src/cnn/data_probe/output/probe_00433_spk14.wav,번호는 칠공공오일육이칠일삼육일입니다.,700516271361,,female,spk14,probe_cont_12,probe,1,4.0,12,1,12,sentence,continuous,0.8056451678276062,0.035651191709937836,0.8544467687606812,0.7702755928039551,0.7922131419181824,0.8056451678276062
probe_00434_spk01.wav,/home/hye0n/projects/cnn-based-audio-pii-classification/src/cnn/data_probe/output/probe_00434_spk01.wav,번호는 일일오오사이육이이일팔구입니다.,115542622189,,female,spk01,probe_cont_12,probe,1,3.28,12,1,12,sentence,continuous,0.5903144280115763,0.04842438674022019,0.624351978302002,0.5218324065208435,0.6247588992118835,0.5903144280115763
probe_00435_spk02.wav,/home/hye0n/projects/cnn-based-audio-pii-classification/src/cnn/data_probe/output/probe_00435_spk02.wav,번호는 공구이칠오삼이육구칠삼일입니다.,092753269731,,male,spk02,probe_cont_12,probe,1,4.08,12,1,12,sentence,continuous,0.7003787159919739,0.07926336162575495,0.6102031469345093,0.8031318783760071,0.6878011226654053,0.7003787159919739
probe_00436_spk03.wav,/home/hye0n/projects/cnn-based-audio-pii-classification/src/cnn/data_probe/output/probe_00436_spk03.wav,번호는 일이일구육오육오이삼사일입니다.,121965652341,,female,spk03,probe_cont_12,probe,1,3.92,12,1,12,sentence,continuous,0.8740912278493246,0.05741987552661976,0.8131118416786194,0.9510211944580078,0.8581406474113464,0.8740912278493246
probe_00437_spk04.wav,/home/hye0n/projects/cnn-based-audio-pii-classification/src/cnn/data_probe/output/probe_00437_spk04.wav,번호는 삼팔구구구사공사삼팔구팔입니다.,389994043898,,male,spk04,probe_cont_12,probe,1,3.92,12,1,12,sentence,continuous,0.8618531028429667,0.09385008712910095,0.7411066293716431,0.9699440002441406,0.8745086789131165,0.8618531028429667
probe_00438_spk05.wav,/home/hye0n/projects/cnn-based-audio-pii-classification/src/cnn/data_probe/output/probe_00438_spk05.wav,번호는 삼육사공삼칠육일삼칠구일입니다.,364037613791,,female,spk05,probe_cont_12,probe,1,3.52,12,1,12,sentence,continuous,0.9761206905047098,0.005524723908646648,0.9693947434425354,0.9829267859458923,0.9760405421257019,0.9761206905047098
probe_00439_spk06.wav,/home/hye0n/projects/cnn-based-audio-pii-classification/src/cnn/data_probe/output/probe_00439_spk06.wav,번호는 팔공오오이육구육오팔이칠입니다.,805526965827,,male,spk06,probe_cont_12,probe,1,2.88,12,1,12,sentence,continuous,0.051769694313406944,0.021505242692636765,0.023655908182263374,0.07587270438671112,0.05578047037124634,0.051769694313406944
probe_00440_spk07.wav,/home/hye0n/projects/cnn-based-audio-pii-classification/src/cnn/data_probe/output/probe_00440_spk07.wav,번호는 일공구일공사삼공공육팔사입니다.,109104300684,,female,spk07,probe_cont_12,probe,1,3.28,12,1,12,sentence,continuous,0.9125175476074219,0.03197349778432413,0.8760818243026733,0.953925609588623,0.9075452089309692,0.9125175476074219
probe_00441_spk08.wav,/home/hye0n/projects/cnn-based-audio-pii-classification/src/cnn/data_probe/output/probe_00441_spk08.wav,번호는 팔육육육일팔팔구이사일사입니다.,866618892414,,male,spk08,probe_cont_12,probe,1,3.36,12,1,12,sentence,continuous,0.89385853211085,0.023602189624697685,0.860892653465271,0.9058101177215576,0.9148728251457214,0.89385853211085
probe_00442_spk09.wav,/home/hye0n/projects/cnn-based-audio-pii-classification/src/cnn/data_probe/output/probe_00442_spk09.wav,번호는 일팔삼이팔오육구일사육삼입니다.,183285691463,,female,spk09,probe_cont_12,probe,1,3.68,12,1,12,sentence,continuous,0.859049121538798,0.02131463544948816,0.8508061766624451,0.8380606174468994,0.8882805705070496,0.859049121538798
probe_00443_spk10.wav,/home/hye0n/projects/cnn-based-audio-pii-classification/src/cnn/data_probe/output/probe_00443_spk10.wav,번호는 공삼일육일칠구구공사이일입니다.,031617990421,,male,spk10,probe_cont_12,probe,1,2.8,12,1,12,sentence,continuous,0.5644195675849915,0.18733571248332365,0.2995418310165405,0.7015320062637329,0.6921848654747009,0.5644195675849915
probe_00444_spk11.wav,/home/hye0n/projects/cnn-based-audio-pii-classification/src/cnn/data_probe/output/probe_00444_spk11.wav,번호는 공이공이칠오팔팔사이오이입니다.,020275884252,,female,spk11,probe_cont_12,probe,1,3.68,12,1,12,sentence,continuous,0.6844540437062582,0.0748723330098496,0.5933623313903809,0.7767494916915894,0.6832503080368042,0.6844540437062582
probe_00445_spk12.wav,/home/hye0n/projects/cnn-based-audio-pii-classification/src/cnn/data_probe/output/probe_00445_spk12.wav,번호는 사일공오육사팔일사구일칠입니다.,410564814917,,male,spk12,probe_cont_12,probe,1,3.36,12,1,12,sentence,continuous,0.08636054396629333,0.026301798711606303,0.0700589269399643,0.12346597015857697,0.06555673480033875,0.08636054396629333
probe_00446_spk13.wav,/home/hye0n/projects/cnn-based-audio-pii-classification/src/cnn/data_probe/output/probe_00446_spk13.wav,번호는 칠팔오공칠구이오이사일구입니다.,785079252419,,male,spk13,probe_cont_12,probe,1,3.2,12,1,12,sentence,continuous,0.759315570195516,0.16686100976823753,0.5240722894668579,0.8930413722991943,0.8608330488204956,0.759315570195516
probe_00447_spk14.wav,/home/hye0n/projects/cnn-based-audio-pii-classification/src/cnn/data_probe/output/probe_00447_spk14.wav,번호는 일삼팔공공공삼공칠오육이입니다.,138000307562,,female,spk14,probe_cont_12,probe,1,3.2,12,1,12,sentence,continuous,0.7086824576059977,0.17752996216914194,0.4582163095474243,0.8489276170730591,0.8189034461975098,0.7086824576059977
probe_00448_spk01.wav,/home/hye0n/projects/cnn-based-audio-pii-classification/src/cnn/data_probe/output/probe_00448_spk01.wav,번호는 이공팔육삼오삼육오사일구입니다.,208635365419,,female,spk01,probe_cont_12,probe,1,3.76,12,1,12,sentence,continuous,0.9487748742103577,0.02719295989047659,0.9104027152061462,0.9657544493675232,0.9701674580574036,0.9487748742103577
probe_00449_spk02.wav,/home/hye0n/projects/cnn-based-audio-pii-classification/src/cnn/data_probe/output/probe_00449_spk02.wav,번호는 오일팔공이삼팔공육일칠사입니다.,518023806174,,male,spk02,probe_cont_12,probe,1,3.68,12,1,12,sentence,continuous,0.6790649890899658,0.07264416944395333,0.580218493938446,0.7527326345443726,0.7042438387870789,0.6790649890899658
probe_00450_spk03.wav,/home/hye0n/projects/cnn-based-audio-pii-classification/src/cnn/data_probe/output/probe_00450_spk03.wav,번호는 사오일팔칠공오삼사구사구입니다.,451870534949,,female,spk03,probe_cont_12,probe,1,4.16,12,1,12,sentence,continuous,0.8541944622993469,0.10846679830791926,0.70170658826828,0.9160107970237732,0.9448660016059875,0.8541944622993469
probe_00451_spk04.wav,/home/hye0n/projects/cnn-based-audio-pii-classification/src/cnn/data_probe/output/probe_00451_spk04.wav,번호는 삼칠오구칠삼팔삼이공육공입니다.,375973832060,,male,spk04,probe_cont_12,probe,1,3.76,12,1,12,sentence,continuous,0.8973017533620199,0.06300590003636393,0.8117740154266357,0.9617074728012085,0.9184237718582153,0.8973017533620199
probe_00452_spk05.wav,/home/hye0n/projects/cnn-based-audio-pii-classification/src/cnn/data_probe/output/probe_00452_spk05.wav,번호는 삼팔오공오공육사일삼팔삼입니다.,385050641383,,female,spk05,probe_cont_12,probe,1,4.08,12,1,12,sentence,continuous,0.9494226972262064,0.006791329637930707,0.9502928853034973,0.9572710394859314,0.9407041668891907,0.9494226972262064
probe_00453_spk06.wav,/home/hye0n/projects/cnn-based-audio-pii-classification/src/cnn/data_probe/output/probe_00453_spk06.wav,번호는 육칠공이사일공삼팔육오칠입니다.,670241038657,,male,spk06,probe_cont_12,probe,1,3.04,12,1,12,sentence,continuous,0.49811212221781415,0.21653414404521965,0.30717283487319946,0.8009153008460999,0.38624823093414307,0.49811212221781415
probe_00454_spk07.wav,/home/hye0n/projects/cnn-based-audio-pii-classification/src/cnn/data_probe/output/probe_00454_spk07.wav,번호는 일구일팔이육일구구공육이입니다.,191826199062,,female,spk07,probe_cont_12,probe,1,3.2,12,1,12,sentence,continuous,0.7127977013587952,0.09267273674136717,0.6837506890296936,0.8379989266395569,0.616643488407135,0.7127977013587952
probe_00455_spk08.wav,/home/hye0n/projects/cnn-based-audio-pii-classification/src/cnn/data_probe/output/probe_00455_spk08.wav,번호는 삼사사오육오오칠사삼일삼입니다.,344565574313,,male,spk08,probe_cont_12,probe,1,4.08,12,1,12,sentence,continuous,0.9108553926150004,0.06155065986680775,0.9586459994316101,0.8239539861679077,0.9499661922454834,0.9108553926150004
probe_00456_spk09.wav,/home/hye0n/projects/cnn-based-audio-pii-classification/src/cnn/data_probe/output/probe_00456_spk09.wav,번호는 이구일이일이칠칠오육일팔입니다.,291212775618,,female,spk09,probe_cont_12,probe,1,3.92,12,1,12,sentence,continuous,0.4957844913005829,0.1296594244377663,0.4536271393299103,0.671409010887146,0.3623173236846924,0.4957844913005829
probe_00457_spk10.wav,/home/hye0n/projects/cnn-based-audio-pii-classification/src/cnn/data_probe/output/probe_00457_spk10.wav,번호는 오삼칠사칠사일일이사구공입니다.,537474112490,,male,spk10,probe_cont_12,probe,1,3.68,12,1,12,sentence,continuous,0.018453337252140045,0.0028057735896148787,0.0224208552390337,0.016418110579252243,0.016521045938134193,0.018453337252140045
probe_00458_spk11.wav,/home/hye0n/projects/cnn-based-audio-pii-classification/src/cnn/data_probe/output/probe_00458_spk11.wav,번호는 삼오이일삼오육팔공사사이입니다.,352135680442,,female,spk11,probe_cont_12,probe,1,3.52,12,1,12,sentence,continuous,0.23190741737683615,0.21893993286553562,0.07792096585035324,0.5415337681770325,0.07626751810312271,0.23190741737683615
probe_00459_spk12.wav,/home/hye0n/projects/cnn-based-audio-pii-classification/src/cnn/data_probe/output/probe_00459_spk12.wav,번호는 공육칠팔팔삼일칠일이일공입니다.,067883171210,,male,spk12,probe_cont_12,probe,1,3.44,12,1,12,sentence,continuous,0.6182163457075754,0.13679802774460506,0.45104458928108215,0.786127507686615,0.6174769401550293,0.6182163457075754
probe_00460_spk13.wav,/home/hye0n/projects/cnn-based-audio-pii-classification/src/cnn/data_probe/output/probe_00460_spk13.wav,번호는 공삼이삼육오일구구사일공입니다.,032365199410,,male,spk13,probe_cont_12,probe,1,3.36,12,1,12,sentence,continuous,0.4580147961775462,0.09633038711292445,0.49910321831703186,0.32498449087142944,0.5499566793441772,0.4580147961775462
probe_00461_spk14.wav,/home/hye0n/projects/cnn-based-audio-pii-classification/src/cnn/data_probe/output/probe_00461_spk14.wav,번호는 일삼칠이일오일공칠공이구입니다.,137215107029,,female,spk14,probe_cont_12,probe,1,3.84,12,1,12,sentence,continuous,0.8572871685028076,0.04940193446766685,0.7910754084587097,0.8710842728614807,0.9097018241882324,0.8572871685028076
probe_00462_spk01.wav,/home/hye0n/projects/cnn-based-audio-pii-classification/src/cnn/data_probe/output/probe_00462_spk01.wav,번호는 육육칠공육육이오삼이사사입니다.,667066253244,,female,spk01,probe_cont_12,probe,1,3.76,12,1,12,sentence,continuous,0.6538405120372772,0.13916676883059495,0.4588455259799957,0.7282338738441467,0.7744421362876892,0.6538405120372772
probe_00463_spk02.wav,/home/hye0n/projects/cnn-based-audio-pii-classification/src/cnn/data_probe/output/probe_00463_spk02.wav,번호는 칠이공구구구삼사칠육팔칠입니다.,720999347687,,male,spk02,probe_cont_12,probe,1,2.96,12,1,12,sentence,continuous,0.47311753034591675,0.1644194026406482,0.25213342905044556,0.5209587216377258,0.6462604403495789,0.47311753034591675
probe_00464_spk03.wav,/home/hye0n/projects/cnn-based-audio-pii-classification/src/cnn/data_probe/output/probe_00464_spk03.wav,번호는 공일사육이육삼팔삼팔공육입니다.,014626383806,,female,spk03,probe_cont_12,probe,1,4.0,12,1,12,sentence,continuous,0.794785737991333,0.060122860466795124,0.7234049439430237,0.7904670834541321,0.8704851865768433,0.794785737991333
probe_00465_spk04.wav,/home/hye0n/projects/cnn-based-audio-pii-classification/src/cnn/data_probe/output/probe_00465_spk04.wav,번호는 오칠팔칠오구팔오육사이공입니다.,578759856420,,male,spk04,probe_cont_12,probe,1,3.28,12,1,12,sentence,continuous,0.6909705003102621,0.07093438738196231,0.5936771035194397,0.7184505462646484,0.760783851146698,0.6909705003102621
probe_00466_spk05.wav,/home/hye0n/projects/cnn-based-audio-pii-classification/src/cnn/data_probe/output/probe_00466_spk05.wav,번호는 오구삼공사공칠팔오구삼이입니다.,593040785932,,female,spk05,probe_cont_12,probe,1,3.52,12,1,12,sentence,continuous,0.9682327508926392,0.003982734177083451,0.9651413559913635,0.9657009840011597,0.9738559126853943,0.9682327508926392
probe_00467_spk06.wav,/home/hye0n/projects/cnn-based-audio-pii-classification/src/cnn/data_probe/output/probe_00467_spk06.wav,번호는 일삼삼사팔공삼구육오이이입니다.,133480396522,,male,spk06,probe_cont_12,probe,1,3.68,12,1,12,sentence,continuous,0.39130831758181256,0.050402235161620096,0.33662018179893494,0.37906092405319214,0.45824384689331055,0.39130831758181256
probe_00468_spk07.wav,/home/hye0n/projects/cnn-based-audio-pii-classification/src/cnn/data_probe/output/probe_00468_spk07.wav,번호는 삼구오오구공오구구이구삼입니다.,395590599293,,female,spk07,probe_cont_12,probe,1,3.04,12,1,12,sentence,continuous,0.8908029397328695,0.027519497610098562,0.8923464417457581,0.8563533425331116,0.9237090349197388,0.8908029397328695
probe_00469_spk08.wav,/home/hye0n/projects/cnn-based-audio-pii-classification/src/cnn/data_probe/output/probe_00469_spk08.wav,번호는 칠팔사이칠공일공삼구삼공입니다.,784270103930,,male,spk08,probe_cont_12,probe,1,4.0,12,1,12,sentence,continuous,0.833162764708201,0.05131908835628568,0.8536168336868286,0.7626307010650635,0.8832407593727112,0.833162764708201
probe_00470_spk09.wav,/home/hye0n/projects/cnn-based-audio-pii-classification/src/cnn/data_probe/output/probe_00470_spk09.wav,번호는 팔칠공오구삼이오이오공공입니다.,870593252500,,female,spk09,probe_cont_12,probe,1,3.52,12,1,12,sentence,continuous,0.12936421483755112,0.05656361397711364,0.062343694269657135,0.1250544935464859,0.20069445669651031,0.12936421483755112
probe_00471_spk10.wav,/home/hye0n/projects/cnn-based-audio-pii-classification/src/cnn/data_probe/output/probe_00471_spk10.wav,번호는 이구이일팔오일오육구일오입니다.,292185156915,,male,spk10,probe_cont_12,probe,1,3.76,12,1,12,sentence,continuous,0.24744083484013876,0.10479161733127938,0.11597874760627747,0.25392481684684753,0.37241894006729126,0.24744083484013876
probe_00472_spk11.wav,/home/hye0n/projects/cnn-based-audio-pii-classification/src/cnn/data_probe/output/probe_00472_spk11.wav,번호는 사오이이육칠오이팔구오삼입니다.,452267528953,,female,spk11,probe_cont_12,probe,1,3.92,12,1,12,sentence,continuous,0.5842841466267904,0.05322825883785814,0.517389178276062,0.6476259231567383,0.5878373384475708,0.5842841466267904
probe_00473_spk12.wav,/home/hye0n/projects/cnn-based-audio-pii-classification/src/cnn/data_probe/output/probe_00473_spk12.wav,번호는 구이육사사이이공구육구공입니다.,926442209690,,male,spk12,probe_cont_12,probe,1,3.12,12,1,12,sentence,continuous,0.24176998436450958,0.04089264608369038,0.2987315356731415,0.22194074094295502,0.20463767647743225,0.24176998436450958
probe_00474_spk13.wav,/home/hye0n/projects/cnn-based-audio-pii-classification/src/cnn/data_probe/output/probe_00474_spk13.wav,번호는 이구오구삼구일칠이오일삼입니다.,295939172513,,male,spk13,probe_cont_12,probe,1,3.04,12,1,12,sentence,continuous,0.06339349473516147,0.027266421687075864,0.04349267855286598,0.10194730758666992,0.044740498065948486,0.06339349473516147
probe_00475_spk14.wav,/home/hye0n/projects/cnn-based-audio-pii-classification/src/cnn/data_probe/output/probe_00475_spk14.wav,번호는 오오이일오칠공사삼삼일오입니다.,552157043315,,female,spk14,probe_cont_12,probe,1,3.52,12,1,12,sentence,continuous,0.8071768879890442,0.053718645536228404,0.8462154269218445,0.8440981507301331,0.731217086315155,0.8071768879890442
probe_00476_spk01.wav,/home/hye0n/projects/cnn-based-audio-pii-classification/src/cnn/data_probe/output/probe_00476_spk01.wav,번호는 사일공공육칠육이육칠육오입니다.,410067626765,,female,spk01,probe_cont_12,probe,1,4.32,12,1,12,sentence,continuous,0.9772482514381409,0.008879330843797651,0.9724235534667969,0.969620406627655,0.9897007942199707,0.9772482514381409
probe_00477_spk02.wav,/home/hye0n/projects/cnn-based-audio-pii-classification/src/cnn/data_probe/output/probe_00477_spk02.wav,번호는 팔육일칠구삼이칠일공사공입니다.,861793271040,,male,spk02,probe_cont_12,probe,1,3.44,12,1,12,sentence,continuous,0.6068588296572367,0.13792793064937842,0.632548987865448,0.761468768119812,0.4265587329864502,0.6068588296572367
probe_00478_spk03.wav,/home/hye0n/projects/cnn-based-audio-pii-classification/src/cnn/data_probe/output/probe_00478_spk03.wav,번호는 오사일일오이육이일팔일오입니다.,541152621815,,female,spk03,probe_cont_12,probe,1,3.76,12,1,12,sentence,continuous,0.8435581723848978,0.06722024598030654,0.7946014404296875,0.9386075735092163,0.7974655032157898,0.8435581723848978
probe_00479_spk04.wav,/home/hye0n/projects/cnn-based-audio-pii-classification/src/cnn/data_probe/output/probe_00479_spk04.wav,번호는 구구칠공육이구육이공일오입니다.,997062962015,,male,spk04,probe_cont_12,probe,1,3.44,12,1,12,sentence,continuous,0.6339743534723917,0.05865074389027426,0.6225456595420837,0.5685416460037231,0.7108357548713684,0.6339743534723917
probe_00480_spk05.wav,/home/hye0n/projects/cnn-based-audio-pii-classification/src/cnn/data_probe/output/probe_00480_spk05.wav,번호는 삼삼육팔팔사사사삼일공육입니다.,336884443106,,female,spk05,probe_cont_12,probe,1,4.0,12,1,12,sentence,continuous,0.9239200949668884,0.028911213567028176,0.9481199383735657,0.8832796216011047,0.9403607249259949,0.9239200949668884
probe_00481_spk06.wav,/home/hye0n/projects/cnn-based-audio-pii-classification/src/cnn/data_probe/output/probe_00481_spk06.wav,번호는 구팔칠이공오공육일사구칠입니다.,987205061497,,male,spk06,probe_cont_12,probe,1,3.6,12,1,12,sentence,continuous,0.8681224385897318,0.0958355758831065,0.7326304912567139,0.938720703125,0.9330161213874817,0.8681224385897318
probe_00482_spk07.wav,/home/hye0n/projects/cnn-based-audio-pii-classification/src/cnn/data_probe/output/probe_00482_spk07.wav,번호는 삼일공삼이사일칠일사육칠입니다.,310324171467,,female,spk07,probe_cont_12,probe,1,3.76,12,1,12,sentence,continuous,0.7064705491065979,0.040289607537699904,0.6494991779327393,0.7357150912284851,0.7341973781585693,0.7064705491065979
probe_00483_spk08.wav,/home/hye0n/projects/cnn-based-audio-pii-classification/src/cnn/data_probe/output/probe_00483_spk08.wav,번호는 칠사일팔육이오육오이칠공입니다.,741862565270,,male,spk08,probe_cont_12,probe,1,3.36,12,1,12,sentence,continuous,0.916252871354421,0.030492902838156335,0.8909581303596497,0.9591468572616577,0.8986536264419556,0.916252871354421
probe_00484_spk09.wav,/home/hye0n/projects/cnn-based-audio-pii-classification/src/cnn/data_probe/output/probe_00484_spk09.wav,번호는 사칠칠사삼사구공이일일오입니다.,477434902115,,female,spk09,probe_cont_12,probe,1,3.44,12,1,12,sentence,continuous,0.9251429239908854,0.02853166613687324,0.8874745965003967,0.9565033316612244,0.9314508438110352,0.9251429239908854
probe_00485_spk10.wav,/home/hye0n/projects/cnn-based-audio-pii-classification/src/cnn/data_probe/output/probe_00485_spk10.wav,번호는 팔육구삼팔공육팔육팔칠구입니다.,869380686879,,male,spk10,probe_cont_12,probe,1,4.48,12,1,12,sentence,continuous,0.57927938302358,0.15222971907719565,0.45445486903190613,0.48978719115257263,0.793596088886261,0.57927938302358
probe_00486_spk11.wav,/home/hye0n/projects/cnn-based-audio-pii-classification/src/cnn/data_probe/output/probe_00486_spk11.wav,번호는 삼칠사일육공팔구팔구구이입니다.,374160898992,,female,spk11,probe_cont_12,probe,1,4.24,12,1,12,sentence,continuous,0.4789801438649495,0.1322142415603425,0.31731218099594116,0.6411683559417725,0.478459894657135,0.4789801438649495
probe_00487_spk12.wav,/home/hye0n/projects/cnn-based-audio-pii-classification/src/cnn/data_probe/output/probe_00487_spk12.wav,번호는 일칠이이삼삼이공육일육삼입니다.,172233206163,,male,spk12,probe_cont_12,probe,1,3.6,12,1,12,sentence,continuous,0.7134794592857361,0.13612376624023081,0.5784316062927246,0.8998144865036011,0.6621922850608826,0.7134794592857361
probe_00488_spk13.wav,/home/hye0n/projects/cnn-based-audio-pii-classification/src/cnn/data_probe/output/probe_00488_spk13.wav,번호는 이구사오일일육팔육팔오사입니다.,294511686854,,male,spk13,probe_cont_12,probe,1,3.36,12,1,12,sentence,continuous,0.702009379863739,0.01907341107419437,0.6761355400085449,0.7083432078361511,0.721549391746521,0.702009379863739
probe_00489_spk14.wav,/home/hye0n/projects/cnn-based-audio-pii-classification/src/cnn/data_probe/output/probe_00489_spk14.wav,번호는 팔칠공구구팔육일육이이구입니다.,870998616229,,female,spk14,probe_cont_12,probe,1,3.76,12,1,12,sentence,continuous,0.7007526556650797,0.07013861981661156,0.620530366897583,0.7913853526115417,0.6903422474861145,0.7007526556650797
probe_00490_spk01.wav,/home/hye0n/projects/cnn-based-audio-pii-classification/src/cnn/data_probe/output/probe_00490_spk01.wav,번호는 구구일일구일사팔오육사육입니다.,991191485646,,female,spk01,probe_cont_12,probe,1,3.44,12,1,12,sentence,continuous,0.08237996324896812,0.047036196103215855,0.051423002034425735,0.14884722232818604,0.0468696653842926,0.08237996324896812
probe_00491_spk02.wav,/home/hye0n/projects/cnn-based-audio-pii-classification/src/cnn/data_probe/output/probe_00491_spk02.wav,번호는 칠구구칠공이사육이구구육입니다.,799702462996,,male,spk02,probe_cont_12,probe,1,3.12,12,1,12,sentence,continuous,0.3107430984576543,0.17051629771308377,0.08106623589992523,0.36194100975990295,0.48922204971313477,0.3107430984576543
probe_00492_spk03.wav,/home/hye0n/projects/cnn-based-audio-pii-classification/src/cnn/data_probe/output/probe_00492_spk03.wav,번호는 공육오삼공칠사오공오사사입니다.,065307450544,,female,spk03,probe_cont_12,probe,1,3.76,12,1,12,sentence,continuous,0.9562678138415018,0.025583244440238784,0.9683442115783691,0.9206936359405518,0.9797655940055847,0.9562678138415018
probe_00493_spk04.wav,/home/hye0n/projects/cnn-based-audio-pii-classification/src/cnn/data_probe/output/probe_00493_spk04.wav,번호는 사칠일삼이사칠오사육구일입니다.,471324754691,,male,spk04,probe_cont_12,probe,1,3.2,12,1,12,sentence,continuous,0.747383197148641,0.2161186375821491,0.44298624992370605,0.923409640789032,0.8757537007331848,0.747383197148641
probe_00494_spk05.wav,/home/hye0n/projects/cnn-based-audio-pii-classification/src/cnn/data_probe/output/probe_00494_spk05.wav,번호는 삼칠삼육칠팔오공팔이일사입니다.,373678508214,,female,spk05,probe_cont_12,probe,1,3.6,12,1,12,sentence,continuous,0.7963237762451172,0.03006590076594946,0.7550118565559387,0.8256936073303223,0.8082658648490906,0.7963237762451172
probe_00495_spk06.wav,/home/hye0n/projects/cnn-based-audio-pii-classification/src/cnn/data_probe/output/probe_00495_spk06.wav,번호는 팔육이팔구공이삼삼공삼공입니다.,862890233030,,male,spk06,probe_cont_12,probe,1,3.28,12,1,12,sentence,continuous,0.010820331207166115,0.003806252804240984,0.010609954595565796,0.0062673925422132015,0.015583646483719349,0.010820331207166115
probe_00496_spk07.wav,/home/hye0n/projects/cnn-based-audio-pii-classification/src/cnn/data_probe/output/probe_00496_spk07.wav,번호는 칠공오삼사오칠팔육일공삼입니다.,705345786103,,female,spk07,probe_cont_12,probe,1,3.28,12,1,12,sentence,continuous,0.9319344957669576,0.05238074070464875,0.8581406474113464,0.9632221460342407,0.9744406938552856,0.9319344957669576
probe_00497_spk08.wav,/home/hye0n/projects/cnn-based-audio-pii-classification/src/cnn/data_probe/output/probe_00497_spk08.wav,번호는 오칠구칠이칠구팔오오이사입니다.,579727985524,,male,spk08,probe_cont_12,probe,1,3.6,12,1,12,sentence,continuous,0.6739038825035095,0.041650634549737185,0.6576831936836243,0.7310532927513123,0.632975161075592,0.6739038825035095
probe_00498_spk09.wav,/home/hye0n/projects/cnn-based-audio-pii-classification/src/cnn/data_probe/output/probe_00498_spk09.wav,번호는 일사공육공이구삼삼삼삼사입니다.,140602933334,,female,spk09,probe_cont_12,probe,1,3.84,12,1,12,sentence,continuous,0.8509348829587301,0.05625653482794722,0.8591830730438232,0.7782821655273438,0.9153394103050232,0.8509348829587301
probe_00499_spk10.wav,/home/hye0n/projects/cnn-based-audio-pii-classification/src/cnn/data_probe/output/probe_00499_spk10.wav,번호는 육팔공공칠이이구공삼사구입니다.,680072290349,,male,spk10,probe_cont_12,probe,1,3.6,12,1,12,sentence,continuous,0.0309731209029754,0.013190467291510908,0.021737977862358093,0.021554427221417427,0.04962695762515068,0.0309731209029754
probe_00500_spk11.wav,/home/hye0n/projects/cnn-based-audio-pii-classification/src/cnn/data_probe/output/probe_00500_spk11.wav,번호는 사사육육오칠사삼칠사팔구육구입니다.,44665743748969,,female,spk11,probe_cont_14,probe,1,5.44,14,1,14,sentence,continuous,0.888313869635264,0.02228883445405998,0.9067589044570923,0.8569548726081848,0.9012278318405151,0.888313869635264
probe_00501_spk12.wav,/home/hye0n/projects/cnn-based-audio-pii-classification/src/cnn/data_probe/output/probe_00501_spk12.wav,번호는 일공팔오팔구구사사일칠일오사입니다.,10858994417154,,male,spk12,probe_cont_14,probe,1,3.36,14,1,14,sentence,continuous,0.6194312969843546,0.11002184456345365,0.502505362033844,0.7667956352233887,0.5889928936958313,0.6194312969843546
probe_00502_spk13.wav,/home/hye0n/projects/cnn-based-audio-pii-classification/src/cnn/data_probe/output/probe_00502_spk13.wav,번호는 오사사사삼이팔삼공구육오이공입니다.,54443283096520,,male,spk13,probe_cont_14,probe,1,3.84,14,1,14,sentence,continuous,0.6236426035563151,0.0674262584715698,0.6808926463127136,0.528977632522583,0.6610575318336487,0.6236426035563151
probe_00503_spk14.wav,/home/hye0n/projects/cnn-based-audio-pii-classification/src/cnn/data_probe/output/probe_00503_spk14.wav,번호는 칠사사육육육공구구삼오삼팔칠입니다.,74466609935387,,female,spk14,probe_cont_14,probe,1,4.56,14,1,14,sentence,continuous,0.9905128081639608,0.003321222998810954,0.985816240310669,0.9929108023643494,0.992811381816864,0.9905128081639608
probe_00504_spk01.wav,/home/hye0n/projects/cnn-based-audio-pii-classification/src/cnn/data_probe/output/probe_00504_spk01.wav,번호는 오팔사이팔이사일칠이사팔이오입니다.,58428241724825,,female,spk01,probe_cont_14,probe,1,3.6,14,1,14,sentence,continuous,0.8877088824907938,0.029216921056527144,0.8494867086410522,0.8932279944419861,0.9204119443893433,0.8877088824907938
probe_00505_spk02.wav,/home/hye0n/projects/cnn-based-audio-pii-classification/src/cnn/data_probe/output/probe_00505_spk02.wav,번호는 일삼오삼사육오오사구사칠일칠입니다.,13534655494717,,male,spk02,probe_cont_14,probe,1,3.84,14,1,14,sentence,continuous,0.8396319548288981,0.05767618719204343,0.7687678337097168,0.9100428819656372,0.8400851488113403,0.8396319548288981
probe_00506_spk03.wav,/home/hye0n/projects/cnn-based-audio-pii-classification/src/cnn/data_probe/output/probe_00506_spk03.wav,번호는 공구구구일칠삼팔일육팔사육공입니다.,09991738168460,,female,spk03,probe_cont_14,probe,1,4.56,14,1,14,sentence,continuous,0.9500674605369568,0.019378300548306575,0.9228549003601074,0.9608656764030457,0.9664818048477173,0.9500674605369568
probe_00507_spk04.wav,/home/hye0n/projects/cnn-based-audio-pii-classification/src/cnn/data_probe/output/probe_00507_spk04.wav,번호는 이이삼오육구칠이오이일칠오이입니다.,22356972521752,,male,spk04,probe_cont_14,probe,1,4.16,14,1,14,sentence,continuous,0.8384788433710734,0.049023521439524625,0.7734846472740173,0.8918750882148743,0.8500767946243286,0.8384788433710734
probe_00508_spk05.wav,/home/hye0n/projects/cnn-based-audio-pii-classification/src/cnn/data_probe/output/probe_00508_spk05.wav,번호는 오공공칠사삼이구이칠일이구육입니다.,50074329271296,,female,spk05,probe_cont_14,probe,1,3.76,14,1,14,sentence,continuous,0.9323174357414246,0.016851189943703236,0.9205803275108337,0.9561477303504944,0.9202242493629456,0.9323174357414246
probe_00509_spk06.wav,/home/hye0n/projects/cnn-based-audio-pii-classification/src/cnn/data_probe/output/probe_00509_spk06.wav,번호는 육육육칠육공공팔삼오공오팔삼입니다.,66676008350583,,male,spk06,probe_cont_14,probe,1,4.64,14,1,14,sentence,continuous,0.937153180440267,0.030962255329878372,0.8944915533065796,0.949941098690033,0.9670268893241882,0.937153180440267
probe_00510_spk07.wav,/home/hye0n/projects/cnn-based-audio-pii-classification/src/cnn/data_probe/output/probe_00510_spk07.wav,번호는 공공삼삼오사이일육팔구사이일입니다.,00335421689421,,female,spk07,probe_cont_14,probe,1,3.6,14,1,14,sentence,continuous,0.986856997013092,0.0016111400963466729,0.9855527281761169,0.9858911633491516,0.9891270995140076,0.986856997013092
probe_00511_spk08.wav,/home/hye0n/projects/cnn-based-audio-pii-classification/src/cnn/data_probe/output/probe_00511_spk08.wav,번호는 공사사칠팔구팔오육이오칠오삼입니다.,04478985625753,,male,spk08,probe_cont_14,probe,1,3.76,14,1,14,sentence,continuous,0.9659653107325236,0.00860313707357599,0.9595938324928284,0.9601747393608093,0.9781273603439331,0.9659653107325236
probe_00512_spk09.wav,/home/hye0n/projects/cnn-based-audio-pii-classification/src/cnn/data_probe/output/probe_00512_spk09.wav,번호는 이육공삼삼이삼공구팔이일오공입니다.,26033230982150,,female,spk09,probe_cont_14,probe,1,4.16,14,1,14,sentence,continuous,0.8318129976590475,0.07052604865857574,0.7321805953979492,0.8776387572288513,0.8856196403503418,0.8318129976590475
probe_00513_spk10.wav,/home/hye0n/projects/cnn-based-audio-pii-classification/src/cnn/data_probe/output/probe_00513_spk10.wav,번호는 육사팔구공구공일공공일육칠육입니다.,64890901001676,,male,spk10,probe_cont_14,probe,1,4.08,14,1,14,sentence,continuous,0.8070762952168783,0.04912432652735946,0.7570458650588989,0.7903480529785156,0.8738349676132202,0.8070762952168783
probe_00514_spk11.wav,/home/hye0n/projects/cnn-based-audio-pii-classification/src/cnn/data_probe/output/probe_00514_spk11.wav,번호는 일팔사칠이삼공사육일팔사구구입니다.,18472304618499,,female,spk11,probe_cont_14,probe,1,4.0,14,1,14,sentence,continuous,0.7893700202306112,0.08775903379329245,0.8199518918991089,0.8782473802566528,0.6699107885360718,0.7893700202306112
probe_00515_spk12.wav,/home/hye0n/projects/cnn-based-audio-pii-classification/src/cnn/data_probe/output/probe_00515_spk12.wav,번호는 이육일팔구일사일일칠삼구삼사입니다.,26189141173934,,male,spk12,probe_cont_14,probe,1,3.52,14,1,14,sentence,continuous,0.8646732966105143,0.07065654485404453,0.85373854637146,0.9561572074890137,0.7841241359710693,0.8646732966105143
probe_00516_spk13.wav,/home/hye0n/projects/cnn-based-audio-pii-classification/src/cnn/data_probe/output/probe_00516_spk13.wav,번호는 팔삼오육사이공팔칠삼칠오삼공입니다.,83564208737530,,male,spk13,probe_cont_14,probe,1,4.16,14,1,14,sentence,continuous,0.9510728319485983,0.0031590052463071625,0.9489628672599792,0.9555380940437317,0.9487175345420837,0.9510728319485983
probe_00517_spk14.wav,/home/hye0n/projects/cnn-based-audio-pii-classification/src/cnn/data_probe/output/probe_00517_spk14.wav,번호는 공일일구칠이일팔일일사삼칠사입니다.,01197218114374,,female,spk14,probe_cont_14,probe,1,3.76,14,1,14,sentence,continuous,0.9159927765528361,0.01125310169320608,0.9108960032463074,0.9315974116325378,0.9054849147796631,0.9159927765528361
probe_00518_spk01.wav,/home/hye0n/projects/cnn-based-audio-pii-classification/src/cnn/data_probe/output/probe_00518_spk01.wav,번호는 사칠공일이공사오오육일일공공입니다.,47012045561100,,female,spk01,probe_cont_14,probe,1,4.72,14,1,14,sentence,continuous,0.9438606897989908,0.029900545129267164,0.9155691862106323,0.930789589881897,0.9852232933044434,0.9438606897989908
probe_00519_spk02.wav,/home/hye0n/projects/cnn-based-audio-pii-classification/src/cnn/data_probe/output/probe_00519_spk02.wav,번호는 이이오오칠구사일오오이일육육입니다.,22557941552166,,male,spk02,probe_cont_14,probe,1,3.44,14,1,14,sentence,continuous,0.6789729396502177,0.12678807095017403,0.5231767892837524,0.8337377309799194,0.6800042986869812,0.6789729396502177
probe_00520_spk03.wav,/home/hye0n/projects/cnn-based-audio-pii-classification/src/cnn/data_probe/output/probe_00520_spk03.wav,번호는 칠사육칠육이일이공이일육구칠입니다.,74676212021697,,female,spk03,probe_cont_14,probe,1,4.64,14,1,14,sentence,continuous,0.917859415213267,0.024843678169926133,0.9323689341545105,0.8828933238983154,0.9383159875869751,0.917859415213267
probe_00521_spk04.wav,/home/hye0n/projects/cnn-based-audio-pii-classification/src/cnn/data_probe/output/probe_00521_spk04.wav,번호는 구칠이구육오구공이칠칠일육칠입니다.,97296590277167,,male,spk04,probe_cont_14,probe,1,4.56,14,1,14,sentence,continuous,0.9647793173789978,0.011286567585727275,0.9519322514533997,0.9629995226860046,0.9794061779975891,0.9647793173789978
probe_00522_spk05.wav,/home/hye0n/projects/cnn-based-audio-pii-classification/src/cnn/data_probe/output/probe_00522_spk05.wav,번호는 공일사오공팔구구삼오팔팔구일입니다.,01450899358891,,female,spk05,probe_cont_14,probe,1,3.6,14,1,14,sentence,continuous,0.9796497424443563,0.006862032373767797,0.9705881476402283,0.9811727404594421,0.9871883392333984,0.9796497424443563
probe_00523_spk06.wav,/home/hye0n/projects/cnn-based-audio-pii-classification/src/cnn/data_probe/output/probe_00523_spk06.wav,번호는 육삼칠오육이팔구공공이팔칠칠입니다.,63756289002877,,male,spk06,probe_cont_14,probe,1,3.84,14,1,14,sentence,continuous,0.7805974086125692,0.027572897864874536,0.8161599040031433,0.7489641308784485,0.7766681909561157,0.7805974086125692
probe_00524_spk07.wav,/home/hye0n/projects/cnn-based-audio-pii-classification/src/cnn/data_probe/output/probe_00524_spk07.wav,번호는 이일칠오삼오사공팔삼팔육육삼입니다.,21753540838663,,female,spk07,probe_cont_14,probe,1,4.56,14,1,14,sentence,continuous,0.8754739562670389,0.041837209144251764,0.8677660822868347,0.828524649143219,0.9301311373710632,0.8754739562670389
probe_00525_spk08.wav,/home/hye0n/projects/cnn-based-audio-pii-classification/src/cnn/data_probe/output/probe_00525_spk08.wav,번호는 일칠칠구칠일칠칠오일칠공일육입니다.,17797177517016,,male,spk08,probe_cont_14,probe,1,4.08,14,1,14,sentence,continuous,0.9795649846394857,0.004698181341313738,0.9802927374839783,0.9734816551208496,0.9849205613136292,0.9795649846394857
probe_00526_spk09.wav,/home/hye0n/projects/cnn-based-audio-pii-classification/src/cnn/data_probe/output/probe_00526_spk09.wav,번호는 육공팔팔공일구구사팔팔삼칠오입니다.,60880199488375,,female,spk09,probe_cont_14,probe,1,3.92,14,1,14,sentence,continuous,0.9520857135454813,0.014676627402634925,0.9351972341537476,0.9500805735588074,0.9709793329238892,0.9520857135454813
probe_00527_spk10.wav,/home/hye0n/projects/cnn-based-audio-pii-classification/src/cnn/data_probe/output/probe_00527_spk10.wav,번호는 오공삼칠오팔구구칠오칠일일삼입니다.,50375899757113,,male,spk10,probe_cont_14,probe,1,3.36,14,1,14,sentence,continuous,0.5982273817062378,0.05859869704404124,0.5469260811805725,0.6802415251731873,0.5675145387649536,0.5982273817062378
probe_00528_spk11.wav,/home/hye0n/projects/cnn-based-audio-pii-classification/src/cnn/data_probe/output/probe_00528_spk11.wav,번호는 공오오사팔팔오일공이칠이육일입니다.,05548851027261,,female,spk11,probe_cont_14,probe,1,3.92,14,1,14,sentence,continuous,0.8250952959060669,0.0058677006762984825,0.8306706547737122,0.8169848918914795,0.827630341053009,0.8250952959060669
probe_00529_spk12.wav,/home/hye0n/projects/cnn-based-audio-pii-classification/src/cnn/data_probe/output/probe_00529_spk12.wav,번호는 사구삼삼일육삼칠삼오일육공구입니다.,49331637351609,,male,spk12,probe_cont_14,probe,1,4.48,14,1,14,sentence,continuous,0.9155991673469543,0.032431734939156555,0.8912712931632996,0.9614356756210327,0.8940905332565308,0.9155991673469543
probe_00530_spk13.wav,/home/hye0n/projects/cnn-based-audio-pii-classification/src/cnn/data_probe/output/probe_00530_spk13.wav,번호는 일칠칠구팔이칠공팔공팔육구칠입니다.,17798270808697,,male,spk13,probe_cont_14,probe,1,3.92,14,1,14,sentence,continuous,0.7113208572069804,0.10375241435617397,0.5711377263069153,0.743884265422821,0.8189405798912048,0.7113208572069804
probe_00531_spk14.wav,/home/hye0n/projects/cnn-based-audio-pii-classification/src/cnn/data_probe/output/probe_00531_spk14.wav,번호는 팔이구이이일육구구오팔육육구입니다.,82922169958669,,female,spk14,probe_cont_14,probe,1,3.52,14,1,14,sentence,continuous,0.6490088502566019,0.07697296987221425,0.598673403263092,0.7577649354934692,0.5905882120132446,0.6490088502566019
probe_00532_spk01.wav,/home/hye0n/projects/cnn-based-audio-pii-classification/src/cnn/data_probe/output/probe_00532_spk01.wav,번호는 삼사육오사칠이이육구팔사팔오입니다.,34654722698485,,female,spk01,probe_cont_14,probe,1,4.08,14,1,14,sentence,continuous,0.9289575815200806,0.011820941649299161,0.9264439344406128,0.9159013628959656,0.9445274472236633,0.9289575815200806
probe_00533_spk02.wav,/home/hye0n/projects/cnn-based-audio-pii-classification/src/cnn/data_probe/output/probe_00533_spk02.wav,번호는 팔삼삼삼구사오이이팔팔오일오입니다.,83339452288515,,male,spk02,probe_cont_14,probe,1,4.32,14,1,14,sentence,continuous,0.9359496434529623,0.03290184706224244,0.951614260673523,0.966061532497406,0.8901731371879578,0.9359496434529623
probe_00534_spk03.wav,/home/hye0n/projects/cnn-based-audio-pii-classification/src/cnn/data_probe/output/probe_00534_spk03.wav,번호는 팔칠구구육팔사육공팔일공육이입니다.,87996846081062,,female,spk03,probe_cont_14,probe,1,4.48,14,1,14,sentence,continuous,0.975084106127421,0.011186166523809112,0.9606000185012817,0.9878355860710144,0.976816713809967,0.975084106127421
probe_00535_spk04.wav,/home/hye0n/projects/cnn-based-audio-pii-classification/src/cnn/data_probe/output/probe_00535_spk04.wav,번호는 공공삼사이사사이공사삼팔공오입니다.,00342442043805,,male,spk04,probe_cont_14,probe,1,4.24,14,1,14,sentence,continuous,0.9694109757741293,0.007243171998104245,0.9607802629470825,0.9785042405128479,0.9689484238624573,0.9694109757741293
probe_00536_spk05.wav,/home/hye0n/projects/cnn-based-audio-pii-classification/src/cnn/data_probe/output/probe_00536_spk05.wav,번호는 칠일구팔삼팔육삼팔사공육육육입니다.,71983863840666,,female,spk05,probe_cont_14,probe,1,5.28,14,1,14,sentence,continuous,0.9842857122421265,0.0019290685039549925,0.9852522611618042,0.9815930724143982,0.986011803150177,0.9842857122421265
probe_00537_spk06.wav,/home/hye0n/projects/cnn-based-audio-pii-classification/src/cnn/data_probe/output/probe_00537_spk06.wav,번호는 오팔공공사삼구칠삼오구팔구삼입니다.,58004397359893,,male,spk06,probe_cont_14,probe,1,3.68,14,1,14,sentence,continuous,0.8084330956141154,0.03391901741989633,0.7937658429145813,0.8553192615509033,0.7762141823768616,0.8084330956141154
probe_00538_spk07.wav,/home/hye0n/projects/cnn-based-audio-pii-classification/src/cnn/data_probe/output/probe_00538_spk07.wav,번호는 삼사칠이일이이팔일육공육사팔입니다.,34721228160648,,female,spk07,probe_cont_14,probe,1,3.44,14,1,14,sentence,continuous,0.939750870068868,0.008428822859614637,0.9338103532791138,0.9516710042953491,0.9337712526321411,0.939750870068868
probe_00539_spk08.wav,/home/hye0n/projects/cnn-based-audio-pii-classification/src/cnn/data_probe/output/probe_00539_spk08.wav,번호는 사이이구사공오칠이공이오구공입니다.,42294057202590,,male,spk08,probe_cont_14,probe,1,3.92,14,1,14,sentence,continuous,0.8786793947219849,0.06204522797762061,0.8332338929176331,0.836398720741272,0.9664055705070496,0.8786793947219849
probe_00540_spk09.wav,/home/hye0n/projects/cnn-based-audio-pii-classification/src/cnn/data_probe/output/probe_00540_spk09.wav,번호는 구사칠구팔오일오팔삼이팔일팔입니다.,94798515832818,,female,spk09,probe_cont_14,probe,1,4.0,14,1,14,sentence,continuous,0.9538268446922302,0.011121834312943992,0.9564337730407715,0.9659563899040222,0.939090371131897,0.9538268446922302
probe_00541_spk10.wav,/home/hye0n/projects/cnn-based-audio-pii-classification/src/cnn/data_probe/output/probe_00541_spk10.wav,번호는 이육팔팔육일오삼삼오오오사삼입니다.,26886153355543,,male,spk10,probe_cont_14,probe,1,3.28,14,1,14,sentence,continuous,0.40944931904474896,0.11164099477077206,0.25556448101997375,0.5169721245765686,0.45581135153770447,0.40944931904474896
probe_00542_spk11.wav,/home/hye0n/projects/cnn-based-audio-pii-classification/src/cnn/data_probe/output/probe_00542_spk11.wav,번호는 구팔칠팔공일오칠삼구구삼공오입니다.,98780157399305,,female,spk11,probe_cont_14,probe,1,4.16,14,1,14,sentence,continuous,0.6745055317878723,0.1416525116010279,0.6241554617881775,0.5317615270614624,0.867599606513977,0.6745055317878723
probe_00543_spk12.wav,/home/hye0n/projects/cnn-based-audio-pii-classification/src/cnn/data_probe/output/probe_00543_spk12.wav,번호는 육일육사팔사공팔오팔팔칠칠공입니다.,61648408588770,,male,spk12,probe_cont_14,probe,1,3.92,14,1,14,sentence,continuous,0.8389442364374796,0.09255935319236631,0.7081429362297058,0.8999727368354797,0.9087170362472534,0.8389442364374796
probe_00544_spk13.wav,/home/hye0n/projects/cnn-based-audio-pii-classification/src/cnn/data_probe/output/probe_00544_spk13.wav,번호는 사삼오팔일일이팔팔공일삼삼육입니다.,43581128801336,,male,spk13,probe_cont_14,probe,1,4.56,14,1,14,sentence,continuous,0.6926309963067373,0.15388832737648692,0.47664186358451843,0.7775182723999023,0.823732852935791,0.6926309963067373
probe_00545_spk14.wav,/home/hye0n/projects/cnn-based-audio-pii-classification/src/cnn/data_probe/output/probe_00545_spk14.wav,번호는 일삼팔육일이공칠오공일일공이입니다.,13861207501102,,female,spk14,probe_cont_14,probe,1,3.76,14,1,14,sentence,continuous,0.9737954139709473,0.007342239004941416,0.9718388915061951,0.9836049675941467,0.9659423828125,0.9737954139709473
probe_00546_spk01.wav,/home/hye0n/projects/cnn-based-audio-pii-classification/src/cnn/data_probe/output/probe_00546_spk01.wav,번호는 사팔일구삼사육육칠육육오공육입니다.,48193466766506,,female,spk01,probe_cont_14,probe,1,4.08,14,1,14,sentence,continuous,0.9615984559059143,0.02257033777891686,0.9625736474990845,0.9334808588027954,0.988740861415863,0.9615984559059143
probe_00547_spk02.wav,/home/hye0n/projects/cnn-based-audio-pii-classification/src/cnn/data_probe/output/probe_00547_spk02.wav,번호는 일팔공구일구공일오팔일사사구입니다.,18091901581449,,male,spk02,probe_cont_14,probe,1,4.16,14,1,14,sentence,continuous,0.9619980255762736,0.027496812348107986,0.9236754775047302,0.9754453897476196,0.986873209476471,0.9619980255762736
probe_00548_spk03.wav,/home/hye0n/projects/cnn-based-audio-pii-classification/src/cnn/data_probe/output/probe_00548_spk03.wav,번호는 일사칠육육공칠이팔삼이육팔사입니다.,14766072832684,,female,spk03,probe_cont_14,probe,1,4.72,14,1,14,sentence,continuous,0.9508206446965536,0.03315747970078855,0.9050666093826294,0.9648064374923706,0.9825888872146606,0.9508206446965536
probe_00549_spk04.wav,/home/hye0n/projects/cnn-based-audio-pii-classification/src/cnn/data_probe/output/probe_00549_spk04.wav,번호는 이사오공팔팔이일공공구구육팔입니다.,24508821009968,,male,spk04,probe_cont_14,probe,1,4.16,14,1,14,sentence,continuous,0.9510882695515951,0.015609575286877033,0.9300368428230286,0.9558593034744263,0.9673686623573303,0.9510882695515951
probe_00550_spk05.wav,/home/hye0n/projects/cnn-based-audio-pii-classification/src/cnn/data_probe/output/probe_00550_spk05.wav,번호는 팔일사삼오삼육팔이이이삼구사입니다.,81435368222394,,female,spk05,probe_cont_14,probe,1,3.92,14,1,14,sentence,continuous,0.7812211116154989,0.05254412923548697,0.7179519534111023,0.8466060757637024,0.7791053056716919,0.7812211116154989
probe_00551_spk06.wav,/home/hye0n/projects/cnn-based-audio-pii-classification/src/cnn/data_probe/output/probe_00551_spk06.wav,번호는 삼일이구공팔칠팔일사일사일삼입니다.,31290878141413,,male,spk06,probe_cont_14,probe,1,3.44,14,1,14,sentence,continuous,0.8032611012458801,0.05854552449571567,0.7209201455116272,0.8369253873825073,0.8519377708435059,0.8032611012458801
probe_00552_spk07.wav,/home/hye0n/projects/cnn-based-audio-pii-classification/src/cnn/data_probe/output/probe_00552_spk07.wav,번호는 구칠오오이삼일사구일삼오칠칠입니다.,97552314913577,,female,spk07,probe_cont_14,probe,1,4.64,14,1,14,sentence,continuous,0.9615347385406494,0.015686388273693338,0.9397960305213928,0.9685745239257812,0.9762336611747742,0.9615347385406494
probe_00553_spk08.wav,/home/hye0n/projects/cnn-based-audio-pii-classification/src/cnn/data_probe/output/probe_00553_spk08.wav,번호는 오구사구이구구오오육이공오삼입니다.,59492995562053,,male,spk08,probe_cont_14,probe,1,3.76,14,1,14,sentence,continuous,0.6397069493929545,0.15503984964547668,0.836868941783905,0.45805132389068604,0.6242005825042725,0.6397069493929545
probe_00554_spk09.wav,/home/hye0n/projects/cnn-based-audio-pii-classification/src/cnn/data_probe/output/probe_00554_spk09.wav,번호는 삼육사오이오칠칠칠오사칠팔일입니다.,36452577754781,,female,spk09,probe_cont_14,probe,1,4.72,14,1,14,sentence,continuous,0.6896470586458842,0.07171941364688708,0.6284224987030029,0.7902891635894775,0.6502295136451721,0.6896470586458842
probe_00555_spk10.wav,/home/hye0n/projects/cnn-based-audio-pii-classification/src/cnn/data_probe/output/probe_00555_spk10.wav,번호는 이구일사이팔삼사일일공팔공구입니다.,29142834110809,,male,spk10,probe_cont_14,probe,1,3.44,14,1,14,sentence,continuous,0.9035460551579794,0.044794751099689424,0.8440461754798889,0.9144631028175354,0.9521288871765137,0.9035460551579794
probe_00556_spk11.wav,/home/hye0n/projects/cnn-based-audio-pii-classification/src/cnn/data_probe/output/probe_00556_spk11.wav,번호는 구육구삼공팔사팔팔칠이오육삼입니다.,96930848872563,,female,spk11,probe_cont_14,probe,1,3.92,14,1,14,sentence,continuous,0.9296000997225443,0.0075620629020241,0.9280304312705994,0.9212236404418945,0.9395462274551392,0.9296000997225443
probe_00557_spk12.wav,/home/hye0n/projects/cnn-based-audio-pii-classification/src/cnn/data_probe/output/probe_00557_spk12.wav,번호는 구사이칠팔팔일육오팔공삼구이입니다.,94278816580392,,male,spk12,probe_cont_14,probe,1,3.2,14,1,14,sentence,continuous,0.24101064850886664,0.14510345434607874,0.0642189010977745,0.4196341633796692,0.2391788810491562,0.24101064850886664
probe_00558_spk13.wav,/home/hye0n/projects/cnn-based-audio-pii-classification/src/cnn/data_probe/output/probe_00558_spk13.wav,번호는 팔이칠이이구구이칠오공삼칠삼입니다.,82722992750373,,male,spk13,probe_cont_14,probe,1,3.92,14,1,14,sentence,continuous,0.15022596468528113,0.046712177004165474,0.10100718587636948,0.13667549192905426,0.21299521625041962,0.15022596468528113
probe_00559_spk14.wav,/home/hye0n/projects/cnn-based-audio-pii-classification/src/cnn/data_probe/output/probe_00559_spk14.wav,번호는 일사오삼공삼팔오육칠칠공공오입니다.,14530385677005,,female,spk14,probe_cont_14,probe,1,4.56,14,1,14,sentence,continuous,0.8663778901100159,0.030509825510739365,0.8624259829521179,0.9055635333061218,0.8311441540718079,0.8663778901100159
probe_00560_spk01.wav,/home/hye0n/projects/cnn-based-audio-pii-classification/src/cnn/data_probe/output/probe_00560_spk01.wav,번호는 일팔사사구팔구이육육오구일팔입니다.,18449892665918,,female,spk01,probe_cont_14,probe,1,4.16,14,1,14,sentence,continuous,0.9518684347470602,0.01313383605568232,0.9560127854347229,0.9341161847114563,0.9654763340950012,0.9518684347470602
probe_00561_spk02.wav,/home/hye0n/projects/cnn-based-audio-pii-classification/src/cnn/data_probe/output/probe_00561_spk02.wav,번호는 사육삼팔육오오칠칠구공팔이칠입니다.,46386557790827,,male,spk02,probe_cont_14,probe,1,3.92,14,1,14,sentence,continuous,0.8990098635355631,0.04117442056395285,0.8799006938934326,0.9561998248100281,0.8609290719032288,0.8990098635355631
probe_00562_spk03.wav,/home/hye0n/projects/cnn-based-audio-pii-classification/src/cnn/data_probe/output/probe_00562_spk03.wav,번호는 이삼일팔사삼이이이오구일삼육입니다.,23184322259136,,female,spk03,probe_cont_14,probe,1,4.16,14,1,14,sentence,continuous,0.9842274983723959,0.004995044177834891,0.9813317060470581,0.9912554025650024,0.980095386505127,0.9842274983723959
probe_00563_spk04.wav,/home/hye0n/projects/cnn-based-audio-pii-classification/src/cnn/data_probe/output/probe_00563_spk04.wav,번호는 오일칠칠칠삼구이육공삼공이구입니다.,51777392603029,,male,spk04,probe_cont_14,probe,1,4.4,14,1,14,sentence,continuous,0.9681265950202942,0.011620954299704549,0.9528402090072632,0.9705434441566467,0.9809961318969727,0.9681265950202942
probe_00564_spk05.wav,/home/hye0n/projects/cnn-based-audio-pii-classification/src/cnn/data_probe/output/probe_00564_spk05.wav,번호는 구이이팔공구이공이사이팔육구입니다.,92280920242869,,female,spk05,probe_cont_14,probe,1,4.24,14,1,14,sentence,continuous,0.893989364306132,0.08320565283393278,0.9535821676254272,0.9520638585090637,0.776322066783905,0.893989364306132
probe_00565_spk06.wav,/home/hye0n/projects/cnn-based-audio-pii-classification/src/cnn/data_probe/output/probe_00565_spk06.wav,번호는 구공사일삼칠구칠칠이삼육구이입니다.,90413797723692,,male,spk06,probe_cont_14,probe,1,4.4,14,1,14,sentence,continuous,0.5764392813046774,0.14954006621097768,0.7513765096664429,0.3860577344894409,0.5918835997581482,0.5764392813046774
probe_00566_spk07.wav,/home/hye0n/projects/cnn-based-audio-pii-classification/src/cnn/data_probe/output/probe_00566_spk07.wav,번호는 구이구팔사이오칠구구일삼육육입니다.,92984257991366,,female,spk07,probe_cont_14,probe,1,4.0,14,1,14,sentence,continuous,0.9850010673205057,0.007497375392969123,0.9904263615608215,0.9743991494178772,0.9901776909828186,0.9850010673205057
probe_00567_spk08.wav,/home/hye0n/projects/cnn-based-audio-pii-classification/src/cnn/data_probe/output/probe_00567_spk08.wav,번호는 이일공삼팔팔육이구일이칠구구입니다.,21038862912799,,male,spk08,probe_cont_14,probe,1,3.6,14,1,14,sentence,continuous,0.9663557211558024,0.0012346588878746683,0.9647197723388672,0.9666451811790466,0.9677022099494934,0.9663557211558024
probe_00568_spk09.wav,/home/hye0n/projects/cnn-based-audio-pii-classification/src/cnn/data_probe/output/probe_00568_spk09.wav,번호는 공팔팔일일칠이구팔공육팔육오입니다.,08811729806865,,female,spk09,probe_cont_14,probe,1,3.76,14,1,14,sentence,continuous,0.9574247201283773,0.0250677130047867,0.9222844839096069,0.970937967300415,0.9790517091751099,0.9574247201283773
probe_00569_spk10.wav,/home/hye0n/projects/cnn-based-audio-pii-classification/src/cnn/data_probe/output/probe_00569_spk10.wav,번호는 공팔육삼칠육오구구일육이사칠입니다.,08637659916247,,male,spk10,probe_cont_14,probe,1,3.6,14,1,14,sentence,continuous,0.972257117430369,0.013258781827453887,0.9541323184967041,0.9854802489280701,0.977158784866333,0.972257117430369
probe_00570_spk11.wav,/home/hye0n/projects/cnn-based-audio-pii-classification/src/cnn/data_probe/output/probe_00570_spk11.wav,번호는 삼일사구팔육사삼공공구팔일팔입니다.,31498643009818,,female,spk11,probe_cont_14,probe,1,4.0,14,1,14,sentence,continuous,0.9538558522860209,0.013229161264870119,0.9574748873710632,0.9679426550865173,0.9361500144004822,0.9538558522860209
probe_00571_spk12.wav,/home/hye0n/projects/cnn-based-audio-pii-classification/src/cnn/data_probe/output/probe_00571_spk12.wav,번호는 공육삼오육오일이육구사사팔육입니다.,06356512694486,,male,spk12,probe_cont_14,probe,1,3.04,14,1,14,sentence,continuous,0.4129132529099782,0.1453170738190319,0.2882060408592224,0.33380427956581116,0.6167294383049011,0.4129132529099782
probe_00572_spk13.wav,/home/hye0n/projects/cnn-based-audio-pii-classification/src/cnn/data_probe/output/probe_00572_spk13.wav,번호는 구오구사육삼육팔팔칠이오팔팔입니다.,95946368872588,,male,spk13,probe_cont_14,probe,1,4.32,14,1,14,sentence,continuous,0.9515838225682577,0.014127911089722322,0.9391822814941406,0.9442181587219238,0.9713510274887085,0.9515838225682577
probe_00573_spk14.wav,/home/hye0n/projects/cnn-based-audio-pii-classification/src/cnn/data_probe/output/probe_00573_spk14.wav,번호는 칠사사구오육이일삼칠이일삼팔입니다.,74495621372138,,female,spk14,probe_cont_14,probe,1,4.08,14,1,14,sentence,continuous,0.8789882063865662,0.028171082745831053,0.9187560081481934,0.857029139995575,0.8611794710159302,0.8789882063865662
probe_00574_spk01.wav,/home/hye0n/projects/cnn-based-audio-pii-classification/src/cnn/data_probe/output/probe_00574_spk01.wav,번호는 육오팔구공이육공일이칠구육일입니다.,65890260127961,,female,spk01,probe_cont_14,probe,1,3.84,14,1,14,sentence,continuous,0.6635631124178568,0.09860734242849599,0.5855106115341187,0.6025095582008362,0.8026691675186157,0.6635631124178568
probe_00575_spk02.wav,/home/hye0n/projects/cnn-based-audio-pii-classification/src/cnn/data_probe/output/probe_00575_spk02.wav,번호는 일사삼오일구공육육구팔사구공입니다.,14351906698490,,male,spk02,probe_cont_14,probe,1,4.0,14,1,14,sentence,continuous,0.8944674531618754,0.046017072568218464,0.9320439696311951,0.829664409160614,0.9216939806938171,0.8944674531618754
probe_00576_spk03.wav,/home/hye0n/projects/cnn-based-audio-pii-classification/src/cnn/data_probe/output/probe_00576_spk03.wav,번호는 이칠칠공삼팔사삼공구팔팔삼구입니다.,27703843098839,,female,spk03,probe_cont_14,probe,1,4.24,14,1,14,sentence,continuous,0.8847241202990214,0.05972441575793936,0.9532849192619324,0.8077228665351868,0.8931645750999451,0.8847241202990214
probe_00577_spk04.wav,/home/hye0n/projects/cnn-based-audio-pii-classification/src/cnn/data_probe/output/probe_00577_spk04.wav,번호는 이공오삼공이일사육오육육구삼입니다.,20530214656693,,male,spk04,probe_cont_14,probe,1,4.0,14,1,14,sentence,continuous,0.9815200765927633,0.0082495943457409,0.9819461703300476,0.9712101221084595,0.9914039373397827,0.9815200765927633
probe_00578_spk05.wav,/home/hye0n/projects/cnn-based-audio-pii-classification/src/cnn/data_probe/output/probe_00578_spk05.wav,번호는 팔공일일팔사팔구오오사삼구삼입니다.,80118489554393,,female,spk05,probe_cont_14,probe,1,3.6,14,1,14,sentence,continuous,0.8650411168734232,0.08358134246917798,0.7469775080680847,0.9290226101875305,0.9191232323646545,0.8650411168734232
probe_00579_spk06.wav,/home/hye0n/projects/cnn-based-audio-pii-classification/src/cnn/data_probe/output/probe_00579_spk06.wav,번호는 칠육구공사이육팔일팔일팔사오입니다.,76904268181845,,male,spk06,probe_cont_14,probe,1,3.36,14,1,14,sentence,continuous,0.15859480202198029,0.02678938126884719,0.13067886233329773,0.1503709852695465,0.19473455846309662,0.15859480202198029
probe_00580_spk07.wav,/home/hye0n/projects/cnn-based-audio-pii-classification/src/cnn/data_probe/output/probe_00580_spk07.wav,번호는 일팔사팔구사칠육구칠삼오칠칠입니다.,18489476973577,,female,spk07,probe_cont_14,probe,1,4.0,14,1,14,sentence,continuous,0.9884549379348755,0.0035074665839307925,0.9877977967262268,0.9845256209373474,0.9930413961410522,0.9884549379348755
probe_00581_spk08.wav,/home/hye0n/projects/cnn-based-audio-pii-classification/src/cnn/data_probe/output/probe_00581_spk08.wav,번호는 구공칠일사일육삼삼오육오팔팔입니다.,90714163356588,,male,spk08,probe_cont_14,probe,1,4.72,14,1,14,sentence,continuous,0.9035133123397827,0.006998724285420622,0.9130749702453613,0.8965179324150085,0.9009470343589783,0.9035133123397827
probe_00582_spk09.wav,/home/hye0n/projects/cnn-based-audio-pii-classification/src/cnn/data_probe/output/probe_00582_spk09.wav,번호는 공사삼사일육오일팔이칠오오삼입니다.,04341651827553,,female,spk09,probe_cont_14,probe,1,4.08,14,1,14,sentence,continuous,0.982234517733256,0.005080564326513749,0.9827173352241516,0.9757847785949707,0.9882014393806458,0.982234517733256
probe_00583_spk10.wav,/home/hye0n/projects/cnn-based-audio-pii-classification/src/cnn/data_probe/output/probe_00583_spk10.wav,번호는 구사이삼칠삼삼삼사삼삼삼삼구입니다.,94237333433339,,male,spk10,probe_cont_14,probe,1,4.64,14,1,14,sentence,continuous,0.7015091180801392,0.11874972691137589,0.5387579798698425,0.7470197081565857,0.8187496662139893,0.7015091180801392
probe_00584_spk11.wav,/home/hye0n/projects/cnn-based-audio-pii-classification/src/cnn/data_probe/output/probe_00584_spk11.wav,번호는 오이일일일칠구공팔공칠오구오입니다.,52111790807595,,female,spk11,probe_cont_14,probe,1,4.08,14,1,14,sentence,continuous,0.9409380753835043,0.032241902986412226,0.8994950652122498,0.9781267642974854,0.9451923966407776,0.9409380753835043
probe_00585_spk12.wav,/home/hye0n/projects/cnn-based-audio-pii-classification/src/cnn/data_probe/output/probe_00585_spk12.wav,번호는 칠구사칠이팔사육삼구이공팔육입니다.,79472846392086,,male,spk12,probe_cont_14,probe,1,3.92,14,1,14,sentence,continuous,0.9791797995567322,0.007700686632692735,0.9690216183662415,0.9876587986946106,0.9808589816093445,0.9791797995567322
probe_00586_spk13.wav,/home/hye0n/projects/cnn-based-audio-pii-classification/src/cnn/data_probe/output/probe_00586_spk13.wav,번호는 칠팔공팔오육이칠일팔칠오공공입니다.,78085627187500,,male,spk13,probe_cont_14,probe,1,4.0,14,1,14,sentence,continuous,0.8787040710449219,0.04663011560897355,0.8448887467384338,0.8465816974639893,0.9446417689323425,0.8787040710449219
probe_00587_spk14.wav,/home/hye0n/projects/cnn-based-audio-pii-classification/src/cnn/data_probe/output/probe_00587_spk14.wav,번호는 삼육구일오오구사이팔사삼사칠입니다.,36915594284347,,female,spk14,probe_cont_14,probe,1,3.92,14,1,14,sentence,continuous,0.8285669485727946,0.04374281845363457,0.8829258680343628,0.826960563659668,0.775814414024353,0.8285669485727946
probe_00588_spk01.wav,/home/hye0n/projects/cnn-based-audio-pii-classification/src/cnn/data_probe/output/probe_00588_spk01.wav,번호는 구오오이칠육삼육오오육사칠이입니다.,95527636556472,,female,spk01,probe_cont_14,probe,1,4.32,14,1,14,sentence,continuous,0.9149286150932312,0.022440445779875553,0.9008424282073975,0.9465998411178589,0.8973435759544373,0.9149286150932312
probe_00589_spk02.wav,/home/hye0n/projects/cnn-based-audio-pii-classification/src/cnn/data_probe/output/probe_00589_spk02.wav,번호는 구이구삼일사삼팔육육삼이이칠입니다.,92931438663227,,male,spk02,probe_cont_14,probe,1,4.16,14,1,14,sentence,continuous,0.8926324248313904,0.025587498428142022,0.9274000525474548,0.8839370608329773,0.866560161113739,0.8926324248313904
probe_00590_spk03.wav,/home/hye0n/projects/cnn-based-audio-pii-classification/src/cnn/data_probe/output/probe_00590_spk03.wav,번호는 공이육칠이팔팔오칠사사팔구공입니다.,02672885744890,,female,spk03,probe_cont_14,probe,1,4.16,14,1,14,sentence,continuous,0.9910902579625448,0.003613866808451683,0.9870972633361816,0.9903241395950317,0.9958493709564209,0.9910902579625448
probe_00591_spk04.wav,/home/hye0n/projects/cnn-based-audio-pii-classification/src/cnn/data_probe/output/probe_00591_spk04.wav,번호는 육일이공삼사칠일칠오사오오팔입니다.,61203471754558,,male,spk04,probe_cont_14,probe,1,3.76,14,1,14,sentence,continuous,0.9743481079737345,0.012688876363699102,0.9577473402023315,0.976747453212738,0.988549530506134,0.9743481079737345
probe_00592_spk05.wav,/home/hye0n/projects/cnn-based-audio-pii-classification/src/cnn/data_probe/output/probe_00592_spk05.wav,번호는 팔사오공육일오구삼구구팔이사입니다.,84506159399824,,female,spk05,probe_cont_14,probe,1,3.52,14,1,14,sentence,continuous,0.7479035258293152,0.10159616224337216,0.6219537258148193,0.870754599571228,0.7510022521018982,0.7479035258293152
probe_00593_spk06.wav,/home/hye0n/projects/cnn-based-audio-pii-classification/src/cnn/data_probe/output/probe_00593_spk06.wav,번호는 오오팔칠칠일육구사칠이이오육입니다.,55877169472256,,male,spk06,probe_cont_14,probe,1,3.68,14,1,14,sentence,continuous,0.8429111440976461,0.0712421108646471,0.7522932291030884,0.8500828146934509,0.9263573884963989,0.8429111440976461
probe_00594_spk07.wav,/home/hye0n/projects/cnn-based-audio-pii-classification/src/cnn/data_probe/output/probe_00594_spk07.wav,번호는 구구육일일이오삼오오사사구육입니다.,99611253554496,,female,spk07,probe_cont_14,probe,1,3.28,14,1,14,sentence,continuous,0.7749403317769369,0.06628624281897122,0.7156511545181274,0.7417009472846985,0.8674688935279846,0.7749403317769369
probe_00595_spk08.wav,/home/hye0n/projects/cnn-based-audio-pii-classification/src/cnn/data_probe/output/probe_00595_spk08.wav,번호는 사칠오구팔칠육이이공이삼사일입니다.,47598762202341,,male,spk08,probe_cont_14,probe,1,4.32,14,1,14,sentence,continuous,0.9722196062405905,0.00478011472365602,0.9760096669197083,0.9654768109321594,0.9751723408699036,0.9722196062405905
probe_00596_spk09.wav,/home/hye0n/projects/cnn-based-audio-pii-classification/src/cnn/data_probe/output/probe_00596_spk09.wav,번호는 삼이육일일일칠팔공공육팔일일입니다.,32611178006811,,female,spk09,probe_cont_14,probe,1,3.76,14,1,14,sentence,continuous,0.932758092880249,0.021832990254073637,0.902110755443573,0.9513336420059204,0.9448298811912537,0.932758092880249
probe_00597_spk10.wav,/home/hye0n/projects/cnn-based-audio-pii-classification/src/cnn/data_probe/output/probe_00597_spk10.wav,번호는 사구이일육사삼삼사칠이이팔이입니다.,49216433472282,,male,spk10,probe_cont_14,probe,1,3.76,14,1,14,sentence,continuous,0.0570708562930425,0.019471464783752966,0.0592820830643177,0.07973580807447433,0.032194677740335464,0.0570708562930425
probe_00598_spk11.wav,/home/hye0n/projects/cnn-based-audio-pii-classification/src/cnn/data_probe/output/probe_00598_spk11.wav,번호는 공공오오칠칠팔사팔칠이팔이구입니다.,00557784872829,,female,spk11,probe_cont_14,probe,1,4.0,14,1,14,sentence,continuous,0.8538431922594706,0.11333876799722166,0.6936667561531067,0.9390447735786438,0.9288180470466614,0.8538431922594706
probe_00599_spk12.wav,/home/hye0n/projects/cnn-based-audio-pii-classification/src/cnn/data_probe/output/probe_00599_spk12.wav,번호는 구칠구육팔팔사오칠팔삼일칠사입니다.,97968845783174,,male,spk12,probe_cont_14,probe,1,3.68,14,1,14,sentence,continuous,0.8791470328966776,0.035930416477101136,0.8443854451179504,0.9286248087882996,0.864430844783783,0.8791470328966776
probe_00600_spk13.wav,/home/hye0n/projects/cnn-based-audio-pii-classification/src/cnn/data_probe/output/probe_00600_spk13.wav,번호는 오육사이사공공팔이오사칠팔공칠칠입니다.,5642400825478077,,male,spk13,probe_cont_16,probe,1,3.76,16,1,16,sentence,continuous,0.8928373058636984,0.06365728291374287,0.8079688549041748,0.9092641472816467,0.9612789154052734,0.8928373058636984
probe_00601_spk14.wav,/home/hye0n/projects/cnn-based-audio-pii-classification/src/cnn/data_probe/output/probe_00601_spk14.wav,번호는 사공육사구삼공팔오삼육팔육육삼이입니다.,4064930853686632,,female,spk14,probe_cont_16,probe,1,4.24,16,1,16,sentence,continuous,0.9635402957598368,0.015483115025450415,0.9752158522605896,0.9416603446006775,0.9737446904182434,0.9635402957598368
probe_00602_spk01.wav,/home/hye0n/projects/cnn-based-audio-pii-classification/src/cnn/data_probe/output/probe_00602_spk01.wav,번호는 육육삼사일육삼팔구사사팔사육삼일입니다.,6634163894484631,,female,spk01,probe_cont_16,probe,1,4.8,16,1,16,sentence,continuous,0.9279479185740153,0.03641174442989916,0.9585071206092834,0.8767750859260559,0.9485615491867065,0.9279479185740153
probe_00603_spk02.wav,/home/hye0n/projects/cnn-based-audio-pii-classification/src/cnn/data_probe/output/probe_00603_spk02.wav,번호는 이이사일칠구칠사구칠삼오공이공팔입니다.,2241797497350208,,male,spk02,probe_cont_16,probe,1,4.16,16,1,16,sentence,continuous,0.9232204953829447,0.008318065819126051,0.9114590883255005,0.9292943477630615,0.9289080500602722,0.9232204953829447
probe_00604_spk03.wav,/home/hye0n/projects/cnn-based-audio-pii-classification/src/cnn/data_probe/output/probe_00604_spk03.wav,번호는 공이일사사이칠공삼일이공칠삼오육입니다.,0214427031207356,,female,spk03,probe_cont_16,probe,1,4.48,16,1,16,sentence,continuous,0.9953093330065409,0.0009081106954131584,0.9942026734352112,0.9964269995689392,0.9952983260154724,0.9953093330065409
probe_00605_spk04.wav,/home/hye0n/projects/cnn-based-audio-pii-classification/src/cnn/data_probe/output/probe_00605_spk04.wav,번호는 사칠오칠공오일이공사육일팔칠이삼입니다.,4757051204618723,,male,spk04,probe_cont_16,probe,1,4.64,16,1,16,sentence,continuous,0.9909264047940572,0.0011067322348892595,0.9904025793075562,0.9899110198020935,0.992465615272522,0.9909264047940572
probe_00606_spk05.wav,/home/hye0n/projects/cnn-based-audio-pii-classification/src/cnn/data_probe/output/probe_00606_spk05.wav,번호는 사육공일삼육칠삼공삼칠일팔삼칠육입니다.,4601367303718376,,female,spk05,probe_cont_16,probe,1,5.2,16,1,16,sentence,continuous,0.99016006787618,0.0008332819162964597,0.9890626072883606,0.9903370141983032,0.9910805821418762,0.99016006787618
probe_00607_spk06.wav,/home/hye0n/projects/cnn-based-audio-pii-classification/src/cnn/data_probe/output/probe_00607_spk06.wav,번호는 사오이공팔팔일사칠사삼오공삼일삼입니다.,4520881474350313,,male,spk06,probe_cont_16,probe,1,4.08,16,1,16,sentence,continuous,0.8447238604227701,0.040215870948948226,0.8873947262763977,0.8559517860412598,0.7908250689506531,0.8447238604227701
probe_00608_spk07.wav,/home/hye0n/projects/cnn-based-audio-pii-classification/src/cnn/data_probe/output/probe_00608_spk07.wav,번호는 육오공이사구일육삼공공구칠구이오입니다.,6502491630097925,,female,spk07,probe_cont_16,probe,1,4.32,16,1,16,sentence,continuous,0.9909175038337708,0.003890279119538158,0.9860067367553711,0.9912247061729431,0.995521068572998,0.9909175038337708
probe_00609_spk08.wav,/home/hye0n/projects/cnn-based-audio-pii-classification/src/cnn/data_probe/output/probe_00609_spk08.wav,번호는 일삼이칠일구오공공오이팔일이칠삼입니다.,1327195005281273,,male,spk08,probe_cont_16,probe,1,4.64,16,1,16,sentence,continuous,0.9552200635274252,0.018326965311529584,0.9708588719367981,0.9295012950897217,0.9653000235557556,0.9552200635274252
probe_00610_spk09.wav,/home/hye0n/projects/cnn-based-audio-pii-classification/src/cnn/data_probe/output/probe_00610_spk09.wav,번호는 오팔오칠삼공육오이사공칠칠팔사팔입니다.,5857306524077848,,female,spk09,probe_cont_16,probe,1,5.04,16,1,16,sentence,continuous,0.6765516002972921,0.0569441389695283,0.612738311290741,0.7510005831718445,0.6659159064292908,0.6765516002972921
probe_00611_spk10.wav,/home/hye0n/projects/cnn-based-audio-pii-classification/src/cnn/data_probe/output/probe_00611_spk10.wav,번호는 칠삼구이팔오오칠사구팔이일팔이칠입니다.,7392855749821827,,male,spk10,probe_cont_16,probe,1,3.44,16,1,16,sentence,continuous,0.8959368268648783,0.029491470890378634,0.9304574728012085,0.8584067225456238,0.8989462852478027,0.8959368268648783
probe_00612_spk11.wav,/home/hye0n/projects/cnn-based-audio-pii-classification/src/cnn/data_probe/output/probe_00612_spk11.wav,번호는 사사팔오칠공팔육이공구오구삼오일입니다.,4485708620959351,,female,spk11,probe_cont_16,probe,1,3.92,16,1,16,sentence,continuous,0.9224753777186075,0.01294714911782689,0.9057686924934387,0.9243396520614624,0.9373177886009216,0.9224753777186075
probe_00613_spk12.wav,/home/hye0n/projects/cnn-based-audio-pii-classification/src/cnn/data_probe/output/probe_00613_spk12.wav,번호는 팔육삼팔칠팔이구사오육오일일팔일입니다.,8638782945651181,,male,spk12,probe_cont_16,probe,1,4.56,16,1,16,sentence,continuous,0.7755893270174662,0.0726408210656411,0.829251766204834,0.8246217370033264,0.6728944778442383,0.7755893270174662
probe_00614_spk13.wav,/home/hye0n/projects/cnn-based-audio-pii-classification/src/cnn/data_probe/output/probe_00614_spk13.wav,번호는 공이이공삼일칠삼일공구육칠팔구구입니다.,0220317310967899,,male,spk13,probe_cont_16,probe,1,4.24,16,1,16,sentence,continuous,0.9537231723467509,0.01868575996412726,0.9569568037986755,0.9293930530548096,0.9748196601867676,0.9537231723467509
probe_00615_spk14.wav,/home/hye0n/projects/cnn-based-audio-pii-classification/src/cnn/data_probe/output/probe_00615_spk14.wav,번호는 사공오삼구일공삼칠일칠공오팔육오입니다.,4053910371705865,,female,spk14,probe_cont_16,probe,1,4.8,16,1,16,sentence,continuous,0.9900272488594055,0.0004987218211278453,0.9899889230728149,0.9894365072250366,0.990656316280365,0.9900272488594055
probe_00616_spk01.wav,/home/hye0n/projects/cnn-based-audio-pii-classification/src/cnn/data_probe/output/probe_00616_spk01.wav,번호는 공구사팔공일사일삼팔일일삼팔육삼입니다.,0948014138113863,,female,spk01,probe_cont_16,probe,1,5.04,16,1,16,sentence,continuous,0.9509063959121704,0.015464360296012334,0.9541962146759033,0.9305371046066284,0.9679858684539795,0.9509063959121704
probe_00617_spk02.wav,/home/hye0n/projects/cnn-based-audio-pii-classification/src/cnn/data_probe/output/probe_00617_spk02.wav,번호는 삼팔삼구이팔팔육일구오칠육일이이입니다.,3839288619576122,,male,spk02,probe_cont_16,probe,1,4.0,16,1,16,sentence,continuous,0.9893131256103516,0.00416664222577039,0.9840381145477295,0.9896764159202576,0.9942248463630676,0.9893131256103516
probe_00618_spk03.wav,/home/hye0n/projects/cnn-based-audio-pii-classification/src/cnn/data_probe/output/probe_00618_spk03.wav,번호는 팔육팔오이팔구칠오오팔오오육육오입니다.,8685289755855665,,female,spk03,probe_cont_16,probe,1,5.28,16,1,16,sentence,continuous,0.9771496454874674,0.01316152841900669,0.958921492099762,0.989525556564331,0.9830018877983093,0.9771496454874674
probe_00619_spk04.wav,/home/hye0n/projects/cnn-based-audio-pii-classification/src/cnn/data_probe/output/probe_00619_spk04.wav,번호는 구삼구팔삼육팔사오칠칠육공공사구입니다.,9398368457760049,,male,spk04,probe_cont_16,probe,1,4.48,16,1,16,sentence,continuous,0.9950417081514994,0.0013160078031993205,0.9950372576713562,0.9934321641921997,0.9966557025909424,0.9950417081514994
probe_00620_spk05.wav,/home/hye0n/projects/cnn-based-audio-pii-classification/src/cnn/data_probe/output/probe_00620_spk05.wav,번호는 공팔이사공사삼삼오공사팔팔팔구구입니다.,0824043350488899,,female,spk05,probe_cont_16,probe,1,4.0,16,1,16,sentence,continuous,0.9503509600957235,0.022488945262391563,0.9494341015815735,0.9232776165008545,0.9783411622047424,0.9503509600957235
probe_00621_spk06.wav,/home/hye0n/projects/cnn-based-audio-pii-classification/src/cnn/data_probe/output/probe_00621_spk06.wav,번호는 이일공칠오이이사오구삼삼사사일구입니다.,2107522459334419,,male,spk06,probe_cont_16,probe,1,4.24,16,1,16,sentence,continuous,0.9794108867645264,0.00859274789449097,0.9737503528594971,0.9729287028312683,0.9915536046028137,0.9794108867645264
probe_00622_spk07.wav,/home/hye0n/projects/cnn-based-audio-pii-classification/src/cnn/data_probe/output/probe_00622_spk07.wav,번호는 육구삼일오칠이칠구일구사공구육일입니다.,6931572791940961,,female,spk07,probe_cont_16,probe,1,3.6,16,1,16,sentence,continuous,0.9847938418388367,0.004352023452050403,0.9821844100952148,0.9812712073326111,0.9909259080886841,0.9847938418388367
probe_00623_spk08.wav,/home/hye0n/projects/cnn-based-audio-pii-classification/src/cnn/data_probe/output/probe_00623_spk08.wav,번호는 공오오육육일삼구공육공사팔공오팔입니다.,0556613906048058,,male,spk08,probe_cont_16,probe,1,4.56,16,1,16,sentence,continuous,0.966118574142456,0.0128494555422497,0.9819584488868713,0.95048588514328,0.9659113883972168,0.966118574142456
probe_00624_spk09.wav,/home/hye0n/projects/cnn-based-audio-pii-classification/src/cnn/data_probe/output/probe_00624_spk09.wav,번호는 구이오팔삼이공육칠구구팔일삼육사입니다.,9258320679981364,,female,spk09,probe_cont_16,probe,1,4.32,16,1,16,sentence,continuous,0.9056232968966166,0.014445983767009007,0.9046766757965088,0.888422966003418,0.9237702488899231,0.9056232968966166
probe_00625_spk10.wav,/home/hye0n/projects/cnn-based-audio-pii-classification/src/cnn/data_probe/output/probe_00625_spk10.wav,번호는 육이이오일칠구공팔육사일육팔육이입니다.,6225179086416862,,male,spk10,probe_cont_16,probe,1,4.08,16,1,16,sentence,continuous,0.9654652078946432,0.009899194452106972,0.9722069501876831,0.9727199077606201,0.9514687657356262,0.9654652078946432
probe_00626_spk11.wav,/home/hye0n/projects/cnn-based-audio-pii-classification/src/cnn/data_probe/output/probe_00626_spk11.wav,번호는 이칠팔삼칠육구삼팔구팔삼삼일사육입니다.,2783769389833146,,female,spk11,probe_cont_16,probe,1,4.56,16,1,16,sentence,continuous,0.9394311110178629,0.01880200707413455,0.9208660125732422,0.9322280287742615,0.9651992917060852,0.9394311110178629
probe_00627_spk12.wav,/home/hye0n/projects/cnn-based-audio-pii-classification/src/cnn/data_probe/output/probe_00627_spk12.wav,번호는 오구일일육육오오삼오오구공사이오입니다.,5911665535590425,,male,spk12,probe_cont_16,probe,1,3.92,16,1,16,sentence,continuous,0.9697260856628418,0.010503373205694867,0.9756019711494446,0.9786028265953064,0.9549734592437744,0.9697260856628418
probe_00628_spk13.wav,/home/hye0n/projects/cnn-based-audio-pii-classification/src/cnn/data_probe/output/probe_00628_spk13.wav,번호는 구칠구이칠공삼삼오이일일공삼구이입니다.,9792703352110392,,male,spk13,probe_cont_16,probe,1,4.4,16,1,16,sentence,continuous,0.7750282883644104,0.0932449841141167,0.6452414989471436,0.86013263463974,0.8197107315063477,0.7750282883644104
probe_00629_spk14.wav,/home/hye0n/projects/cnn-based-audio-pii-classification/src/cnn/data_probe/output/probe_00629_spk14.wav,번호는 사공오일사칠칠공오삼팔삼삼팔팔사입니다.,4051477053833884,,female,spk14,probe_cont_16,probe,1,4.64,16,1,16,sentence,continuous,0.9926805297533671,0.0017242032172331359,0.9925421476364136,0.9906414151191711,0.9948580265045166,0.9926805297533671
probe_00630_spk01.wav,/home/hye0n/projects/cnn-based-audio-pii-classification/src/cnn/data_probe/output/probe_00630_spk01.wav,번호는 팔칠구이공육구팔공사이공사삼구사입니다.,8792069804204394,,female,spk01,probe_cont_16,probe,1,4.56,16,1,16,sentence,continuous,0.9804538488388062,0.00787811331025592,0.9698650240898132,0.982747495174408,0.9887490272521973,0.9804538488388062
probe_00631_spk02.wav,/home/hye0n/projects/cnn-based-audio-pii-classification/src/cnn/data_probe/output/probe_00631_spk02.wav,번호는 공칠공일육사오일공사육삼육팔일오입니다.,0701645104636815,,male,spk02,probe_cont_16,probe,1,3.6,16,1,16,sentence,continuous,0.9730685353279114,0.010779239014346147,0.9755387306213379,0.9848607778549194,0.9588060975074768,0.9730685353279114
probe_00632_spk03.wav,/home/hye0n/projects/cnn-based-audio-pii-classification/src/cnn/data_probe/output/probe_00632_spk03.wav,번호는 칠구팔일이삼팔칠팔공공삼팔사오칠입니다.,7981238780038457,,female,spk03,probe_cont_16,probe,1,4.88,16,1,16,sentence,continuous,0.8968534668286642,0.015607399464886176,0.9003749489784241,0.9139629602432251,0.8762224912643433,0.8968534668286642
probe_00633_spk04.wav,/home/hye0n/projects/cnn-based-audio-pii-classification/src/cnn/data_probe/output/probe_00633_spk04.wav,번호는 육이공오오오사삼팔사공사육공팔사입니다.,6205554384046084,,male,spk04,probe_cont_16,probe,1,4.72,16,1,16,sentence,continuous,0.981848955154419,0.011590772681434377,0.9657065272331238,0.987453281879425,0.992387056350708,0.981848955154419
probe_00634_spk05.wav,/home/hye0n/projects/cnn-based-audio-pii-classification/src/cnn/data_probe/output/probe_00634_spk05.wav,번호는 삼이오육이일육팔구삼육삼구이육사입니다.,3256216893639264,,female,spk05,probe_cont_16,probe,1,4.4,16,1,16,sentence,continuous,0.9882283012072245,0.0033724046061241846,0.9838241338729858,0.9888454079627991,0.9920153617858887,0.9882283012072245
probe_00635_spk06.wav,/home/hye0n/projects/cnn-based-audio-pii-classification/src/cnn/data_probe/output/probe_00635_spk06.wav,번호는 구오칠팔이삼이구팔삼이사팔이육이입니다.,9578232983248262,,male,spk06,probe_cont_16,probe,1,3.68,16,1,16,sentence,continuous,0.7408968806266785,0.026226308946234497,0.7042344212532043,0.7640888690948486,0.7543673515319824,0.7408968806266785
probe_00636_spk07.wav,/home/hye0n/projects/cnn-based-audio-pii-classification/src/cnn/data_probe/output/probe_00636_spk07.wav,번호는 구이오일팔팔일이오이공오육육사칠입니다.,9251881252056647,,female,spk07,probe_cont_16,probe,1,4.24,16,1,16,sentence,continuous,0.9625303347905477,0.00907797870213858,0.9744447469711304,0.9607143402099609,0.9524319171905518,0.9625303347905477
probe_00637_spk08.wav,/home/hye0n/projects/cnn-based-audio-pii-classification/src/cnn/data_probe/output/probe_00637_spk08.wav,번호는 사이삼일이이공구구사구구구삼구삼입니다.,4231220994999393,,male,spk08,probe_cont_16,probe,1,5.04,16,1,16,sentence,continuous,0.9396311243375143,0.028072081320139813,0.9691493511199951,0.9018813967704773,0.9478626251220703,0.9396311243375143
probe_00638_spk09.wav,/home/hye0n/projects/cnn-based-audio-pii-classification/src/cnn/data_probe/output/probe_00638_spk09.wav,번호는 삼공오일칠이팔구칠오이육칠칠이이입니다.,3051728975267722,,female,spk09,probe_cont_16,probe,1,4.32,16,1,16,sentence,continuous,0.9914404352506002,0.0015283298415346748,0.9904944896697998,0.9935964345932007,0.9902303814888,0.9914404352506002
probe_00639_spk10.wav,/home/hye0n/projects/cnn-based-audio-pii-classification/src/cnn/data_probe/output/probe_00639_spk10.wav,번호는 삼삼공육공사육삼삼삼일이칠구칠오입니다.,3306046333127975,,male,spk10,probe_cont_16,probe,1,3.44,16,1,16,sentence,continuous,0.9314778049786886,0.024430232395744343,0.9098632335662842,0.9189428091049194,0.9656273722648621,0.9314778049786886
probe_00640_spk11.wav,/home/hye0n/projects/cnn-based-audio-pii-classification/src/cnn/data_probe/output/probe_00640_spk11.wav,번호는 칠삼육육공구육오육구구구팔팔공팔입니다.,7366096569998808,,female,spk11,probe_cont_16,probe,1,4.96,16,1,16,sentence,continuous,0.9619956413904825,0.005499968102155683,0.9598414301872253,0.969545304775238,0.9566001892089844,0.9619956413904825
probe_00641_spk12.wav,/home/hye0n/projects/cnn-based-audio-pii-classification/src/cnn/data_probe/output/probe_00641_spk12.wav,번호는 일칠칠공삼팔팔육공팔육팔공삼사칠입니다.,1770388608680347,,male,spk12,probe_cont_16,probe,1,4.16,16,1,16,sentence,continuous,0.9869908293088278,0.0022035100851312958,0.984205424785614,0.9895936250686646,0.9871734380722046,0.9869908293088278
probe_00642_spk13.wav,/home/hye0n/projects/cnn-based-audio-pii-classification/src/cnn/data_probe/output/probe_00642_spk13.wav,번호는 육사사칠이육사구공팔이칠칠일팔일입니다.,6447264908277181,,male,spk13,probe_cont_16,probe,1,3.44,16,1,16,sentence,continuous,0.8935986757278442,0.04564213657832958,0.9244592785835266,0.8290712833404541,0.927265465259552,0.8935986757278442
probe_00643_spk14.wav,/home/hye0n/projects/cnn-based-audio-pii-classification/src/cnn/data_probe/output/probe_00643_spk14.wav,번호는 이구팔이육육오칠공이칠구삼칠일사입니다.,2982665702793714,,female,spk14,probe_cont_16,probe,1,4.72,16,1,16,sentence,continuous,0.9494218826293945,0.006790464018493573,0.9423043131828308,0.9473975896835327,0.9585637450218201,0.9494218826293945
probe_00644_spk01.wav,/home/hye0n/projects/cnn-based-audio-pii-classification/src/cnn/data_probe/output/probe_00644_spk01.wav,번호는 오이일일일칠오일팔육팔구이육팔육입니다.,5211175186892686,,female,spk01,probe_cont_16,probe,1,4.08,16,1,16,sentence,continuous,0.9879565040270487,0.005374039906855967,0.9901816248893738,0.9805505275726318,0.9931373596191406,0.9879565040270487
probe_00645_spk02.wav,/home/hye0n/projects/cnn-based-audio-pii-classification/src/cnn/data_probe/output/probe_00645_spk02.wav,번호는 공이오구이이이이공육사사칠사이일입니다.,0259222206447421,,male,spk02,probe_cont_16,probe,1,4.48,16,1,16,sentence,continuous,0.9787896672884623,0.004923759109426369,0.9722775816917419,0.9841810464859009,0.9799103736877441,0.9787896672884623
probe_00646_spk03.wav,/home/hye0n/projects/cnn-based-audio-pii-classification/src/cnn/data_probe/output/probe_00646_spk03.wav,번호는 이삼공구사공칠칠칠팔공구칠삼삼구입니다.,2309407778097339,,female,spk03,probe_cont_16,probe,1,4.4,16,1,16,sentence,continuous,0.9934309720993042,0.0018729130612263603,0.9908506274223328,0.9942033886909485,0.9952389001846313,0.9934309720993042
probe_00647_spk04.wav,/home/hye0n/projects/cnn-based-audio-pii-classification/src/cnn/data_probe/output/probe_00647_spk04.wav,번호는 칠칠육칠일구구공삼팔사구팔삼공이입니다.,7767199038498302,,male,spk04,probe_cont_16,probe,1,4.64,16,1,16,sentence,continuous,0.9669641256332397,0.012826481661503367,0.9702863693237305,0.9498595595359802,0.9807464480400085,0.9669641256332397
probe_00648_spk05.wav,/home/hye0n/projects/cnn-based-audio-pii-classification/src/cnn/data_probe/output/probe_00648_spk05.wav,번호는 이공오공이공구구사오일공일육이이입니다.,2050209945101622,,female,spk05,probe_cont_16,probe,1,4.88,16,1,16,sentence,continuous,0.9763712088267008,0.007035821795582952,0.9746693968772888,0.9857122302055359,0.9687319993972778,0.9763712088267008
probe_00649_spk06.wav,/home/hye0n/projects/cnn-based-audio-pii-classification/src/cnn/data_probe/output/probe_00649_spk06.wav,번호는 사구구구팔이칠구오공일사오오육일입니다.,4999827950145561,,male,spk06,probe_cont_16,probe,1,3.6,16,1,16,sentence,continuous,0.7619464993476868,0.05277988920941816,0.7419334053993225,0.7096779942512512,0.8342280983924866,0.7619464993476868
probe_00650_spk07.wav,/home/hye0n/projects/cnn-based-audio-pii-classification/src/cnn/data_probe/output/probe_00650_spk07.wav,번호는 육팔일사칠이일사오팔육팔삼삼구공입니다.,6814721458683390,,female,spk07,probe_cont_16,probe,1,4.72,16,1,16,sentence,continuous,0.983533501625061,0.002748992549192377,0.9797679781913757,0.9845789670944214,0.986253559589386,0.983533501625061
probe_00651_spk08.wav,/home/hye0n/projects/cnn-based-audio-pii-classification/src/cnn/data_probe/output/probe_00651_spk08.wav,번호는 일구팔일칠구사육구오사팔구구오이입니다.,1981794695489952,,male,spk08,probe_cont_16,probe,1,4.72,16,1,16,sentence,continuous,0.9138643344243368,0.03782841342486365,0.9551141262054443,0.9227406978607178,0.8637381792068481,0.9138643344243368
probe_00652_spk09.wav,/home/hye0n/projects/cnn-based-audio-pii-classification/src/cnn/data_probe/output/probe_00652_spk09.wav,번호는 구구칠팔칠칠이구삼사삼공일공칠일입니다.,9978772934301071,,female,spk09,probe_cont_16,probe,1,4.96,16,1,16,sentence,continuous,0.8459832668304443,0.10193717691780184,0.71345055103302,0.8631263971328735,0.9613728523254395,0.8459832668304443
probe_00653_spk10.wav,/home/hye0n/projects/cnn-based-audio-pii-classification/src/cnn/data_probe/output/probe_00653_spk10.wav,번호는 삼구육육공오오팔삼공삼사사일사사입니다.,3966055830344144,,male,spk10,probe_cont_16,probe,1,4.48,16,1,16,sentence,continuous,0.9713926116625468,0.0075753762928447215,0.9615726470947266,0.9725937247276306,0.9800114631652832,0.9713926116625468
probe_00654_spk11.wav,/home/hye0n/projects/cnn-based-audio-pii-classification/src/cnn/data_probe/output/probe_00654_spk11.wav,번호는 팔팔오공일오오육구구공이삼오오칠입니다.,8850155699023557,,female,spk11,probe_cont_16,probe,1,3.76,16,1,16,sentence,continuous,0.9845281640688578,0.005198629252298518,0.9773306846618652,0.9868285059928894,0.9894253015518188,0.9845281640688578
probe_00655_spk12.wav,/home/hye0n/projects/cnn-based-audio-pii-classification/src/cnn/data_probe/output/probe_00655_spk12.wav,번호는 칠공이칠이칠팔오칠육공팔사구오팔입니다.,7027278576084958,,male,spk12,probe_cont_16,probe,1,4.4,16,1,16,sentence,continuous,0.9393769303957621,0.02169401577773243,0.908933699131012,0.957892894744873,0.9513041973114014,0.9393769303957621
probe_00656_spk13.wav,/home/hye0n/projects/cnn-based-audio-pii-classification/src/cnn/data_probe/output/probe_00656_spk13.wav,번호는 팔공삼구오오일이사공오육팔이구구입니다.,8039551240568299,,male,spk13,probe_cont_16,probe,1,3.6,16,1,16,sentence,continuous,0.8216265837351481,0.09458217381746602,0.8295415639877319,0.7020330429077148,0.9333051443099976,0.8216265837351481
probe_00657_spk14.wav,/home/hye0n/projects/cnn-based-audio-pii-classification/src/cnn/data_probe/output/probe_00657_spk14.wav,번호는 육이구일사오공사육일칠삼오칠사삼입니다.,6291450461735743,,female,spk14,probe_cont_16,probe,1,4.8,16,1,16,sentence,continuous,0.7083576122919718,0.09290909318276033,0.8103886246681213,0.5856454968452454,0.7290387153625488,0.7083576122919718
probe_00658_spk01.wav,/home/hye0n/projects/cnn-based-audio-pii-classification/src/cnn/data_probe/output/probe_00658_spk01.wav,번호는 팔사이일오공삼일칠팔공칠팔이삼오입니다.,8421503178078235,,female,spk01,probe_cont_16,probe,1,4.32,16,1,16,sentence,continuous,0.9904884497324625,0.0017363471279165587,0.9880500435829163,0.9914566874504089,0.9919586181640625,0.9904884497324625
probe_00659_spk02.wav,/home/hye0n/projects/cnn-based-audio-pii-classification/src/cnn/data_probe/output/probe_00659_spk02.wav,번호는 칠팔사오이일팔이삼공칠육팔일공사입니다.,7845218230768104,,male,spk02,probe_cont_16,probe,1,4.48,16,1,16,sentence,continuous,0.9610232512156168,0.022107995254595787,0.9318855404853821,0.9854099750518799,0.9657742381095886,0.9610232512156168
probe_00660_spk03.wav,/home/hye0n/projects/cnn-based-audio-pii-classification/src/cnn/data_probe/output/probe_00660_spk03.wav,번호는 공구일오칠공일팔사공구사삼오삼삼입니다.,0915701840943533,,female,spk03,probe_cont_16,probe,1,5.68,16,1,16,sentence,continuous,0.9943586786588033,0.0006288909699529755,0.9934695959091187,0.9948233366012573,0.9947831034660339,0.9943586786588033
probe_00661_spk04.wav,/home/hye0n/projects/cnn-based-audio-pii-classification/src/cnn/data_probe/output/probe_00661_spk04.wav,번호는 사사팔오칠일사이이사일공구팔팔일입니다.,4485714224109881,,male,spk04,probe_cont_16,probe,1,3.6,16,1,16,sentence,continuous,0.9805254340171814,0.0056391731855970455,0.972558319568634,0.9842020273208618,0.9848159551620483,0.9805254340171814
probe_00662_spk05.wav,/home/hye0n/projects/cnn-based-audio-pii-classification/src/cnn/data_probe/output/probe_00662_spk05.wav,번호는 삼팔오팔오사이사구삼이일사구오팔입니다.,3858542493214958,,female,spk05,probe_cont_16,probe,1,3.92,16,1,16,sentence,continuous,0.9669459462165833,0.009076751770110823,0.9673203825950623,0.9778707027435303,0.9556467533111572,0.9669459462165833
probe_00663_spk06.wav,/home/hye0n/projects/cnn-based-audio-pii-classification/src/cnn/data_probe/output/probe_00663_spk06.wav,번호는 칠공이공칠공일육공일육육이구구칠입니다.,7020701601662997,,male,spk06,probe_cont_16,probe,1,4.0,16,1,16,sentence,continuous,0.18839014321565628,0.06617385603685356,0.2792275846004486,0.12348069995641708,0.16246214509010315,0.18839014321565628
probe_00664_spk07.wav,/home/hye0n/projects/cnn-based-audio-pii-classification/src/cnn/data_probe/output/probe_00664_spk07.wav,번호는 구오사오삼팔일칠구이일칠일칠사칠입니다.,9545381792171747,,female,spk07,probe_cont_16,probe,1,4.72,16,1,16,sentence,continuous,0.9292842745780945,0.014225164744652848,0.922651469707489,0.9161526560783386,0.9490486979484558,0.9292842745780945
probe_00665_spk08.wav,/home/hye0n/projects/cnn-based-audio-pii-classification/src/cnn/data_probe/output/probe_00665_spk08.wav,번호는 칠삼삼이구사오육이오오칠칠공일칠입니다.,7332945625577017,,male,spk08,probe_cont_16,probe,1,4.8,16,1,16,sentence,continuous,0.9556695620218912,0.024750081945028427,0.9874939322471619,0.9271376729011536,0.9523770809173584,0.9556695620218912
probe_00666_spk09.wav,/home/hye0n/projects/cnn-based-audio-pii-classification/src/cnn/data_probe/output/probe_00666_spk09.wav,번호는 일오칠칠이사오구구이팔일육일오팔입니다.,1577245992816158,,female,spk09,probe_cont_16,probe,1,4.16,16,1,16,sentence,continuous,0.9908752044041952,0.0016937482048523305,0.9895201921463013,0.9898421168327332,0.993263304233551,0.9908752044041952
probe_00667_spk10.wav,/home/hye0n/projects/cnn-based-audio-pii-classification/src/cnn/data_probe/output/probe_00667_spk10.wav,번호는 일사팔칠육구육삼구삼팔이칠육일오입니다.,1487696393827615,,male,spk10,probe_cont_16,probe,1,4.0,16,1,16,sentence,continuous,0.8476449251174927,0.05196435658971665,0.7764875888824463,0.8991269469261169,0.8673202395439148,0.8476449251174927
probe_00668_spk11.wav,/home/hye0n/projects/cnn-based-audio-pii-classification/src/cnn/data_probe/output/probe_00668_spk11.wav,번호는 삼구육육구오팔삼이일구칠일구구칠입니다.,3966958321971997,,female,spk11,probe_cont_16,probe,1,4.48,16,1,16,sentence,continuous,0.9873756567637125,0.004954264109095164,0.9804314970970154,0.9900408387184143,0.991654634475708,0.9873756567637125
probe_00669_spk12.wav,/home/hye0n/projects/cnn-based-audio-pii-classification/src/cnn/data_probe/output/probe_00669_spk12.wav,번호는 오팔일칠이사육일구일구육오칠공일입니다.,5817246191965701,,male,spk12,probe_cont_16,probe,1,3.92,16,1,16,sentence,continuous,0.9733047087987264,0.006848113401765999,0.9709925055503845,0.9826054573059082,0.9663161635398865,0.9733047087987264
probe_00670_spk13.wav,/home/hye0n/projects/cnn-based-audio-pii-classification/src/cnn/data_probe/output/probe_00670_spk13.wav,번호는 삼이구공이이칠팔사육구구칠삼삼오입니다.,3290227846997335,,male,spk13,probe_cont_16,probe,1,3.92,16,1,16,sentence,continuous,0.9450610478719076,0.028555619404434997,0.9618430137634277,0.9048595428466797,0.9684805870056152,0.9450610478719076
probe_00671_spk14.wav,/home/hye0n/projects/cnn-based-audio-pii-classification/src/cnn/data_probe/output/probe_00671_spk14.wav,번호는 사구사육오일구공구팔육이사공오팔입니다.,4946519098624058,,female,spk14,probe_cont_16,probe,1,4.32,16,1,16,sentence,continuous,0.951981802781423,0.012664227683448942,0.9399226903915405,0.9465436935424805,0.9694790244102478,0.951981802781423
probe_00672_spk01.wav,/home/hye0n/projects/cnn-based-audio-pii-classification/src/cnn/data_probe/output/probe_00672_spk01.wav,번호는 공공팔오일사공삼육구육오육육육육입니다.,0085140369656666,,female,spk01,probe_cont_16,probe,1,5.44,16,1,16,sentence,continuous,0.9401028354962667,0.016033786096349013,0.9179033637046814,0.9552039504051208,0.9472011923789978,0.9401028354962667
probe_00673_spk02.wav,/home/hye0n/projects/cnn-based-audio-pii-classification/src/cnn/data_probe/output/probe_00673_spk02.wav,번호는 팔삼이칠이삼팔육오육이사이이공일입니다.,8327238656242201,,male,spk02,probe_cont_16,probe,1,3.92,16,1,16,sentence,continuous,0.9007071256637573,0.029523687254224877,0.8840465545654297,0.9421929717063904,0.8758818507194519,0.9007071256637573
probe_00674_spk03.wav,/home/hye0n/projects/cnn-based-audio-pii-classification/src/cnn/data_probe/output/probe_00674_spk03.wav,번호는 공이칠육이일이육칠구육구이칠팔육입니다.,0276212679692786,,female,spk03,probe_cont_16,probe,1,4.24,16,1,16,sentence,continuous,0.9905925194422404,0.003278609117423586,0.9891780614852905,0.9951238036155701,0.9874756932258606,0.9905925194422404
probe_00675_spk04.wav,/home/hye0n/projects/cnn-based-audio-pii-classification/src/cnn/data_probe/output/probe_00675_spk04.wav,번호는 팔칠육오삼이육구공구칠삼팔사육팔입니다.,8765326909738468,,male,spk04,probe_cont_16,probe,1,5.04,16,1,16,sentence,continuous,0.9813826481501261,0.003743539619970341,0.9825511574745178,0.976326584815979,0.9852702021598816,0.9813826481501261
probe_00676_spk05.wav,/home/hye0n/projects/cnn-based-audio-pii-classification/src/cnn/data_probe/output/probe_00676_spk05.wav,번호는 구오공공구칠오일구칠일이팔사칠팔입니다.,9500975197128478,,female,spk05,probe_cont_16,probe,1,4.0,16,1,16,sentence,continuous,0.9752738277117411,0.007169666415218837,0.9787451028823853,0.9817885756492615,0.9652878046035767,0.9752738277117411
probe_00677_spk06.wav,/home/hye0n/projects/cnn-based-audio-pii-classification/src/cnn/data_probe/output/probe_00677_spk06.wav,번호는 일팔구일삼칠일팔구사구공오팔공칠입니다.,1891371894905807,,male,spk06,probe_cont_16,probe,1,5.36,16,1,16,sentence,continuous,0.2603614628314972,0.007680850720986848,0.2504735589027405,0.2691996693611145,0.2614111602306366,0.2603614628314972
probe_00678_spk07.wav,/home/hye0n/projects/cnn-based-audio-pii-classification/src/cnn/data_probe/output/probe_00678_spk07.wav,번호는 칠팔칠구오육오사사이공구사구사공입니다.,7879565442094940,,female,spk07,probe_cont_16,probe,1,4.16,16,1,16,sentence,continuous,0.9913512269655863,0.0029102727765799863,0.9910510778427124,0.9879464507102966,0.99505615234375,0.9913512269655863
probe_00679_spk08.wav,/home/hye0n/projects/cnn-based-audio-pii-classification/src/cnn/data_probe/output/probe_00679_spk08.wav,번호는 칠구이구공사구공사칠일이팔일사사입니다.,7929049047128144,,male,spk08,probe_cont_16,probe,1,4.16,16,1,16,sentence,continuous,0.9705792466799418,0.013088092029273427,0.9812586903572083,0.9521471858024597,0.9783318638801575,0.9705792466799418
probe_00680_spk09.wav,/home/hye0n/projects/cnn-based-audio-pii-classification/src/cnn/data_probe/output/probe_00680_spk09.wav,번호는 이구사사사공일구이구이칠오이사삼입니다.,2944401929275243,,female,spk09,probe_cont_16,probe,1,3.84,16,1,16,sentence,continuous,0.979367196559906,0.003903591117129878,0.9747141003608704,0.9791210889816284,0.9842664003372192,0.979367196559906
probe_00681_spk10.wav,/home/hye0n/projects/cnn-based-audio-pii-classification/src/cnn/data_probe/output/probe_00681_spk10.wav,번호는 칠이팔공오일이구이칠육육삼칠이삼입니다.,7280512927663723,,male,spk10,probe_cont_16,probe,1,3.92,16,1,16,sentence,continuous,0.6175930301348368,0.09143224734688342,0.5898929238319397,0.7408245801925659,0.5220615863800049,0.6175930301348368
probe_00682_spk11.wav,/home/hye0n/projects/cnn-based-audio-pii-classification/src/cnn/data_probe/output/probe_00682_spk11.wav,번호는 구오공사일공이칠육칠사칠팔삼육육입니다.,9504102767478366,,female,spk11,probe_cont_16,probe,1,5.04,16,1,16,sentence,continuous,0.9287990729014078,0.013475264552561476,0.9472341537475586,0.9237630367279053,0.9154000282287598,0.9287990729014078
probe_00683_spk12.wav,/home/hye0n/projects/cnn-based-audio-pii-classification/src/cnn/data_probe/output/probe_00683_spk12.wav,번호는 칠사이팔육공사칠육오팔공일팔오육입니다.,7428604765801856,,male,spk12,probe_cont_16,probe,1,3.84,16,1,16,sentence,continuous,0.9911020795504252,0.0025025206347714683,0.9897229671478271,0.9889689683914185,0.99461430311203,0.9911020795504252
probe_00684_spk13.wav,/home/hye0n/projects/cnn-based-audio-pii-classification/src/cnn/data_probe/output/probe_00684_spk13.wav,번호는 구사오사사일사구육칠삼구삼팔오이입니다.,9454414967393852,,male,spk13,probe_cont_16,probe,1,4.16,16,1,16,sentence,continuous,0.27239548166592914,0.023848916087987813,0.2912747859954834,0.28715986013412476,0.23875179886817932,0.27239548166592914
probe_00685_spk14.wav,/home/hye0n/projects/cnn-based-audio-pii-classification/src/cnn/data_probe/output/probe_00685_spk14.wav,번호는 오팔공공일공육일팔일칠오삼사사삼입니다.,5800106181753443,,female,spk14,probe_cont_16,probe,1,4.96,16,1,16,sentence,continuous,0.6058614253997803,0.2112761126037567,0.6646942496299744,0.8301385641098022,0.3227514624595642,0.6058614253997803
probe_00686_spk01.wav,/home/hye0n/projects/cnn-based-audio-pii-classification/src/cnn/data_probe/output/probe_00686_spk01.wav,번호는 공공구일공구삼구일일일구이육구이입니다.,0091093911192692,,female,spk01,probe_cont_16,probe,1,4.56,16,1,16,sentence,continuous,0.9892630775769552,0.002477072245470505,0.9861603379249573,0.9894060492515564,0.9922228455543518,0.9892630775769552
probe_00687_spk02.wav,/home/hye0n/projects/cnn-based-audio-pii-classification/src/cnn/data_probe/output/probe_00687_spk02.wav,번호는 일이사사칠일칠사육오사이일사공육입니다.,1244717465421406,,male,spk02,probe_cont_16,probe,1,4.32,16,1,16,sentence,continuous,0.9707531134287516,0.003742029639897862,0.973289966583252,0.9735068082809448,0.9654625654220581,0.9707531134287516
probe_00688_spk03.wav,/home/hye0n/projects/cnn-based-audio-pii-classification/src/cnn/data_probe/output/probe_00688_spk03.wav,번호는 육오공사사이칠일칠삼구육이칠일이입니다.,6504427173962712,,female,spk03,probe_cont_16,probe,1,4.16,16,1,16,sentence,continuous,0.9443711837132772,0.018127764970298454,0.9232272505760193,0.9423882961273193,0.9674980044364929,0.9443711837132772
probe_00689_spk04.wav,/home/hye0n/projects/cnn-based-audio-pii-classification/src/cnn/data_probe/output/probe_00689_spk04.wav,번호는 팔육삼구일칠사일공일일구사칠공칠입니다.,8639174101194707,,male,spk04,probe_cont_16,probe,1,4.16,16,1,16,sentence,continuous,0.9868668715159098,0.005117936040698592,0.9796318411827087,0.9903092980384827,0.9906594753265381,0.9868668715159098
probe_00690_spk05.wav,/home/hye0n/projects/cnn-based-audio-pii-classification/src/cnn/data_probe/output/probe_00690_spk05.wav,번호는 이공공육사이오육구공팔칠칠육육일입니다.,2006425690877661,,female,spk05,probe_cont_16,probe,1,5.2,16,1,16,sentence,continuous,0.9837970534960429,0.005993262741438282,0.9754626154899597,0.9866294860839844,0.9892990589141846,0.9837970534960429
probe_00691_spk06.wav,/home/hye0n/projects/cnn-based-audio-pii-classification/src/cnn/data_probe/output/probe_00691_spk06.wav,번호는 팔삼공육칠일구팔오오사육공일오팔입니다.,8306719855460158,,male,spk06,probe_cont_16,probe,1,4.08,16,1,16,sentence,continuous,0.9748406807581583,0.0024425824319492333,0.9781396985054016,0.9723042249679565,0.9740781188011169,0.9748406807581583
probe_00692_spk07.wav,/home/hye0n/projects/cnn-based-audio-pii-classification/src/cnn/data_probe/output/probe_00692_spk07.wav,번호는 오일칠사삼이팔공육삼사육일오칠일입니다.,5174328063461571,,female,spk07,probe_cont_16,probe,1,4.48,16,1,16,sentence,continuous,0.978279729684194,0.002815202038183088,0.9811033010482788,0.9792987108230591,0.9744371771812439,0.978279729684194
probe_00693_spk08.wav,/home/hye0n/projects/cnn-based-audio-pii-classification/src/cnn/data_probe/output/probe_00693_spk08.wav,번호는 칠삼이공삼공구삼칠육일팔사칠팔칠입니다.,7320309376184787,,male,spk08,probe_cont_16,probe,1,4.88,16,1,16,sentence,continuous,0.9863610863685608,0.0045419771805051265,0.98026442527771,0.9876580238342285,0.9911608099937439,0.9863610863685608
probe_00694_spk09.wav,/home/hye0n/projects/cnn-based-audio-pii-classification/src/cnn/data_probe/output/probe_00694_spk09.wav,번호는 공공오공오공육일삼팔칠팔이구삼일입니다.,0050506138782931,,female,spk09,probe_cont_16,probe,1,4.8,16,1,16,sentence,continuous,0.9350820382436117,0.013114704419449768,0.9167462587356567,0.9466670751571655,0.9418327808380127,0.9350820382436117
probe_00695_spk10.wav,/home/hye0n/projects/cnn-based-audio-pii-classification/src/cnn/data_probe/output/probe_00695_spk10.wav,번호는 공이칠공칠구공삼이공이공사일칠구입니다.,0270790320204179,,male,spk10,probe_cont_16,probe,1,4.0,16,1,16,sentence,continuous,0.9771212339401245,0.005088120173301878,0.9710280895233154,0.9768528938293457,0.9834827184677124,0.9771212339401245
probe_00696_spk11.wav,/home/hye0n/projects/cnn-based-audio-pii-classification/src/cnn/data_probe/output/probe_00696_spk11.wav,번호는 이구일일일칠구구삼일삼육오육오일입니다.,2911179931365651,,female,spk11,probe_cont_16,probe,1,5.36,16,1,16,sentence,continuous,0.9673298398653666,0.008377667003939835,0.9637216329574585,0.97890704870224,0.9593608379364014,0.9673298398653666
probe_00697_spk12.wav,/home/hye0n/projects/cnn-based-audio-pii-classification/src/cnn/data_probe/output/probe_00697_spk12.wav,번호는 구팔이오삼공구이오일일사이육이오입니다.,9825309251142625,,male,spk12,probe_cont_16,probe,1,3.52,16,1,16,sentence,continuous,0.7706900636355082,0.04413046941962465,0.7315723896026611,0.8323630690574646,0.7481347322463989,0.7706900636355082
probe_00698_spk13.wav,/home/hye0n/projects/cnn-based-audio-pii-classification/src/cnn/data_probe/output/probe_00698_spk13.wav,번호는 팔이칠삼구공이일구육이공칠일공공입니다.,8273902196207100,,male,spk13,probe_cont_16,probe,1,3.76,16,1,16,sentence,continuous,0.5230149726072947,0.12336058135470689,0.6352106928825378,0.35121992230415344,0.5826143026351929,0.5230149726072947
probe_00699_spk14.wav,/home/hye0n/projects/cnn-based-audio-pii-classification/src/cnn/data_probe/output/probe_00699_spk14.wav,번호는 이일구사육칠이삼이사팔칠육삼이구입니다.,2194672324876329,,female,spk14,probe_cont_16,probe,1,4.64,16,1,16,sentence,continuous,0.9762942393620809,0.0014245031546402545,0.9756860136985779,0.9782615900039673,0.9749351143836975,0.9762942393620809
probe_00700_spk01.wav,/home/hye0n/projects/cnn-based-audio-pii-classification/src/cnn/data_probe/output/probe_00700_spk01.wav,번호는 공구이칠 구일사오입니다.,0927-9145,,female,spk01,probe_grp4x2,probe,1,2.96,8,2,4,sentence,grouped4,0.022114273781577747,0.007206343297165447,0.014360424131155014,0.02026359550654888,0.03171880170702934,0.022114273781577747
probe_00701_spk02.wav,/home/hye0n/projects/cnn-based-audio-pii-classification/src/cnn/data_probe/output/probe_00701_spk02.wav,번호는 육공팔삼 삼일팔일입니다.,6083-3181,,male,spk02,probe_grp4x2,probe,1,3.6,8,2,4,sentence,grouped4,0.018205725277463596,0.0047937340105934974,0.01282321847975254,0.02446647360920906,0.017327483743429184,0.018205725277463596
probe_00702_spk03.wav,/home/hye0n/projects/cnn-based-audio-pii-classification/src/cnn/data_probe/output/probe_00702_spk03.wav,번호는 구오팔팔 삼칠삼사입니다.,9588-3734,,female,spk03,probe_grp4x2,probe,1,3.44,8,2,4,sentence,grouped4,0.41321098804473877,0.0668452607989167,0.31873515248298645,0.46330735087394714,0.4575904607772827,0.41321098804473877
probe_00703_spk04.wav,/home/hye0n/projects/cnn-based-audio-pii-classification/src/cnn/data_probe/output/probe_00703_spk04.wav,번호는 공삼일이 칠칠이이입니다.,0312-7722,,male,spk04,probe_grp4x2,probe,1,2.72,8,2,4,sentence,grouped4,0.04376558711131414,0.03160812191219758,0.016653751954436302,0.08810009062290192,0.026542918756604195,0.04376558711131414
probe_00704_spk05.wav,/home/hye0n/projects/cnn-based-audio-pii-classification/src/cnn/data_probe/output/probe_00704_spk05.wav,번호는 공공오사 삼육사오입니다.,0054-3645,,female,spk05,probe_grp4x2,probe,1,2.48,8,2,4,sentence,grouped4,0.03348934588332971,0.012068965574840714,0.023272406309843063,0.050438445061445236,0.02675718627870083,0.03348934588332971
probe_00705_spk06.wav,/home/hye0n/projects/cnn-based-audio-pii-classification/src/cnn/data_probe/output/probe_00705_spk06.wav,번호는 구칠공일 공팔이이입니다.,9701-0822,,male,spk06,probe_grp4x2,probe,1,2.88,8,2,4,sentence,grouped4,0.004348530899733305,0.000354361063511477,0.003998278174549341,0.0042132544331252575,0.004834060091525316,0.004348530899733305
probe_00706_spk07.wav,/home/hye0n/projects/cnn-based-audio-pii-classification/src/cnn/data_probe/output/probe_00706_spk07.wav,번호는 공칠팔일 일삼칠구입니다.,0781-1379,,female,spk07,probe_grp4x2,probe,1,3.04,8,2,4,sentence,grouped4,0.15784587959448496,0.021074371619380607,0.16041265428066254,0.13084766268730164,0.18227732181549072,0.15784587959448496
probe_00707_spk08.wav,/home/hye0n/projects/cnn-based-audio-pii-classification/src/cnn/data_probe/output/probe_00707_spk08.wav,번호는 구오육삼 오삼일오입니다.,9563-5315,,male,spk08,probe_grp4x2,probe,1,2.64,8,2,4,sentence,grouped4,0.027407212182879448,0.007918095457862716,0.03841789811849594,0.020136097446084023,0.02366764098405838,0.027407212182879448
probe_00708_spk09.wav,/home/hye0n/projects/cnn-based-audio-pii-classification/src/cnn/data_probe/output/probe_00708_spk09.wav,번호는 삼일삼육 삼육삼일입니다.,3136-3631,,female,spk09,probe_grp4x2,probe,1,3.28,8,2,4,sentence,grouped4,0.10230845337112744,0.07196800807781464,0.0721508339047432,0.033203061670064926,0.20157146453857422,0.10230845337112744
probe_00709_spk10.wav,/home/hye0n/projects/cnn-based-audio-pii-classification/src/cnn/data_probe/output/probe_00709_spk10.wav,번호는 칠구칠공 육이삼구입니다.,7970-6239,,male,spk10,probe_grp4x2,probe,1,3.04,8,2,4,sentence,grouped4,0.00246616848744452,0.0002711027150431181,0.0028450230602174997,0.0022257810924202204,0.00232770130969584,0.00246616848744452
probe_00710_spk11.wav,/home/hye0n/projects/cnn-based-audio-pii-classification/src/cnn/data_probe/output/probe_00710_spk11.wav,번호는 칠이육오 이칠삼오입니다.,7265-2735,,female,spk11,probe_grp4x2,probe,1,3.04,8,2,4,sentence,grouped4,0.14037309090296426,0.034768410233509656,0.0942319929599762,0.1781580150127411,0.14872926473617554,0.14037309090296426
probe_00711_spk12.wav,/home/hye0n/projects/cnn-based-audio-pii-classification/src/cnn/data_probe/output/probe_00711_spk12.wav,번호는 사삼오이 공구공사입니다.,4352-0904,,male,spk12,probe_grp4x2,probe,1,2.16,8,2,4,sentence,grouped4,0.0051784091629087925,0.0016617302346367258,0.004980686120688915,0.003249291330575943,0.007305250037461519,0.0051784091629087925
probe_00712_spk13.wav,/home/hye0n/projects/cnn-based-audio-pii-classification/src/cnn/data_probe/output/probe_00712_spk13.wav,번호는 이일칠칠 육이오삼입니다.,2177-6253,,male,spk13,probe_grp4x2,probe,1,2.32,8,2,4,sentence,grouped4,0.019320511259138584,0.006224532146901451,0.011102060787379742,0.020698435604572296,0.026161037385463715,0.019320511259138584
probe_00713_spk14.wav,/home/hye0n/projects/cnn-based-audio-pii-classification/src/cnn/data_probe/output/probe_00713_spk14.wav,번호는 사구이구 이구팔삼입니다.,4929-2983,,female,spk14,probe_grp4x2,probe,1,2.48,8,2,4,sentence,grouped4,0.013032700245579084,0.004872374528703681,0.011068381369113922,0.008295057341456413,0.019734662026166916,0.013032700245579084
probe_00714_spk01.wav,/home/hye0n/projects/cnn-based-audio-pii-classification/src/cnn/data_probe/output/probe_00714_spk01.wav,번호는 일육팔칠 삼구칠칠입니다.,1687-3977,,female,spk01,probe_grp4x2,probe,1,2.88,8,2,4,sentence,grouped4,0.017300278258820374,0.008213697772122103,0.01542458776384592,0.008310455828905106,0.0281657911837101,0.017300278258820374
probe_00715_spk02.wav,/home/hye0n/projects/cnn-based-audio-pii-classification/src/cnn/data_probe/output/probe_00715_spk02.wav,번호는 사공육삼 삼오육구입니다.,4063-3569,,male,spk02,probe_grp4x2,probe,1,3.92,8,2,4,sentence,grouped4,0.08985649049282074,0.01641722299577826,0.07052338868379593,0.11065682768821716,0.08838925510644913,0.08985649049282074
probe_00716_spk03.wav,/home/hye0n/projects/cnn-based-audio-pii-classification/src/cnn/data_probe/output/probe_00716_spk03.wav,번호는 삼구이구 공육공공입니다.,3929-0600,,female,spk03,probe_grp4x2,probe,1,3.12,8,2,4,sentence,grouped4,0.07490513722101848,0.04924171880873377,0.03734012693166733,0.0429060235619545,0.1444692611694336,0.07490513722101848
probe_00717_spk04.wav,/home/hye0n/projects/cnn-based-audio-pii-classification/src/cnn/data_probe/output/probe_00717_spk04.wav,번호는 칠팔공육 팔육칠일입니다.,7806-8671,,male,spk04,probe_grp4x2,probe,1,2.8,8,2,4,sentence,grouped4,0.30162278066078824,0.18164102877321459,0.10754082351922989,0.2529265284538269,0.5444009900093079,0.30162278066078824
probe_00718_spk05.wav,/home/hye0n/projects/cnn-based-audio-pii-classification/src/cnn/data_probe/output/probe_00718_spk05.wav,번호는 칠칠삼일 팔공육삼입니다.,7731-8063,,female,spk05,probe_grp4x2,probe,1,2.88,8,2,4,sentence,grouped4,0.04517176250616709,0.018137468107499232,0.031951963901519775,0.07081792503595352,0.032745398581027985,0.04517176250616709
probe_00719_spk06.wav,/home/hye0n/projects/cnn-based-audio-pii-classification/src/cnn/data_probe/output/probe_00719_spk06.wav,번호는 이오사삼 일공칠사입니다.,2543-1074,,male,spk06,probe_grp4x2,probe,1,2.56,8,2,4,sentence,grouped4,0.018569212562094133,0.012491230885313512,0.006132617127150297,0.035652343183755875,0.013922677375376225,0.018569212562094133
probe_00720_spk07.wav,/home/hye0n/projects/cnn-based-audio-pii-classification/src/cnn/data_probe/output/probe_00720_spk07.wav,번호는 이칠구구 공칠칠이입니다.,2799-0772,,female,spk07,probe_grp4x2,probe,1,2.56,8,2,4,sentence,grouped4,0.01788235952456792,0.0054471137848868785,0.013188156299293041,0.014939856715500355,0.02551906555891037,0.01788235952456792
probe_00721_spk08.wav,/home/hye0n/projects/cnn-based-audio-pii-classification/src/cnn/data_probe/output/probe_00721_spk08.wav,번호는 육이오칠 공일육오입니다.,6257-0165,,male,spk08,probe_grp4x2,probe,1,2.72,8,2,4,sentence,grouped4,0.10264539221922557,0.050381503920262354,0.051426470279693604,0.17114903032779694,0.08536067605018616,0.10264539221922557
probe_00722_spk09.wav,/home/hye0n/projects/cnn-based-audio-pii-classification/src/cnn/data_probe/output/probe_00722_spk09.wav,번호는 팔공사육 사구팔구입니다.,8046-4989,,female,spk09,probe_grp4x2,probe,1,3.36,8,2,4,sentence,grouped4,0.03312341868877411,0.02789018075848489,0.009722735732793808,0.01732650026679039,0.07232102006673813,0.03312341868877411
probe_00723_spk10.wav,/home/hye0n/projects/cnn-based-audio-pii-classification/src/cnn/data_probe/output/probe_00723_spk10.wav,번호는 삼일구오 공팔오공입니다.,3195-0850,,male,spk10,probe_grp4x2,probe,1,2.4,8,2,4,sentence,grouped4,0.007689054434498151,0.0017065930797453867,0.008062151260674,0.005437490530312061,0.009567521512508392,0.007689054434498151
probe_00724_spk11.wav,/home/hye0n/projects/cnn-based-audio-pii-classification/src/cnn/data_probe/output/probe_00724_spk11.wav,번호는 일육오칠 구공오오입니다.,1657-9055,,female,spk11,probe_grp4x2,probe,1,3.84,8,2,4,sentence,grouped4,0.024328851761917274,0.008219631067697,0.03500927612185478,0.015014988370239735,0.022962290793657303,0.024328851761917274
probe_00725_spk12.wav,/home/hye0n/projects/cnn-based-audio-pii-classification/src/cnn/data_probe/output/probe_00725_spk12.wav,번호는 이팔일팔 삼이오삼입니다.,2818-3253,,male,spk12,probe_grp4x2,probe,1,3.2,8,2,4,sentence,grouped4,0.04209150498112043,0.001990885018741213,0.044782135635614395,0.04002798721194267,0.041464392095804214,0.04209150498112043
probe_00726_spk13.wav,/home/hye0n/projects/cnn-based-audio-pii-classification/src/cnn/data_probe/output/probe_00726_spk13.wav,번호는 팔일칠구 삼삼오오입니다.,8179-3355,,male,spk13,probe_grp4x2,probe,1,2.48,8,2,4,sentence,grouped4,0.01943411600465576,0.015560602683896885,0.006905721966177225,0.010030574165284634,0.04136605188250542,0.01943411600465576
probe_00727_spk14.wav,/home/hye0n/projects/cnn-based-audio-pii-classification/src/cnn/data_probe/output/probe_00727_spk14.wav,번호는 사팔육사 공일오오입니다.,4864-0155,,female,spk14,probe_grp4x2,probe,1,2.96,8,2,4,sentence,grouped4,0.049622597793738045,0.008490996569840295,0.04326281696557999,0.04398146644234657,0.06162350997328758,0.049622597793738045
probe_00728_spk01.wav,/home/hye0n/projects/cnn-based-audio-pii-classification/src/cnn/data_probe/output/probe_00728_spk01.wav,번호는 칠칠팔팔 일칠팔팔입니다.,7788-1788,,female,spk01,probe_grp4x2,probe,1,3.36,8,2,4,sentence,grouped4,0.1922787701090177,0.07378735764257444,0.11020611971616745,0.28912657499313354,0.17750361561775208,0.1922787701090177
probe_00729_spk02.wav,/home/hye0n/projects/cnn-based-audio-pii-classification/src/cnn/data_probe/output/probe_00729_spk02.wav,번호는 사칠구오 일삼칠일입니다.,4795-1371,,male,spk02,probe_grp4x2,probe,1,2.72,8,2,4,sentence,grouped4,0.009678061896314224,0.003430404301505395,0.005081599112600088,0.0133201340213418,0.010632452555000782,0.009678061896314224
probe_00730_spk03.wav,/home/hye0n/projects/cnn-based-audio-pii-classification/src/cnn/data_probe/output/probe_00730_spk03.wav,번호는 일육이사 일일이사입니다.,1624-1124,,female,spk03,probe_grp4x2,probe,1,2.88,8,2,4,sentence,grouped4,0.22921613603830338,0.13520335534477565,0.19168007373809814,0.4103516638278961,0.08561667054891586,0.22921613603830338
probe_00731_spk04.wav,/home/hye0n/projects/cnn-based-audio-pii-classification/src/cnn/data_probe/output/probe_00731_spk04.wav,번호는 일이칠이 삼팔공사입니다.,1272-3804,,male,spk04,probe_grp4x2,probe,1,2.64,8,2,4,sentence,grouped4,0.005994506645947695,0.0019617916131493,0.004028630442917347,0.008672861382365227,0.005282028112560511,0.005994506645947695
probe_00732_spk05.wav,/home/hye0n/projects/cnn-based-audio-pii-classification/src/cnn/data_probe/output/probe_00732_spk05.wav,번호는 육팔이칠 오육칠공입니다.,6827-5670,,female,spk05,probe_grp4x2,probe,1,3.44,8,2,4,sentence,grouped4,0.4066093862056732,0.2231194573278753,0.13174894452095032,0.6782492995262146,0.40982991456985474,0.4066093862056732
probe_00733_spk06.wav,/home/hye0n/projects/cnn-based-audio-pii-classification/src/cnn/data_probe/output/probe_00733_spk06.wav,번호는 사삼일공 삼팔오육입니다.,4310-3856,,male,spk06,probe_grp4x2,probe,1,2.8,8,2,4,sentence,grouped4,0.009894199048479399,0.004998735509731121,0.007749209180474281,0.01680024340748787,0.005133144557476044,0.009894199048479399
probe_00734_spk07.wav,/home/hye0n/projects/cnn-based-audio-pii-classification/src/cnn/data_probe/output/probe_00734_spk07.wav,번호는 구오오칠 구팔팔칠입니다.,9557-9887,,female,spk07,probe_grp4x2,probe,1,3.36,8,2,4,sentence,grouped4,0.1571961355706056,0.07209643839320344,0.06124766543507576,0.17529959976673126,0.23504114151000977,0.1571961355706056
probe_00735_spk08.wav,/home/hye0n/projects/cnn-based-audio-pii-classification/src/cnn/data_probe/output/probe_00735_spk08.wav,번호는 칠사구이 사이사삼입니다.,7492-4243,,male,spk08,probe_grp4x2,probe,1,2.64,8,2,4,sentence,grouped4,0.12094891505936782,0.10863951385862942,0.022573499009013176,0.06793327629566193,0.27233996987342834,0.12094891505936782
probe_00736_spk09.wav,/home/hye0n/projects/cnn-based-audio-pii-classification/src/cnn/data_probe/output/probe_00736_spk09.wav,번호는 칠오사공 이오사칠입니다.,7540-2547,,female,spk09,probe_grp4x2,probe,1,2.48,8,2,4,sentence,grouped4,0.010495851592471203,0.002767316666424553,0.006842853035777807,0.011106306686997414,0.013538395054638386,0.010495851592471203
probe_00737_spk10.wav,/home/hye0n/projects/cnn-based-audio-pii-classification/src/cnn/data_probe/output/probe_00737_spk10.wav,번호는 이구이팔 사이이이입니다.,2928-4222,,male,spk10,probe_grp4x2,probe,1,2.48,8,2,4,sentence,grouped4,0.005455927535270651,0.001445791416151362,0.0034387686755508184,0.006753940600901842,0.006175073329359293,0.005455927535270651
probe_00738_spk11.wav,/home/hye0n/projects/cnn-based-audio-pii-classification/src/cnn/data_probe/output/probe_00738_spk11.wav,번호는 이삼일공 오구이칠입니다.,2310-5927,,female,spk11,probe_grp4x2,probe,1,2.64,8,2,4,sentence,grouped4,0.029493856243789196,0.013849627262383386,0.011639525182545185,0.03144711256027222,0.045394930988550186,0.029493856243789196
probe_00739_spk12.wav,/home/hye0n/projects/cnn-based-audio-pii-classification/src/cnn/data_probe/output/probe_00739_spk12.wav,번호는 사오이삼 팔공오오입니다.,4523-8055,,male,spk12,probe_grp4x2,probe,1,2.96,8,2,4,sentence,grouped4,0.0041906261661400395,0.0004729391443692913,0.004845207557082176,0.0037443835753947496,0.0039822873659431934,0.0041906261661400395
probe_00740_spk13.wav,/home/hye0n/projects/cnn-based-audio-pii-classification/src/cnn/data_probe/output/probe_00740_spk13.wav,번호는 이오칠팔 이팔사일입니다.,2578-2841,,male,spk13,probe_grp4x2,probe,1,2.4,8,2,4,sentence,grouped4,0.020449986060460407,0.008766417010693422,0.010549528524279594,0.018937954679131508,0.03186247497797012,0.020449986060460407
probe_00741_spk14.wav,/home/hye0n/projects/cnn-based-audio-pii-classification/src/cnn/data_probe/output/probe_00741_spk14.wav,번호는 공육칠이 칠오이공입니다.,0672-7520,,female,spk14,probe_grp4x2,probe,1,2.96,8,2,4,sentence,grouped4,0.06584723542133968,0.04154072132444026,0.03707580640912056,0.03587530180811882,0.12459059804677963,0.06584723542133968
probe_00742_spk01.wav,/home/hye0n/projects/cnn-based-audio-pii-classification/src/cnn/data_probe/output/probe_00742_spk01.wav,번호는 팔팔오사 칠사구이입니다.,8854-7492,,female,spk01,probe_grp4x2,probe,1,2.8,8,2,4,sentence,grouped4,0.023608486944188673,0.019344737215917618,0.007261182647198439,0.012784704566001892,0.05077957361936569,0.023608486944188673
probe_00743_spk02.wav,/home/hye0n/projects/cnn-based-audio-pii-classification/src/cnn/data_probe/output/probe_00743_spk02.wav,번호는 구칠오일 칠공이팔입니다.,9751-7028,,male,spk02,probe_grp4x2,probe,1,2.48,8,2,4,sentence,grouped4,0.01676744424427549,0.009642518791395114,0.004395269323140383,0.027919840067625046,0.017987223342061043,0.01676744424427549
probe_00744_spk03.wav,/home/hye0n/projects/cnn-based-audio-pii-classification/src/cnn/data_probe/output/probe_00744_spk03.wav,번호는 일사공육 구삼칠오입니다.,1406-9375,,female,spk03,probe_grp4x2,probe,1,3.04,8,2,4,sentence,grouped4,0.07725361237923305,0.03742289146005387,0.06673265993595123,0.12743280827999115,0.037595368921756744,0.07725361237923305
probe_00745_spk04.wav,/home/hye0n/projects/cnn-based-audio-pii-classification/src/cnn/data_probe/output/probe_00745_spk04.wav,번호는 일오공구 삼구팔삼입니다.,1509-3983,,male,spk04,probe_grp4x2,probe,1,3.04,8,2,4,sentence,grouped4,0.07735292613506317,0.0006625584979117123,0.07661537826061249,0.07722120732069016,0.07822219282388687,0.07735292613506317
probe_00746_spk05.wav,/home/hye0n/projects/cnn-based-audio-pii-classification/src/cnn/data_probe/output/probe_00746_spk05.wav,번호는 사삼공일 팔칠일팔입니다.,4301-8718,,female,spk05,probe_grp4x2,probe,1,3.04,8,2,4,sentence,grouped4,0.43374153474966687,0.13740633451059867,0.24836958944797516,0.47594302892684937,0.576911985874176,0.43374153474966687
probe_00747_spk06.wav,/home/hye0n/projects/cnn-based-audio-pii-classification/src/cnn/data_probe/output/probe_00747_spk06.wav,번호는 육삼칠오 구구팔공입니다.,6375-9980,,male,spk06,probe_grp4x2,probe,1,2.32,8,2,4,sentence,grouped4,0.0020905282581225038,0.00023670062501691125,0.0017653492977842689,0.002184308134019375,0.0023219273425638676,0.0020905282581225038
probe_00748_spk07.wav,/home/hye0n/projects/cnn-based-audio-pii-classification/src/cnn/data_probe/output/probe_00748_spk07.wav,번호는 오육이육 오육오공입니다.,5626-5650,,female,spk07,probe_grp4x2,probe,1,2.96,8,2,4,sentence,grouped4,0.06708494822184245,0.02777055598042623,0.06684500724077225,0.03319370746612549,0.10121612995862961,0.06708494822184245
probe_00749_spk08.wav,/home/hye0n/projects/cnn-based-audio-pii-classification/src/cnn/data_probe/output/probe_00749_spk08.wav,번호는 사오오사 칠팔일삼입니다.,4554-7813,,male,spk08,probe_grp4x2,probe,1,2.4,8,2,4,sentence,grouped4,0.04160511369506518,0.019653102555960665,0.024046137928962708,0.031726401299238205,0.06904280185699463,0.04160511369506518
probe_00750_spk09.wav,/home/hye0n/projects/cnn-based-audio-pii-classification/src/cnn/data_probe/output/probe_00750_spk09.wav,번호는 칠육칠사 이육육이입니다.,7674-2662,,female,spk09,probe_grp4x2,probe,1,2.64,8,2,4,sentence,grouped4,0.012535073639204105,0.00592823723650687,0.00689671142026782,0.020727582275867462,0.009980927221477032,0.012535073639204105
probe_00751_spk10.wav,/home/hye0n/projects/cnn-based-audio-pii-classification/src/cnn/data_probe/output/probe_00751_spk10.wav,번호는 구구일이 삼사칠팔입니다.,9912-3478,,male,spk10,probe_grp4x2,probe,1,2.4,8,2,4,sentence,grouped4,0.002175984593729178,4.3887084883085046e-05,0.0022373939864337444,0.002153075998649001,0.0021374837961047888,0.002175984593729178
probe_00752_spk11.wav,/home/hye0n/projects/cnn-based-audio-pii-classification/src/cnn/data_probe/output/probe_00752_spk11.wav,번호는 오일구육 일공육사입니다.,5196-1064,,female,spk11,probe_grp4x2,probe,1,3.36,8,2,4,sentence,grouped4,0.16878675917784372,0.11163070986565797,0.11445090174674988,0.3243207037448883,0.067588672041893,0.16878675917784372
probe_00753_spk12.wav,/home/hye0n/projects/cnn-based-audio-pii-classification/src/cnn/data_probe/output/probe_00753_spk12.wav,번호는 육이팔칠 구이삼이입니다.,6287-9232,,male,spk12,probe_grp4x2,probe,1,2.16,8,2,4,sentence,grouped4,0.004605749621987343,0.0012149900810181496,0.0030078873969614506,0.005951881408691406,0.004857480060309172,0.004605749621987343
probe_00754_spk13.wav,/home/hye0n/projects/cnn-based-audio-pii-classification/src/cnn/data_probe/output/probe_00754_spk13.wav,번호는 육사팔칠 공사구사입니다.,6487-0494,,male,spk13,probe_grp4x2,probe,1,2.96,8,2,4,sentence,grouped4,0.009298436033229033,0.004634476844518576,0.007339626085013151,0.0048612128011882305,0.015694469213485718,0.009298436033229033
probe_00755_spk14.wav,/home/hye0n/projects/cnn-based-audio-pii-classification/src/cnn/data_probe/output/probe_00755_spk14.wav,번호는 칠팔칠삼 공공이사입니다.,7873-0024,,female,spk14,probe_grp4x2,probe,1,2.96,8,2,4,sentence,grouped4,0.007665647814671199,0.000945123655781606,0.0075445654802024364,0.008878964930772781,0.006573413033038378,0.007665647814671199
probe_00756_spk01.wav,/home/hye0n/projects/cnn-based-audio-pii-classification/src/cnn/data_probe/output/probe_00756_spk01.wav,번호는 사칠일사 육이칠삼입니다.,4714-6273,,female,spk01,probe_grp4x2,probe,1,3.52,8,2,4,sentence,grouped4,0.046701968957980476,0.012629023518178668,0.035293515771627426,0.06430677324533463,0.04050561785697937,0.046701968957980476
probe_00757_spk02.wav,/home/hye0n/projects/cnn-based-audio-pii-classification/src/cnn/data_probe/output/probe_00757_spk02.wav,번호는 공일사칠 일구오구입니다.,0147-1959,,male,spk02,probe_grp4x2,probe,1,2.72,8,2,4,sentence,grouped4,0.1428780866165956,0.07991590317174412,0.03288936987519264,0.2203821986913681,0.175362691283226,0.1428780866165956
probe_00758_spk03.wav,/home/hye0n/projects/cnn-based-audio-pii-classification/src/cnn/data_probe/output/probe_00758_spk03.wav,번호는 칠구육사 칠일오팔입니다.,7964-7158,,female,spk03,probe_grp4x2,probe,1,2.8,8,2,4,sentence,grouped4,0.038574441646536194,0.02066922206666945,0.012037662789225578,0.06245766207575798,0.041228000074625015,0.038574441646536194
probe_00759_spk04.wav,/home/hye0n/projects/cnn-based-audio-pii-classification/src/cnn/data_probe/output/probe_00759_spk04.wav,번호는 구공사이 구공이오입니다.,9042-9025,,male,spk04,probe_grp4x2,probe,1,2.24,8,2,4,sentence,grouped4,0.002644524754335483,0.00043708695270602984,0.0028467823285609484,0.003049248130992055,0.0020375438034534454,0.002644524754335483
probe_00760_spk05.wav,/home/hye0n/projects/cnn-based-audio-pii-classification/src/cnn/data_probe/output/probe_00760_spk05.wav,번호는 칠이오이 공사오육입니다.,7252-0456,,female,spk05,probe_grp4x2,probe,1,2.56,8,2,4,sentence,grouped4,0.12197032819191615,0.03186188974859283,0.11065825074911118,0.16539934277534485,0.08985339105129242,0.12197032819191615
probe_00761_spk06.wav,/home/hye0n/projects/cnn-based-audio-pii-classification/src/cnn/data_probe/output/probe_00761_spk06.wav,번호는 오공사사 팔일팔삼입니다.,5044-8183,,male,spk06,probe_grp4x2,probe,1,2.72,8,2,4,sentence,grouped4,0.04375953289369742,0.036271397701188424,0.01690005138516426,0.019342904910445213,0.09503564238548279,0.04375953289369742
probe_00762_spk07.wav,/home/hye0n/projects/cnn-based-audio-pii-classification/src/cnn/data_probe/output/probe_00762_spk07.wav,번호는 이일구이 팔오오사입니다.,2192-8554,,female,spk07,probe_grp4x2,probe,1,2.16,8,2,4,sentence,grouped4,0.012700218396882216,0.004279313558606838,0.009725489653646946,0.01875179447233677,0.009623371064662933,0.012700218396882216
probe_00763_spk08.wav,/home/hye0n/projects/cnn-based-audio-pii-classification/src/cnn/data_probe/output/probe_00763_spk08.wav,번호는 사오일팔 구오이공입니다.,4518-9520,,male,spk08,probe_grp4x2,probe,1,2.88,8,2,4,sentence,grouped4,0.5101354618867239,0.125351261681966,0.34499529004096985,0.5368848443031311,0.6485262513160706,0.5101354618867239
probe_00764_spk09.wav,/home/hye0n/projects/cnn-based-audio-pii-classification/src/cnn/data_probe/output/probe_00764_spk09.wav,번호는 이팔사오 칠육오이입니다.,2845-7652,,female,spk09,probe_grp4x2,probe,1,2.88,8,2,4,sentence,grouped4,0.008002027403563261,0.0013830311851202603,0.007266529370099306,0.009939312934875488,0.006800239905714989,0.008002027403563261
probe_00765_spk10.wav,/home/hye0n/projects/cnn-based-audio-pii-classification/src/cnn/data_probe/output/probe_00765_spk10.wav,번호는 일삼이팔 삼삼팔구입니다.,1328-3389,,male,spk10,probe_grp4x2,probe,1,2.88,8,2,4,sentence,grouped4,0.0020787064374114075,0.00021722123857873066,0.002319499384611845,0.0021235118620097637,0.0017931080656126142,0.0020787064374114075
probe_00766_spk11.wav,/home/hye0n/projects/cnn-based-audio-pii-classification/src/cnn/data_probe/output/probe_00766_spk11.wav,번호는 팔팔팔일 육칠일일입니다.,8881-6711,,female,spk11,probe_grp4x2,probe,1,3.76,8,2,4,sentence,grouped4,0.24492722749710083,0.1882988862482005,0.11331044137477875,0.5112162232398987,0.11025501787662506,0.24492722749710083
probe_00767_spk12.wav,/home/hye0n/projects/cnn-based-audio-pii-classification/src/cnn/data_probe/output/probe_00767_spk12.wav,번호는 이공칠오 사오이칠입니다.,2075-4527,,male,spk12,probe_grp4x2,probe,1,2.56,8,2,4,sentence,grouped4,0.0032079098746180534,0.0005908765570765767,0.003825450548902154,0.0033866693265736103,0.002411609748378396,0.0032079098746180534
probe_00768_spk13.wav,/home/hye0n/projects/cnn-based-audio-pii-classification/src/cnn/data_probe/output/probe_00768_spk13.wav,번호는 구팔오이 사공일삼입니다.,9852-4013,,male,spk13,probe_grp4x2,probe,1,2.4,8,2,4,sentence,grouped4,0.014979796949774027,0.010861342565890829,0.00518787419423461,0.009626766666769981,0.03012474998831749,0.014979796949774027
probe_00769_spk14.wav,/home/hye0n/projects/cnn-based-audio-pii-classification/src/cnn/data_probe/output/probe_00769_spk14.wav,번호는 이이삼사 이삼이일입니다.,2234-2321,,female,spk14,probe_grp4x2,probe,1,2.88,8,2,4,sentence,grouped4,0.11117540299892426,0.0798615972917109,0.22229783236980438,0.03813087195158005,0.07309750467538834,0.11117540299892426
probe_00770_spk01.wav,/home/hye0n/projects/cnn-based-audio-pii-classification/src/cnn/data_probe/output/probe_00770_spk01.wav,번호는 육일일공 칠육공삼입니다.,6110-7603,,female,spk01,probe_grp4x2,probe,1,2.96,8,2,4,sentence,grouped4,0.047106308241685234,0.015343483431831464,0.04116605222225189,0.03200245648622513,0.06815041601657867,0.047106308241685234
probe_00771_spk02.wav,/home/hye0n/projects/cnn-based-audio-pii-classification/src/cnn/data_probe/output/probe_00771_spk02.wav,번호는 일공팔구 공칠일사입니다.,1089-0714,,male,spk02,probe_grp4x2,probe,1,2.96,8,2,4,sentence,grouped4,0.04256732016801834,0.022622558892539522,0.010576959699392319,0.058927033096551895,0.05819796770811081,0.04256732016801834
probe_00772_spk03.wav,/home/hye0n/projects/cnn-based-audio-pii-classification/src/cnn/data_probe/output/probe_00772_spk03.wav,번호는 공일사공 일일구삼입니다.,0140-1193,,female,spk03,probe_grp4x2,probe,1,2.72,8,2,4,sentence,grouped4,0.014815276178220907,0.007464314507355044,0.008710931986570358,0.025325780734419823,0.010409115813672543,0.014815276178220907
probe_00773_spk04.wav,/home/hye0n/projects/cnn-based-audio-pii-classification/src/cnn/data_probe/output/probe_00773_spk04.wav,번호는 구삼이오 공일이사입니다.,9325-0124,,male,spk04,probe_grp4x2,probe,1,2.48,8,2,4,sentence,grouped4,0.01176955426732699,0.003098371634050017,0.016070231795310974,0.01034584455192089,0.008892586454749107,0.01176955426732699
probe_00774_spk05.wav,/home/hye0n/projects/cnn-based-audio-pii-classification/src/cnn/data_probe/output/probe_00774_spk05.wav,번호는 구오오이 팔구삼팔입니다.,9552-8938,,female,spk05,probe_grp4x2,probe,1,2.56,8,2,4,sentence,grouped4,0.005096875208740433,0.002074822944528858,0.005274915136396885,0.00754430191591382,0.002471408573910594,0.005096875208740433
probe_00775_spk06.wav,/home/hye0n/projects/cnn-based-audio-pii-classification/src/cnn/data_probe/output/probe_00775_spk06.wav,번호는 구일일구 공팔삼삼입니다.,9119-0833,,male,spk06,probe_grp4x2,probe,1,2.72,8,2,4,sentence,grouped4,0.025636987450222175,0.018859414751299215,0.007904172874987125,0.05175670608878136,0.01725008338689804,0.025636987450222175
probe_00776_spk07.wav,/home/hye0n/projects/cnn-based-audio-pii-classification/src/cnn/data_probe/output/probe_00776_spk07.wav,번호는 사이팔공 일삼팔칠입니다.,4280-1387,,female,spk07,probe_grp4x2,probe,1,2.8,8,2,4,sentence,grouped4,0.3262387439608574,0.1774344471652387,0.10772190243005753,0.5423253774642944,0.3286689519882202,0.3262387439608574
probe_00777_spk08.wav,/home/hye0n/projects/cnn-based-audio-pii-classification/src/cnn/data_probe/output/probe_00777_spk08.wav,번호는 오구이칠 일이오육입니다.,5927-1256,,male,spk08,probe_grp4x2,probe,1,2.56,8,2,4,sentence,grouped4,0.061825682719548546,0.03467191811253892,0.045145388692617416,0.03023415431380272,0.1100975051522255,0.061825682719548546
probe_00778_spk09.wav,/home/hye0n/projects/cnn-based-audio-pii-classification/src/cnn/data_probe/output/probe_00778_spk09.wav,번호는 육삼팔삼 육일오일입니다.,6383-6151,,female,spk09,probe_grp4x2,probe,1,3.52,8,2,4,sentence,grouped4,0.010619810782372952,0.0030402870984708335,0.014284956268966198,0.010734043084084988,0.006840432994067669,0.010619810782372952
probe_00779_spk10.wav,/home/hye0n/projects/cnn-based-audio-pii-classification/src/cnn/data_probe/output/probe_00779_spk10.wav,번호는 칠일팔이 칠오사팔입니다.,7182-7548,,male,spk10,probe_grp4x2,probe,1,2.32,8,2,4,sentence,grouped4,0.004844201495870948,0.0015535412912038005,0.0038354392163455486,0.007038859184831381,0.003658306086435914,0.004844201495870948
probe_00780_spk11.wav,/home/hye0n/projects/cnn-based-audio-pii-classification/src/cnn/data_probe/output/probe_00780_spk11.wav,번호는 공일오칠 일육사칠입니다.,0157-1647,,female,spk11,probe_grp4x2,probe,1,2.88,8,2,4,sentence,grouped4,0.009643108739207188,0.0019842758047727616,0.006995591800659895,0.01177248265594244,0.01016125176101923,0.009643108739207188
probe_00781_spk12.wav,/home/hye0n/projects/cnn-based-audio-pii-classification/src/cnn/data_probe/output/probe_00781_spk12.wav,번호는 구사칠삼 팔육사육입니다.,9473-8646,,male,spk12,probe_grp4x2,probe,1,3.04,8,2,4,sentence,grouped4,0.004010610980913043,0.0013804145403446613,0.005428021773695946,0.004464457277208567,0.0021393538918346167,0.004010610980913043
probe_00782_spk13.wav,/home/hye0n/projects/cnn-based-audio-pii-classification/src/cnn/data_probe/output/probe_00782_spk13.wav,번호는 삼일칠오 이공칠일입니다.,3175-2071,,male,spk13,probe_grp4x2,probe,1,2.4,8,2,4,sentence,grouped4,0.005818097308898966,0.002929097744544429,0.002828064141795039,0.00483033386990428,0.009795893914997578,0.005818097308898966
probe_00783_spk14.wav,/home/hye0n/projects/cnn-based-audio-pii-classification/src/cnn/data_probe/output/probe_00783_spk14.wav,번호는 육칠팔일 일이육육입니다.,6781-1266,,female,spk14,probe_grp4x2,probe,1,2.8,8,2,4,sentence,grouped4,0.026221030081311863,0.004455640891543451,0.021631857380270958,0.03225509822368622,0.02477613463997841,0.026221030081311863
probe_00784_spk01.wav,/home/hye0n/projects/cnn-based-audio-pii-classification/src/cnn/data_probe/output/probe_00784_spk01.wav,번호는 구일이일 오삼오삼입니다.,9121-5353,,female,spk01,probe_grp4x2,probe,1,3.04,8,2,4,sentence,grouped4,0.048487674444913864,0.01998819598494516,0.02467508614063263,0.07358534634113312,0.047202590852975845,0.048487674444913864
probe_00785_spk02.wav,/home/hye0n/projects/cnn-based-audio-pii-classification/src/cnn/data_probe/output/probe_00785_spk02.wav,번호는 구육일삼 육칠사구입니다.,9613-6749,,male,spk02,probe_grp4x2,probe,1,2.72,8,2,4,sentence,grouped4,0.03151568522055944,0.016921339740097303,0.01669277250766754,0.022657275199890137,0.055197007954120636,0.03151568522055944
probe_00786_spk03.wav,/home/hye0n/projects/cnn-based-audio-pii-classification/src/cnn/data_probe/output/probe_00786_spk03.wav,번호는 구사육오 칠구육칠입니다.,9465-7967,,female,spk03,probe_grp4x2,probe,1,2.8,8,2,4,sentence,grouped4,0.40060169994831085,0.11495030662502659,0.2380705624818802,0.48471006751060486,0.4790244698524475,0.40060169994831085
probe_00787_spk04.wav,/home/hye0n/projects/cnn-based-audio-pii-classification/src/cnn/data_probe/output/probe_00787_spk04.wav,번호는 팔사이칠 일일사칠입니다.,8427-1147,,male,spk04,probe_grp4x2,probe,1,2.8,8,2,4,sentence,grouped4,0.012590873365600904,0.0031246248810675383,0.015652669593691826,0.013819318264722824,0.008300632238388062,0.012590873365600904
probe_00788_spk05.wav,/home/hye0n/projects/cnn-based-audio-pii-classification/src/cnn/data_probe/output/probe_00788_spk05.wav,번호는 칠삼이공 일공일칠입니다.,7320-1017,,female,spk05,probe_grp4x2,probe,1,3.28,8,2,4,sentence,grouped4,0.05882011912763119,0.03696752679994571,0.04369364678859711,0.10972259193658829,0.023044118657708168,0.05882011912763119
probe_00789_spk06.wav,/home/hye0n/projects/cnn-based-audio-pii-classification/src/cnn/data_probe/output/probe_00789_spk06.wav,번호는 공이육구 오이사구입니다.,0269-5249,,male,spk06,probe_grp4x2,probe,1,2.08,8,2,4,sentence,grouped4,0.00334718885521094,0.0007139122077622714,0.0036383785773068666,0.004038799088448286,0.0023643888998776674,0.00334718885521094
probe_00790_spk07.wav,/home/hye0n/projects/cnn-based-audio-pii-classification/src/cnn/data_probe/output/probe_00790_spk07.wav,번호는 구일일팔 칠칠삼사입니다.,9118-7734,,female,spk07,probe_grp4x2,probe,1,2.56,8,2,4,sentence,grouped4,0.1094044242054224,0.09969564254424165,0.02185131423175335,0.057474806904792786,0.24888715147972107,0.1094044242054224
probe_00791_spk08.wav,/home/hye0n/projects/cnn-based-audio-pii-classification/src/cnn/data_probe/output/probe_00791_spk08.wav,번호는 칠칠팔사 팔오팔팔입니다.,7784-8588,,male,spk08,probe_grp4x2,probe,1,3.2,8,2,4,sentence,grouped4,0.019501627888530493,0.009690153227261415,0.0075778295285999775,0.019614093005657196,0.031312961131334305,0.019501627888530493
probe_00792_spk09.wav,/home/hye0n/projects/cnn-based-audio-pii-classification/src/cnn/data_probe/output/probe_00792_spk09.wav,번호는 공공육일 육칠오육입니다.,0061-6756,,female,spk09,probe_grp4x2,probe,1,2.64,8,2,4,sentence,grouped4,0.05254566855728626,0.04047386647397782,0.011506294831633568,0.03851064294576645,0.10762006789445877,0.05254566855728626
probe_00793_spk10.wav,/home/hye0n/projects/cnn-based-audio-pii-classification/src/cnn/data_probe/output/probe_00793_spk10.wav,번호는 칠칠공공 이팔사이입니다.,7700-2842,,male,spk10,probe_grp4x2,probe,1,2.8,8,2,4,sentence,grouped4,0.003507568888987104,0.0007921719183626197,0.0036584523040801287,0.0024707582779228687,0.004393496084958315,0.003507568888987104
probe_00794_spk11.wav,/home/hye0n/projects/cnn-based-audio-pii-classification/src/cnn/data_probe/output/probe_00794_spk11.wav,번호는 칠육이사 육칠일구입니다.,7624-6719,,female,spk11,probe_grp4x2,probe,1,3.44,8,2,4,sentence,grouped4,0.07988905782500903,0.027624430620598082,0.0411614291369915,0.10370167344808578,0.0948040708899498,0.07988905782500903
probe_00795_spk12.wav,/home/hye0n/projects/cnn-based-audio-pii-classification/src/cnn/data_probe/output/probe_00795_spk12.wav,번호는 칠팔팔구 칠칠팔이입니다.,7889-7782,,male,spk12,probe_grp4x2,probe,1,2.88,8,2,4,sentence,grouped4,0.026658070584138233,0.009053200983241175,0.014582887291908264,0.03638119250535965,0.02901013195514679,0.026658070584138233
probe_00796_spk13.wav,/home/hye0n/projects/cnn-based-audio-pii-classification/src/cnn/data_probe/output/probe_00796_spk13.wav,번호는 팔공육사 칠구육구입니다.,8064-7969,,male,spk13,probe_grp4x2,probe,1,2.48,8,2,4,sentence,grouped4,0.011770695137480894,0.0025390033418541988,0.013766694813966751,0.008187778294086456,0.013357612304389477,0.011770695137480894
probe_00797_spk14.wav,/home/hye0n/projects/cnn-based-audio-pii-classification/src/cnn/data_probe/output/probe_00797_spk14.wav,번호는 오사오공 공구공이입니다.,5450-0902,,female,spk14,probe_grp4x2,probe,1,2.72,8,2,4,sentence,grouped4,0.07891400903463364,0.01005534550459103,0.08491112291812897,0.08708196133375168,0.06474894285202026,0.07891400903463364
probe_00798_spk01.wav,/home/hye0n/projects/cnn-based-audio-pii-classification/src/cnn/data_probe/output/probe_00798_spk01.wav,번호는 오오구공 오육일육입니다.,5590-5616,,female,spk01,probe_grp4x2,probe,1,3.52,8,2,4,sentence,grouped4,0.4074589212735494,0.06978085524837377,0.35198962688446045,0.5058789253234863,0.3645082116127014,0.4074589212735494
probe_00799_spk02.wav,/home/hye0n/projects/cnn-based-audio-pii-classification/src/cnn/data_probe/output/probe_00799_spk02.wav,번호는 오오육오 공삼삼삼입니다.,5565-0333,,male,spk02,probe_grp4x2,probe,1,2.64,8,2,4,sentence,grouped4,0.09344962735970815,0.05773663234677224,0.061034947633743286,0.04475516080856323,0.17455877363681793,0.09344962735970815
probe_00800_spk03.wav,/home/hye0n/projects/cnn-based-audio-pii-classification/src/cnn/data_probe/output/probe_00800_spk03.wav,번호는 사구일일 사일오이 공팔오공입니다.,4911-4152-0850,,female,spk03,probe_grp4x3,probe,1,3.76,12,3,4,sentence,grouped4,0.8090155919392904,0.06587135619456054,0.7187770009040833,0.8341023921966553,0.8741673827171326,0.8090155919392904
probe_00801_spk04.wav,/home/hye0n/projects/cnn-based-audio-pii-classification/src/cnn/data_probe/output/probe_00801_spk04.wav,번호는 칠육구팔 육사공칠 구공오육입니다.,7698-6407-9056,,male,spk04,probe_grp4x3,probe,1,3.84,12,3,4,sentence,grouped4,0.9287944634755453,0.03891352571343194,0.8764286637306213,0.9403226375579834,0.969632089138031,0.9287944634755453
probe_00802_spk05.wav,/home/hye0n/projects/cnn-based-audio-pii-classification/src/cnn/data_probe/output/probe_00802_spk05.wav,번호는 구육오구 일칠일삼 오칠팔오입니다.,9659-1713-5785,,female,spk05,probe_grp4x3,probe,1,3.2,12,3,4,sentence,grouped4,0.8310947020848592,0.061362894364522386,0.7479314208030701,0.8512052297592163,0.8941474556922913,0.8310947020848592
probe_00803_spk06.wav,/home/hye0n/projects/cnn-based-audio-pii-classification/src/cnn/data_probe/output/probe_00803_spk06.wav,번호는 이구사오 육삼칠일 팔삼사사입니다.,2945-6371-8344,,male,spk06,probe_grp4x3,probe,1,3.36,12,3,4,sentence,grouped4,0.0163338544468085,0.0046161899093730184,0.013794651255011559,0.022811925038695335,0.012394987046718597,0.0163338544468085
probe_00804_spk07.wav,/home/hye0n/projects/cnn-based-audio-pii-classification/src/cnn/data_probe/output/probe_00804_spk07.wav,번호는 공사구육 삼구일구 일구오사입니다.,0496-3919-1954,,female,spk07,probe_grp4x3,probe,1,3.44,12,3,4,sentence,grouped4,0.9303456544876099,0.04256447134670104,0.8702748417854309,0.9637313485145569,0.9570307731628418,0.9303456544876099
probe_00805_spk08.wav,/home/hye0n/projects/cnn-based-audio-pii-classification/src/cnn/data_probe/output/probe_00805_spk08.wav,번호는 일구팔칠 육삼오일 사팔사육입니다.,1987-6351-4846,,male,spk08,probe_grp4x3,probe,1,3.84,12,3,4,sentence,grouped4,0.9363953471183777,0.01052516348043957,0.9508067965507507,0.9259645342826843,0.932414710521698,0.9363953471183777
probe_00806_spk09.wav,/home/hye0n/projects/cnn-based-audio-pii-classification/src/cnn/data_probe/output/probe_00806_spk09.wav,번호는 팔오삼육 육사구팔 칠팔이공입니다.,8536-6498-7820,,female,spk09,probe_grp4x3,probe,1,3.52,12,3,4,sentence,grouped4,0.3362740973631541,0.1308267262149999,0.2024894654750824,0.2924880385398865,0.5138447880744934,0.3362740973631541
probe_00807_spk10.wav,/home/hye0n/projects/cnn-based-audio-pii-classification/src/cnn/data_probe/output/probe_00807_spk10.wav,번호는 팔이구칠 삼칠사팔 구육구공입니다.,8297-3748-9690,,male,spk10,probe_grp4x3,probe,1,3.36,12,3,4,sentence,grouped4,0.3578464686870575,0.08758673193271983,0.40775394439697266,0.23471388220787048,0.43107157945632935,0.3578464686870575
probe_00808_spk11.wav,/home/hye0n/projects/cnn-based-audio-pii-classification/src/cnn/data_probe/output/probe_00808_spk11.wav,번호는 팔삼오칠 이삼이사 육육오일입니다.,8357-2324-6651,,female,spk11,probe_grp4x3,probe,1,3.36,12,3,4,sentence,grouped4,0.615316222111384,0.15638564534591398,0.6771054267883301,0.40051600337028503,0.7683272361755371,0.615316222111384
probe_00809_spk12.wav,/home/hye0n/projects/cnn-based-audio-pii-classification/src/cnn/data_probe/output/probe_00809_spk12.wav,번호는 삼육사사 이사구삼 육삼일이입니다.,3644-2493-6312,,male,spk12,probe_grp4x3,probe,1,4.64,12,3,4,sentence,grouped4,0.7419255574544271,0.12211088704425141,0.8565395474433899,0.7964860200881958,0.5727511048316956,0.7419255574544271
probe_00810_spk13.wav,/home/hye0n/projects/cnn-based-audio-pii-classification/src/cnn/data_probe/output/probe_00810_spk13.wav,번호는 삼공삼사 칠칠팔육 육공삼이입니다.,3034-7786-6032,,male,spk13,probe_grp4x3,probe,1,3.28,12,3,4,sentence,grouped4,0.26606112470229465,0.18676770435696038,0.1083611473441124,0.16141369938850403,0.5284085273742676,0.26606112470229465
probe_00811_spk14.wav,/home/hye0n/projects/cnn-based-audio-pii-classification/src/cnn/data_probe/output/probe_00811_spk14.wav,번호는 사이공사 사팔이공 칠공공일입니다.,4204-4820-7001,,female,spk14,probe_grp4x3,probe,1,3.6,12,3,4,sentence,grouped4,0.053277358412742615,0.009432126333469026,0.06624726206064224,0.049491241574287415,0.04409357160329819,0.053277358412742615
probe_00812_spk01.wav,/home/hye0n/projects/cnn-based-audio-pii-classification/src/cnn/data_probe/output/probe_00812_spk01.wav,번호는 오구사일 육오일육 이삼일구입니다.,5941-6516-2319,,female,spk01,probe_grp4x3,probe,1,3.68,12,3,4,sentence,grouped4,0.8677135904630026,0.025723045548590808,0.8724550008773804,0.8341074585914612,0.896578311920166,0.8677135904630026
probe_00813_spk02.wav,/home/hye0n/projects/cnn-based-audio-pii-classification/src/cnn/data_probe/output/probe_00813_spk02.wav,번호는 팔일팔구 팔사칠일 삼구일오입니다.,8189-8471-3915,,male,spk02,probe_grp4x3,probe,1,3.52,12,3,4,sentence,grouped4,0.7341770529747009,0.06912090919812561,0.663130521774292,0.8278453350067139,0.7115553021430969,0.7341770529747009
probe_00814_spk03.wav,/home/hye0n/projects/cnn-based-audio-pii-classification/src/cnn/data_probe/output/probe_00814_spk03.wav,번호는 오구육삼 육삼이일 이삼사칠입니다.,5963-6321-2347,,female,spk03,probe_grp4x3,probe,1,4.16,12,3,4,sentence,grouped4,0.7808710734049479,0.022415238346248985,0.7503970861434937,0.8036689162254333,0.7885472178459167,0.7808710734049479
probe_00815_spk04.wav,/home/hye0n/projects/cnn-based-audio-pii-classification/src/cnn/data_probe/output/probe_00815_spk04.wav,번호는 육사구공 칠팔오일 오팔육칠입니다.,6490-7851-5867,,male,spk04,probe_grp4x3,probe,1,3.44,12,3,4,sentence,grouped4,0.6082243820031484,0.18667824176583603,0.36389461159706116,0.8169939517974854,0.6437845826148987,0.6082243820031484
probe_00816_spk05.wav,/home/hye0n/projects/cnn-based-audio-pii-classification/src/cnn/data_probe/output/probe_00816_spk05.wav,번호는 삼사이오 칠오사공 구공공삼입니다.,3425-7540-9003,,female,spk05,probe_grp4x3,probe,1,3.6,12,3,4,sentence,grouped4,0.9855086008707682,0.001290905627049762,0.9837054014205933,0.9861631989479065,0.9866572022438049,0.9855086008707682
probe_00817_spk06.wav,/home/hye0n/projects/cnn-based-audio-pii-classification/src/cnn/data_probe/output/probe_00817_spk06.wav,번호는 사팔육사 오일팔삼 칠육공육입니다.,4864-5183-7606,,male,spk06,probe_grp4x3,probe,1,3.6,12,3,4,sentence,grouped4,0.10458542903264363,0.04096686969728087,0.1591332107782364,0.06040499359369278,0.09421808272600174,0.10458542903264363
probe_00818_spk07.wav,/home/hye0n/projects/cnn-based-audio-pii-classification/src/cnn/data_probe/output/probe_00818_spk07.wav,번호는 사사일삼 사삼이칠 오육공사입니다.,4413-4327-5604,,female,spk07,probe_grp4x3,probe,1,3.84,12,3,4,sentence,grouped4,0.9537957708040873,0.008914655455497245,0.9511083364486694,0.9444722533226013,0.9658067226409912,0.9537957708040873
probe_00819_spk08.wav,/home/hye0n/projects/cnn-based-audio-pii-classification/src/cnn/data_probe/output/probe_00819_spk08.wav,번호는 일칠칠육 오육일이 사팔일오입니다.,1776-5612-4815,,male,spk08,probe_grp4x3,probe,1,3.44,12,3,4,sentence,grouped4,0.9712872505187988,0.008124711346888925,0.9600039720535278,0.9750494956970215,0.9788082838058472,0.9712872505187988
probe_00820_spk09.wav,/home/hye0n/projects/cnn-based-audio-pii-classification/src/cnn/data_probe/output/probe_00820_spk09.wav,번호는 육구팔오 칠공공이 칠이공육입니다.,6985-7002-7206,,female,spk09,probe_grp4x3,probe,1,3.2,12,3,4,sentence,grouped4,0.5328379074732462,0.06897859700175701,0.5546314120292664,0.6042870879173279,0.43959522247314453,0.5328379074732462
probe_00821_spk10.wav,/home/hye0n/projects/cnn-based-audio-pii-classification/src/cnn/data_probe/output/probe_00821_spk10.wav,번호는 삼사오구 일일이삼 팔이구육입니다.,3459-1123-8296,,male,spk10,probe_grp4x3,probe,1,3.52,12,3,4,sentence,grouped4,0.7880966663360596,0.045481084300848254,0.8195592761039734,0.8209490180015564,0.7237817049026489,0.7880966663360596
probe_00822_spk11.wav,/home/hye0n/projects/cnn-based-audio-pii-classification/src/cnn/data_probe/output/probe_00822_spk11.wav,번호는 오칠칠이 사이구오 사삼일육입니다.,5772-4295-4316,,female,spk11,probe_grp4x3,probe,1,3.2,12,3,4,sentence,grouped4,0.3468410223722458,0.17057444767314098,0.13746042549610138,0.5552775859832764,0.3477850556373596,0.3468410223722458
probe_00823_spk12.wav,/home/hye0n/projects/cnn-based-audio-pii-classification/src/cnn/data_probe/output/probe_00823_spk12.wav,번호는 오이육육 구삼공공 팔구삼일입니다.,5266-9300-8931,,male,spk12,probe_grp4x3,probe,1,3.36,12,3,4,sentence,grouped4,0.13129394625624022,0.07875288810443495,0.14107955992221832,0.030321966856718063,0.22248031198978424,0.13129394625624022
probe_00824_spk13.wav,/home/hye0n/projects/cnn-based-audio-pii-classification/src/cnn/data_probe/output/probe_00824_spk13.wav,번호는 칠삼사이 공육구육 구사이일입니다.,7342-0696-9421,,male,spk13,probe_grp4x3,probe,1,3.44,12,3,4,sentence,grouped4,0.14970552424589792,0.04143848429003229,0.1268373429775238,0.1144116073846817,0.20786762237548828,0.14970552424589792
probe_00825_spk14.wav,/home/hye0n/projects/cnn-based-audio-pii-classification/src/cnn/data_probe/output/probe_00825_spk14.wav,번호는 오이구일 공팔육칠 칠일삼삼입니다.,5291-0867-7133,,female,spk14,probe_grp4x3,probe,1,3.76,12,3,4,sentence,grouped4,0.9668295582135519,0.01280783056728624,0.949096143245697,0.9788908362388611,0.9725016951560974,0.9668295582135519
probe_00826_spk01.wav,/home/hye0n/projects/cnn-based-audio-pii-classification/src/cnn/data_probe/output/probe_00826_spk01.wav,번호는 삼사사칠 육이육삼 구삼사삼입니다.,3447-6263-9343,,female,spk01,probe_grp4x3,probe,1,4.32,12,3,4,sentence,grouped4,0.8358267347017924,0.017927153017384075,0.8411906361579895,0.8116856217384338,0.8546039462089539,0.8358267347017924
probe_00827_spk02.wav,/home/hye0n/projects/cnn-based-audio-pii-classification/src/cnn/data_probe/output/probe_00827_spk02.wav,번호는 육이육이 공사사삼 구칠삼오입니다.,6262-0443-9735,,male,spk02,probe_grp4x3,probe,1,3.76,12,3,4,sentence,grouped4,0.21360895534356436,0.04937656853766269,0.27794238924980164,0.20495766401290894,0.15792681276798248,0.21360895534356436
probe_00828_spk03.wav,/home/hye0n/projects/cnn-based-audio-pii-classification/src/cnn/data_probe/output/probe_00828_spk03.wav,번호는 구칠일공 칠이오육 삼육육구입니다.,9710-7256-3669,,female,spk03,probe_grp4x3,probe,1,3.6,12,3,4,sentence,grouped4,0.8652550975481669,0.06130263469713341,0.7874792218208313,0.9373123645782471,0.8709737062454224,0.8652550975481669
probe_00829_spk04.wav,/home/hye0n/projects/cnn-based-audio-pii-classification/src/cnn/data_probe/output/probe_00829_spk04.wav,번호는 사일일팔 공공오삼 칠오구구입니다.,4118-0053-7599,,male,spk04,probe_grp4x3,probe,1,4.32,12,3,4,sentence,grouped4,0.9523274103800455,0.02724019410646279,0.9144513607025146,0.9651747941970825,0.9773560762405396,0.9523274103800455
probe_00830_spk05.wav,/home/hye0n/projects/cnn-based-audio-pii-classification/src/cnn/data_probe/output/probe_00830_spk05.wav,번호는 공공사팔 구육사육 오이팔공입니다.,0048-9646-5280,,female,spk05,probe_grp4x3,probe,1,3.44,12,3,4,sentence,grouped4,0.7401155233383179,0.04488339995279458,0.7899545431137085,0.6811543703079224,0.7492376565933228,0.7401155233383179
probe_00831_spk06.wav,/home/hye0n/projects/cnn-based-audio-pii-classification/src/cnn/data_probe/output/probe_00831_spk06.wav,번호는 구이사이 팔칠오칠 이일오팔입니다.,9242-8757-2158,,male,spk06,probe_grp4x3,probe,1,2.96,12,3,4,sentence,grouped4,0.05967499812444051,0.023398856872844234,0.028999343514442444,0.08576051890850067,0.06426513195037842,0.05967499812444051
probe_00832_spk07.wav,/home/hye0n/projects/cnn-based-audio-pii-classification/src/cnn/data_probe/output/probe_00832_spk07.wav,번호는 육이사일 오공이칠 사오육사입니다.,6241-5027-4564,,female,spk07,probe_grp4x3,probe,1,3.6,12,3,4,sentence,grouped4,0.6893977125485738,0.1286957134373563,0.5115944147109985,0.8119649291038513,0.7446337938308716,0.6893977125485738
probe_00833_spk08.wav,/home/hye0n/projects/cnn-based-audio-pii-classification/src/cnn/data_probe/output/probe_00833_spk08.wav,번호는 사구사팔 오육이오 칠이팔칠입니다.,4948-5625-7287,,male,spk08,probe_grp4x3,probe,1,3.28,12,3,4,sentence,grouped4,0.5058430234591166,0.07747434914218533,0.5240375399589539,0.4031769037246704,0.5903146266937256,0.5058430234591166
probe_00834_spk09.wav,/home/hye0n/projects/cnn-based-audio-pii-classification/src/cnn/data_probe/output/probe_00834_spk09.wav,번호는 공삼이공 삼이공칠 사이칠육입니다.,0320-3207-4276,,female,spk09,probe_grp4x3,probe,1,3.92,12,3,4,sentence,grouped4,0.8461139599482218,0.02517563754092177,0.8779440522193909,0.816383957862854,0.8440138697624207,0.8461139599482218
probe_00835_spk10.wav,/home/hye0n/projects/cnn-based-audio-pii-classification/src/cnn/data_probe/output/probe_00835_spk10.wav,번호는 일칠공칠 오팔칠칠 칠일이일입니다.,1707-5877-7121,,male,spk10,probe_grp4x3,probe,1,3.6,12,3,4,sentence,grouped4,0.6504451334476471,0.10860193930814502,0.7293543219566345,0.7251026630401611,0.49687841534614563,0.6504451334476471
probe_00836_spk11.wav,/home/hye0n/projects/cnn-based-audio-pii-classification/src/cnn/data_probe/output/probe_00836_spk11.wav,번호는 오일삼사 이이팔사 구구삼구입니다.,5134-2284-9939,,female,spk11,probe_grp4x3,probe,1,4.08,12,3,4,sentence,grouped4,0.7579770485560099,0.06125479940877798,0.6909609436988831,0.7439471483230591,0.8390230536460876,0.7579770485560099
probe_00837_spk12.wav,/home/hye0n/projects/cnn-based-audio-pii-classification/src/cnn/data_probe/output/probe_00837_spk12.wav,번호는 공팔구이 육일삼칠 일오공사입니다.,0892-6137-1504,,male,spk12,probe_grp4x3,probe,1,2.96,12,3,4,sentence,grouped4,0.028674892149865627,0.010720132554946927,0.014884126372635365,0.04102398455142975,0.03011656552553177,0.028674892149865627
probe_00838_spk13.wav,/home/hye0n/projects/cnn-based-audio-pii-classification/src/cnn/data_probe/output/probe_00838_spk13.wav,번호는 일육오구 일오이공 일칠칠칠입니다.,1659-1520-1777,,male,spk13,probe_grp4x3,probe,1,3.28,12,3,4,sentence,grouped4,0.41144421696662903,0.04761656981885426,0.4156052768230438,0.35115697979927063,0.46757039427757263,0.41144421696662903
probe_00839_spk14.wav,/home/hye0n/projects/cnn-based-audio-pii-classification/src/cnn/data_probe/output/probe_00839_spk14.wav,번호는 사구공오 공구칠오 구이삼공입니다.,4905-0975-9230,,female,spk14,probe_grp4x3,probe,1,3.6,12,3,4,sentence,grouped4,0.8124996821085612,0.09101096243866068,0.8598772287368774,0.6851720213890076,0.8924497961997986,0.8124996821085612
probe_00840_spk01.wav,/home/hye0n/projects/cnn-based-audio-pii-classification/src/cnn/data_probe/output/probe_00840_spk01.wav,번호는 사오공일 팔구육일 육사이삼입니다.,4501-8961-6423,,female,spk01,probe_grp4x3,probe,1,3.68,12,3,4,sentence,grouped4,0.5180846055348715,0.05819951600130829,0.44716495275497437,0.5173701643943787,0.5897186994552612,0.5180846055348715
probe_00841_spk02.wav,/home/hye0n/projects/cnn-based-audio-pii-classification/src/cnn/data_probe/output/probe_00841_spk02.wav,번호는 육일공삼 이육육사 이일사칠입니다.,6103-2664-2147,,male,spk02,probe_grp4x3,probe,1,3.44,12,3,4,sentence,grouped4,0.6894018252690634,0.09763383932543909,0.5733044147491455,0.8121775984764099,0.6827234625816345,0.6894018252690634
probe_00842_spk03.wav,/home/hye0n/projects/cnn-based-audio-pii-classification/src/cnn/data_probe/output/probe_00842_spk03.wav,번호는 육사구이 오일오팔 삼칠칠육입니다.,6492-5158-3776,,female,spk03,probe_grp4x3,probe,1,3.84,12,3,4,sentence,grouped4,0.9736801783243815,0.00876464399651557,0.9612904787063599,0.9801912307739258,0.9795588254928589,0.9736801783243815
probe_00843_spk04.wav,/home/hye0n/projects/cnn-based-audio-pii-classification/src/cnn/data_probe/output/probe_00843_spk04.wav,번호는 칠사구구 육일육오 구이육육입니다.,7499-6165-9266,,male,spk04,probe_grp4x3,probe,1,3.6,12,3,4,sentence,grouped4,0.8997441331545512,0.018076673527361503,0.9235103130340576,0.8797047138214111,0.8960173726081848,0.8997441331545512
probe_00844_spk05.wav,/home/hye0n/projects/cnn-based-audio-pii-classification/src/cnn/data_probe/output/probe_00844_spk05.wav,번호는 일공팔오 칠삼이칠 팔팔일사입니다.,1085-7327-8814,,female,spk05,probe_grp4x3,probe,1,3.52,12,3,4,sentence,grouped4,0.5265262921651205,0.17769354869160514,0.7349287271499634,0.5439343452453613,0.3007158041000366,0.5265262921651205
probe_00845_spk06.wav,/home/hye0n/projects/cnn-based-audio-pii-classification/src/cnn/data_probe/output/probe_00845_spk06.wav,번호는 칠육일칠 사이이사 삼팔육사입니다.,7617-4224-3864,,male,spk06,probe_grp4x3,probe,1,3.6,12,3,4,sentence,grouped4,0.07116295707722504,0.02988158588963806,0.08750211447477341,0.09674449265003204,0.029242264106869698,0.07116295707722504
probe_00846_spk07.wav,/home/hye0n/projects/cnn-based-audio-pii-classification/src/cnn/data_probe/output/probe_00846_spk07.wav,번호는 구공팔일 공팔일팔 육육일칠입니다.,9081-0818-6617,,female,spk07,probe_grp4x3,probe,1,3.36,12,3,4,sentence,grouped4,0.7571883797645569,0.103974593255281,0.6105302572250366,0.821318507194519,0.839716374874115,0.7571883797645569
probe_00847_spk08.wav,/home/hye0n/projects/cnn-based-audio-pii-classification/src/cnn/data_probe/output/probe_00847_spk08.wav,번호는 구사오사 구일팔공 일칠이이입니다.,9454-9180-1722,,male,spk08,probe_grp4x3,probe,1,3.44,12,3,4,sentence,grouped4,0.5614978869756063,0.08808306555235543,0.47335708141326904,0.529336154460907,0.6818004250526428,0.5614978869756063
probe_00848_spk09.wav,/home/hye0n/projects/cnn-based-audio-pii-classification/src/cnn/data_probe/output/probe_00848_spk09.wav,번호는 육공일육 사오구칠 칠구사오입니다.,6016-4597-7945,,female,spk09,probe_grp4x3,probe,1,3.28,12,3,4,sentence,grouped4,0.6922096212704977,0.09710774706720088,0.7366546988487244,0.7825186252593994,0.5574555397033691,0.6922096212704977
probe_00849_spk10.wav,/home/hye0n/projects/cnn-based-audio-pii-classification/src/cnn/data_probe/output/probe_00849_spk10.wav,번호는 이삼이일 구사일육 팔공공육입니다.,2321-9416-8006,,male,spk10,probe_grp4x3,probe,1,4.32,12,3,4,sentence,grouped4,0.33438829084237415,0.10238921306169751,0.36273887753486633,0.44318661093711853,0.19723938405513763,0.33438829084237415
probe_00850_spk11.wav,/home/hye0n/projects/cnn-based-audio-pii-classification/src/cnn/data_probe/output/probe_00850_spk11.wav,번호는 일공이칠 칠육구칠 사구구오입니다.,1027-7697-4995,,female,spk11,probe_grp4x3,probe,1,4.08,12,3,4,sentence,grouped4,0.8794373869895935,0.04830759954348736,0.8569723963737488,0.9465441107749939,0.8347956538200378,0.8794373869895935
probe_00851_spk12.wav,/home/hye0n/projects/cnn-based-audio-pii-classification/src/cnn/data_probe/output/probe_00851_spk12.wav,번호는 육사일이 이공삼일 공삼공삼입니다.,6412-2031-0303,,male,spk12,probe_grp4x3,probe,1,3.84,12,3,4,sentence,grouped4,0.2543548693259557,0.10155113664713196,0.1880294382572174,0.3978337347507477,0.17720143496990204,0.2543548693259557
probe_00852_spk13.wav,/home/hye0n/projects/cnn-based-audio-pii-classification/src/cnn/data_probe/output/probe_00852_spk13.wav,번호는 칠이삼육 팔삼일사 칠이칠육입니다.,7236-8314-7276,,male,spk13,probe_grp4x3,probe,1,2.88,12,3,4,sentence,grouped4,0.36210352182388306,0.06521198149488597,0.44539058208465576,0.35475799441337585,0.28616198897361755,0.36210352182388306
probe_00853_spk14.wav,/home/hye0n/projects/cnn-based-audio-pii-classification/src/cnn/data_probe/output/probe_00853_spk14.wav,번호는 공일이이 칠칠칠공 칠구삼삼입니다.,0122-7770-7933,,female,spk14,probe_grp4x3,probe,1,3.44,12,3,4,sentence,grouped4,0.893494168917338,0.04731279058957864,0.8272570371627808,0.9348122477531433,0.9184132218360901,0.893494168917338
probe_00854_spk01.wav,/home/hye0n/projects/cnn-based-audio-pii-classification/src/cnn/data_probe/output/probe_00854_spk01.wav,번호는 사구육공 오공일육 육칠구구입니다.,4960-5016-6799,,female,spk01,probe_grp4x3,probe,1,4.4,12,3,4,sentence,grouped4,0.9709275166193644,0.015064004037076447,0.9499501585960388,0.984633207321167,0.9781991839408875,0.9709275166193644
probe_00855_spk02.wav,/home/hye0n/projects/cnn-based-audio-pii-classification/src/cnn/data_probe/output/probe_00855_spk02.wav,번호는 팔사공칠 육칠팔구 구칠삼공입니다.,8407-6789-9730,,male,spk02,probe_grp4x3,probe,1,3.76,12,3,4,sentence,grouped4,0.7932960192362467,0.020541505517639017,0.7642530202865601,0.8072622418403625,0.8083727955818176,0.7932960192362467
probe_00856_spk03.wav,/home/hye0n/projects/cnn-based-audio-pii-classification/src/cnn/data_probe/output/probe_00856_spk03.wav,번호는 팔공육구 오팔일사 육칠일칠입니다.,8069-5814-6717,,female,spk03,probe_grp4x3,probe,1,3.92,12,3,4,sentence,grouped4,0.953354001045227,0.009883765589697172,0.9517239332199097,0.9661915302276611,0.9421465396881104,0.953354001045227
probe_00857_spk04.wav,/home/hye0n/projects/cnn-based-audio-pii-classification/src/cnn/data_probe/output/probe_00857_spk04.wav,번호는 구오칠육 공이사삼 칠오칠삼입니다.,9576-0243-7573,,male,spk04,probe_grp4x3,probe,1,3.52,12,3,4,sentence,grouped4,0.3839850127696991,0.040767527050607565,0.3922291696071625,0.4292796552181244,0.3304462134838104,0.3839850127696991
probe_00858_spk05.wav,/home/hye0n/projects/cnn-based-audio-pii-classification/src/cnn/data_probe/output/probe_00858_spk05.wav,번호는 팔삼구오 구칠이사 육육오칠입니다.,8395-9724-6657,,female,spk05,probe_grp4x3,probe,1,3.44,12,3,4,sentence,grouped4,0.9179132580757141,0.029809821532685098,0.8806157112121582,0.9195441603660583,0.9535799026489258,0.9179132580757141
probe_00859_spk06.wav,/home/hye0n/projects/cnn-based-audio-pii-classification/src/cnn/data_probe/output/probe_00859_spk06.wav,번호는 이구삼사 일칠이이 삼이구칠입니다.,2934-1722-3297,,male,spk06,probe_grp4x3,probe,1,3.12,12,3,4,sentence,grouped4,0.7216285467147827,0.036519628607970825,0.7119123339653015,0.7704152464866638,0.6825580596923828,0.7216285467147827
probe_00860_spk07.wav,/home/hye0n/projects/cnn-based-audio-pii-classification/src/cnn/data_probe/output/probe_00860_spk07.wav,번호는 일육칠사 삼삼팔공 공오사오입니다.,1674-3380-0545,,female,spk07,probe_grp4x3,probe,1,3.44,12,3,4,sentence,grouped4,0.8999980489412943,0.027558617032338955,0.8630112409591675,0.9291309118270874,0.9078519940376282,0.8999980489412943
probe_00861_spk08.wav,/home/hye0n/projects/cnn-based-audio-pii-classification/src/cnn/data_probe/output/probe_00861_spk08.wav,번호는 이이팔공 일오육일 구삼일팔입니다.,2280-1561-9318,,male,spk08,probe_grp4x3,probe,1,4.08,12,3,4,sentence,grouped4,0.8491245905558268,0.03706854182546087,0.8411054611206055,0.8979993462562561,0.8082689642906189,0.8491245905558268
probe_00862_spk09.wav,/home/hye0n/projects/cnn-based-audio-pii-classification/src/cnn/data_probe/output/probe_00862_spk09.wav,번호는 삼칠사오 오공팔사 이팔구일입니다.,3745-5084-2891,,female,spk09,probe_grp4x3,probe,1,3.6,12,3,4,sentence,grouped4,0.6710523466269175,0.21065636307899027,0.37826070189476013,0.8650816082954407,0.7698147296905518,0.6710523466269175
probe_00863_spk10.wav,/home/hye0n/projects/cnn-based-audio-pii-classification/src/cnn/data_probe/output/probe_00863_spk10.wav,번호는 공칠칠일 일구구일 팔공팔일입니다.,0771-1991-8081,,male,spk10,probe_grp4x3,probe,1,3.68,12,3,4,sentence,grouped4,0.0980122337738673,0.056392578975757425,0.05836324021220207,0.1777629554271698,0.057910505682229996,0.0980122337738673
probe_00864_spk11.wav,/home/hye0n/projects/cnn-based-audio-pii-classification/src/cnn/data_probe/output/probe_00864_spk11.wav,번호는 이일삼오 이사칠팔 칠일이오입니다.,2135-2478-7125,,female,spk11,probe_grp4x3,probe,1,3.04,12,3,4,sentence,grouped4,0.5339689950148264,0.21704366207934275,0.2915312945842743,0.49215441942214966,0.8182212710380554,0.5339689950148264
probe_00865_spk12.wav,/home/hye0n/projects/cnn-based-audio-pii-classification/src/cnn/data_probe/output/probe_00865_spk12.wav,번호는 오이일삼 칠육공삼 칠오사팔입니다.,5213-7603-7548,,male,spk12,probe_grp4x3,probe,1,3.52,12,3,4,sentence,grouped4,0.49975945552190143,0.17995455557197976,0.4205165505409241,0.7488227486610413,0.329939067363739,0.49975945552190143
probe_00866_spk13.wav,/home/hye0n/projects/cnn-based-audio-pii-classification/src/cnn/data_probe/output/probe_00866_spk13.wav,번호는 이일사오 육오삼이 팔육삼이입니다.,2145-6532-8632,,male,spk13,probe_grp4x3,probe,1,3.12,12,3,4,sentence,grouped4,0.2681225786606471,0.06716587573073196,0.33725205063819885,0.17714224755764008,0.2899734377861023,0.2681225786606471
probe_00867_spk14.wav,/home/hye0n/projects/cnn-based-audio-pii-classification/src/cnn/data_probe/output/probe_00867_spk14.wav,번호는 육육육칠 팔오공칠 이공팔일입니다.,6667-8507-2081,,female,spk14,probe_grp4x3,probe,1,3.92,12,3,4,sentence,grouped4,0.8294825951258341,0.04161869887538327,0.7735005617141724,0.8417356610298157,0.8732115626335144,0.8294825951258341
probe_00868_spk01.wav,/home/hye0n/projects/cnn-based-audio-pii-classification/src/cnn/data_probe/output/probe_00868_spk01.wav,번호는 일오오육 이육공육 공이구공입니다.,1556-2606-0290,,female,spk01,probe_grp4x3,probe,1,3.36,12,3,4,sentence,grouped4,0.6837548613548279,0.10573115957668554,0.6735061407089233,0.8180683851242065,0.5596900582313538,0.6837548613548279
probe_00869_spk02.wav,/home/hye0n/projects/cnn-based-audio-pii-classification/src/cnn/data_probe/output/probe_00869_spk02.wav,번호는 팔사육육 팔사오오 공사팔구입니다.,8466-8455-0489,,male,spk02,probe_grp4x3,probe,1,3.84,12,3,4,sentence,grouped4,0.7044838269551595,0.06381117957805342,0.6852745413780212,0.7904497981071472,0.6377271413803101,0.7044838269551595
probe_00870_spk03.wav,/home/hye0n/projects/cnn-based-audio-pii-classification/src/cnn/data_probe/output/probe_00870_spk03.wav,번호는 이육칠삼 팔구구칠 오육삼사입니다.,2673-8997-5634,,female,spk03,probe_grp4x3,probe,1,4.32,12,3,4,sentence,grouped4,0.8806848724683126,0.0813077682920693,0.7657011151313782,0.9388706088066101,0.9374828934669495,0.8806848724683126
probe_00871_spk04.wav,/home/hye0n/projects/cnn-based-audio-pii-classification/src/cnn/data_probe/output/probe_00871_spk04.wav,번호는 일공팔오 육이팔팔 사삼일팔입니다.,1085-6288-4318,,male,spk04,probe_grp4x3,probe,1,3.12,12,3,4,sentence,grouped4,0.5718718568483988,0.2058944914696961,0.36272168159484863,0.5010018944740295,0.8518919944763184,0.5718718568483988
probe_00872_spk05.wav,/home/hye0n/projects/cnn-based-audio-pii-classification/src/cnn/data_probe/output/probe_00872_spk05.wav,번호는 팔사팔오 이공공팔 구사삼사입니다.,8485-2008-9434,,female,spk05,probe_grp4x3,probe,1,3.92,12,3,4,sentence,grouped4,0.8147384921709696,0.0369994635969985,0.8195046186447144,0.8574819564819336,0.767228901386261,0.8147384921709696
probe_00873_spk06.wav,/home/hye0n/projects/cnn-based-audio-pii-classification/src/cnn/data_probe/output/probe_00873_spk06.wav,번호는 육팔일공 오사팔오 일공일칠입니다.,6810-5485-1017,,male,spk06,probe_grp4x3,probe,1,3.76,12,3,4,sentence,grouped4,0.38222628831863403,0.1185089456030807,0.3252736032009125,0.2741967737674713,0.5472084879875183,0.38222628831863403
probe_00874_spk07.wav,/home/hye0n/projects/cnn-based-audio-pii-classification/src/cnn/data_probe/output/probe_00874_spk07.wav,번호는 사구공칠 오삼구구 팔구삼오입니다.,4907-5399-8935,,female,spk07,probe_grp4x3,probe,1,3.2,12,3,4,sentence,grouped4,0.9204339385032654,0.025939167204638524,0.8843982219696045,0.9443957805633545,0.9325078129768372,0.9204339385032654
probe_00875_spk08.wav,/home/hye0n/projects/cnn-based-audio-pii-classification/src/cnn/data_probe/output/probe_00875_spk08.wav,번호는 사사구이 육팔삼일 오팔구삼입니다.,4492-6831-5893,,male,spk08,probe_grp4x3,probe,1,3.6,12,3,4,sentence,grouped4,0.9787142078081766,0.006192082098226758,0.9751585125923157,0.9735616445541382,0.9874224662780762,0.9787142078081766
probe_00876_spk09.wav,/home/hye0n/projects/cnn-based-audio-pii-classification/src/cnn/data_probe/output/probe_00876_spk09.wav,번호는 오칠일이 육육일일 공육이칠입니다.,5712-6611-0627,,female,spk09,probe_grp4x3,probe,1,3.28,12,3,4,sentence,grouped4,0.6772605379422506,0.06599807172957273,0.5839442014694214,0.7222864627838135,0.7255509495735168,0.6772605379422506
probe_00877_spk10.wav,/home/hye0n/projects/cnn-based-audio-pii-classification/src/cnn/data_probe/output/probe_00877_spk10.wav,번호는 삼칠일오 팔육구팔 팔육사구입니다.,3715-8698-8649,,male,spk10,probe_grp4x3,probe,1,3.68,12,3,4,sentence,grouped4,0.10483926037947337,0.037136354254917875,0.05233578383922577,0.13218732178211212,0.12999467551708221,0.10483926037947337
probe_00878_spk11.wav,/home/hye0n/projects/cnn-based-audio-pii-classification/src/cnn/data_probe/output/probe_00878_spk11.wav,번호는 칠육칠칠 육이이팔 이칠칠이입니다.,7677-6228-2772,,female,spk11,probe_grp4x3,probe,1,4.64,12,3,4,sentence,grouped4,0.9325931469599406,0.030710530184840008,0.9166603088378906,0.9755497574806213,0.9055693745613098,0.9325931469599406
probe_00879_spk12.wav,/home/hye0n/projects/cnn-based-audio-pii-classification/src/cnn/data_probe/output/probe_00879_spk12.wav,번호는 팔팔일삼 칠칠공이 팔오일구입니다.,8813-7702-8519,,male,spk12,probe_grp4x3,probe,1,2.72,12,3,4,sentence,grouped4,0.03256858326494694,0.0044871860720649675,0.033021051436662674,0.0268606785684824,0.03782401978969574,0.03256858326494694
probe_00880_spk13.wav,/home/hye0n/projects/cnn-based-audio-pii-classification/src/cnn/data_probe/output/probe_00880_spk13.wav,번호는 육일일오 구사공팔 이일오사입니다.,6115-9408-2154,,male,spk13,probe_grp4x3,probe,1,3.12,12,3,4,sentence,grouped4,0.36298789580663043,0.009766504956333476,0.3555977940559387,0.35657766461372375,0.3767882287502289,0.36298789580663043
probe_00881_spk14.wav,/home/hye0n/projects/cnn-based-audio-pii-classification/src/cnn/data_probe/output/probe_00881_spk14.wav,번호는 오사사칠 공이이구 육공사사입니다.,5447-0229-6044,,female,spk14,probe_grp4x3,probe,1,4.32,12,3,4,sentence,grouped4,0.8399272561073303,0.02908446681475886,0.8718631863594055,0.8015108704566956,0.8464077115058899,0.8399272561073303
probe_00882_spk01.wav,/home/hye0n/projects/cnn-based-audio-pii-classification/src/cnn/data_probe/output/probe_00882_spk01.wav,번호는 삼이칠공 일팔오일 공육칠구입니다.,3270-1851-0679,,female,spk01,probe_grp4x3,probe,1,4.4,12,3,4,sentence,grouped4,0.9883179267247518,0.0037105910542242783,0.9863426089286804,0.9850953221321106,0.9935158491134644,0.9883179267247518
probe_00883_spk02.wav,/home/hye0n/projects/cnn-based-audio-pii-classification/src/cnn/data_probe/output/probe_00883_spk02.wav,번호는 사구칠오 육칠구이 이팔칠칠입니다.,4975-6792-2877,,male,spk02,probe_grp4x3,probe,1,3.76,12,3,4,sentence,grouped4,0.6302279035250345,0.0809968464782309,0.6147537231445312,0.7362561225891113,0.5396738648414612,0.6302279035250345
probe_00884_spk03.wav,/home/hye0n/projects/cnn-based-audio-pii-classification/src/cnn/data_probe/output/probe_00884_spk03.wav,번호는 칠이오일 구구육육 삼육오팔입니다.,7251-9966-3658,,female,spk03,probe_grp4x3,probe,1,3.6,12,3,4,sentence,grouped4,0.8965849677721659,0.04151602767824103,0.8405672907829285,0.9093660116195679,0.9398216009140015,0.8965849677721659
probe_00885_spk04.wav,/home/hye0n/projects/cnn-based-audio-pii-classification/src/cnn/data_probe/output/probe_00885_spk04.wav,번호는 공칠사일 이공구사 팔일팔일입니다.,0741-2094-8181,,male,spk04,probe_grp4x3,probe,1,4.08,12,3,4,sentence,grouped4,0.7023745576540629,0.08070013033084773,0.6419780850410461,0.8164355754852295,0.6487100124359131,0.7023745576540629
probe_00886_spk05.wav,/home/hye0n/projects/cnn-based-audio-pii-classification/src/cnn/data_probe/output/probe_00886_spk05.wav,번호는 삼구팔구 공구팔삼 칠팔공일입니다.,3989-0983-7801,,female,spk05,probe_grp4x3,probe,1,3.28,12,3,4,sentence,grouped4,0.9212802052497864,0.013470024229486316,0.9239544868469238,0.9362770318984985,0.9036090970039368,0.9212802052497864
probe_00887_spk06.wav,/home/hye0n/projects/cnn-based-audio-pii-classification/src/cnn/data_probe/output/probe_00887_spk06.wav,번호는 팔이공사 삼삼구칠 일팔구오입니다.,8204-3397-1895,,male,spk06,probe_grp4x3,probe,1,4.32,12,3,4,sentence,grouped4,0.22092595448096594,0.07920850925750068,0.11317785829305649,0.2482718527317047,0.3013281524181366,0.22092595448096594
probe_00888_spk07.wav,/home/hye0n/projects/cnn-based-audio-pii-classification/src/cnn/data_probe/output/probe_00888_spk07.wav,번호는 육구공칠 공오육이 육공팔오입니다.,6907-0562-6085,,female,spk07,probe_grp4x3,probe,1,3.6,12,3,4,sentence,grouped4,0.9469896952311198,0.010764452450946566,0.93364417552948,0.947319507598877,0.9600054025650024,0.9469896952311198
probe_00889_spk08.wav,/home/hye0n/projects/cnn-based-audio-pii-classification/src/cnn/data_probe/output/probe_00889_spk08.wav,번호는 육사일일 일팔이사 이이사일입니다.,6411-1824-2241,,male,spk08,probe_grp4x3,probe,1,3.92,12,3,4,sentence,grouped4,0.5783985257148743,0.06789724694838366,0.6305493116378784,0.6221463084220886,0.48249995708465576,0.5783985257148743
probe_00890_spk09.wav,/home/hye0n/projects/cnn-based-audio-pii-classification/src/cnn/data_probe/output/probe_00890_spk09.wav,번호는 이사육이 공구오이 공공사육입니다.,2462-0952-0046,,female,spk09,probe_grp4x3,probe,1,3.52,12,3,4,sentence,grouped4,0.312085489432017,0.013285797639349638,0.32962799072265625,0.2974863648414612,0.3091421127319336,0.312085489432017
probe_00891_spk10.wav,/home/hye0n/projects/cnn-based-audio-pii-classification/src/cnn/data_probe/output/probe_00891_spk10.wav,번호는 일오이육 오사육일 공삼삼구입니다.,1526-5461-0339,,male,spk10,probe_grp4x3,probe,1,3.76,12,3,4,sentence,grouped4,0.5010525484879812,0.10005524909687012,0.5111148953437805,0.6182532906532288,0.3737894594669342,0.5010525484879812
probe_00892_spk11.wav,/home/hye0n/projects/cnn-based-audio-pii-classification/src/cnn/data_probe/output/probe_00892_spk11.wav,번호는 구삼칠팔 팔육일사 공오칠팔입니다.,9378-8614-0578,,female,spk11,probe_grp4x3,probe,1,3.28,12,3,4,sentence,grouped4,0.05559749466677507,0.023149534258514817,0.02310103364288807,0.0752861350774765,0.06840531527996063,0.05559749466677507
probe_00893_spk12.wav,/home/hye0n/projects/cnn-based-audio-pii-classification/src/cnn/data_probe/output/probe_00893_spk12.wav,번호는 육일칠공 육삼공사 팔구일삼입니다.,6170-6304-8913,,male,spk12,probe_grp4x3,probe,1,3.52,12,3,4,sentence,grouped4,0.6207968990008036,0.12154057324631094,0.7890549898147583,0.567082941532135,0.5062527656555176,0.6207968990008036
probe_00894_spk13.wav,/home/hye0n/projects/cnn-based-audio-pii-classification/src/cnn/data_probe/output/probe_00894_spk13.wav,번호는 팔이사구 육칠일팔 삼이오팔입니다.,8249-6718-3258,,male,spk13,probe_grp4x3,probe,1,3.2,12,3,4,sentence,grouped4,0.16204380244016647,0.07461969495165506,0.0681203231215477,0.16734100878238678,0.25067007541656494,0.16204380244016647
probe_00895_spk14.wav,/home/hye0n/projects/cnn-based-audio-pii-classification/src/cnn/data_probe/output/probe_00895_spk14.wav,번호는 이삼팔육 팔칠공공 칠구사이입니다.,2386-8700-7942,,female,spk14,probe_grp4x3,probe,1,3.84,12,3,4,sentence,grouped4,0.4232840339342753,0.06664943210154513,0.4891510009765625,0.33196067810058594,0.4487404227256775,0.4232840339342753
probe_00896_spk01.wav,/home/hye0n/projects/cnn-based-audio-pii-classification/src/cnn/data_probe/output/probe_00896_spk01.wav,번호는 공공칠사 구사육오 삼구팔사입니다.,0074-9465-3984,,female,spk01,probe_grp4x3,probe,1,4.64,12,3,4,sentence,grouped4,0.8279916048049927,0.038535643656156054,0.8609240651130676,0.7739210724830627,0.8491296768188477,0.8279916048049927
probe_00897_spk02.wav,/home/hye0n/projects/cnn-based-audio-pii-classification/src/cnn/data_probe/output/probe_00897_spk02.wav,번호는 공이팔구 일사일육 일이팔사입니다.,0289-1416-1284,,male,spk02,probe_grp4x3,probe,1,3.28,12,3,4,sentence,grouped4,0.6980504790941874,0.09409744792812001,0.5675710439682007,0.7406443953514099,0.7859359979629517,0.6980504790941874
probe_00898_spk03.wav,/home/hye0n/projects/cnn-based-audio-pii-classification/src/cnn/data_probe/output/probe_00898_spk03.wav,번호는 육삼구팔 오오사칠 사삼오오입니다.,6398-5547-4355,,female,spk03,probe_grp4x3,probe,1,4.16,12,3,4,sentence,grouped4,0.9612771073977152,0.014555005994799183,0.9414364099502563,0.9759442806243896,0.9664506316184998,0.9612771073977152
probe_00899_spk04.wav,/home/hye0n/projects/cnn-based-audio-pii-classification/src/cnn/data_probe/output/probe_00899_spk04.wav,번호는 삼칠구오 공이공구 칠공공이입니다.,3795-0209-7002,,male,spk04,probe_grp4x3,probe,1,3.6,12,3,4,sentence,grouped4,0.9773027102152506,0.011654825817160912,0.9609375596046448,0.9837856292724609,0.9871849417686462,0.9773027102152506
probe_00900_spk05.wav,/home/hye0n/projects/cnn-based-audio-pii-classification/src/cnn/data_probe/output/probe_00900_spk05.wav,번호는 육팔칠육 팔일일팔 공칠일오 육구오육입니다.,6876-8118-0715-6956,,female,spk05,probe_grp4x4,probe,1,4.72,16,4,4,sentence,grouped4,0.9874502817789713,0.00454042445911329,0.9876329898834229,0.992917537689209,0.9818003177642822,0.9874502817789713
probe_00901_spk06.wav,/home/hye0n/projects/cnn-based-audio-pii-classification/src/cnn/data_probe/output/probe_00901_spk06.wav,번호는 이공일칠 오삼칠공 삼공사오 삼일구사입니다.,2017-5370-3045-3194,,male,spk06,probe_grp4x4,probe,1,5.44,16,4,4,sentence,grouped4,0.7585950692494711,0.07715140408967376,0.6495041251182556,0.8148385286331177,0.8114425539970398,0.7585950692494711
probe_00902_spk07.wav,/home/hye0n/projects/cnn-based-audio-pii-classification/src/cnn/data_probe/output/probe_00902_spk07.wav,번호는 삼삼칠오 공사칠구 삼공삼육 일사구팔입니다.,3375-0479-3036-1498,,female,spk07,probe_grp4x4,probe,1,4.64,16,4,4,sentence,grouped4,0.9957408905029297,0.001304957295665621,0.994027853012085,0.9960028529167175,0.9971919655799866,0.9957408905029297
probe_00903_spk08.wav,/home/hye0n/projects/cnn-based-audio-pii-classification/src/cnn/data_probe/output/probe_00903_spk08.wav,번호는 칠이팔삼 구구구이 일구이일 이사구삼입니다.,7283-9992-1921-2493,,male,spk08,probe_grp4x4,probe,1,4.64,16,4,4,sentence,grouped4,0.9080215096473694,0.03940081418799609,0.9106282591819763,0.8585150241851807,0.9549212455749512,0.9080215096473694
probe_00904_spk09.wav,/home/hye0n/projects/cnn-based-audio-pii-classification/src/cnn/data_probe/output/probe_00904_spk09.wav,번호는 팔사삼공 팔구사팔 칠공육공 오육육사입니다.,8430-8948-7060-5664,,female,spk09,probe_grp4x4,probe,1,5.44,16,4,4,sentence,grouped4,0.7722415725390116,0.016198052542944805,0.7914421558380127,0.7518214583396912,0.773461103439331,0.7722415725390116
probe_00905_spk10.wav,/home/hye0n/projects/cnn-based-audio-pii-classification/src/cnn/data_probe/output/probe_00905_spk10.wav,번호는 일팔칠칠 오팔공삼 공사육팔 칠오공육입니다.,1877-5803-0468-7506,,male,spk10,probe_grp4x4,probe,1,4.72,16,4,4,sentence,grouped4,0.9685652256011963,0.001928392824917492,0.9659016132354736,0.9693901538848877,0.9704039096832275,0.9685652256011963
probe_00906_spk11.wav,/home/hye0n/projects/cnn-based-audio-pii-classification/src/cnn/data_probe/output/probe_00906_spk11.wav,번호는 삼오일구 공삼육일 삼삼이오 사일일공입니다.,3519-0361-3325-4110,,female,spk11,probe_grp4x4,probe,1,3.68,16,4,4,sentence,grouped4,0.9864890972773234,0.0038048460259763237,0.9815395474433899,0.9871358275413513,0.990791916847229,0.9864890972773234
probe_00907_spk12.wav,/home/hye0n/projects/cnn-based-audio-pii-classification/src/cnn/data_probe/output/probe_00907_spk12.wav,번호는 칠육공구 오사삼일 칠삼오공 오팔삼일입니다.,7609-5431-7350-5831,,male,spk12,probe_grp4x4,probe,1,3.92,16,4,4,sentence,grouped4,0.9669658740361532,0.004428619256335901,0.9698619842529297,0.9607086181640625,0.9703270196914673,0.9669658740361532
probe_00908_spk13.wav,/home/hye0n/projects/cnn-based-audio-pii-classification/src/cnn/data_probe/output/probe_00908_spk13.wav,번호는 구구칠일 칠구일일 공공육오 일이공칠입니다.,9971-7911-0065-1207,,male,spk13,probe_grp4x4,probe,1,4.08,16,4,4,sentence,grouped4,0.7683019638061523,0.03298354768497846,0.8029506206512451,0.7780234217643738,0.7239318490028381,0.7683019638061523
probe_00909_spk14.wav,/home/hye0n/projects/cnn-based-audio-pii-classification/src/cnn/data_probe/output/probe_00909_spk14.wav,번호는 공사구육 일일공팔 공사육육 일구육삼입니다.,0496-1108-0466-1963,,female,spk14,probe_grp4x4,probe,1,5.04,16,4,4,sentence,grouped4,0.9721231857935587,0.0072986420124028,0.961916446685791,0.975895345211029,0.9785577654838562,0.9721231857935587
probe_00910_spk01.wav,/home/hye0n/projects/cnn-based-audio-pii-classification/src/cnn/data_probe/output/probe_00910_spk01.wav,번호는 구구공칠 육칠육구 구일오공 칠팔오구입니다.,9907-6769-9150-7859,,female,spk01,probe_grp4x4,probe,1,5.04,16,4,4,sentence,grouped4,0.9805698990821838,0.005381174335173837,0.9738145470619202,0.9809128642082214,0.9869822859764099,0.9805698990821838
probe_00911_spk02.wav,/home/hye0n/projects/cnn-based-audio-pii-classification/src/cnn/data_probe/output/probe_00911_spk02.wav,번호는 삼일일공 구일구삼 구이팔사 오육칠구입니다.,3110-9193-9284-5679,,male,spk02,probe_grp4x4,probe,1,4.32,16,4,4,sentence,grouped4,0.9905842940012614,0.003089030598139768,0.9915892481803894,0.9937636256217957,0.9864000082015991,0.9905842940012614
probe_00912_spk03.wav,/home/hye0n/projects/cnn-based-audio-pii-classification/src/cnn/data_probe/output/probe_00912_spk03.wav,번호는 칠이삼이 공공이사 구육팔오 사구팔이입니다.,7232-0024-9685-4982,,female,spk03,probe_grp4x4,probe,1,3.92,16,4,4,sentence,grouped4,0.9763415853182474,0.005802270243952447,0.968343198299408,0.9787536859512329,0.9819278717041016,0.9763415853182474
probe_00913_spk04.wav,/home/hye0n/projects/cnn-based-audio-pii-classification/src/cnn/data_probe/output/probe_00913_spk04.wav,번호는 이칠사구 오사오공 팔구이공 삼팔팔공입니다.,2749-5450-8920-3880,,male,spk04,probe_grp4x4,probe,1,4.24,16,4,4,sentence,grouped4,0.9850811759630839,0.007034913207190949,0.9751434326171875,0.9896426796913147,0.9904574155807495,0.9850811759630839
probe_00914_spk05.wav,/home/hye0n/projects/cnn-based-audio-pii-classification/src/cnn/data_probe/output/probe_00914_spk05.wav,번호는 육오삼삼 삼일오삼 칠칠구오 구구오구입니다.,6533-3153-7795-9959,,female,spk05,probe_grp4x4,probe,1,4.8,16,4,4,sentence,grouped4,0.9825822710990906,0.007972142242837729,0.9727262258529663,0.9922512173652649,0.9827693700790405,0.9825822710990906
probe_00915_spk06.wav,/home/hye0n/projects/cnn-based-audio-pii-classification/src/cnn/data_probe/output/probe_00915_spk06.wav,번호는 사육오이 일칠공칠 삼공삼삼 칠구삼삼입니다.,4652-1707-3033-7933,,male,spk06,probe_grp4x4,probe,1,5.52,16,4,4,sentence,grouped4,0.9922027587890625,0.0028660751854332396,0.9882861971855164,0.9932571649551392,0.995064914226532,0.9922027587890625
probe_00916_spk07.wav,/home/hye0n/projects/cnn-based-audio-pii-classification/src/cnn/data_probe/output/probe_00916_spk07.wav,번호는 칠오육삼 육이공오 공일오공 팔일이사입니다.,7563-6205-0150-8124,,female,spk07,probe_grp4x4,probe,1,4.16,16,4,4,sentence,grouped4,0.981922427813212,0.008764004674000138,0.9805760979652405,0.9719254374504089,0.9932657480239868,0.981922427813212
probe_00917_spk08.wav,/home/hye0n/projects/cnn-based-audio-pii-classification/src/cnn/data_probe/output/probe_00917_spk08.wav,번호는 칠삼구오 공공삼삼 사이삼사 이오팔삼입니다.,7395-0033-4234-2583,,male,spk08,probe_grp4x4,probe,1,5.44,16,4,4,sentence,grouped4,0.9698497454325358,0.007044513346451808,0.9600357413291931,0.9732729196548462,0.9762405753135681,0.9698497454325358
probe_00918_spk09.wav,/home/hye0n/projects/cnn-based-audio-pii-classification/src/cnn/data_probe/output/probe_00918_spk09.wav,번호는 이삼공이 사일공이 육일오삼 사칠삼오입니다.,2302-4102-6153-4735,,female,spk09,probe_grp4x4,probe,1,3.76,16,4,4,sentence,grouped4,0.9621370434761047,0.010875160092667965,0.9468886852264404,0.9714988470077515,0.9680235981941223,0.9621370434761047
probe_00919_spk10.wav,/home/hye0n/projects/cnn-based-audio-pii-classification/src/cnn/data_probe/output/probe_00919_spk10.wav,번호는 오이팔구 육일일이 이삼삼팔 육오오구입니다.,5289-6112-2338-6559,,male,spk10,probe_grp4x4,probe,1,3.92,16,4,4,sentence,grouped4,0.9649338920911154,0.012568259723519472,0.9482260942459106,0.9680362343788147,0.9785393476486206,0.9649338920911154
probe_00920_spk11.wav,/home/hye0n/projects/cnn-based-audio-pii-classification/src/cnn/data_probe/output/probe_00920_spk11.wav,번호는 육삼공구 구삼팔사 이오삼공 사이팔구입니다.,6309-9384-2530-4289,,female,spk11,probe_grp4x4,probe,1,5.68,16,4,4,sentence,grouped4,0.9435803294181824,0.010622549677483292,0.9420012831687927,0.9314320087432861,0.9573076963424683,0.9435803294181824
probe_00921_spk12.wav,/home/hye0n/projects/cnn-based-audio-pii-classification/src/cnn/data_probe/output/probe_00921_spk12.wav,번호는 칠삼일칠 구일이팔 육팔오칠 팔칠이오입니다.,7317-9128-6857-8725,,male,spk12,probe_grp4x4,probe,1,5.12,16,4,4,sentence,grouped4,0.6053195397059122,0.16992641780307663,0.7781562209129333,0.6634975075721741,0.3743048906326294,0.6053195397059122
probe_00922_spk13.wav,/home/hye0n/projects/cnn-based-audio-pii-classification/src/cnn/data_probe/output/probe_00922_spk13.wav,번호는 오팔칠칠 칠사구육 구공삼삼 삼칠삼육입니다.,5877-7496-9033-3736,,male,spk13,probe_grp4x4,probe,1,4.16,16,4,4,sentence,grouped4,0.9845070242881775,0.004025400239898008,0.9835097193717957,0.9801518321037292,0.9898595213890076,0.9845070242881775
probe_00923_spk14.wav,/home/hye0n/projects/cnn-based-audio-pii-classification/src/cnn/data_probe/output/probe_00923_spk14.wav,번호는 삼사육육 구이오사 팔일이일 사칠팔오입니다.,3466-9254-8121-4785,,female,spk14,probe_grp4x4,probe,1,4.32,16,4,4,sentence,grouped4,0.9128949046134949,0.025857985782193695,0.9229415059089661,0.8774207830429077,0.9383224248886108,0.9128949046134949
probe_00924_spk01.wav,/home/hye0n/projects/cnn-based-audio-pii-classification/src/cnn/data_probe/output/probe_00924_spk01.wav,번호는 삼구공칠 팔구오육 칠칠육육 오칠오사입니다.,3907-8956-7766-5754,,female,spk01,probe_grp4x4,probe,1,5.68,16,4,4,sentence,grouped4,0.9643998146057129,0.015452697934398251,0.9633514285087585,0.9460201859474182,0.9838278293609619,0.9643998146057129
probe_00925_spk02.wav,/home/hye0n/projects/cnn-based-audio-pii-classification/src/cnn/data_probe/output/probe_00925_spk02.wav,번호는 육공이칠 삼사일오 일사팔팔 팔일사삼입니다.,6027-3415-1488-8143,,male,spk02,probe_grp4x4,probe,1,4.72,16,4,4,sentence,grouped4,0.9745230078697205,0.004279241978547807,0.9752900004386902,0.9793382287025452,0.968940794467926,0.9745230078697205
probe_00926_spk03.wav,/home/hye0n/projects/cnn-based-audio-pii-classification/src/cnn/data_probe/output/probe_00926_spk03.wav,번호는 일일일오 공팔삼오 삼오사사 사삼구이입니다.,1115-0835-3544-4392,,female,spk03,probe_grp4x4,probe,1,4.48,16,4,4,sentence,grouped4,0.9925733804702759,0.001925810305345784,0.9898632764816284,0.9936947226524353,0.9941621422767639,0.9925733804702759
probe_00927_spk04.wav,/home/hye0n/projects/cnn-based-audio-pii-classification/src/cnn/data_probe/output/probe_00927_spk04.wav,번호는 팔사공사 사오육육 구공칠팔 이육삼삼입니다.,8404-4566-9078-2633,,male,spk04,probe_grp4x4,probe,1,4.48,16,4,4,sentence,grouped4,0.9260137875874838,0.0306994181780355,0.9366475343704224,0.8842431902885437,0.9571506381034851,0.9260137875874838
probe_00928_spk05.wav,/home/hye0n/projects/cnn-based-audio-pii-classification/src/cnn/data_probe/output/probe_00928_spk05.wav,번호는 삼칠삼팔 구팔칠칠 오일오삼 육육삼칠입니다.,3738-9877-5153-6637,,female,spk05,probe_grp4x4,probe,1,4.32,16,4,4,sentence,grouped4,0.9843872984250387,0.0006388672522045761,0.9849355220794678,0.9847351312637329,0.9834912419319153,0.9843872984250387
probe_00929_spk06.wav,/home/hye0n/projects/cnn-based-audio-pii-classification/src/cnn/data_probe/output/probe_00929_spk06.wav,번호는 칠팔공오 이구이사 공칠오오 삼육육육입니다.,7805-2924-0755-3666,,male,spk06,probe_grp4x4,probe,1,3.68,16,4,4,sentence,grouped4,0.9225173393885294,0.034110841641011004,0.8758761882781982,0.9351713061332703,0.9565045237541199,0.9225173393885294
probe_00930_spk07.wav,/home/hye0n/projects/cnn-based-audio-pii-classification/src/cnn/data_probe/output/probe_00930_spk07.wav,번호는 팔사오구 공구공이 이오구구 구구육육입니다.,8459-0902-2599-9966,,female,spk07,probe_grp4x4,probe,1,4.08,16,4,4,sentence,grouped4,0.9847271045049032,0.006518362719109202,0.9791770577430725,0.9811278581619263,0.9938763976097107,0.9847271045049032
probe_00931_spk08.wav,/home/hye0n/projects/cnn-based-audio-pii-classification/src/cnn/data_probe/output/probe_00931_spk08.wav,번호는 삼육일팔 육삼칠일 오구칠사 일이일팔입니다.,3618-6371-5974-1218,,male,spk08,probe_grp4x4,probe,1,5.12,16,4,4,sentence,grouped4,0.9825707077980042,0.004608403980417022,0.979330837726593,0.9792933464050293,0.9890879392623901,0.9825707077980042
probe_00932_spk09.wav,/home/hye0n/projects/cnn-based-audio-pii-classification/src/cnn/data_probe/output/probe_00932_spk09.wav,번호는 이공구칠 공이삼일 육사삼삼 사팔일칠입니다.,2097-0231-6433-4817,,female,spk09,probe_grp4x4,probe,1,4.32,16,4,4,sentence,grouped4,0.7619279623031616,0.05413211075548008,0.815803050994873,0.6878890991210938,0.7820917367935181,0.7619279623031616
probe_00933_spk10.wav,/home/hye0n/projects/cnn-based-audio-pii-classification/src/cnn/data_probe/output/probe_00933_spk10.wav,번호는 공오팔공 이오육육 이일이팔 육칠일육입니다.,0580-2566-2128-6716,,male,spk10,probe_grp4x4,probe,1,3.92,16,4,4,sentence,grouped4,0.9664284388224283,0.006621583887608288,0.9734473824501038,0.9575506448745728,0.9682872891426086,0.9664284388224283
probe_00934_spk11.wav,/home/hye0n/projects/cnn-based-audio-pii-classification/src/cnn/data_probe/output/probe_00934_spk11.wav,번호는 삼이삼사 육칠이구 구사구삼 팔칠사삼입니다.,3234-6729-9493-8743,,female,spk11,probe_grp4x4,probe,1,4.56,16,4,4,sentence,grouped4,0.9453336795171102,0.027549111356683028,0.9716667532920837,0.9570339322090149,0.9073003530502319,0.9453336795171102
probe_00935_spk12.wav,/home/hye0n/projects/cnn-based-audio-pii-classification/src/cnn/data_probe/output/probe_00935_spk12.wav,번호는 공이칠일 육구삼팔 오구칠칠 칠구공일입니다.,0271-6938-5977-7901,,male,spk12,probe_grp4x4,probe,1,3.92,16,4,4,sentence,grouped4,0.984458327293396,0.004278760452723229,0.9838622212409973,0.9899712800979614,0.9795414805412292,0.984458327293396
probe_00936_spk13.wav,/home/hye0n/projects/cnn-based-audio-pii-classification/src/cnn/data_probe/output/probe_00936_spk13.wav,번호는 사칠오사 육구이육 삼이구육 칠육이구입니다.,4754-6926-3296-7629,,male,spk13,probe_grp4x4,probe,1,3.6,16,4,4,sentence,grouped4,0.8446407516797384,0.10202162131411525,0.8918845653533936,0.7029568552970886,0.9390808343887329,0.8446407516797384
probe_00937_spk14.wav,/home/hye0n/projects/cnn-based-audio-pii-classification/src/cnn/data_probe/output/probe_00937_spk14.wav,번호는 일육공삼 이사팔사 일삼칠육 팔일오일입니다.,1603-2484-1376-8151,,female,spk14,probe_grp4x4,probe,1,4.88,16,4,4,sentence,grouped4,0.8466049631436666,0.07885790909754183,0.7401213645935059,0.9285484552383423,0.8711450695991516,0.8466049631436666
probe_00938_spk01.wav,/home/hye0n/projects/cnn-based-audio-pii-classification/src/cnn/data_probe/output/probe_00938_spk01.wav,번호는 일팔오육 칠이사삼 팔공칠공 일칠육오입니다.,1856-7243-8070-1765,,female,spk01,probe_grp4x4,probe,1,4.8,16,4,4,sentence,grouped4,0.995322048664093,0.0018982608450981858,0.9928395748138428,0.9956783652305603,0.997448205947876,0.995322048664093
probe_00939_spk02.wav,/home/hye0n/projects/cnn-based-audio-pii-classification/src/cnn/data_probe/output/probe_00939_spk02.wav,번호는 육삼육공 공사일이 오칠칠칠 일일팔삼입니다.,6360-0412-5777-1183,,male,spk02,probe_grp4x4,probe,1,5.04,16,4,4,sentence,grouped4,0.9865753849347433,0.0029233939575660554,0.9826043248176575,0.9895570874214172,0.987564742565155,0.9865753849347433
probe_00940_spk03.wav,/home/hye0n/projects/cnn-based-audio-pii-classification/src/cnn/data_probe/output/probe_00940_spk03.wav,번호는 칠이칠사 이이공구 일이사일 팔육이일입니다.,7274-2209-1241-8621,,female,spk03,probe_grp4x4,probe,1,4.8,16,4,4,sentence,grouped4,0.9906434416770935,0.003029576802567539,0.986946165561676,0.9906172156333923,0.9943669438362122,0.9906434416770935
probe_00941_spk04.wav,/home/hye0n/projects/cnn-based-audio-pii-classification/src/cnn/data_probe/output/probe_00941_spk04.wav,번호는 공사이칠 오이삼공 팔삼칠공 팔일육사입니다.,0427-5230-8370-8164,,male,spk04,probe_grp4x4,probe,1,4.24,16,4,4,sentence,grouped4,0.9888536135355631,0.0018975463267180894,0.9874163866043091,0.9915348291397095,0.9876096248626709,0.9888536135355631
probe_00942_spk05.wav,/home/hye0n/projects/cnn-based-audio-pii-classification/src/cnn/data_probe/output/probe_00942_spk05.wav,번호는 칠공구공 공육삼삼 오삼삼일 공육공공입니다.,7090-0633-5331-0600,,female,spk05,probe_grp4x4,probe,1,4.56,16,4,4,sentence,grouped4,0.990405797958374,0.0013719996272578208,0.9886794686317444,0.9920360445976257,0.990501880645752,0.990405797958374
probe_00943_spk06.wav,/home/hye0n/projects/cnn-based-audio-pii-classification/src/cnn/data_probe/output/probe_00943_spk06.wav,번호는 오삼일삼 일이이공 육팔일오 오팔삼구입니다.,5313-1220-6815-5839,,male,spk06,probe_grp4x4,probe,1,4.32,16,4,4,sentence,grouped4,0.9602770805358887,0.008342879100712212,0.968673050403595,0.9489002227783203,0.9632579684257507,0.9602770805358887
probe_00944_spk07.wav,/home/hye0n/projects/cnn-based-audio-pii-classification/src/cnn/data_probe/output/probe_00944_spk07.wav,번호는 삼팔육육 일삼삼일 오오이공 육오공육입니다.,3866-1331-5520-6506,,female,spk07,probe_grp4x4,probe,1,4.4,16,4,4,sentence,grouped4,0.9913272658983866,0.0042729448478492,0.9931411147117615,0.9854283928871155,0.995412290096283,0.9913272658983866
probe_00945_spk08.wav,/home/hye0n/projects/cnn-based-audio-pii-classification/src/cnn/data_probe/output/probe_00945_spk08.wav,번호는 삼칠삼일 사구오공 일삼육사 구칠일팔입니다.,3731-4950-1364-9718,,male,spk08,probe_grp4x4,probe,1,4.8,16,4,4,sentence,grouped4,0.9842784802118937,0.00559416283645151,0.9838877320289612,0.9776307940483093,0.9913169145584106,0.9842784802118937
probe_00946_spk09.wav,/home/hye0n/projects/cnn-based-audio-pii-classification/src/cnn/data_probe/output/probe_00946_spk09.wav,번호는 구이사일 구오육이 오이오칠 일오공구입니다.,9241-9562-5257-1509,,female,spk09,probe_grp4x4,probe,1,3.84,16,4,4,sentence,grouped4,0.9881738225618998,0.0030194684382134286,0.9864908456802368,0.9856165647506714,0.9924140572547913,0.9881738225618998
probe_00947_spk10.wav,/home/hye0n/projects/cnn-based-audio-pii-classification/src/cnn/data_probe/output/probe_00947_spk10.wav,번호는 구칠육팔 삼팔구공 삼공구일 사삼육삼입니다.,9768-3890-3091-4363,,male,spk10,probe_grp4x4,probe,1,4.4,16,4,4,sentence,grouped4,0.975283682346344,0.0030103871450614947,0.9731836915016174,0.9731264710426331,0.9795408844947815,0.975283682346344
probe_00948_spk11.wav,/home/hye0n/projects/cnn-based-audio-pii-classification/src/cnn/data_probe/output/probe_00948_spk11.wav,번호는 구일공이 오칠사삼 이육삼공 삼구칠오입니다.,9102-5743-2630-3975,,female,spk11,probe_grp4x4,probe,1,4.72,16,4,4,sentence,grouped4,0.9342914819717407,0.015557050543576858,0.91972815990448,0.9558547735214233,0.9272915124893188,0.9342914819717407
probe_00949_spk12.wav,/home/hye0n/projects/cnn-based-audio-pii-classification/src/cnn/data_probe/output/probe_00949_spk12.wav,번호는 이사오공 팔육사공 삼오오삼 삼팔공삼입니다.,2450-8640-3553-3803,,male,spk12,probe_grp4x4,probe,1,4.16,16,4,4,sentence,grouped4,0.9506064454714457,0.0380399381752698,0.8988813757896423,0.9636649489402771,0.9892730116844177,0.9506064454714457
probe_00950_spk13.wav,/home/hye0n/projects/cnn-based-audio-pii-classification/src/cnn/data_probe/output/probe_00950_spk13.wav,번호는 삼구육팔 오이칠공 일칠일삼 공이삼이입니다.,3968-5270-1713-0232,,male,spk13,probe_grp4x4,probe,1,3.92,16,4,4,sentence,grouped4,0.9352357387542725,0.0019509298778717587,0.9332879781723022,0.9345173239707947,0.9379019141197205,0.9352357387542725
probe_00951_spk14.wav,/home/hye0n/projects/cnn-based-audio-pii-classification/src/cnn/data_probe/output/probe_00951_spk14.wav,번호는 일이구팔 삼삼팔일 육칠사이 삼삼육이입니다.,1298-3381-6742-3362,,female,spk14,probe_grp4x4,probe,1,3.68,16,4,4,sentence,grouped4,0.8311152656873068,0.0378499379410759,0.8821576237678528,0.8195559978485107,0.7916321754455566,0.8311152656873068
probe_00952_spk01.wav,/home/hye0n/projects/cnn-based-audio-pii-classification/src/cnn/data_probe/output/probe_00952_spk01.wav,번호는 구삼사사 구칠삼사 칠일오육 육이칠칠입니다.,9344-9734-7156-6277,,female,spk01,probe_grp4x4,probe,1,5.92,16,4,4,sentence,grouped4,0.9260474840799967,0.025538176576181734,0.9480394721031189,0.8902409672737122,0.9398620128631592,0.9260474840799967
probe_00953_spk02.wav,/home/hye0n/projects/cnn-based-audio-pii-classification/src/cnn/data_probe/output/probe_00953_spk02.wav,번호는 육팔구육 이칠공육 육일사구 팔이팔이입니다.,6896-2706-6149-8282,,male,spk02,probe_grp4x4,probe,1,4.72,16,4,4,sentence,grouped4,0.9652933677037557,0.0074580814929337885,0.9697954058647156,0.9713026881217957,0.9547820091247559,0.9652933677037557
probe_00954_spk03.wav,/home/hye0n/projects/cnn-based-audio-pii-classification/src/cnn/data_probe/output/probe_00954_spk03.wav,번호는 사육칠사 칠사육팔 구칠일오 이칠삼이입니다.,4674-7468-9715-2732,,female,spk03,probe_grp4x4,probe,1,4.56,16,4,4,sentence,grouped4,0.9812235633532206,0.0028389818032593423,0.9837677478790283,0.9772616624832153,0.9826412796974182,0.9812235633532206
probe_00955_spk04.wav,/home/hye0n/projects/cnn-based-audio-pii-classification/src/cnn/data_probe/output/probe_00955_spk04.wav,번호는 삼공공팔 오칠육육 육오육칠 사구일육입니다.,3008-5766-6567-4916,,male,spk04,probe_grp4x4,probe,1,4.56,16,4,4,sentence,grouped4,0.9962537288665771,0.0012947307227370115,0.9949151277542114,0.9958410859107971,0.9980049729347229,0.9962537288665771
probe_00956_spk05.wav,/home/hye0n/projects/cnn-based-audio-pii-classification/src/cnn/data_probe/output/probe_00956_spk05.wav,번호는 공일육구 이삼육사 오팔칠오 공육육삼입니다.,0169-2364-5875-0663,,female,spk05,probe_grp4x4,probe,1,4.32,16,4,4,sentence,grouped4,0.9907037019729614,0.0015181269348917448,0.9886361956596375,0.9912363290786743,0.9922385811805725,0.9907037019729614
probe_00957_spk06.wav,/home/hye0n/projects/cnn-based-audio-pii-classification/src/cnn/data_probe/output/probe_00957_spk06.wav,번호는 삼칠공오 공이사구 칠이사삼 구구이공입니다.,3705-0249-7243-9920,,male,spk06,probe_grp4x4,probe,1,4.0,16,4,4,sentence,grouped4,0.9915512800216675,0.0020926032869104556,0.9886804819107056,0.9923642873764038,0.9936090707778931,0.9915512800216675
probe_00958_spk07.wav,/home/hye0n/projects/cnn-based-audio-pii-classification/src/cnn/data_probe/output/probe_00958_spk07.wav,번호는 일일육육 구일팔삼 육이육사 사팔팔육입니다.,1166-9183-6264-4886,,female,spk07,probe_grp4x4,probe,1,4.16,16,4,4,sentence,grouped4,0.9602779746055603,0.03536624290523022,0.983274519443512,0.9103150963783264,0.9872443079948425,0.9602779746055603
probe_00959_spk08.wav,/home/hye0n/projects/cnn-based-audio-pii-classification/src/cnn/data_probe/output/probe_00959_spk08.wav,번호는 구사육일 일구오이 사삼육사 공이칠공입니다.,9461-1952-4364-0270,,male,spk08,probe_grp4x4,probe,1,4.24,16,4,4,sentence,grouped4,0.9882714152336121,0.005706394953690901,0.9838167428970337,0.9846711158752441,0.9963263869285583,0.9882714152336121
probe_00960_spk09.wav,/home/hye0n/projects/cnn-based-audio-pii-classification/src/cnn/data_probe/output/probe_00960_spk09.wav,번호는 일일육팔 육사육이 이오이이 삼칠이팔입니다.,1168-6462-2522-3728,,female,spk09,probe_grp4x4,probe,1,4.16,16,4,4,sentence,grouped4,0.9904733300209045,0.0023936907463089204,0.9872538447380066,0.9911770820617676,0.9929890632629395,0.9904733300209045
probe_00961_spk10.wav,/home/hye0n/projects/cnn-based-audio-pii-classification/src/cnn/data_probe/output/probe_00961_spk10.wav,번호는 일칠구삼 이삼공이 삼사육칠 구일이일입니다.,1793-2302-3467-9121,,male,spk10,probe_grp4x4,probe,1,4.32,16,4,4,sentence,grouped4,0.9753288229306539,0.007208721901382242,0.9654172658920288,0.9782183766365051,0.9823508262634277,0.9753288229306539
probe_00962_spk11.wav,/home/hye0n/projects/cnn-based-audio-pii-classification/src/cnn/data_probe/output/probe_00962_spk11.wav,번호는 사일육일 사일오공 구삼칠칠 일공공사입니다.,4161-4150-9377-1004,,female,spk11,probe_grp4x4,probe,1,4.48,16,4,4,sentence,grouped4,0.988005797068278,0.0031645671155307877,0.9842296242713928,0.9878137111663818,0.9919740557670593,0.988005797068278
probe_00963_spk12.wav,/home/hye0n/projects/cnn-based-audio-pii-classification/src/cnn/data_probe/output/probe_00963_spk12.wav,번호는 공구공일 삼팔공육 구팔사칠 칠오구육입니다.,0901-3806-9847-7596,,male,spk12,probe_grp4x4,probe,1,4.08,16,4,4,sentence,grouped4,0.9726171890894572,0.007826796574207158,0.9618488550186157,0.9802195429801941,0.9757831692695618,0.9726171890894572
probe_00964_spk13.wav,/home/hye0n/projects/cnn-based-audio-pii-classification/src/cnn/data_probe/output/probe_00964_spk13.wav,번호는 오오오오 삼오육육 구공오오 일공칠육입니다.,5555-3566-9055-1076,,male,spk13,probe_grp4x4,probe,1,3.84,16,4,4,sentence,grouped4,0.837214469909668,0.04717328692276177,0.8743277192115784,0.7706481218338013,0.8666675686836243,0.837214469909668
probe_00965_spk14.wav,/home/hye0n/projects/cnn-based-audio-pii-classification/src/cnn/data_probe/output/probe_00965_spk14.wav,번호는 이공구일 팔사삼오 칠구칠팔 육삼공오입니다.,2091-8435-7978-6305,,female,spk14,probe_grp4x4,probe,1,4.72,16,4,4,sentence,grouped4,0.9657845894495646,0.008010062751714874,0.9723043441772461,0.9545021653175354,0.9705472588539124,0.9657845894495646
probe_00966_spk01.wav,/home/hye0n/projects/cnn-based-audio-pii-classification/src/cnn/data_probe/output/probe_00966_spk01.wav,번호는 공오공오 칠삼구칠 육구일오 육칠일육입니다.,0505-7397-6915-6716,,female,spk01,probe_grp4x4,probe,1,4.8,16,4,4,sentence,grouped4,0.9912681380907694,0.0031190601734228406,0.9924682974815369,0.9869921207427979,0.9943439960479736,0.9912681380907694
probe_00967_spk02.wav,/home/hye0n/projects/cnn-based-audio-pii-classification/src/cnn/data_probe/output/probe_00967_spk02.wav,번호는 사구삼이 팔구팔공 이칠일사 팔칠이칠입니다.,4932-8980-2714-8727,,male,spk02,probe_grp4x4,probe,1,3.84,16,4,4,sentence,grouped4,0.9814056952794393,0.00882588555553086,0.9689360857009888,0.9881159067153931,0.987165093421936,0.9814056952794393
probe_00968_spk03.wav,/home/hye0n/projects/cnn-based-audio-pii-classification/src/cnn/data_probe/output/probe_00968_spk03.wav,번호는 일칠팔삼 삼삼이일 일육공이 오육사삼입니다.,1783-3321-1602-5643,,female,spk03,probe_grp4x4,probe,1,4.88,16,4,4,sentence,grouped4,0.9404847621917725,0.01449344883971048,0.9348101615905762,0.9603790044784546,0.9262651205062866,0.9404847621917725
probe_00969_spk04.wav,/home/hye0n/projects/cnn-based-audio-pii-classification/src/cnn/data_probe/output/probe_00969_spk04.wav,번호는 사칠일이 팔칠일오 삼구구일 오육육팔입니다.,4712-8715-3991-5668,,male,spk04,probe_grp4x4,probe,1,4.0,16,4,4,sentence,grouped4,0.9826927383740743,0.002337987088043946,0.9842215776443481,0.9844672679901123,0.9793893694877625,0.9826927383740743
probe_00970_spk05.wav,/home/hye0n/projects/cnn-based-audio-pii-classification/src/cnn/data_probe/output/probe_00970_spk05.wav,번호는 육삼삼사 일사일일 일오구삼 일구오이입니다.,6334-1411-1593-1952,,female,spk05,probe_grp4x4,probe,1,4.0,16,4,4,sentence,grouped4,0.9870136380195618,0.002082567482936911,0.9841581583023071,0.9878166317939758,0.9890661239624023,0.9870136380195618
probe_00971_spk06.wav,/home/hye0n/projects/cnn-based-audio-pii-classification/src/cnn/data_probe/output/probe_00971_spk06.wav,번호는 오육구공 사공구팔 삼육육오 오이팔구입니다.,5690-4098-3665-5289,,male,spk06,probe_grp4x4,probe,1,4.16,16,4,4,sentence,grouped4,0.9896108905474345,0.004709619048217122,0.9904520511627197,0.9834684133529663,0.9949122071266174,0.9896108905474345
probe_00972_spk07.wav,/home/hye0n/projects/cnn-based-audio-pii-classification/src/cnn/data_probe/output/probe_00972_spk07.wav,번호는 구삼일육 공팔칠오 이사삼칠 칠이구사입니다.,9316-0875-2437-7294,,female,spk07,probe_grp4x4,probe,1,4.72,16,4,4,sentence,grouped4,0.9731658101081848,0.00773905472150687,0.9795501828193665,0.962274968624115,0.977672278881073,0.9731658101081848
probe_00973_spk08.wav,/home/hye0n/projects/cnn-based-audio-pii-classification/src/cnn/data_probe/output/probe_00973_spk08.wav,번호는 이공구오 사팔일사 구칠삼칠 사육공오입니다.,2095-4814-9737-4605,,male,spk08,probe_grp4x4,probe,1,4.32,16,4,4,sentence,grouped4,0.977495272954305,0.00965001475132547,0.9800452589988708,0.9646096229553223,0.9878309369087219,0.977495272954305
probe_00974_spk09.wav,/home/hye0n/projects/cnn-based-audio-pii-classification/src/cnn/data_probe/output/probe_00974_spk09.wav,번호는 이삼삼공 이칠육사 이공팔육 오육칠오입니다.,2330-2764-2086-5675,,female,spk09,probe_grp4x4,probe,1,4.24,16,4,4,sentence,grouped4,0.9863203366597494,0.005744921787515686,0.9782016277313232,0.9901130199432373,0.9906463623046875,0.9863203366597494
probe_00975_spk10.wav,/home/hye0n/projects/cnn-based-audio-pii-classification/src/cnn/data_probe/output/probe_00975_spk10.wav,번호는 육육일팔 사사삼팔 육일이오 구공사칠입니다.,6618-4438-6125-9047,,male,spk10,probe_grp4x4,probe,1,4.0,16,4,4,sentence,grouped4,0.95991979042689,0.010216488866637355,0.9733759164810181,0.948634922504425,0.957748532295227,0.95991979042689
probe_00976_spk11.wav,/home/hye0n/projects/cnn-based-audio-pii-classification/src/cnn/data_probe/output/probe_00976_spk11.wav,번호는 이구이칠 칠사이삼 삼삼공오 구일이육입니다.,2927-7423-3305-9126,,female,spk11,probe_grp4x4,probe,1,4.0,16,4,4,sentence,grouped4,0.992097536722819,0.002654381931962797,0.9921085238456726,0.9888411164283752,0.9953429698944092,0.992097536722819
probe_00977_spk12.wav,/home/hye0n/projects/cnn-based-audio-pii-classification/src/cnn/data_probe/output/probe_00977_spk12.wav,번호는 육이공일 오칠이공 일팔오구 육이육삼입니다.,6201-5720-1859-6263,,male,spk12,probe_grp4x4,probe,1,3.28,16,4,4,sentence,grouped4,0.4052688777446747,0.023166684698848587,0.3785484731197357,0.43504729866981506,0.40221086144447327,0.4052688777446747
probe_00978_spk13.wav,/home/hye0n/projects/cnn-based-audio-pii-classification/src/cnn/data_probe/output/probe_00978_spk13.wav,번호는 공일삼육 칠사구이 육일칠육 사칠오공입니다.,0136-7492-6176-4750,,male,spk13,probe_grp4x4,probe,1,4.56,16,4,4,sentence,grouped4,0.8965046405792236,0.043339081354592995,0.8672375082969666,0.864501416683197,0.9577749967575073,0.8965046405792236
probe_00979_spk14.wav,/home/hye0n/projects/cnn-based-audio-pii-classification/src/cnn/data_probe/output/probe_00979_spk14.wav,번호는 일일일일 칠팔삼공 구구구칠 사일구이입니다.,1111-7830-9997-4192,,female,spk14,probe_grp4x4,probe,1,4.48,16,4,4,sentence,grouped4,0.9888886213302612,0.003258643290613947,0.99160236120224,0.9843060970306396,0.990757405757904,0.9888886213302612
probe_00980_spk01.wav,/home/hye0n/projects/cnn-based-audio-pii-classification/src/cnn/data_probe/output/probe_00980_spk01.wav,번호는 육칠육사 구이일오 일팔이육 공육팔팔입니다.,6764-9215-1826-0688,,female,spk01,probe_grp4x4,probe,1,4.56,16,4,4,sentence,grouped4,0.9897858500480652,0.0052688979657895315,0.9927869439125061,0.9823787808418274,0.9941918253898621,0.9897858500480652
probe_00981_spk02.wav,/home/hye0n/projects/cnn-based-audio-pii-classification/src/cnn/data_probe/output/probe_00981_spk02.wav,번호는 팔칠일팔 구팔일삼 일이구이 공팔칠오입니다.,8718-9813-1292-0875,,male,spk02,probe_grp4x4,probe,1,4.0,16,4,4,sentence,grouped4,0.9449546138445536,0.017475082175549324,0.9625918865203857,0.9211438894271851,0.9511280655860901,0.9449546138445536
probe_00982_spk03.wav,/home/hye0n/projects/cnn-based-audio-pii-classification/src/cnn/data_probe/output/probe_00982_spk03.wav,번호는 일공이구 삼이일팔 사공일일 팔사오팔입니다.,1029-3218-4011-8458,,female,spk03,probe_grp4x4,probe,1,4.88,16,4,4,sentence,grouped4,0.9928378462791443,0.002484338693333409,0.9893274307250977,0.9944679737091064,0.9947181344032288,0.9928378462791443
probe_00983_spk04.wav,/home/hye0n/projects/cnn-based-audio-pii-classification/src/cnn/data_probe/output/probe_00983_spk04.wav,번호는 이육공삼 사공팔사 팔칠이구 칠오팔오입니다.,2603-4084-8729-7585,,male,spk04,probe_grp4x4,probe,1,3.92,16,4,4,sentence,grouped4,0.9929335912068685,0.003271651268502476,0.9883085489273071,0.9951352477073669,0.9953569769859314,0.9929335912068685
probe_00984_spk05.wav,/home/hye0n/projects/cnn-based-audio-pii-classification/src/cnn/data_probe/output/probe_00984_spk05.wav,번호는 구팔팔삼 일공삼공 삼이사삼 이구팔삼입니다.,9883-1030-3243-2983,,female,spk05,probe_grp4x4,probe,1,4.4,16,4,4,sentence,grouped4,0.979092021783193,0.010238616004617167,0.9863926768302917,0.964612603187561,0.9862707853317261,0.979092021783193
probe_00985_spk06.wav,/home/hye0n/projects/cnn-based-audio-pii-classification/src/cnn/data_probe/output/probe_00985_spk06.wav,번호는 구오사이 구육일팔 사사육이 육칠일사입니다.,9542-9618-4462-6714,,male,spk06,probe_grp4x4,probe,1,3.92,16,4,4,sentence,grouped4,0.9867466489473978,0.0018576909060979974,0.9891635179519653,0.9846462607383728,0.9864301681518555,0.9867466489473978
probe_00986_spk07.wav,/home/hye0n/projects/cnn-based-audio-pii-classification/src/cnn/data_probe/output/probe_00986_spk07.wav,번호는 육이팔삼 일사삼오 구팔구이 육이오육입니다.,6283-1435-9892-6256,,female,spk07,probe_grp4x4,probe,1,4.32,16,4,4,sentence,grouped4,0.8243408600489298,0.1320979214722055,0.9190210103988647,0.6375319957733154,0.9164695739746094,0.8243408600489298
probe_00987_spk08.wav,/home/hye0n/projects/cnn-based-audio-pii-classification/src/cnn/data_probe/output/probe_00987_spk08.wav,번호는 육공구삼 일사일팔 일팔육일 오일오오입니다.,6093-1418-1861-5155,,male,spk08,probe_grp4x4,probe,1,4.48,16,4,4,sentence,grouped4,0.9841409126917521,0.002572747754029216,0.9876755475997925,0.9816263914108276,0.9831207990646362,0.9841409126917521
probe_00988_spk09.wav,/home/hye0n/projects/cnn-based-audio-pii-classification/src/cnn/data_probe/output/probe_00988_spk09.wav,번호는 사이삼사 공일육삼 육일일이 팔사구칠입니다.,4234-0163-6112-8497,,female,spk09,probe_grp4x4,probe,1,4.0,16,4,4,sentence,grouped4,0.927287737528483,0.021438787589725658,0.9412031769752502,0.8970018625259399,0.943658173084259,0.927287737528483
probe_00989_spk10.wav,/home/hye0n/projects/cnn-based-audio-pii-classification/src/cnn/data_probe/output/probe_00989_spk10.wav,번호는 일팔오구 사팔사구 일공이오 육이오팔입니다.,1859-4849-1025-6258,,male,spk10,probe_grp4x4,probe,1,3.76,16,4,4,sentence,grouped4,0.8968805273373922,0.03726555420725435,0.8448901772499084,0.915403425693512,0.9303479790687561,0.8968805273373922
probe_00990_spk11.wav,/home/hye0n/projects/cnn-based-audio-pii-classification/src/cnn/data_probe/output/probe_00990_spk11.wav,번호는 팔구육칠 구이사공 팔이이이 육구사공입니다.,8967-9240-8222-6940,,female,spk11,probe_grp4x4,probe,1,3.84,16,4,4,sentence,grouped4,0.9558242559432983,0.00853725119381548,0.9566067457199097,0.9449990391731262,0.9658669829368591,0.9558242559432983
probe_00991_spk12.wav,/home/hye0n/projects/cnn-based-audio-pii-classification/src/cnn/data_probe/output/probe_00991_spk12.wav,번호는 오삼구육 칠이칠오 칠팔사사 육팔삼사입니다.,5396-7275-7844-6834,,male,spk12,probe_grp4x4,probe,1,3.6,16,4,4,sentence,grouped4,0.9264526764551798,0.05933964530133538,0.8429325222969055,0.9611361622810364,0.9752893447875977,0.9264526764551798
probe_00992_spk13.wav,/home/hye0n/projects/cnn-based-audio-pii-classification/src/cnn/data_probe/output/probe_00992_spk13.wav,번호는 일사육오 일일일삼 일이구공 일사팔칠입니다.,1465-1113-1290-1487,,male,spk13,probe_grp4x4,probe,1,3.76,16,4,4,sentence,grouped4,0.9295821189880371,0.03506917780945836,0.9613391757011414,0.9466943144798279,0.8807128667831421,0.9295821189880371
probe_00993_spk14.wav,/home/hye0n/projects/cnn-based-audio-pii-classification/src/cnn/data_probe/output/probe_00993_spk14.wav,번호는 공육팔이 칠칠팔팔 일육공구 삼공육팔입니다.,0682-7788-1609-3068,,female,spk14,probe_grp4x4,probe,1,4.32,16,4,4,sentence,grouped4,0.9896355470021566,0.002675109065420497,0.9909823536872864,0.9859004616737366,0.9920238256454468,0.9896355470021566
probe_00994_spk01.wav,/home/hye0n/projects/cnn-based-audio-pii-classification/src/cnn/data_probe/output/probe_00994_spk01.wav,번호는 오삼팔구 공구칠이 팔삼이일 오이팔오입니다.,5389-0972-8321-5285,,female,spk01,probe_grp4x4,probe,1,4.32,16,4,4,sentence,grouped4,0.9944305817286173,0.0018524025226803419,0.9918176531791687,0.9958999752998352,0.9955741167068481,0.9944305817286173
probe_00995_spk02.wav,/home/hye0n/projects/cnn-based-audio-pii-classification/src/cnn/data_probe/output/probe_00995_spk02.wav,번호는 공육칠육 이오일오 삼팔일사 사칠사사입니다.,0676-2515-3814-4744,,male,spk02,probe_grp4x4,probe,1,4.64,16,4,4,sentence,grouped4,0.989638884862264,0.0020991415528598513,0.9877915978431702,0.9925750494003296,0.9885500073432922,0.989638884862264
probe_00996_spk03.wav,/home/hye0n/projects/cnn-based-audio-pii-classification/src/cnn/data_probe/output/probe_00996_spk03.wav,번호는 삼공구육 삼사팔공 칠구칠공 오공구칠입니다.,3096-3480-7970-5097,,female,spk03,probe_grp4x4,probe,1,4.8,16,4,4,sentence,grouped4,0.9941709836324056,0.001242006208529261,0.9926635026931763,0.9941440224647522,0.9957054257392883,0.9941709836324056
probe_00997_spk04.wav,/home/hye0n/projects/cnn-based-audio-pii-classification/src/cnn/data_probe/output/probe_00997_spk04.wav,번호는 오사오일 공오이육 오공일육 칠삼일팔입니다.,5451-0526-5016-7318,,male,spk04,probe_grp4x4,probe,1,5.28,16,4,4,sentence,grouped4,0.9803729255994161,0.010258103626003275,0.9662286639213562,0.984652578830719,0.9902375340461731,0.9803729255994161
probe_00998_spk05.wav,/home/hye0n/projects/cnn-based-audio-pii-classification/src/cnn/data_probe/output/probe_00998_spk05.wav,번호는 팔이육일 칠공이사 삼칠육오 사오육이입니다.,8261-7024-3765-4562,,female,spk05,probe_grp4x4,probe,1,4.32,16,4,4,sentence,grouped4,0.7589536110560099,0.16333158148231885,0.8189525008201599,0.9221274256706238,0.5357809066772461,0.7589536110560099
probe_00999_spk06.wav,/home/hye0n/projects/cnn-based-audio-pii-classification/src/cnn/data_probe/output/probe_00999_spk06.wav,번호는 팔사일칠 칠이이오 육공오삼 일삼사공입니다.,8417-7225-6053-1340,,male,spk06,probe_grp4x4,probe,1,5.84,16,4,4,sentence,grouped4,0.9451483686765035,0.01578216160589064,0.9231023788452148,0.9531554579734802,0.9591872692108154,0.9451483686765035
probe_01000_spk07.wav,/home/hye0n/projects/cnn-based-audio-pii-classification/src/cnn/data_probe/output/probe_01000_spk07.wav,이육육오.,2665,,female,spk07,probe_bare_4,probe,1,1.28,4,1,4,bare,continuous,0.011339242958153287,0.007992763816467777,0.003697438398376107,0.007947064936161041,0.022373225539922714,0.011339242958153287
probe_01001_spk08.wav,/home/hye0n/projects/cnn-based-audio-pii-classification/src/cnn/data_probe/output/probe_01001_spk08.wav,공이삼칠.,0237,,male,spk08,probe_bare_4,probe,1,1.36,4,1,4,bare,continuous,0.002271899526628355,0.00038303979873115305,0.0019275894155725837,0.0020818845368921757,0.002806224627420306,0.002271899526628355
probe_01002_spk09.wav,/home/hye0n/projects/cnn-based-audio-pii-classification/src/cnn/data_probe/output/probe_01002_spk09.wav,사일육칠.,4167,,female,spk09,probe_bare_4,probe,1,1.44,4,1,4,bare,continuous,0.0014100642874836922,1.4110987835864075e-05,0.0013901111669838428,0.0014197498094290495,0.0014203318860381842,0.0014100642874836922
probe_01003_spk10.wav,/home/hye0n/projects/cnn-based-audio-pii-classification/src/cnn/data_probe/output/probe_01003_spk10.wav,팔칠이오.,8725,,male,spk10,probe_bare_4,probe,1,0.96,4,1,4,bare,continuous,0.003246414203507205,0.0013722363585957067,0.0018525937339290977,0.002773924032226205,0.005112724844366312,0.003246414203507205
probe_01004_spk11.wav,/home/hye0n/projects/cnn-based-audio-pii-classification/src/cnn/data_probe/output/probe_01004_spk11.wav,육팔육이.,6862,,female,spk11,probe_bare_4,probe,1,1.44,4,1,4,bare,continuous,0.003840869253811737,0.0016492046437687306,0.0018173904391005635,0.0038481366354972124,0.005857080686837435,0.003840869253811737
probe_01005_spk12.wav,/home/hye0n/projects/cnn-based-audio-pii-classification/src/cnn/data_probe/output/probe_01005_spk12.wav,일일공이.,1102,,male,spk12,probe_bare_4,probe,1,0.8,4,1,4,bare,continuous,0.00296812589901189,0.001391143730841031,0.0016424388159066439,0.0023720664903521538,0.004889872390776873,0.00296812589901189
probe_01006_spk13.wav,/home/hye0n/projects/cnn-based-audio-pii-classification/src/cnn/data_probe/output/probe_01006_spk13.wav,이오팔공.,2580,,male,spk13,probe_bare_4,probe,1,1.2,4,1,4,bare,continuous,0.002213764858121673,0.000672513046607578,0.0014812899753451347,0.002054625190794468,0.003105379408225417,0.002213764858121673
probe_01007_spk14.wav,/home/hye0n/projects/cnn-based-audio-pii-classification/src/cnn/data_probe/output/probe_01007_spk14.wav,삼공오육.,3056,,female,spk14,probe_bare_4,probe,1,1.36,4,1,4,bare,continuous,0.003206400666385889,0.0009372059302132223,0.0021291696466505527,0.0030762767419219017,0.004413755610585213,0.003206400666385889
probe_01008_spk01.wav,/home/hye0n/projects/cnn-based-audio-pii-classification/src/cnn/data_probe/output/probe_01008_spk01.wav,구공육칠.,9067,,female,spk01,probe_bare_4,probe,1,1.36,4,1,4,bare,continuous,0.003709918431316813,0.0012078977734990865,0.002001863671466708,0.004543035291135311,0.004584856331348419,0.003709918431316813
probe_01009_spk02.wav,/home/hye0n/projects/cnn-based-audio-pii-classification/src/cnn/data_probe/output/probe_01009_spk02.wav,사사칠일.,4471,,male,spk02,probe_bare_4,probe,1,1.2,4,1,4,bare,continuous,0.0030800188736369214,0.0014128339168708608,0.0018148471135646105,0.0023733307607471943,0.005051878746598959,0.0030800188736369214
probe_01010_spk03.wav,/home/hye0n/projects/cnn-based-audio-pii-classification/src/cnn/data_probe/output/probe_01010_spk03.wav,육삼구이.,6392,,female,spk03,probe_bare_4,probe,1,1.36,4,1,4,bare,continuous,0.0016010415662700932,0.00014518202465661057,0.001513301394879818,0.0018056691624224186,0.0014841541415080428,0.0016010415662700932
probe_01011_spk04.wav,/home/hye0n/projects/cnn-based-audio-pii-classification/src/cnn/data_probe/output/probe_01011_spk04.wav,팔이삼사.,8234,,male,spk04,probe_bare_4,probe,1,0.96,4,1,4,bare,continuous,0.0013927426189184189,4.451009286976212e-05,0.0014112695353105664,0.0013313803356140852,0.001435577985830605,0.0013927426189184189
probe_01012_spk05.wav,/home/hye0n/projects/cnn-based-audio-pii-classification/src/cnn/data_probe/output/probe_01012_spk05.wav,일사삼육.,1436,,female,spk05,probe_bare_4,probe,1,1.12,4,1,4,bare,continuous,0.0013452970112363498,8.612479952814309e-05,0.0014176922850310802,0.001224273582920432,0.0013939251657575369,0.0013452970112363498
probe_01013_spk06.wav,/home/hye0n/projects/cnn-based-audio-pii-classification/src/cnn/data_probe/output/probe_01013_spk06.wav,삼칠일팔.,3718,,male,spk06,probe_bare_4,probe,1,5.44,4,1,4,bare,continuous,0.008952640152225891,0.0033018317111032426,0.010170205496251583,0.012247866950929165,0.004439848009496927,0.008952640152225891
probe_01014_spk07.wav,/home/hye0n/projects/cnn-based-audio-pii-classification/src/cnn/data_probe/output/probe_01014_spk07.wav,구이삼구.,9239,,female,spk07,probe_bare_4,probe,1,1.04,4,1,4,bare,continuous,0.0022493633829678097,0.00047409191713663004,0.0017385290702804923,0.0021287074778229,0.0028808536008000374,0.0022493633829678097
probe_01015_spk08.wav,/home/hye0n/projects/cnn-based-audio-pii-classification/src/cnn/data_probe/output/probe_01015_spk08.wav,이삼일이.,2312,,male,spk08,probe_bare_4,probe,1,1.04,4,1,4,bare,continuous,0.00852816691622138,0.006712553888801934,0.0024906997568905354,0.00520266592502594,0.017891135066747665,0.00852816691622138
probe_01016_spk09.wav,/home/hye0n/projects/cnn-based-audio-pii-classification/src/cnn/data_probe/output/probe_01016_spk09.wav,육공사삼.,6043,,female,spk09,probe_bare_4,probe,1,0.96,4,1,4,bare,continuous,0.002162644096339742,0.0004409536609960564,0.0016737203113734722,0.002071881666779518,0.0027423303108662367,0.002162644096339742
probe_01017_spk10.wav,/home/hye0n/projects/cnn-based-audio-pii-classification/src/cnn/data_probe/output/probe_01017_spk10.wav,이육공구.,2609,,male,spk10,probe_bare_4,probe,1,0.88,4,1,4,bare,continuous,0.0028700969026734433,0.001351356604369406,0.0017840289510786533,0.0020512978080660105,0.004774963948875666,0.0028700969026734433
probe_01018_spk11.wav,/home/hye0n/projects/cnn-based-audio-pii-classification/src/cnn/data_probe/output/probe_01018_spk11.wav,삼일공육.,3106,,female,spk11,probe_bare_4,probe,1,1.04,4,1,4,bare,continuous,0.0025051862079029283,0.0009407490579866002,0.001634604879654944,0.002069225301966071,0.0038117284420877695,0.0025051862079029283
probe_01019_spk12.wav,/home/hye0n/projects/cnn-based-audio-pii-classification/src/cnn/data_probe/output/probe_01019_spk12.wav,육팔사삼.,6843,,male,spk12,probe_bare_4,probe,1,0.88,4,1,4,bare,continuous,0.0015066037497793634,6.902344404259851e-05,0.0014265847858041525,0.0014981975546106696,0.0015950289089232683,0.0015066037497793634
probe_01020_spk13.wav,/home/hye0n/projects/cnn-based-audio-pii-classification/src/cnn/data_probe/output/probe_01020_spk13.wav,삼오육칠.,3567,,male,spk13,probe_bare_4,probe,1,1.28,4,1,4,bare,continuous,0.0023130866466090083,0.00039293855308782024,0.001857428695075214,0.0022654470521956682,0.002816384192556143,0.0023130866466090083
probe_01021_spk14.wav,/home/hye0n/projects/cnn-based-audio-pii-classification/src/cnn/data_probe/output/probe_01021_spk14.wav,공팔육공.,0860,,female,spk14,probe_bare_4,probe,1,1.2,4,1,4,bare,continuous,0.001974109521446129,0.00032292544606444184,0.0015177455497905612,0.002217130968347192,0.002187452046200633,0.001974109521446129
probe_01022_spk01.wav,/home/hye0n/projects/cnn-based-audio-pii-classification/src/cnn/data_probe/output/probe_01022_spk01.wav,사일사오.,4145,,female,spk01,probe_bare_4,probe,1,1.84,4,1,4,bare,continuous,0.0027746668395896754,0.0004450390073312599,0.0021694963797926903,0.0029275319539010525,0.003226972185075283,0.0027746668395896754
probe_01023_spk02.wav,/home/hye0n/projects/cnn-based-audio-pii-classification/src/cnn/data_probe/output/probe_01023_spk02.wav,사오육삼.,4563,,male,spk02,probe_bare_4,probe,1,1.36,4,1,4,bare,continuous,0.0018284863326698542,0.00024159688197526242,0.0014885347336530685,0.0019688266329467297,0.0020280976314097643,0.0018284863326698542
probe_01024_spk03.wav,/home/hye0n/projects/cnn-based-audio-pii-classification/src/cnn/data_probe/output/probe_01024_spk03.wav,오공이공.,5020,,female,spk03,probe_bare_4,probe,1,1.04,4,1,4,bare,continuous,0.0023738490029548607,0.0006459656779473346,0.0015969116939231753,0.0023461640812456608,0.0031784712336957455,0.0023738490029548607
probe_01025_spk04.wav,/home/hye0n/projects/cnn-based-audio-pii-classification/src/cnn/data_probe/output/probe_01025_spk04.wav,공공오삼.,0053,,male,spk04,probe_bare_4,probe,1,1.6,4,1,4,bare,continuous,0.001866912314047416,0.0002817579383252209,0.0014839272480458021,0.002153657842427492,0.001963151851668954,0.001866912314047416
probe_01026_spk05.wav,/home/hye0n/projects/cnn-based-audio-pii-classification/src/cnn/data_probe/output/probe_01026_spk05.wav,사칠사구.,4749,,female,spk05,probe_bare_4,probe,1,1.36,4,1,4,bare,continuous,0.001573986994723479,0.00016539461025035453,0.0014931857585906982,0.0014242917532101274,0.0018044834723696113,0.001573986994723479
probe_01027_spk06.wav,/home/hye0n/projects/cnn-based-audio-pii-classification/src/cnn/data_probe/output/probe_01027_spk06.wav,일육이사.,1624,,male,spk06,probe_bare_4,probe,1,0.88,4,1,4,bare,continuous,0.0034667249225700894,0.0018893005899192606,0.0018087656935676932,0.002481162315234542,0.006110246758908033,0.0034667249225700894
probe_01028_spk07.wav,/home/hye0n/projects/cnn-based-audio-pii-classification/src/cnn/data_probe/output/probe_01028_spk07.wav,칠오오사.,7554,,female,spk07,probe_bare_4,probe,1,0.96,4,1,4,bare,continuous,0.0024407608434557915,0.0008555713560033874,0.0017610277282074094,0.001913750427775085,0.00364750437438488,0.0024407608434557915
probe_01029_spk08.wav,/home/hye0n/projects/cnn-based-audio-pii-classification/src/cnn/data_probe/output/probe_01029_spk08.wav,일일공팔.,1108,,male,spk08,probe_bare_4,probe,1,1.04,4,1,4,bare,continuous,0.002065650769509375,0.0003961633912391625,0.0015448735794052482,0.0025049569085240364,0.0021471218205988407,0.002065650769509375
probe_01030_spk09.wav,/home/hye0n/projects/cnn-based-audio-pii-classification/src/cnn/data_probe/output/probe_01030_spk09.wav,이오오오.,2555,,female,spk09,probe_bare_4,probe,1,0.96,4,1,4,bare,continuous,0.0224279318160067,0.01900567162317745,0.0032574620563536882,0.015697740018367767,0.048328593373298645,0.0224279318160067
probe_01031_spk10.wav,/home/hye0n/projects/cnn-based-audio-pii-classification/src/cnn/data_probe/output/probe_01031_spk10.wav,구팔구오.,9895,,male,spk10,probe_bare_4,probe,1,0.72,4,1,4,bare,continuous,0.002570020966231823,0.0008009013697821314,0.0016723680309951305,0.0024206594098359346,0.0036170354578644037,0.002570020966231823
probe_01032_spk11.wav,/home/hye0n/projects/cnn-based-audio-pii-classification/src/cnn/data_probe/output/probe_01032_spk11.wav,삼사삼구.,3439,,female,spk11,probe_bare_4,probe,1,1.36,4,1,4,bare,continuous,0.0016117593040689826,0.0003011776195514907,0.0014036401407793164,0.0013939854688942432,0.002037652302533388,0.0016117593040689826
probe_01033_spk12.wav,/home/hye0n/projects/cnn-based-audio-pii-classification/src/cnn/data_probe/output/probe_01033_spk12.wav,육일일이.,6112,,male,spk12,probe_bare_4,probe,1,0.72,4,1,4,bare,continuous,0.002819801913574338,0.000867941565955346,0.001713403733447194,0.002912679221481085,0.003833322785794735,0.002819801913574338
probe_01034_spk13.wav,/home/hye0n/projects/cnn-based-audio-pii-classification/src/cnn/data_probe/output/probe_01034_spk13.wav,구일공구.,9109,,male,spk13,probe_bare_4,probe,1,1.92,4,1,4,bare,continuous,0.04922466569890579,0.04285358060728361,0.00937426183372736,0.029607446864247322,0.10869228839874268,0.04922466569890579
probe_01035_spk14.wav,/home/hye0n/projects/cnn-based-audio-pii-classification/src/cnn/data_probe/output/probe_01035_spk14.wav,삼삼칠일.,3371,,female,spk14,probe_bare_4,probe,1,1.28,4,1,4,bare,continuous,0.0020695119940986237,0.00038365715666193454,0.0015721793752163649,0.0021303368266671896,0.0025060197804123163,0.0020695119940986237
probe_01036_spk01.wav,/home/hye0n/projects/cnn-based-audio-pii-classification/src/cnn/data_probe/output/probe_01036_spk01.wav,일팔구오.,1895,,female,spk01,probe_bare_4,probe,1,1.2,4,1,4,bare,continuous,0.0024745420863231025,0.000841104220534902,0.0016538517083972692,0.002139209769666195,0.0036305647809058428,0.0024745420863231025
probe_01037_spk02.wav,/home/hye0n/projects/cnn-based-audio-pii-classification/src/cnn/data_probe/output/probe_01037_spk02.wav,사칠삼팔.,4738,,male,spk02,probe_bare_4,probe,1,1.36,4,1,4,bare,continuous,0.003428414463996887,0.0016104885677097965,0.0016979172360152006,0.0030112650711089373,0.005576061084866524,0.003428414463996887
probe_01038_spk03.wav,/home/hye0n/projects/cnn-based-audio-pii-classification/src/cnn/data_probe/output/probe_01038_spk03.wav,이공이삼.,2023,,female,spk03,probe_bare_4,probe,1,0.96,4,1,4,bare,continuous,0.0017308958728487294,0.0003281309702834452,0.0013924641534686089,0.0016251519555225968,0.002175071509554982,0.0017308958728487294
probe_01039_spk04.wav,/home/hye0n/projects/cnn-based-audio-pii-classification/src/cnn/data_probe/output/probe_01039_spk04.wav,육팔사팔.,6848,,male,spk04,probe_bare_4,probe,1,1.28,4,1,4,bare,continuous,0.0016110242965320747,0.00012657686922829187,0.00143235654104501,0.00169082242064178,0.0017098939279094338,0.0016110242965320747
probe_01040_spk05.wav,/home/hye0n/projects/cnn-based-audio-pii-classification/src/cnn/data_probe/output/probe_01040_spk05.wav,오오칠일육일.,557161,,female,spk05,probe_bare_6,probe,1,1.76,6,1,6,bare,continuous,0.0014804521730790536,4.75792194663741e-05,0.001545072766020894,0.0014318997273221612,0.0014643840258941054,0.0014804521730790536
probe_01041_spk06.wav,/home/hye0n/projects/cnn-based-audio-pii-classification/src/cnn/data_probe/output/probe_01041_spk06.wav,칠육팔팔공이.,768802,,male,spk06,probe_bare_6,probe,1,1.28,6,1,6,bare,continuous,0.0025409231117616096,0.0007643504605688123,0.0017296490259468555,0.002327913884073496,0.0035652064252644777,0.0025409231117616096
probe_01042_spk07.wav,/home/hye0n/projects/cnn-based-audio-pii-classification/src/cnn/data_probe/output/probe_01042_spk07.wav,구사이사공구.,942409,,female,spk07,probe_bare_6,probe,1,1.28,6,1,6,bare,continuous,0.002434607750425736,0.0008786302944994045,0.0019407672807574272,0.0016940676141530275,0.0036689883563667536,0.002434607750425736
probe_01043_spk08.wav,/home/hye0n/projects/cnn-based-audio-pii-classification/src/cnn/data_probe/output/probe_01043_spk08.wav,공삼육칠팔팔.,036788,,male,spk08,probe_bare_6,probe,1,1.84,6,1,6,bare,continuous,0.0028431635970870652,0.0009961490694573747,0.0023922519758343697,0.0019127740524709225,0.004224464762955904,0.0028431635970870652
probe_01044_spk09.wav,/home/hye0n/projects/cnn-based-audio-pii-classification/src/cnn/data_probe/output/probe_01044_spk09.wav,일이칠팔육팔.,127868,,female,spk09,probe_bare_6,probe,1,1.44,6,1,6,bare,continuous,0.0026460245717316866,0.0010884112827622518,0.0019393842667341232,0.0018150925170630217,0.004183596931397915,0.0026460245717316866
probe_01045_spk10.wav,/home/hye0n/projects/cnn-based-audio-pii-classification/src/cnn/data_probe/output/probe_01045_spk10.wav,육육구사삼이.,669432,,male,spk10,probe_bare_6,probe,1,1.28,6,1,6,bare,continuous,0.0022178820023934045,0.0004598648419762552,0.0019103159429505467,0.0018754132324829698,0.0028679168317466974,0.0022178820023934045
probe_01046_spk11.wav,/home/hye0n/projects/cnn-based-audio-pii-classification/src/cnn/data_probe/output/probe_01046_spk11.wav,공이구삼구공.,029390,,female,spk11,probe_bare_6,probe,1,1.44,6,1,6,bare,continuous,0.0015097619034349918,0.00019727802532489456,0.001461190520785749,0.0012961220927536488,0.0017719730967655778,0.0015097619034349918
probe_01047_spk12.wav,/home/hye0n/projects/cnn-based-audio-pii-classification/src/cnn/data_probe/output/probe_01047_spk12.wav,팔칠팔팔사사.,878844,,male,spk12,probe_bare_6,probe,1,1.28,6,1,6,bare,continuous,0.0013366408723716934,9.292169882161586e-05,0.0014022612012922764,0.001205229782499373,0.001402431633323431,0.0013366408723716934
probe_01048_spk13.wav,/home/hye0n/projects/cnn-based-audio-pii-classification/src/cnn/data_probe/output/probe_01048_spk13.wav,삼사사팔일이.,344812,,male,spk13,probe_bare_6,probe,1,1.76,6,1,6,bare,continuous,0.0019944960173840323,0.00046227547676519747,0.0017482867697253823,0.0015931164380162954,0.0026420848444104195,0.0019944960173840323
probe_01049_spk14.wav,/home/hye0n/projects/cnn-based-audio-pii-classification/src/cnn/data_probe/output/probe_01049_spk14.wav,삼공팔삼사공.,308340,,female,spk14,probe_bare_6,probe,1,1.6,6,1,6,bare,continuous,0.0022455802342544,0.0007833228347573053,0.0017918284283950925,0.0015972567489370704,0.003347655525431037,0.0022455802342544
probe_01050_spk01.wav,/home/hye0n/projects/cnn-based-audio-pii-classification/src/cnn/data_probe/output/probe_01050_spk01.wav,이사이사공삼.,242403,,female,spk01,probe_bare_6,probe,1,1.52,6,1,6,bare,continuous,0.004464781455074747,0.0026672973896870998,0.002699513453990221,0.002460447372868657,0.008234383538365364,0.004464781455074747
probe_01051_spk02.wav,/home/hye0n/projects/cnn-based-audio-pii-classification/src/cnn/data_probe/output/probe_01051_spk02.wav,삼팔일공오구.,381059,,male,spk02,probe_bare_6,probe,1,1.44,6,1,6,bare,continuous,0.003720576331640283,0.0015338670109411746,0.0024898198898881674,0.0027890056371688843,0.005882903467863798,0.003720576331640283
probe_01052_spk03.wav,/home/hye0n/projects/cnn-based-audio-pii-classification/src/cnn/data_probe/output/probe_01052_spk03.wav,오오일팔사이.,551842,,female,spk03,probe_bare_6,probe,1,1.44,6,1,6,bare,continuous,0.001870255529259642,0.00024617499631772753,0.0015318561345338821,0.0021102901082485914,0.0019686203449964523,0.001870255529259642
probe_01053_spk04.wav,/home/hye0n/projects/cnn-based-audio-pii-classification/src/cnn/data_probe/output/probe_01053_spk04.wav,육구사오공공.,694500,,male,spk04,probe_bare_6,probe,1,1.6,6,1,6,bare,continuous,0.0024747493832061687,0.0008015938215878222,0.002071055583655834,0.0017592073418200016,0.0035939852241426706,0.0024747493832061687
probe_01054_spk05.wav,/home/hye0n/projects/cnn-based-audio-pii-classification/src/cnn/data_probe/output/probe_01054_spk05.wav,오삼사이사공.,534240,,female,spk05,probe_bare_6,probe,1,1.36,6,1,6,bare,continuous,0.0014582833197588723,0.00013994073316332908,0.0014203746104612947,0.001309019629843533,0.0016454557189717889,0.0014582833197588723
probe_01055_spk06.wav,/home/hye0n/projects/cnn-based-audio-pii-classification/src/cnn/data_probe/output/probe_01055_spk06.wav,팔구일육사구.,891649,,male,spk06,probe_bare_6,probe,1,1.36,6,1,6,bare,continuous,0.0012201718830813963,9.235765213316168e-05,0.001346137491054833,0.0011870956514030695,0.0011272825067862868,0.0012201718830813963
probe_01056_spk07.wav,/home/hye0n/projects/cnn-based-audio-pii-classification/src/cnn/data_probe/output/probe_01056_spk07.wav,팔삼칠삼오사.,837354,,female,spk07,probe_bare_6,probe,1,1.6,6,1,6,bare,continuous,0.0015792050786937277,0.00017637883346522602,0.0015692590968683362,0.001368330791592598,0.0018000253476202488,0.0015792050786937277
probe_01057_spk08.wav,/home/hye0n/projects/cnn-based-audio-pii-classification/src/cnn/data_probe/output/probe_01057_spk08.wav,삼구육이칠삼.,396273,,male,spk08,probe_bare_6,probe,1,1.76,6,1,6,bare,continuous,0.004854682212074597,0.0028535758506612577,0.002372265327721834,0.0033404328860342503,0.008851348422467709,0.004854682212074597
probe_01058_spk09.wav,/home/hye0n/projects/cnn-based-audio-pii-classification/src/cnn/data_probe/output/probe_01058_spk09.wav,육오이칠일칠.,652717,,female,spk09,probe_bare_6,probe,1,1.92,6,1,6,bare,continuous,0.03029925764227907,0.02730051505054468,0.007270702626556158,0.01497622113674879,0.06865084916353226,0.03029925764227907
probe_01059_spk10.wav,/home/hye0n/projects/cnn-based-audio-pii-classification/src/cnn/data_probe/output/probe_01059_spk10.wav,이칠이이삼구.,272239,,male,spk10,probe_bare_6,probe,1,1.68,6,1,6,bare,continuous,0.0028500729240477085,0.0006879910153902165,0.0019359253346920013,0.0030186192598193884,0.003595674177631736,0.0028500729240477085
probe_01060_spk11.wav,/home/hye0n/projects/cnn-based-audio-pii-classification/src/cnn/data_probe/output/probe_01060_spk11.wav,칠이사공사이.,724042,,female,spk11,probe_bare_6,probe,1,1.92,6,1,6,bare,continuous,0.002261860102104644,0.0004882326312338164,0.0017430136213079095,0.0021267514675855637,0.002915815217420459,0.002261860102104644
probe_01061_spk12.wav,/home/hye0n/projects/cnn-based-audio-pii-classification/src/cnn/data_probe/output/probe_01061_spk12.wav,이육구삼일이.,269312,,male,spk12,probe_bare_6,probe,1,1.2,6,1,6,bare,continuous,0.0027225655503571033,0.0011196243306501022,0.0017538503743708134,0.00212224293500185,0.0042916033416986465,0.0027225655503571033
probe_01062_spk13.wav,/home/hye0n/projects/cnn-based-audio-pii-classification/src/cnn/data_probe/output/probe_01062_spk13.wav,일육삼칠육일.,163761,,male,spk13,probe_bare_6,probe,1,1.52,6,1,6,bare,continuous,0.001426072830023865,9.540777595218628e-05,0.0015560516621917486,0.0013924377271905541,0.001329729100689292,0.001426072830023865
probe_01063_spk14.wav,/home/hye0n/projects/cnn-based-audio-pii-classification/src/cnn/data_probe/output/probe_01063_spk14.wav,팔이공구일육.,820916,,female,spk14,probe_bare_6,probe,1,1.52,6,1,6,bare,continuous,0.003533575994273027,0.0010809187622477154,0.0024472628720104694,0.003145324531942606,0.005008140578866005,0.003533575994273027
probe_01064_spk01.wav,/home/hye0n/projects/cnn-based-audio-pii-classification/src/cnn/data_probe/output/probe_01064_spk01.wav,육공일공공이.,601002,,female,spk01,probe_bare_6,probe,1,1.84,6,1,6,bare,continuous,0.046806528232991695,0.03487161654170697,0.01084297988563776,0.03556482121348381,0.09401178359985352,0.046806528232991695
probe_01065_spk02.wav,/home/hye0n/projects/cnn-based-audio-pii-classification/src/cnn/data_probe/output/probe_01065_spk02.wav,삼일사이구공.,314290,,male,spk02,probe_bare_6,probe,1,1.6,6,1,6,bare,continuous,0.0034108240312586227,0.0016850793434795284,0.0019279492553323507,0.002536696381866932,0.005767826456576586,0.0034108240312586227
probe_01066_spk03.wav,/home/hye0n/projects/cnn-based-audio-pii-classification/src/cnn/data_probe/output/probe_01066_spk03.wav,공일팔오일삼.,018513,,female,spk03,probe_bare_6,probe,1,1.28,6,1,6,bare,continuous,0.0014511519499743979,9.51250642273552e-05,0.0014122932916507125,0.0015821190318092704,0.0013590435264632106,0.0014511519499743979
probe_01067_spk04.wav,/home/hye0n/projects/cnn-based-audio-pii-classification/src/cnn/data_probe/output/probe_01067_spk04.wav,이칠구칠이사.,279724,,male,spk04,probe_bare_6,probe,1,1.44,6,1,6,bare,continuous,0.0012828016576046746,0.00011321226306159815,0.0014111640630289912,0.0013014929136261344,0.0011357479961588979,0.0012828016576046746
probe_01068_spk05.wav,/home/hye0n/projects/cnn-based-audio-pii-classification/src/cnn/data_probe/output/probe_01068_spk05.wav,오칠이삼공팔.,572308,,female,spk05,probe_bare_6,probe,1,1.6,6,1,6,bare,continuous,0.0015069199725985527,4.6247161397171946e-05,0.0015669940039515495,0.001454488025046885,0.0014992778887972236,0.0015069199725985527
probe_01069_spk06.wav,/home/hye0n/projects/cnn-based-audio-pii-classification/src/cnn/data_probe/output/probe_01069_spk06.wav,사팔일공공일.,481001,,male,spk06,probe_bare_6,probe,1,1.2,6,1,6,bare,continuous,0.0013632344780489802,0.00011287774270465355,0.0014276215806603432,0.0012045387411490083,0.0014575431123375893,0.0013632344780489802
probe_01070_spk07.wav,/home/hye0n/projects/cnn-based-audio-pii-classification/src/cnn/data_probe/output/probe_01070_spk07.wav,팔사일팔육이.,841862,,female,spk07,probe_bare_6,probe,1,1.28,6,1,6,bare,continuous,0.0016630612857018907,0.00015767368374759768,0.0015097047435119748,0.001879928051494062,0.0015995510620996356,0.0016630612857018907
probe_01071_spk08.wav,/home/hye0n/projects/cnn-based-audio-pii-classification/src/cnn/data_probe/output/probe_01071_spk08.wav,공삼공삼육육.,030366,,male,spk08,probe_bare_6,probe,1,1.84,6,1,6,bare,continuous,0.003480668645352125,0.0012094707159537638,0.003173261880874634,0.0021771984174847603,0.005091545637696981,0.003480668645352125
probe_01072_spk09.wav,/home/hye0n/projects/cnn-based-audio-pii-classification/src/cnn/data_probe/output/probe_01072_spk09.wav,이오사삼육일.,254361,,female,spk09,probe_bare_6,probe,1,1.36,6,1,6,bare,continuous,0.0017335941859831412,0.00018300856300718096,0.00168331537861377,0.0015388649189844728,0.001978602260351181,0.0017335941859831412
probe_01073_spk10.wav,/home/hye0n/projects/cnn-based-audio-pii-classification/src/cnn/data_probe/output/probe_01073_spk10.wav,칠이일삼일사.,721314,,male,spk10,probe_bare_6,probe,1,1.2,6,1,6,bare,continuous,0.001312703553897639,3.0841619916822426e-06,0.001309060025960207,0.001312448875978589,0.0013166017597541213,0.001312703553897639
probe_01074_spk11.wav,/home/hye0n/projects/cnn-based-audio-pii-classification/src/cnn/data_probe/output/probe_01074_spk11.wav,오일구오일오.,519515,,female,spk11,probe_bare_6,probe,1,1.68,6,1,6,bare,continuous,0.0024862930489083133,0.00036294487849634704,0.00197690655477345,0.0027956445701420307,0.0026863280218094587,0.0024862930489083133
probe_01075_spk12.wav,/home/hye0n/projects/cnn-based-audio-pii-classification/src/cnn/data_probe/output/probe_01075_spk12.wav,일공구이이육.,109226,,male,spk12,probe_bare_6,probe,1,1.12,6,1,6,bare,continuous,0.0017063931639616687,0.0001228156088888707,0.0017278279410675168,0.0015464078169316053,0.0018449437338858843,0.0017063931639616687
probe_01076_spk13.wav,/home/hye0n/projects/cnn-based-audio-pii-classification/src/cnn/data_probe/output/probe_01076_spk13.wav,팔오구이육이.,859262,,male,spk13,probe_bare_6,probe,1,2.0,6,1,6,bare,continuous,0.0018252332617218296,9.144247997610603e-05,0.0017143160803243518,0.0019382733153179288,0.0018231103895232081,0.0018252332617218296
probe_01077_spk14.wav,/home/hye0n/projects/cnn-based-audio-pii-classification/src/cnn/data_probe/output/probe_01077_spk14.wav,사구사오일사.,494514,,female,spk14,probe_bare_6,probe,1,1.84,6,1,6,bare,continuous,0.001474697608500719,0.00015589480971862487,0.0016845047939568758,0.0013111382722854614,0.00142844975925982,0.001474697608500719
probe_01078_spk01.wav,/home/hye0n/projects/cnn-based-audio-pii-classification/src/cnn/data_probe/output/probe_01078_spk01.wav,칠오사일공이.,754102,,female,spk01,probe_bare_6,probe,1,1.68,6,1,6,bare,continuous,0.0020382384148736796,0.0002883301384537928,0.0016539916396141052,0.0021121788304299116,0.0023485447745770216,0.0020382384148736796
probe_01079_spk02.wav,/home/hye0n/projects/cnn-based-audio-pii-classification/src/cnn/data_probe/output/probe_01079_spk02.wav,이오이육칠칠.,252677,,male,spk02,probe_bare_6,probe,1,1.68,6,1,6,bare,continuous,0.0020302269452561936,0.00023832061595039283,0.0018970365636050701,0.0023649458307772875,0.0018286984413862228,0.0020302269452561936
probe_01080_spk03.wav,/home/hye0n/projects/cnn-based-audio-pii-classification/src/cnn/data_probe/output/probe_01080_spk03.wav,일일구육사이일오.,11964215,,female,spk03,probe_bare_8,probe,1,1.84,8,1,8,bare,continuous,0.0015312214381992817,0.00013798868697097215,0.0016778629506006837,0.0015694063622504473,0.0013463950017467141,0.0015312214381992817
probe_01081_spk04.wav,/home/hye0n/projects/cnn-based-audio-pii-classification/src/cnn/data_probe/output/probe_01081_spk04.wav,이이육오오칠육칠.,22655767,,male,spk04,probe_bare_8,probe,1,1.92,8,1,8,bare,continuous,0.012322145514190197,0.010247691916058479,0.004429008811712265,0.00574271846562624,0.026794709265232086,0.012322145514190197
probe_01082_spk05.wav,/home/hye0n/projects/cnn-based-audio-pii-classification/src/cnn/data_probe/output/probe_01082_spk05.wav,육구오이삼육육팔.,69523668,,female,spk05,probe_bare_8,probe,1,1.92,8,1,8,bare,continuous,0.004245212612052758,0.0024185302546356462,0.0025102265644818544,0.0076654101721942425,0.0025600010994821787,0.004245212612052758
probe_01083_spk06.wav,/home/hye0n/projects/cnn-based-audio-pii-classification/src/cnn/data_probe/output/probe_01083_spk06.wav,칠팔팔칠팔팔삼육.,78878836,,male,spk06,probe_bare_8,probe,1,1.6,8,1,8,bare,continuous,0.0015219378983601928,0.00013939078170022005,0.0015029744245111942,0.0013614932540804148,0.0017013460164889693,0.0015219378983601928
probe_01084_spk07.wav,/home/hye0n/projects/cnn-based-audio-pii-classification/src/cnn/data_probe/output/probe_01084_spk07.wav,일구육팔구삼일삼.,19689313,,female,spk07,probe_bare_8,probe,1,2.32,8,1,8,bare,continuous,0.009395609454562267,0.0031759670134810444,0.007193134166300297,0.007106865290552378,0.013886828906834126,0.009395609454562267
probe_01085_spk08.wav,/home/hye0n/projects/cnn-based-audio-pii-classification/src/cnn/data_probe/output/probe_01085_spk08.wav,오공삼공오팔칠이.,50305872,,male,spk08,probe_bare_8,probe,1,3.04,8,1,8,bare,continuous,0.01038499160980185,0.003959288248914669,0.010926062241196632,0.005288031417876482,0.014940881170332432,0.01038499160980185
probe_01086_spk09.wav,/home/hye0n/projects/cnn-based-audio-pii-classification/src/cnn/data_probe/output/probe_01086_spk09.wav,일공오오이사칠이.,10552472,,female,spk09,probe_bare_8,probe,1,1.84,8,1,8,bare,continuous,0.005288225055361788,0.0016896915625308768,0.0030475377570837736,0.005689488258212805,0.007127649150788784,0.005288225055361788
probe_01087_spk10.wav,/home/hye0n/projects/cnn-based-audio-pii-classification/src/cnn/data_probe/output/probe_01087_spk10.wav,팔육삼삼삼공이일.,86333021,,male,spk10,probe_bare_8,probe,1,2.64,8,1,8,bare,continuous,0.005187391070649028,0.001607897976998159,0.0033805284183472395,0.004895230755209923,0.007286414038389921,0.005187391070649028
probe_01088_spk11.wav,/home/hye0n/projects/cnn-based-audio-pii-classification/src/cnn/data_probe/output/probe_01088_spk11.wav,이육공육오공일구.,26065019,,female,spk11,probe_bare_8,probe,1,2.32,8,1,8,bare,continuous,0.0020757953946789107,0.00011248934625927998,0.0021980509627610445,0.0019265145529061556,0.0021028206683695316,0.0020757953946789107
probe_01089_spk12.wav,/home/hye0n/projects/cnn-based-audio-pii-classification/src/cnn/data_probe/output/probe_01089_spk12.wav,일칠구이공이오이.,17920252,,male,spk12,probe_bare_8,probe,1,1.52,8,1,8,bare,continuous,0.001838677601578335,0.00026901598705849283,0.002122716512531042,0.0014774645678699017,0.0019158517243340611,0.001838677601578335
probe_01090_spk13.wav,/home/hye0n/projects/cnn-based-audio-pii-classification/src/cnn/data_probe/output/probe_01090_spk13.wav,일삼일공구육이이.,13109622,,male,spk13,probe_bare_8,probe,1,2.24,8,1,8,bare,continuous,0.003288940293714404,0.0010390743021284068,0.0024738817010074854,0.0026375679299235344,0.0047553712502121925,0.003288940293714404
probe_01091_spk14.wav,/home/hye0n/projects/cnn-based-audio-pii-classification/src/cnn/data_probe/output/probe_01091_spk14.wav,칠이팔사칠육오칠.,72847657,,female,spk14,probe_bare_8,probe,1,2.08,8,1,8,bare,continuous,0.0026785431740184626,0.00014233406051083705,0.0024774002376943827,0.0027857942041009665,0.0027724350802600384,0.0026785431740184626
probe_01092_spk01.wav,/home/hye0n/projects/cnn-based-audio-pii-classification/src/cnn/data_probe/output/probe_01092_spk01.wav,공사일이공공구이.,04120092,,female,spk01,probe_bare_8,probe,1,1.84,8,1,8,bare,continuous,0.00974316926052173,0.0029565051729699083,0.005835103802382946,0.01041009183973074,0.012984312139451504,0.00974316926052173
probe_01093_spk02.wav,/home/hye0n/projects/cnn-based-audio-pii-classification/src/cnn/data_probe/output/probe_01093_spk02.wav,팔이공육육칠팔사.,82066784,,male,spk02,probe_bare_8,probe,1,1.68,8,1,8,bare,continuous,0.003850462225576242,0.0020165990389029516,0.00218985672108829,0.002672830829396844,0.006688699126243591,0.003850462225576242
probe_01094_spk03.wav,/home/hye0n/projects/cnn-based-audio-pii-classification/src/cnn/data_probe/output/probe_01094_spk03.wav,구팔사삼육이사일.,98436241,,female,spk03,probe_bare_8,probe,1,1.68,8,1,8,bare,continuous,0.001584232784807682,0.00012657990848602603,0.0015124082565307617,0.0014781428035348654,0.001762147294357419,0.001584232784807682
probe_01095_spk04.wav,/home/hye0n/projects/cnn-based-audio-pii-classification/src/cnn/data_probe/output/probe_01095_spk04.wav,팔육이삼육구공삼.,86236903,,male,spk04,probe_bare_8,probe,1,1.76,8,1,8,bare,continuous,0.0017716857061410944,0.0004016830078838318,0.0015604085056111217,0.0014206566847860813,0.00233399192802608,0.0017716857061410944
probe_01096_spk05.wav,/home/hye0n/projects/cnn-based-audio-pii-classification/src/cnn/data_probe/output/probe_01096_spk05.wav,육이팔구일칠칠오.,62891775,,female,spk05,probe_bare_8,probe,1,1.68,8,1,8,bare,continuous,0.002008324023336172,0.0002589406004973354,0.0017930741887539625,0.0018593831919133663,0.0023725146893411875,0.002008324023336172
probe_01097_spk06.wav,/home/hye0n/projects/cnn-based-audio-pii-classification/src/cnn/data_probe/output/probe_01097_spk06.wav,육육이공오육삼사.,66205634,,male,spk06,probe_bare_8,probe,1,1.92,8,1,8,bare,continuous,0.0016152291403462489,0.00020928195685802892,0.0018909150967374444,0.0015706403646618128,0.0013841319596394897,0.0016152291403462489
probe_01098_spk07.wav,/home/hye0n/projects/cnn-based-audio-pii-classification/src/cnn/data_probe/output/probe_01098_spk07.wav,일일일오구오공삼.,11159503,,female,spk07,probe_bare_8,probe,1,1.44,8,1,8,bare,continuous,0.0038897738171120486,0.0012525525807773213,0.002276283223181963,0.004063417203724384,0.005329621024429798,0.0038897738171120486
probe_01099_spk08.wav,/home/hye0n/projects/cnn-based-audio-pii-classification/src/cnn/data_probe/output/probe_01099_spk08.wav,사이팔일일삼구공.,42811390,,male,spk08,probe_bare_8,probe,1,1.84,8,1,8,bare,continuous,0.011207292011628548,0.00809013110180337,0.00843478087335825,0.002980524208396673,0.022206570953130722,0.011207292011628548
probe_01100_spk09.wav,/home/hye0n/projects/cnn-based-audio-pii-classification/src/cnn/data_probe/output/probe_01100_spk09.wav,사삼팔삼공삼사일.,43830341,,female,spk09,probe_bare_8,probe,1,2.08,8,1,8,bare,continuous,0.003316736469666163,0.0005526723045890664,0.003371404716745019,0.002614177530631423,0.003964627161622047,0.003316736469666163
probe_01101_spk10.wav,/home/hye0n/projects/cnn-based-audio-pii-classification/src/cnn/data_probe/output/probe_01101_spk10.wav,구구공구칠공공오.,99097005,,male,spk10,probe_bare_8,probe,1,2.08,8,1,8,bare,continuous,0.009213374850029746,0.0056687095817443195,0.003785354783758521,0.006818192079663277,0.017036577686667442,0.009213374850029746
probe_01102_spk11.wav,/home/hye0n/projects/cnn-based-audio-pii-classification/src/cnn/data_probe/output/probe_01102_spk11.wav,일사공오사육팔삼.,14054683,,female,spk11,probe_bare_8,probe,1,2.48,8,1,8,bare,continuous,0.004933645095055302,0.00150768219103343,0.003208539681509137,0.004710994195193052,0.0068814014084637165,0.004933645095055302
probe_01103_spk12.wav,/home/hye0n/projects/cnn-based-audio-pii-classification/src/cnn/data_probe/output/probe_01103_spk12.wav,오육오이일오육팔.,56521568,,male,spk12,probe_bare_8,probe,1,1.44,8,1,8,bare,continuous,0.0017327712460731466,0.00015359925352024736,0.001933240331709385,0.0015600922051817179,0.0017049812013283372,0.0017327712460731466
probe_01104_spk13.wav,/home/hye0n/projects/cnn-based-audio-pii-classification/src/cnn/data_probe/output/probe_01104_spk13.wav,일팔이공구육칠구.,18209679,,male,spk13,probe_bare_8,probe,1,2.16,8,1,8,bare,continuous,0.005613565910607576,0.00428337074911242,0.0022260777186602354,0.002958219265565276,0.011656400747597218,0.005613565910607576
probe_01105_spk14.wav,/home/hye0n/projects/cnn-based-audio-pii-classification/src/cnn/data_probe/output/probe_01105_spk14.wav,공사이이칠일일삼.,04227113,,female,spk14,probe_bare_8,probe,1,1.6,8,1,8,bare,continuous,0.0020132685313001275,0.00046488169416675625,0.0018498253775760531,0.0015435037203133106,0.0026464764960110188,0.0020132685313001275
probe_01106_spk01.wav,/home/hye0n/projects/cnn-based-audio-pii-classification/src/cnn/data_probe/output/probe_01106_spk01.wav,삼이이팔팔구팔오.,32288985,,female,spk01,probe_bare_8,probe,1,2.24,8,1,8,bare,continuous,0.0432571591809392,0.048984733398611806,0.008019622415304184,0.009223307482898235,0.11252854764461517,0.0432571591809392
probe_01107_spk02.wav,/home/hye0n/projects/cnn-based-audio-pii-classification/src/cnn/data_probe/output/probe_01107_spk02.wav,칠이오사오구육공.,72545960,,male,spk02,probe_bare_8,probe,1,1.84,8,1,8,bare,continuous,0.0044774071623881655,0.001954937005949435,0.00358687830157578,0.0026559808757156134,0.007189362309873104,0.0044774071623881655
probe_01108_spk03.wav,/home/hye0n/projects/cnn-based-audio-pii-classification/src/cnn/data_probe/output/probe_01108_spk03.wav,육삼삼구구일이구.,63399129,,female,spk03,probe_bare_8,probe,1,1.92,8,1,8,bare,continuous,0.0021274376582975187,0.00033468301267768524,0.002106207190081477,0.0017285641515627503,0.002547541633248329,0.0021274376582975187
probe_01109_spk04.wav,/home/hye0n/projects/cnn-based-audio-pii-classification/src/cnn/data_probe/output/probe_01109_spk04.wav,칠일공이사팔일칠.,71024817,,male,spk04,probe_bare_8,probe,1,1.76,8,1,8,bare,continuous,0.0023697405122220516,0.001149345144278474,0.0015052948147058487,0.0016098888590931892,0.003994037862867117,0.0023697405122220516
probe_01110_spk05.wav,/home/hye0n/projects/cnn-based-audio-pii-classification/src/cnn/data_probe/output/probe_01110_spk05.wav,일칠오이사이일사.,17524214,,female,spk05,probe_bare_8,probe,1,2.0,8,1,8,bare,continuous,0.0019313287145147722,0.0006941477493242778,0.0016522202640771866,0.002885950729250908,0.0012558151502162218,0.0019313287145147722
probe_01111_spk06.wav,/home/hye0n/projects/cnn-based-audio-pii-classification/src/cnn/data_probe/output/probe_01111_spk06.wav,구오오일일이칠사.,95511274,,male,spk06,probe_bare_8,probe,1,1.68,8,1,8,bare,continuous,0.0016259040761118133,0.00015667012748949357,0.001639036345295608,0.0018108815420418978,0.0014277943409979343,0.0016259040761118133
probe_01112_spk07.wav,/home/hye0n/projects/cnn-based-audio-pii-classification/src/cnn/data_probe/output/probe_01112_spk07.wav,칠사칠이일구칠공.,74721970,,female,spk07,probe_bare_8,probe,1,1.92,8,1,8,bare,continuous,0.005616190144792199,0.0023396863763377146,0.0025490301195532084,0.008224756456911564,0.006074783857911825,0.005616190144792199
probe_01113_spk08.wav,/home/hye0n/projects/cnn-based-audio-pii-classification/src/cnn/data_probe/output/probe_01113_spk08.wav,오사육육구이칠오.,54669275,,male,spk08,probe_bare_8,probe,1,1.6,8,1,8,bare,continuous,0.0018816342732558649,0.00028716621417767006,0.0017063973937183619,0.0016519741620868444,0.002286531263962388,0.0018816342732558649
probe_01114_spk09.wav,/home/hye0n/projects/cnn-based-audio-pii-classification/src/cnn/data_probe/output/probe_01114_spk09.wav,팔구오오일육팔칠.,89551687,,female,spk09,probe_bare_8,probe,1,1.84,8,1,8,bare,continuous,0.009839536777387062,0.002851278777132191,0.00637988792732358,0.009775536134839058,0.01336318626999855,0.009839536777387062
probe_01115_spk10.wav,/home/hye0n/projects/cnn-based-audio-pii-classification/src/cnn/data_probe/output/probe_01115_spk10.wav,사공구공삼팔공이.,40903802,,male,spk10,probe_bare_8,probe,1,1.68,8,1,8,bare,continuous,0.0035566616958628097,0.0020664012043580334,0.0022946977987885475,0.0019049684051424265,0.0064703188836574554,0.0035566616958628097
probe_01116_spk11.wav,/home/hye0n/projects/cnn-based-audio-pii-classification/src/cnn/data_probe/output/probe_01116_spk11.wav,일사육이구육일삼.,14629613,,female,spk11,probe_bare_8,probe,1,2.08,8,1,8,bare,continuous,0.0017083108347530167,0.0002808960347526505,0.0019960664212703705,0.0018016068497672677,0.0013272592332214117,0.0017083108347530167
probe_01117_spk12.wav,/home/hye0n/projects/cnn-based-audio-pii-classification/src/cnn/data_probe/output/probe_01117_spk12.wav,육칠일오칠칠팔칠.,67157787,,male,spk12,probe_bare_8,probe,1,1.84,8,1,8,bare,continuous,0.0015862126213808854,5.961654507216212e-05,0.00162309140432626,0.0016334326937794685,0.0015021137660369277,0.0015862126213808854
probe_01118_spk13.wav,/home/hye0n/projects/cnn-based-audio-pii-classification/src/cnn/data_probe/output/probe_01118_spk13.wav,일일이일육육삼육.,11216636,,male,spk13,probe_bare_8,probe,1,1.52,8,1,8,bare,continuous,0.00138810482652237,0.00017727920879102513,0.0015847167233005166,0.0011550780618563294,0.0014245196944102645,0.00138810482652237
probe_01119_spk14.wav,/home/hye0n/projects/cnn-based-audio-pii-classification/src/cnn/data_probe/output/probe_01119_spk14.wav,오일오오구칠삼칠.,51559737,,female,spk14,probe_bare_8,probe,1,2.16,8,1,8,bare,continuous,0.008988849197824797,0.005402386644231185,0.004747091792523861,0.005606611259281635,0.016612844541668892,0.008988849197824797
probe_01120_spk01.wav,/home/hye0n/projects/cnn-based-audio-pii-classification/src/cnn/data_probe/output/probe_01120_spk01.wav,일사칠공팔이칠이삼오.,1470827235,,female,spk01,probe_bare_10,probe,1,2.32,10,1,10,bare,continuous,0.015887207662065823,0.006622297747299979,0.008795135654509068,0.014136156998574734,0.02473033033311367,0.015887207662065823
probe_01121_spk02.wav,/home/hye0n/projects/cnn-based-audio-pii-classification/src/cnn/data_probe/output/probe_01121_spk02.wav,구공구육공오육칠삼공.,9096056730,,male,spk02,probe_bare_10,probe,1,2.4,10,1,10,bare,continuous,0.009722180509318909,0.0038890807996057276,0.006365241017192602,0.007627635262906551,0.01517366524785757,0.009722180509318909
probe_01122_spk03.wav,/home/hye0n/projects/cnn-based-audio-pii-classification/src/cnn/data_probe/output/probe_01122_spk03.wav,삼공육사사이일이일사.,3064421214,,female,spk03,probe_bare_10,probe,1,3.6,10,1,10,bare,continuous,0.0030454075119147697,0.0001921899168609735,0.0032853835728019476,0.003035936737433076,0.002814902225509286,0.0030454075119147697
probe_01123_spk04.wav,/home/hye0n/projects/cnn-based-audio-pii-classification/src/cnn/data_probe/output/probe_01123_spk04.wav,육일사칠육팔삼사이공.,6147683420,,male,spk04,probe_bare_10,probe,1,2.24,10,1,10,bare,continuous,0.007092254546781381,0.0027263771023310133,0.003410186618566513,0.007942591793835163,0.009923985227942467,0.007092254546781381
probe_01124_spk05.wav,/home/hye0n/projects/cnn-based-audio-pii-classification/src/cnn/data_probe/output/probe_01124_spk05.wav,일육오사이삼오육칠칠.,1654235677,,female,spk05,probe_bare_10,probe,1,2.08,10,1,10,bare,continuous,0.00690298496435086,0.0030148034276670137,0.004039086401462555,0.011070281267166138,0.005599587224423885,0.00690298496435086
probe_01125_spk06.wav,/home/hye0n/projects/cnn-based-audio-pii-classification/src/cnn/data_probe/output/probe_01125_spk06.wav,팔이육오구육공팔구삼.,8265960893,,male,spk06,probe_bare_10,probe,1,2.4,10,1,10,bare,continuous,0.0021788766995693245,0.00017422423270895178,0.0019441101467236876,0.0022314940579235554,0.002361025894060731,0.0021788766995693245
probe_01126_spk07.wav,/home/hye0n/projects/cnn-based-audio-pii-classification/src/cnn/data_probe/output/probe_01126_spk07.wav,일구구이오오공이칠이.,1992550272,,female,spk07,probe_bare_10,probe,1,1.68,10,1,10,bare,continuous,0.011528570049752792,0.005169989319168471,0.007286866661161184,0.008491985499858856,0.018806857988238335,0.011528570049752792
probe_01127_spk08.wav,/home/hye0n/projects/cnn-based-audio-pii-classification/src/cnn/data_probe/output/probe_01127_spk08.wav,칠오일육사팔공칠이칠.,7516480727,,male,spk08,probe_bare_10,probe,1,2.56,10,1,10,bare,continuous,0.009301086887717247,0.003785006569376723,0.014122777618467808,0.008903419598937035,0.004877063445746899,0.009301086887717247
probe_01128_spk09.wav,/home/hye0n/projects/cnn-based-audio-pii-classification/src/cnn/data_probe/output/probe_01128_spk09.wav,구일공삼삼육팔이구육.,9103368296,,female,spk09,probe_bare_10,probe,1,2.32,10,1,10,bare,continuous,0.08916378269592921,0.040787250612282326,0.03251855820417404,0.10805831849575043,0.12691447138786316,0.08916378269592921
probe_01129_spk10.wav,/home/hye0n/projects/cnn-based-audio-pii-classification/src/cnn/data_probe/output/probe_01129_spk10.wav,삼오삼삼구공오오공사.,3533905504,,male,spk10,probe_bare_10,probe,1,2.56,10,1,10,bare,continuous,0.00495974898027877,0.0016107458433027638,0.004928449168801308,0.0030028324108570814,0.006947965361177921,0.00495974898027877
probe_01130_spk11.wav,/home/hye0n/projects/cnn-based-audio-pii-classification/src/cnn/data_probe/output/probe_01130_spk11.wav,사팔일칠칠육육오오팔.,4817766558,,female,spk11,probe_bare_10,probe,1,2.88,10,1,10,bare,continuous,0.020366494543850422,0.00900043448367599,0.01129912305623293,0.01716397888958454,0.032636381685733795,0.020366494543850422
probe_01131_spk12.wav,/home/hye0n/projects/cnn-based-audio-pii-classification/src/cnn/data_probe/output/probe_01131_spk12.wav,육팔오일이칠육오이팔.,6851276528,,male,spk12,probe_bare_10,probe,1,2.08,10,1,10,bare,continuous,0.001736735071366032,0.00022982723449504886,0.0019314673263579607,0.0018647360848262906,0.0014140018029138446,0.001736735071366032
probe_01132_spk13.wav,/home/hye0n/projects/cnn-based-audio-pii-classification/src/cnn/data_probe/output/probe_01132_spk13.wav,구이팔육육사육사구일.,9286646491,,male,spk13,probe_bare_10,probe,1,2.32,10,1,10,bare,continuous,0.004514031500245134,0.0011032532905543623,0.003746057627722621,0.003721832297742367,0.006074204575270414,0.004514031500245134
probe_01133_spk14.wav,/home/hye0n/projects/cnn-based-audio-pii-classification/src/cnn/data_probe/output/probe_01133_spk14.wav,일일일공구육일칠구팔.,1110961798,,female,spk14,probe_bare_10,probe,1,3.12,10,1,10,bare,continuous,0.026635127142071724,0.007711910283562879,0.02309626154601574,0.019470486789941788,0.037338633090257645,0.026635127142071724
probe_01134_spk01.wav,/home/hye0n/projects/cnn-based-audio-pii-classification/src/cnn/data_probe/output/probe_01134_spk01.wav,일칠팔구공사육삼삼칠.,1789046337,,female,spk01,probe_bare_10,probe,1,2.96,10,1,10,bare,continuous,0.042169597620765366,0.0222271527668376,0.014703897759318352,0.04266250878572464,0.06914238631725311,0.042169597620765366
probe_01135_spk02.wav,/home/hye0n/projects/cnn-based-audio-pii-classification/src/cnn/data_probe/output/probe_01135_spk02.wav,팔육일삼칠일오칠육육.,8613715766,,male,spk02,probe_bare_10,probe,1,2.72,10,1,10,bare,continuous,0.007316080077240865,0.0012317822488769564,0.006637446116656065,0.0090448297560215,0.006265964359045029,0.007316080077240865
probe_01136_spk03.wav,/home/hye0n/projects/cnn-based-audio-pii-classification/src/cnn/data_probe/output/probe_01136_spk03.wav,공오삼팔사사사사육삼.,0538444463,,female,spk03,probe_bare_10,probe,1,2.56,10,1,10,bare,continuous,0.0062175671725223465,0.001993242879282649,0.003846321953460574,0.008723198436200619,0.006083181127905846,0.0062175671725223465
probe_01137_spk04.wav,/home/hye0n/projects/cnn-based-audio-pii-classification/src/cnn/data_probe/output/probe_01137_spk04.wav,공육공공공이오팔구오.,0600025895,,male,spk04,probe_bare_10,probe,1,2.8,10,1,10,bare,continuous,0.012235667246083418,0.003975027979499514,0.006873282603919506,0.01637798734009266,0.01345573179423809,0.012235667246083418
probe_01138_spk05.wav,/home/hye0n/projects/cnn-based-audio-pii-classification/src/cnn/data_probe/output/probe_01138_spk05.wav,오이구육삼팔육삼구육.,5296386396,,female,spk05,probe_bare_10,probe,1,2.0,10,1,10,bare,continuous,0.003965566943710049,0.0009619745160527291,0.0026503808330744505,0.004924501292407513,0.004321818705648184,0.003965566943710049
probe_01139_spk06.wav,/home/hye0n/projects/cnn-based-audio-pii-classification/src/cnn/data_probe/output/probe_01139_spk06.wav,공구육이육이육오팔이.,0962626582,,male,spk06,probe_bare_10,probe,1,1.92,10,1,10,bare,continuous,0.0020771377021446824,0.000595900954865654,0.0016069249249994755,0.002917902311310172,0.0017065858701243997,0.0020771377021446824
probe_01140_spk07.wav,/home/hye0n/projects/cnn-based-audio-pii-classification/src/cnn/data_probe/output/probe_01140_spk07.wav,육삼일이팔일구육사팔.,6312819648,,female,spk07,probe_bare_10,probe,1,2.16,10,1,10,bare,continuous,0.00787946442142129,0.003421569935472938,0.004250342957675457,0.006922235246747732,0.01246581505984068,0.00787946442142129
probe_01141_spk08.wav,/home/hye0n/projects/cnn-based-audio-pii-classification/src/cnn/data_probe/output/probe_01141_spk08.wav,이오삼일일공육공구이.,2531106092,,male,spk08,probe_bare_10,probe,1,2.16,10,1,10,bare,continuous,0.013964859613527855,0.010281452831612489,0.008330797776579857,0.005173470359295607,0.0283903107047081,0.013964859613527855
probe_01142_spk09.wav,/home/hye0n/projects/cnn-based-audio-pii-classification/src/cnn/data_probe/output/probe_01142_spk09.wav,공구팔일구육공이칠오.,0981960275,,female,spk09,probe_bare_10,probe,1,1.92,10,1,10,bare,continuous,0.00312782257484893,0.0005248353510559009,0.0025205945130437613,0.0038010766729712486,0.0030617965385317802,0.00312782257484893
probe_01143_spk10.wav,/home/hye0n/projects/cnn-based-audio-pii-classification/src/cnn/data_probe/output/probe_01143_spk10.wav,이삼삼사삼팔삼육사공.,2334383640,,male,spk10,probe_bare_10,probe,1,2.08,10,1,10,bare,continuous,0.0035137304415305457,0.0016186106538907169,0.005797749850898981,0.0022402210161089897,0.002503220457583666,0.0035137304415305457
probe_01144_spk11.wav,/home/hye0n/projects/cnn-based-audio-pii-classification/src/cnn/data_probe/output/probe_01144_spk11.wav,사일이공구일일칠구일.,4120911791,,female,spk11,probe_bare_10,probe,1,2.8,10,1,10,bare,continuous,0.011662560825546583,0.001021449895077558,0.01056663878262043,0.013025540858507156,0.011395502835512161,0.011662560825546583
probe_01145_spk12.wav,/home/hye0n/projects/cnn-based-audio-pii-classification/src/cnn/data_probe/output/probe_01145_spk12.wav,일이사사이일일칠오삼.,1244211753,,male,spk12,probe_bare_10,probe,1,1.76,10,1,10,bare,continuous,0.0016747763923679788,8.45091822161749e-05,0.0017606433248147368,0.0015598508762195706,0.0017038349760696292,0.0016747763923679788
probe_01146_spk13.wav,/home/hye0n/projects/cnn-based-audio-pii-classification/src/cnn/data_probe/output/probe_01146_spk13.wav,육일칠공육일칠일삼육.,6170617136,,male,spk13,probe_bare_10,probe,1,2.0,10,1,10,bare,continuous,0.0019553274614736438,0.00014908783095018104,0.0020654869731515646,0.0017445575213059783,0.0020559378899633884,0.0019553274614736438
probe_01147_spk14.wav,/home/hye0n/projects/cnn-based-audio-pii-classification/src/cnn/data_probe/output/probe_01147_spk14.wav,육오칠이이사공이구구.,6572240299,,female,spk14,probe_bare_10,probe,1,2.32,10,1,10,bare,continuous,0.021421191127349932,0.015325634165645861,0.01377364993095398,0.007682247553020716,0.042807675898075104,0.021421191127349932
probe_01148_spk01.wav,/home/hye0n/projects/cnn-based-audio-pii-classification/src/cnn/data_probe/output/probe_01148_spk01.wav,공일오오칠구구팔공이.,0155799802,,female,spk01,probe_bare_10,probe,1,2.8,10,1,10,bare,continuous,0.05542559549212456,0.034046026422388,0.026561107486486435,0.0364837646484375,0.10323191434144974,0.05542559549212456
probe_01149_spk02.wav,/home/hye0n/projects/cnn-based-audio-pii-classification/src/cnn/data_probe/output/probe_01149_spk02.wav,팔사일삼구공팔공팔팔.,8413908088,,male,spk02,probe_bare_10,probe,1,2.64,10,1,10,bare,continuous,0.004489002361272772,0.0006545517338006621,0.0036823994014412165,0.004498983733355999,0.005285623949021101,0.004489002361272772
probe_01150_spk03.wav,/home/hye0n/projects/cnn-based-audio-pii-classification/src/cnn/data_probe/output/probe_01150_spk03.wav,이삼오일삼공오이삼일.,2351305231,,female,spk03,probe_bare_10,probe,1,2.32,10,1,10,bare,continuous,0.016812132050593693,0.0062950930602365465,0.01334124431014061,0.011447787284851074,0.025647364556789398,0.016812132050593693
probe_01151_spk04.wav,/home/hye0n/projects/cnn-based-audio-pii-classification/src/cnn/data_probe/output/probe_01151_spk04.wav,이사사칠삼일오팔사칠.,2447315847,,male,spk04,probe_bare_10,probe,1,2.48,10,1,10,bare,continuous,0.001696473880050083,0.00019676821847301523,0.001903862808831036,0.0014320965856313705,0.0017534622456878424,0.001696473880050083
probe_01152_spk05.wav,/home/hye0n/projects/cnn-based-audio-pii-classification/src/cnn/data_probe/output/probe_01152_spk05.wav,칠육팔육삼사이삼사육.,7686342346,,female,spk05,probe_bare_10,probe,1,2.0,10,1,10,bare,continuous,0.003827665622035662,0.0011548783483366898,0.002569986740127206,0.005358890164643526,0.003554119961336255,0.003827665622035662
probe_01153_spk06.wav,/home/hye0n/projects/cnn-based-audio-pii-classification/src/cnn/data_probe/output/probe_01153_spk06.wav,일구구사이삼칠육칠육.,1994237676,,male,spk06,probe_bare_10,probe,1,2.0,10,1,10,bare,continuous,0.0017735570824394624,4.1369944229652105e-05,0.0017845842521637678,0.001718283980153501,0.0018178030150011182,0.0017735570824394624
probe_01154_spk07.wav,/home/hye0n/projects/cnn-based-audio-pii-classification/src/cnn/data_probe/output/probe_01154_spk07.wav,구사오구일구육육삼구.,9459196639,,female,spk07,probe_bare_10,probe,1,2.32,10,1,10,bare,continuous,0.029622626180450123,0.009845750068739542,0.02568097785115242,0.020028168335556984,0.04315873235464096,0.029622626180450123
probe_01155_spk08.wav,/home/hye0n/projects/cnn-based-audio-pii-classification/src/cnn/data_probe/output/probe_01155_spk08.wav,오오일칠이공팔사구육.,5517208496,,male,spk08,probe_bare_10,probe,1,2.32,10,1,10,bare,continuous,0.0066465822358926134,0.0020314756910783387,0.003932505380362272,0.007187728304415941,0.008819513022899628,0.0066465822358926134
probe_01156_spk09.wav,/home/hye0n/projects/cnn-based-audio-pii-classification/src/cnn/data_probe/output/probe_01156_spk09.wav,사구팔오육공일이오육.,4985601256,,female,spk09,probe_bare_10,probe,1,1.68,10,1,10,bare,continuous,0.005049949434275429,0.0020687220612959378,0.002549613593146205,0.004984572995454073,0.0076156617142260075,0.005049949434275429
probe_01157_spk10.wav,/home/hye0n/projects/cnn-based-audio-pii-classification/src/cnn/data_probe/output/probe_01157_spk10.wav,이오삼일삼오오이오일.,2531355251,,male,spk10,probe_bare_10,probe,1,2.48,10,1,10,bare,continuous,0.0025590495206415653,0.0004315450969432928,0.003098876215517521,0.00204258575104177,0.002535686595365405,0.0025590495206415653
probe_01158_spk11.wav,/home/hye0n/projects/cnn-based-audio-pii-classification/src/cnn/data_probe/output/probe_01158_spk11.wav,공오공오삼칠구오삼팔.,0505379538,,female,spk11,probe_bare_10,probe,1,3.84,10,1,10,bare,continuous,0.00682666680465142,0.002877615049956726,0.004566093906760216,0.01088754367083311,0.005026362836360931,0.00682666680465142
probe_01159_spk12.wav,/home/hye0n/projects/cnn-based-audio-pii-classification/src/cnn/data_probe/output/probe_01159_spk12.wav,일육사구삼팔삼일팔사.,1649383184,,male,spk12,probe_bare_10,probe,1,2.48,10,1,10,bare,continuous,0.004610033240169287,0.0003578702094845219,0.004528481513261795,0.00421823700889945,0.005083381198346615,0.004610033240169287
probe_01160_spk13.wav,/home/hye0n/projects/cnn-based-audio-pii-classification/src/cnn/data_probe/output/probe_01160_spk13.wav,구일구육육오오삼삼공칠칠.,919665533077,,male,spk13,probe_bare_12,probe,1,2.8,12,1,12,bare,continuous,0.039832839742302895,0.019931475296374686,0.016941512003540993,0.03703470155596733,0.06552230566740036,0.039832839742302895
probe_01161_spk14.wav,/home/hye0n/projects/cnn-based-audio-pii-classification/src/cnn/data_probe/output/probe_01161_spk14.wav,공사육일일칠이구오구육삼.,046117295963,,female,spk14,probe_bare_12,probe,1,2.8,12,1,12,bare,continuous,0.09377700214584668,0.04310271761250096,0.053136829286813736,0.0747518390417099,0.15344233810901642,0.09377700214584668
probe_01162_spk01.wav,/home/hye0n/projects/cnn-based-audio-pii-classification/src/cnn/data_probe/output/probe_01162_spk01.wav,구공사공구공칠사이육공팔.,904090742608,,female,spk01,probe_bare_12,probe,1,2.88,12,1,12,bare,continuous,0.1005871444940567,0.062853731581008,0.042230136692523956,0.07169903069734573,0.18783226609230042,0.1005871444940567
probe_01163_spk02.wav,/home/hye0n/projects/cnn-based-audio-pii-classification/src/cnn/data_probe/output/probe_01163_spk02.wav,팔공오공일칠일육사사오오.,805017164455,,male,spk02,probe_bare_12,probe,1,2.48,12,1,12,bare,continuous,0.03737973173459371,0.016743136439747237,0.02251315675675869,0.028852516785264015,0.06077352166175842,0.03737973173459371
probe_01164_spk03.wav,/home/hye0n/projects/cnn-based-audio-pii-classification/src/cnn/data_probe/output/probe_01164_spk03.wav,육일팔오칠구공육사칠칠일.,618579064771,,female,spk03,probe_bare_12,probe,1,2.72,12,1,12,bare,continuous,0.00996641768142581,0.003595554134368025,0.004996439907699823,0.011520544067025185,0.013382269069552422,0.00996641768142581
probe_01165_spk04.wav,/home/hye0n/projects/cnn-based-audio-pii-classification/src/cnn/data_probe/output/probe_01165_spk04.wav,오구일공삼공공이일오육삼.,591030021563,,male,spk04,probe_bare_12,probe,1,2.56,12,1,12,bare,continuous,0.11332726726929347,0.03607447852280163,0.06232614070177078,0.13772518932819366,0.13993047177791595,0.11332726726929347
probe_01166_spk05.wav,/home/hye0n/projects/cnn-based-audio-pii-classification/src/cnn/data_probe/output/probe_01166_spk05.wav,이일삼오팔공공사공일공사.,213580040104,,female,spk05,probe_bare_12,probe,1,3.52,12,1,12,bare,continuous,0.3187529742717743,0.043847720685428436,0.3186455965042114,0.2651044726371765,0.37250885367393494,0.3187529742717743
probe_01167_spk06.wav,/home/hye0n/projects/cnn-based-audio-pii-classification/src/cnn/data_probe/output/probe_01167_spk06.wav,일사오구육사이이구칠일이.,145964229712,,male,spk06,probe_bare_12,probe,1,2.4,12,1,12,bare,continuous,0.001915975318600734,0.0003516031655984629,0.002401752397418022,0.0017650250811129808,0.0015811484772711992,0.001915975318600734
probe_01168_spk07.wav,/home/hye0n/projects/cnn-based-audio-pii-classification/src/cnn/data_probe/output/probe_01168_spk07.wav,오이구육칠일팔팔삼구칠칠.,529671883977,,female,spk07,probe_bare_12,probe,1,2.48,12,1,12,bare,continuous,0.051974447444081306,0.03453591988080597,0.010260561481118202,0.09483271837234497,0.050830062478780746,0.051974447444081306
probe_01169_spk08.wav,/home/hye0n/projects/cnn-based-audio-pii-classification/src/cnn/data_probe/output/probe_01169_spk08.wav,사오칠삼일사사일오팔삼삼.,457314415833,,male,spk08,probe_bare_12,probe,1,3.68,12,1,12,bare,continuous,0.13971347361803055,0.05292356022648132,0.10668744146823883,0.09806021302938461,0.2143927663564682,0.13971347361803055
probe_01170_spk09.wav,/home/hye0n/projects/cnn-based-audio-pii-classification/src/cnn/data_probe/output/probe_01170_spk09.wav,일일칠공삼공삼칠육삼칠일.,117030376371,,female,spk09,probe_bare_12,probe,1,3.52,12,1,12,bare,continuous,0.5035750766595205,0.03127472728575485,0.4918810725212097,0.546362578868866,0.4724815785884857,0.5035750766595205
probe_01171_spk10.wav,/home/hye0n/projects/cnn-based-audio-pii-classification/src/cnn/data_probe/output/probe_01171_spk10.wav,오삼구팔팔오사칠이팔일이.,539885472812,,male,spk10,probe_bare_12,probe,1,2.56,12,1,12,bare,continuous,0.0029493592058618865,0.0005424907192874038,0.0029446864500641823,0.0022872951813042164,0.0036160959862172604,0.0029493592058618865
probe_01172_spk11.wav,/home/hye0n/projects/cnn-based-audio-pii-classification/src/cnn/data_probe/output/probe_01172_spk11.wav,삼오육칠구팔삼육삼일사육.,356798363146,,female,spk11,probe_bare_12,probe,1,3.6,12,1,12,bare,continuous,0.11265846652289231,0.05858656355058151,0.030870886519551277,0.14207741618156433,0.16502709686756134,0.11265846652289231
probe_01173_spk12.wav,/home/hye0n/projects/cnn-based-audio-pii-classification/src/cnn/data_probe/output/probe_01173_spk12.wav,이사구일이칠일일삼공칠이.,249127113072,,male,spk12,probe_bare_12,probe,1,1.92,12,1,12,bare,continuous,0.0018130575384323795,0.00014557343180515473,0.0018145572394132614,0.001990593271329999,0.0016340221045538783,0.0018130575384323795
probe_01174_spk13.wav,/home/hye0n/projects/cnn-based-audio-pii-classification/src/cnn/data_probe/output/probe_01174_spk13.wav,사공칠팔칠오사일팔일오육.,407875418156,,male,spk13,probe_bare_12,probe,1,2.24,12,1,12,bare,continuous,0.010351889145871004,0.007848549056787446,0.004737306386232376,0.004867200739681721,0.021451160311698914,0.010351889145871004
probe_01175_spk14.wav,/home/hye0n/projects/cnn-based-audio-pii-classification/src/cnn/data_probe/output/probe_01175_spk14.wav,삼이육팔육팔오공칠사오일.,326868507451,,female,spk14,probe_bare_12,probe,1,2.8,12,1,12,bare,continuous,0.10293590339521567,0.08070343345770349,0.029809052124619484,0.21538683772087097,0.06361182034015656,0.10293590339521567
probe_01176_spk01.wav,/home/hye0n/projects/cnn-based-audio-pii-classification/src/cnn/data_probe/output/probe_01176_spk01.wav,공육육삼사삼육이구사팔구.,066343629489,,female,spk01,probe_bare_12,probe,1,3.04,12,1,12,bare,continuous,0.10353621343771617,0.09789773148216815,0.018437542021274567,0.05150959640741348,0.24066150188446045,0.10353621343771617
probe_01177_spk02.wav,/home/hye0n/projects/cnn-based-audio-pii-classification/src/cnn/data_probe/output/probe_01177_spk02.wav,칠팔육일공삼일삼일공공구.,786103131009,,male,spk02,probe_bare_12,probe,1,2.88,12,1,12,bare,continuous,0.05098558962345123,0.01968258585576364,0.03464386984705925,0.03964190557599068,0.07867099344730377,0.05098558962345123
probe_01178_spk03.wav,/home/hye0n/projects/cnn-based-audio-pii-classification/src/cnn/data_probe/output/probe_01178_spk03.wav,사삼일팔일사삼구육육육일.,431814396661,,female,spk03,probe_bare_12,probe,1,3.52,12,1,12,bare,continuous,0.31808508435885113,0.13062664818974917,0.17635443806648254,0.28633803129196167,0.49156278371810913,0.31808508435885113
probe_01179_spk04.wav,/home/hye0n/projects/cnn-based-audio-pii-classification/src/cnn/data_probe/output/probe_01179_spk04.wav,삼사칠삼이삼오사구사공일.,347323549401,,male,spk04,probe_bare_12,probe,1,2.8,12,1,12,bare,continuous,0.03198024692634741,0.0217543055993142,0.021220089867711067,0.012399576604366302,0.062321074306964874,0.03198024692634741
probe_01180_spk05.wav,/home/hye0n/projects/cnn-based-audio-pii-classification/src/cnn/data_probe/output/probe_01180_spk05.wav,이팔구칠사삼이오일이이오.,289743251225,,female,spk05,probe_bare_12,probe,1,2.0,12,1,12,bare,continuous,0.01296458269158999,0.005735342891140118,0.005124407820403576,0.015084675513207912,0.018684664741158485,0.01296458269158999
probe_01181_spk06.wav,/home/hye0n/projects/cnn-based-audio-pii-classification/src/cnn/data_probe/output/probe_01181_spk06.wav,칠이공칠육오공이사일이공.,720765024120,,male,spk06,probe_bare_12,probe,1,2.8,12,1,12,bare,continuous,0.0022966249380260706,0.00019493233832013605,0.002215844579041004,0.0021087524946779013,0.0025652777403593063,0.0022966249380260706
probe_01182_spk07.wav,/home/hye0n/projects/cnn-based-audio-pii-classification/src/cnn/data_probe/output/probe_01182_spk07.wav,구오칠구공칠삼칠일공공구.,957907371009,,female,spk07,probe_bare_12,probe,1,2.96,12,1,12,bare,continuous,0.10754493996500969,0.07882029854724322,0.05596521869301796,0.04775671660900116,0.21891288459300995,0.10754493996500969
probe_01183_spk08.wav,/home/hye0n/projects/cnn-based-audio-pii-classification/src/cnn/data_probe/output/probe_01183_spk08.wav,사삼팔팔이이일일사오칠칠.,438822114577,,male,spk08,probe_bare_12,probe,1,2.64,12,1,12,bare,continuous,0.025450543500483036,0.015359152188801729,0.00986578781157732,0.020139796659350395,0.04634604603052139,0.025450543500483036
probe_01184_spk09.wav,/home/hye0n/projects/cnn-based-audio-pii-classification/src/cnn/data_probe/output/probe_01184_spk09.wav,오팔사칠사오칠공오사오팔.,584745705458,,female,spk09,probe_bare_12,probe,1,2.72,12,1,12,bare,continuous,0.003210914321243763,0.00028204125030937134,0.0028196428902447224,0.003473638789728284,0.0033394612837582827,0.003210914321243763
probe_01185_spk10.wav,/home/hye0n/projects/cnn-based-audio-pii-classification/src/cnn/data_probe/output/probe_01185_spk10.wav,구칠일사팔공이육삼이오칠.,971480263257,,male,spk10,probe_bare_12,probe,1,2.32,12,1,12,bare,continuous,0.002408098584661881,0.0004033563612575433,0.0024990327656269073,0.002850322751328349,0.001874940237030387,0.002408098584661881
probe_01186_spk11.wav,/home/hye0n/projects/cnn-based-audio-pii-classification/src/cnn/data_probe/output/probe_01186_spk11.wav,공삼구육오삼일삼육일사팔.,039653136148,,female,spk11,probe_bare_12,probe,1,3.36,12,1,12,bare,continuous,0.008076963014900684,0.0007586212309754119,0.007400456815958023,0.007694096304476261,0.009136335924267769,0.008076963014900684
probe_01187_spk12.wav,/home/hye0n/projects/cnn-based-audio-pii-classification/src/cnn/data_probe/output/probe_01187_spk12.wav,칠팔이사오오육구육사사삼.,782455696443,,male,spk12,probe_bare_12,probe,1,2.4,12,1,12,bare,continuous,0.012532820304234823,0.0038352274868176527,0.008576496504247189,0.011297871358692646,0.017724093049764633,0.012532820304234823
probe_01188_spk13.wav,/home/hye0n/projects/cnn-based-audio-pii-classification/src/cnn/data_probe/output/probe_01188_spk13.wav,공구팔오구일육칠구오사일.,098591679541,,male,spk13,probe_bare_12,probe,1,2.48,12,1,12,bare,continuous,0.02374433632940054,0.011791503811448386,0.009436517022550106,0.038316067308187485,0.023480424657464027,0.02374433632940054
probe_01189_spk14.wav,/home/hye0n/projects/cnn-based-audio-pii-classification/src/cnn/data_probe/output/probe_01189_spk14.wav,공칠이칠이팔사구팔이사칠.,072728498247,,female,spk14,probe_bare_12,probe,1,2.72,12,1,12,bare,continuous,0.03455582198997339,0.029271676603399462,0.011966153979301453,0.015808572992682457,0.07589273899793625,0.03455582198997339
probe_01190_spk01.wav,/home/hye0n/projects/cnn-based-audio-pii-classification/src/cnn/data_probe/output/probe_01190_spk01.wav,사일사공칠공삼사구일공칠.,414070349107,,female,spk01,probe_bare_12,probe,1,3.28,12,1,12,bare,continuous,0.2650264302889506,0.11129372831569767,0.11944395303726196,0.28601276874542236,0.3896225690841675,0.2650264302889506
probe_01191_spk02.wav,/home/hye0n/projects/cnn-based-audio-pii-classification/src/cnn/data_probe/output/probe_01191_spk02.wav,사공육오공공사이오사팔팔.,406500425488,,male,spk02,probe_bare_12,probe,1,3.2,12,1,12,bare,continuous,0.01800410309806466,0.012468427097540462,0.007012976799160242,0.011558608151972294,0.03544072434306145,0.01800410309806466
probe_01192_spk03.wav,/home/hye0n/projects/cnn-based-audio-pii-classification/src/cnn/data_probe/output/probe_01192_spk03.wav,이일사이삼육구일사삼공칠.,214236914307,,female,spk03,probe_bare_12,probe,1,2.56,12,1,12,bare,continuous,0.21172220259904861,0.14832321933938875,0.039489857852458954,0.4015286862850189,0.19414806365966797,0.21172220259904861
probe_01193_spk04.wav,/home/hye0n/projects/cnn-based-audio-pii-classification/src/cnn/data_probe/output/probe_01193_spk04.wav,오삼육육육일사사구사이구.,536661449429,,male,spk04,probe_bare_12,probe,1,2.72,12,1,12,bare,continuous,0.38463959097862244,0.13580277096253934,0.2378726303577423,0.35074687004089355,0.5652992725372314,0.38463959097862244
probe_01194_spk05.wav,/home/hye0n/projects/cnn-based-audio-pii-classification/src/cnn/data_probe/output/probe_01194_spk05.wav,육오구이삼사이육팔삼사사.,659234268344,,female,spk05,probe_bare_12,probe,1,3.12,12,1,12,bare,continuous,0.019114216168721516,0.011729277481202704,0.010442080907523632,0.03569607809185982,0.011204489506781101,0.019114216168721516
probe_01195_spk06.wav,/home/hye0n/projects/cnn-based-audio-pii-classification/src/cnn/data_probe/output/probe_01195_spk06.wav,일사구칠팔이육육일이팔칠.,149782661287,,male,spk06,probe_bare_12,probe,1,3.2,12,1,12,bare,continuous,0.006185131302724282,0.0006748661731242316,0.00661923224106431,0.005231987219303846,0.006704174447804689,0.006185131302724282
probe_01196_spk07.wav,/home/hye0n/projects/cnn-based-audio-pii-classification/src/cnn/data_probe/output/probe_01196_spk07.wav,오팔오칠오육칠육육칠공팔.,585756766708,,female,spk07,probe_bare_12,probe,1,2.56,12,1,12,bare,continuous,0.1283313607176145,0.06055104299421415,0.04662556201219559,0.1469859480857849,0.19138257205486298,0.1283313607176145
probe_01197_spk08.wav,/home/hye0n/projects/cnn-based-audio-pii-classification/src/cnn/data_probe/output/probe_01197_spk08.wav,공육일이구사삼구팔오이구.,061294398529,,male,spk08,probe_bare_12,probe,1,2.64,12,1,12,bare,continuous,0.010410239143917957,0.004267803810380591,0.010671372525393963,0.005057596135884523,0.015501748770475388,0.010410239143917957
probe_01198_spk09.wav,/home/hye0n/projects/cnn-based-audio-pii-classification/src/cnn/data_probe/output/probe_01198_spk09.wav,팔구사공육이육공칠팔칠공.,894062607870,,female,spk09,probe_bare_12,probe,1,2.4,12,1,12,bare,continuous,0.08980546767512958,0.08203917155285437,0.01692335307598114,0.048068609088659286,0.2044244408607483,0.08980546767512958
probe_01199_spk10.wav,/home/hye0n/projects/cnn-based-audio-pii-classification/src/cnn/data_probe/output/probe_01199_spk10.wav,일공사일오구일사구칠오공.,104159149750,,male,spk10,probe_bare_12,probe,1,2.48,12,1,12,bare,continuous,0.004015199529627959,0.0014350917634387422,0.005727326963096857,0.0022153682075440884,0.004102903418242931,0.004015199529627959
probe_01200_spk11.wav,/home/hye0n/projects/cnn-based-audio-pii-classification/src/cnn/data_probe/output/probe_01200_spk11.wav,일구팔공삼팔이팔칠이삼이사사.,19803828723244,,female,spk11,probe_bare_14,probe,1,2.96,14,1,14,bare,continuous,0.31319494048754376,0.1222075768967528,0.16672900319099426,0.46588125824928284,0.3069745600223541,0.31319494048754376
probe_01201_spk12.wav,/home/hye0n/projects/cnn-based-audio-pii-classification/src/cnn/data_probe/output/probe_01201_spk12.wav,공칠구삼일일공이구일팔일삼삼.,07931102918133,,male,spk12,probe_bare_14,probe,1,2.4,14,1,14,bare,continuous,0.01012057438492775,0.00215063860768888,0.007084383629262447,0.01148365717381239,0.011793682351708412,0.01012057438492775
probe_01202_spk13.wav,/home/hye0n/projects/cnn-based-audio-pii-classification/src/cnn/data_probe/output/probe_01202_spk13.wav,일칠공팔칠육공일사육칠이삼팔.,17087601467238,,male,spk13,probe_bare_14,probe,1,3.6,14,1,14,bare,continuous,0.8262058893839518,0.04453749181495061,0.763256311416626,0.8558380603790283,0.8595232963562012,0.8262058893839518
probe_01203_spk14.wav,/home/hye0n/projects/cnn-based-audio-pii-classification/src/cnn/data_probe/output/probe_01203_spk14.wav,사구칠구일육이공이이삼이팔팔.,49791620223288,,female,spk14,probe_bare_14,probe,1,2.72,14,1,14,bare,continuous,0.06292410877843697,0.040066139543083634,0.019977005198597908,0.11640708148479462,0.05238823965191841,0.06292410877843697
probe_01204_spk01.wav,/home/hye0n/projects/cnn-based-audio-pii-classification/src/cnn/data_probe/output/probe_01204_spk01.wav,삼칠칠사사일구칠오사육육일칠.,37744197546617,,female,spk01,probe_bare_14,probe,1,4.24,14,1,14,bare,continuous,0.5806227525075277,0.13140365325440068,0.40418869256973267,0.7193734049797058,0.6183061599731445,0.5806227525075277
probe_01205_spk02.wav,/home/hye0n/projects/cnn-based-audio-pii-classification/src/cnn/data_probe/output/probe_01205_spk02.wav,육육이공사칠일구육공구사공구.,66204719609409,,male,spk02,probe_bare_14,probe,1,3.2,14,1,14,bare,continuous,0.5273097654183706,0.1270761298068784,0.3857075273990631,0.5022770762443542,0.6939446926116943,0.5273097654183706
probe_01206_spk03.wav,/home/hye0n/projects/cnn-based-audio-pii-classification/src/cnn/data_probe/output/probe_01206_spk03.wav,칠공오이칠칠사공이오팔팔삼오.,70527740258835,,female,spk03,probe_bare_14,probe,1,3.52,14,1,14,bare,continuous,0.8263005415598551,0.04605845939778917,0.7995728254318237,0.8911065459251404,0.7882222533226013,0.8263005415598551
probe_01207_spk04.wav,/home/hye0n/projects/cnn-based-audio-pii-classification/src/cnn/data_probe/output/probe_01207_spk04.wav,팔육팔일이이오구오칠이사사육.,86812259572446,,male,spk04,probe_bare_14,probe,1,2.64,14,1,14,bare,continuous,0.01628594473004341,0.003825217968947435,0.013026042841374874,0.014177150093019009,0.02165464125573635,0.01628594473004341
probe_01208_spk05.wav,/home/hye0n/projects/cnn-based-audio-pii-classification/src/cnn/data_probe/output/probe_01208_spk05.wav,일칠육칠구이구팔팔사이오구구.,17679298842599,,female,spk05,probe_bare_14,probe,1,3.2,14,1,14,bare,continuous,0.27833834787209827,0.06019408461858472,0.2972029447555542,0.197016641497612,0.34079545736312866,0.27833834787209827
probe_01209_spk06.wav,/home/hye0n/projects/cnn-based-audio-pii-classification/src/cnn/data_probe/output/probe_01209_spk06.wav,오구구육일공공이삼일일칠칠오.,59961002311775,,male,spk06,probe_bare_14,probe,1,2.4,14,1,14,bare,continuous,0.013042851040760675,0.003495524777531067,0.00929568987339735,0.012124097906053066,0.01770876534283161,0.013042851040760675
probe_01210_spk07.wav,/home/hye0n/projects/cnn-based-audio-pii-classification/src/cnn/data_probe/output/probe_01210_spk07.wav,삼삼일이육육일공구사일공일칠.,33126610941017,,female,spk07,probe_bare_14,probe,1,3.68,14,1,14,bare,continuous,0.5702308615048727,0.14336110816128822,0.5745827555656433,0.39251458644866943,0.7435952425003052,0.5702308615048727
probe_01211_spk08.wav,/home/hye0n/projects/cnn-based-audio-pii-classification/src/cnn/data_probe/output/probe_01211_spk08.wav,오구공이오일칠육이구팔삼삼사.,59025176298334,,male,spk08,probe_bare_14,probe,1,3.04,14,1,14,bare,continuous,0.5081656575202942,0.20752184633793383,0.32285118103027344,0.40373945236206055,0.7979063391685486,0.5081656575202942
probe_01212_spk09.wav,/home/hye0n/projects/cnn-based-audio-pii-classification/src/cnn/data_probe/output/probe_01212_spk09.wav,칠칠사삼삼이육팔삼일구공일삼.,77433268319013,,female,spk09,probe_bare_14,probe,1,2.88,14,1,14,bare,continuous,0.08348027616739273,0.07805500407850692,0.028542714193463326,0.028031786903738976,0.1938663274049759,0.08348027616739273
probe_01213_spk10.wav,/home/hye0n/projects/cnn-based-audio-pii-classification/src/cnn/data_probe/output/probe_01213_spk10.wav,공이공오육구팔일오이팔칠삼삼.,02056981528733,,male,spk10,probe_bare_14,probe,1,2.88,14,1,14,bare,continuous,0.10119334235787392,0.06575350344362514,0.0668744295835495,0.04350666329264641,0.19319893419742584,0.10119334235787392
probe_01214_spk11.wav,/home/hye0n/projects/cnn-based-audio-pii-classification/src/cnn/data_probe/output/probe_01214_spk11.wav,구칠팔오오구팔이일칠육육일구.,97855982176619,,female,spk11,probe_bare_14,probe,1,3.52,14,1,14,bare,continuous,0.527880976597468,0.14193460150460388,0.36743125319480896,0.7125570774078369,0.5036545991897583,0.527880976597468
probe_01215_spk12.wav,/home/hye0n/projects/cnn-based-audio-pii-classification/src/cnn/data_probe/output/probe_01215_spk12.wav,일이팔사일일칠삼공구팔오공삼.,12841173098503,,male,spk12,probe_bare_14,probe,1,2.96,14,1,14,bare,continuous,0.017781338344017666,0.0006391382712291163,0.018614159896969795,0.01706070266664028,0.017669152468442917,0.017781338344017666
probe_01216_spk13.wav,/home/hye0n/projects/cnn-based-audio-pii-classification/src/cnn/data_probe/output/probe_01216_spk13.wav,사사육오일이사일팔구삼팔구팔.,44651241893898,,male,spk13,probe_bare_14,probe,1,2.72,14,1,14,bare,continuous,0.056625865710278354,0.030471547646092095,0.01364865992218256,0.08085174113512039,0.0753771960735321,0.056625865710278354
probe_01217_spk14.wav,/home/hye0n/projects/cnn-based-audio-pii-classification/src/cnn/data_probe/output/probe_01217_spk14.wav,사육구공팔일구칠사공공오육사.,46908197400564,,female,spk14,probe_bare_14,probe,1,3.04,14,1,14,bare,continuous,0.09318843608101209,0.034890099311549454,0.05359311029314995,0.0874883309006691,0.13848386704921722,0.09318843608101209
probe_01218_spk01.wav,/home/hye0n/projects/cnn-based-audio-pii-classification/src/cnn/data_probe/output/probe_01218_spk01.wav,삼오공이삼팔오공삼칠일구구공.,35023850371990,,female,spk01,probe_bare_14,probe,1,3.04,14,1,14,bare,continuous,0.2702837735414505,0.09843832239110542,0.28407907485961914,0.14341770112514496,0.3833545446395874,0.2702837735414505
probe_01219_spk02.wav,/home/hye0n/projects/cnn-based-audio-pii-classification/src/cnn/data_probe/output/probe_01219_spk02.wav,오일육구구일팔칠이사공일공칠.,51699187240107,,male,spk02,probe_bare_14,probe,1,2.96,14,1,14,bare,continuous,0.15110880136489868,0.07671810940769012,0.04537244141101837,0.22503331303596497,0.1829206496477127,0.15110880136489868
probe_01220_spk03.wav,/home/hye0n/projects/cnn-based-audio-pii-classification/src/cnn/data_probe/output/probe_01220_spk03.wav,팔삼오육칠사삼공공공삼팔구육.,83567430003896,,female,spk03,probe_bare_14,probe,1,3.84,14,1,14,bare,continuous,0.9348852634429932,0.037950253708399787,0.8823134303092957,0.9705244898796082,0.9518178701400757,0.9348852634429932
probe_01221_spk04.wav,/home/hye0n/projects/cnn-based-audio-pii-classification/src/cnn/data_probe/output/probe_01221_spk04.wav,공팔칠공육육이육육팔이일칠일.,08706626682171,,male,spk04,probe_bare_14,probe,1,2.72,14,1,14,bare,continuous,0.30933238565921783,0.12355254006342142,0.1346316784620285,0.39943817257881165,0.39392730593681335,0.30933238565921783
probe_01222_spk05.wav,/home/hye0n/projects/cnn-based-audio-pii-classification/src/cnn/data_probe/output/probe_01222_spk05.wav,구오오삼오육공삼삼일구공삼육.,95535603319036,,female,spk05,probe_bare_14,probe,1,3.04,14,1,14,bare,continuous,0.5148496876160303,0.2740088862359671,0.15132297575473785,0.5803910493850708,0.8128350377082825,0.5148496876160303
probe_01223_spk06.wav,/home/hye0n/projects/cnn-based-audio-pii-classification/src/cnn/data_probe/output/probe_01223_spk06.wav,팔구공공삼공일공이칠이사공오.,89003010272405,,male,spk06,probe_bare_14,probe,1,3.04,14,1,14,bare,continuous,0.017878669934968155,0.009014648046114846,0.02185729891061783,0.005400137044489384,0.02637857384979725,0.017878669934968155
probe_01224_spk07.wav,/home/hye0n/projects/cnn-based-audio-pii-classification/src/cnn/data_probe/output/probe_01224_spk07.wav,오구삼사이구육칠일일일사팔삼.,59342967111483,,female,spk07,probe_bare_14,probe,1,2.48,14,1,14,bare,continuous,0.09021621942520142,0.0457791005669908,0.04075625538825989,0.15112455189228058,0.07876785099506378,0.09021621942520142
probe_01225_spk08.wav,/home/hye0n/projects/cnn-based-audio-pii-classification/src/cnn/data_probe/output/probe_01225_spk08.wav,칠오삼칠사오팔사삼팔사오팔팔.,75374584384588,,male,spk08,probe_bare_14,probe,1,3.52,14,1,14,bare,continuous,0.6237097879250845,0.12808342226544384,0.722926914691925,0.44285711646080017,0.7053453326225281,0.6237097879250845
probe_01226_spk09.wav,/home/hye0n/projects/cnn-based-audio-pii-classification/src/cnn/data_probe/output/probe_01226_spk09.wav,일공오육구칠사일삼이팔삼사팔.,10569741328348,,female,spk09,probe_bare_14,probe,1,2.8,14,1,14,bare,continuous,0.016222397796809673,0.006704520824908639,0.011573631316423416,0.02570343017578125,0.011390131898224354,0.016222397796809673
probe_01227_spk10.wav,/home/hye0n/projects/cnn-based-audio-pii-classification/src/cnn/data_probe/output/probe_01227_spk10.wav,삼일오이공삼칠칠일공칠공사사.,31520377107044,,male,spk10,probe_bare_14,probe,1,3.52,14,1,14,bare,continuous,0.12576285377144814,0.05794434701561808,0.04779213294386864,0.18658272922039032,0.14291369915008545,0.12576285377144814
probe_01228_spk11.wav,/home/hye0n/projects/cnn-based-audio-pii-classification/src/cnn/data_probe/output/probe_01228_spk11.wav,구육사일공사구육칠공육육칠공.,96410496706670,,female,spk11,probe_bare_14,probe,1,3.84,14,1,14,bare,continuous,0.8717907071113586,0.020239511426227794,0.8464544415473938,0.8729257583618164,0.8959919214248657,0.8717907071113586
probe_01229_spk12.wav,/home/hye0n/projects/cnn-based-audio-pii-classification/src/cnn/data_probe/output/probe_01229_spk12.wav,삼삼육이육팔공사공팔오공구오.,33626804085095,,male,spk12,probe_bare_14,probe,1,2.96,14,1,14,bare,continuous,0.046744334821899734,0.022417284190383736,0.021427540108561516,0.07592837512493134,0.042877089232206345,0.046744334821899734
probe_01230_spk13.wav,/home/hye0n/projects/cnn-based-audio-pii-classification/src/cnn/data_probe/output/probe_01230_spk13.wav,사구삼공오구육육공일팔육사팔.,49305966018648,,male,spk13,probe_bare_14,probe,1,3.28,14,1,14,bare,continuous,0.7915928562482198,0.043822595395475776,0.7990394830703735,0.7345868945121765,0.8411521911621094,0.7915928562482198
probe_01231_spk14.wav,/home/hye0n/projects/cnn-based-audio-pii-classification/src/cnn/data_probe/output/probe_01231_spk14.wav,칠육구구팔사이육칠삼이공사사.,76998426732044,,female,spk14,probe_bare_14,probe,1,3.12,14,1,14,bare,continuous,0.12658852338790894,0.06318629456292496,0.07721240073442459,0.086776502430439,0.21577666699886322,0.12658852338790894
probe_01232_spk01.wav,/home/hye0n/projects/cnn-based-audio-pii-classification/src/cnn/data_probe/output/probe_01232_spk01.wav,일삼팔사오구육공구사오사사구.,13845960945449,,female,spk01,probe_bare_14,probe,1,3.44,14,1,14,bare,continuous,0.2444965342680613,0.10849523638313671,0.09113487601280212,0.3252975344657898,0.31705719232559204,0.2444965342680613
probe_01233_spk02.wav,/home/hye0n/projects/cnn-based-audio-pii-classification/src/cnn/data_probe/output/probe_01233_spk02.wav,공일사구오사이칠칠공칠공칠공.,01495427707070,,male,spk02,probe_bare_14,probe,1,3.68,14,1,14,bare,continuous,0.03017790677646796,0.006473946734019749,0.021719733253121376,0.031371790915727615,0.037442196160554886,0.03017790677646796
probe_01234_spk03.wav,/home/hye0n/projects/cnn-based-audio-pii-classification/src/cnn/data_probe/output/probe_01234_spk03.wav,오칠팔삼육공구일사구팔오일칠.,57836091498517,,female,spk03,probe_bare_14,probe,1,3.92,14,1,14,bare,continuous,0.6403197248776754,0.21219688941441933,0.3427918553352356,0.8229828476905823,0.7551844716072083,0.6403197248776754
probe_01235_spk04.wav,/home/hye0n/projects/cnn-based-audio-pii-classification/src/cnn/data_probe/output/probe_01235_spk04.wav,이사사사칠이삼이이구공삼일공.,24447232290310,,male,spk04,probe_bare_14,probe,1,2.72,14,1,14,bare,continuous,0.049577828496694565,0.00810382742886875,0.04291963204741478,0.060985252261161804,0.04482860118150711,0.049577828496694565
probe_01236_spk05.wav,/home/hye0n/projects/cnn-based-audio-pii-classification/src/cnn/data_probe/output/probe_01236_spk05.wav,이팔칠구오공팔삼공사사공오팔.,28795083044058,,female,spk05,probe_bare_14,probe,1,3.04,14,1,14,bare,continuous,0.288695494333903,0.08102655256438747,0.17959019541740417,0.31291699409484863,0.3735792934894562,0.288695494333903
probe_01237_spk06.wav,/home/hye0n/projects/cnn-based-audio-pii-classification/src/cnn/data_probe/output/probe_01237_spk06.wav,공구삼오일일팔칠일팔일삼삼오.,09351187181335,,male,spk06,probe_bare_14,probe,1,2.56,14,1,14,bare,continuous,0.008916689703861872,0.005010411576526326,0.00441369041800499,0.006430195644497871,0.015906183049082756,0.008916689703861872
probe_01238_spk07.wav,/home/hye0n/projects/cnn-based-audio-pii-classification/src/cnn/data_probe/output/probe_01238_spk07.wav,구오육일육사이공오구오오육오.,95616420595565,,female,spk07,probe_bare_14,probe,1,2.96,14,1,14,bare,continuous,0.5182375609874725,0.17782133337183068,0.2855052053928375,0.5520969033241272,0.7171105742454529,0.5182375609874725
probe_01239_spk08.wav,/home/hye0n/projects/cnn-based-audio-pii-classification/src/cnn/data_probe/output/probe_01239_spk08.wav,칠사구공이오공사이구공일구삼.,74902504290193,,male,spk08,probe_bare_14,probe,1,3.52,14,1,14,bare,continuous,0.5168595016002655,0.19076786358428766,0.5286920070648193,0.2775261104106903,0.7443603873252869,0.5168595016002655
probe_01240_spk09.wav,/home/hye0n/projects/cnn-based-audio-pii-classification/src/cnn/data_probe/output/probe_01240_spk09.wav,오팔팔구오삼육구공이육일일삼구팔.,5889536902611398,,female,spk09,probe_bare_16,probe,1,3.28,16,1,16,bare,continuous,0.432840754588445,0.0913249569694517,0.3043706715106964,0.5085627436637878,0.48558884859085083,0.432840754588445
probe_01241_spk10.wav,/home/hye0n/projects/cnn-based-audio-pii-classification/src/cnn/data_probe/output/probe_01241_spk10.wav,구팔육팔일팔공구칠팔팔칠오사삼구.,9868180978875439,,male,spk10,probe_bare_16,probe,1,2.8,16,1,16,bare,continuous,0.13696698347727457,0.04949122474059836,0.06852987408638,0.15848343074321747,0.18388764560222626,0.13696698347727457
probe_01242_spk11.wav,/home/hye0n/projects/cnn-based-audio-pii-classification/src/cnn/data_probe/output/probe_01242_spk11.wav,사삼오삼오삼칠오일삼칠육오일오팔.,4353537513765158,,female,spk11,probe_bare_16,probe,1,4.08,16,1,16,bare,continuous,0.4269375155369441,0.18058919729600922,0.17167244851589203,0.5476061105728149,0.5615339875221252,0.4269375155369441
probe_01243_spk12.wav,/home/hye0n/projects/cnn-based-audio-pii-classification/src/cnn/data_probe/output/probe_01243_spk12.wav,팔일오칠구삼칠육삼구이팔삼육구이.,8157937639283692,,male,spk12,probe_bare_16,probe,1,3.28,16,1,16,bare,continuous,0.01798854333659013,0.001645371113460624,0.01919180154800415,0.01911173202097416,0.015662096440792084,0.01798854333659013
probe_01244_spk13.wav,/home/hye0n/projects/cnn-based-audio-pii-classification/src/cnn/data_probe/output/probe_01244_spk13.wav,구사사오오일일육육팔이구칠삼이칠.,9445511668297327,,male,spk13,probe_bare_16,probe,1,4.0,16,1,16,bare,continuous,0.5433834493160248,0.044069069915114445,0.547461986541748,0.595201849937439,0.48748651146888733,0.5433834493160248
probe_01245_spk14.wav,/home/hye0n/projects/cnn-based-audio-pii-classification/src/cnn/data_probe/output/probe_01245_spk14.wav,공이일육사팔칠일이공육공이일이팔.,0216487120602128,,female,spk14,probe_bare_16,probe,1,2.88,16,1,16,bare,continuous,0.17779546479384103,0.12159142020649522,0.06894821673631668,0.11693284660577774,0.3475053310394287,0.17779546479384103
probe_01246_spk01.wav,/home/hye0n/projects/cnn-based-audio-pii-classification/src/cnn/data_probe/output/probe_01246_spk01.wav,팔육육오이육팔삼사일오오구구구일.,8665268341559991,,female,spk01,probe_bare_16,probe,1,4.0,16,1,16,bare,continuous,0.8332706093788147,0.10361072486038668,0.6871312260627747,0.9155725240707397,0.8971080780029297,0.8332706093788147
probe_01247_spk02.wav,/home/hye0n/projects/cnn-based-audio-pii-classification/src/cnn/data_probe/output/probe_01247_spk02.wav,공일오칠육칠육사칠이이구팔일이공.,0157676472298120,,male,spk02,probe_bare_16,probe,1,3.12,16,1,16,bare,continuous,0.15976470708847046,0.0556156533509562,0.08265246450901031,0.18490710854530334,0.21173454821109772,0.15976470708847046
probe_01248_spk03.wav,/home/hye0n/projects/cnn-based-audio-pii-classification/src/cnn/data_probe/output/probe_01248_spk03.wav,구구오칠육오칠이팔구사일삼사칠오.,9957657289413475,,female,spk03,probe_bare_16,probe,1,3.36,16,1,16,bare,continuous,0.7414512038230896,0.18688727884656894,0.4778591990470886,0.8899721503257751,0.856522262096405,0.7414512038230896
probe_01249_spk04.wav,/home/hye0n/projects/cnn-based-audio-pii-classification/src/cnn/data_probe/output/probe_01249_spk04.wav,공구팔팔구팔육사오육오이이공삼육.,0988986456522036,,male,spk04,probe_bare_16,probe,1,3.28,16,1,16,bare,continuous,0.7112279335657755,0.08625212841377686,0.7134544849395752,0.6044954061508179,0.8157339096069336,0.7112279335657755
probe_01250_spk05.wav,/home/hye0n/projects/cnn-based-audio-pii-classification/src/cnn/data_probe/output/probe_01250_spk05.wav,팔사구구오일오사이일사사칠칠삼이.,8499515421447732,,female,spk05,probe_bare_16,probe,1,3.44,16,1,16,bare,continuous,0.6958344578742981,0.1427223092424122,0.5055760741233826,0.8493228554725647,0.732604444026947,0.6958344578742981
probe_01251_spk06.wav,/home/hye0n/projects/cnn-based-audio-pii-classification/src/cnn/data_probe/output/probe_01251_spk06.wav,사사구일삼사이일삼팔팔이공구공팔.,4491342138820908,,male,spk06,probe_bare_16,probe,1,3.36,16,1,16,bare,continuous,0.08694498240947723,0.03046315780209987,0.04700867086648941,0.12090685963630676,0.09291941672563553,0.08694498240947723
probe_01252_spk07.wav,/home/hye0n/projects/cnn-based-audio-pii-classification/src/cnn/data_probe/output/probe_01252_spk07.wav,팔삼공칠공오삼사구육칠팔이칠사일.,8307053496782741,,female,spk07,probe_bare_16,probe,1,4.16,16,1,16,bare,continuous,0.9106674194335938,0.01700027717411766,0.8946241736412048,0.9341962933540344,0.903181791305542,0.9106674194335938
probe_01253_spk08.wav,/home/hye0n/projects/cnn-based-audio-pii-classification/src/cnn/data_probe/output/probe_01253_spk08.wav,일칠육칠사일이사일오일삼일오이팔.,1767412415131528,,male,spk08,probe_bare_16,probe,1,4.16,16,1,16,bare,continuous,0.7815155982971191,0.06332993513737473,0.8710737824440002,0.7374574542045593,0.7360155582427979,0.7815155982971191
probe_01254_spk09.wav,/home/hye0n/projects/cnn-based-audio-pii-classification/src/cnn/data_probe/output/probe_01254_spk09.wav,오사칠팔일오공육일팔오삼팔공공삼.,5478150618538003,,female,spk09,probe_bare_16,probe,1,3.36,16,1,16,bare,continuous,0.8342721263567606,0.08038470375780901,0.768599808216095,0.9474694132804871,0.7867471575737,0.8342721263567606
probe_01255_spk10.wav,/home/hye0n/projects/cnn-based-audio-pii-classification/src/cnn/data_probe/output/probe_01255_spk10.wav,이구육삼삼사칠이칠이칠사이삼일팔.,2963347272742318,,male,spk10,probe_bare_16,probe,1,2.8,16,1,16,bare,continuous,0.008177108907451233,0.0014566774405955843,0.006715071387588978,0.010164988227188587,0.007651267107576132,0.008177108907451233
probe_01256_spk11.wav,/home/hye0n/projects/cnn-based-audio-pii-classification/src/cnn/data_probe/output/probe_01256_spk11.wav,삼공육일칠팔구삼이공육사구육구삼.,3061789320649693,,female,spk11,probe_bare_16,probe,1,3.84,16,1,16,bare,continuous,0.7745610674222311,0.1124728590116841,0.6434882283210754,0.9181368947029114,0.7620580792427063,0.7745610674222311
probe_01257_spk12.wav,/home/hye0n/projects/cnn-based-audio-pii-classification/src/cnn/data_probe/output/probe_01257_spk12.wav,오칠팔이사삼사칠칠육구오팔칠사일.,5782434776958741,,male,spk12,probe_bare_16,probe,1,3.52,16,1,16,bare,continuous,0.843498945236206,0.1052089055688928,0.7023857831954956,0.8732060790061951,0.9549049735069275,0.843498945236206
probe_01258_spk13.wav,/home/hye0n/projects/cnn-based-audio-pii-classification/src/cnn/data_probe/output/probe_01258_spk13.wav,삼일사육칠오삼육일이칠오일오육이.,3146753612751562,,male,spk13,probe_bare_16,probe,1,2.88,16,1,16,bare,continuous,0.06204394375284513,0.02168361407248875,0.09106732159852982,0.03895896300673485,0.05610554665327072,0.06204394375284513
probe_01259_spk14.wav,/home/hye0n/projects/cnn-based-audio-pii-classification/src/cnn/data_probe/output/probe_01259_spk14.wav,칠칠구육삼공사사팔삼육공팔오사오.,7796304483608545,,female,spk14,probe_bare_16,probe,1,3.2,16,1,16,bare,continuous,0.6104934811592102,0.18826492218825655,0.37184834480285645,0.6275815367698669,0.8320505619049072,0.6104934811592102
probe_01260_spk01.wav,/home/hye0n/projects/cnn-based-audio-pii-classification/src/cnn/data_probe/output/probe_01260_spk01.wav,육육칠육육사공사칠삼오공사칠육삼.,6676640473504763,,female,spk01,probe_bare_16,probe,1,3.92,16,1,16,bare,continuous,0.47307613492012024,0.10943454961886277,0.38804253935813904,0.627578854560852,0.40360701084136963,0.47307613492012024
probe_01261_spk02.wav,/home/hye0n/projects/cnn-based-audio-pii-classification/src/cnn/data_probe/output/probe_01261_spk02.wav,구이팔삼일구구오이구팔공공육일오.,9283199529800615,,male,spk02,probe_bare_16,probe,1,2.88,16,1,16,bare,continuous,0.13194696605205536,0.05536293843050821,0.07242801040410995,0.11765303462743759,0.20575985312461853,0.13194696605205536
probe_01262_spk03.wav,/home/hye0n/projects/cnn-based-audio-pii-classification/src/cnn/data_probe/output/probe_01262_spk03.wav,오팔일공팔삼오팔삼이팔육삼사이오.,5810835832863425,,female,spk03,probe_bare_16,probe,1,3.36,16,1,16,bare,continuous,0.5562051037947336,0.17045757936488323,0.3410259783267975,0.7579070329666138,0.5696823000907898,0.5562051037947336
probe_01263_spk04.wav,/home/hye0n/projects/cnn-based-audio-pii-classification/src/cnn/data_probe/output/probe_01263_spk04.wav,오육삼팔삼공공공팔일팔육칠공이사.,5638300081867024,,male,spk04,probe_bare_16,probe,1,3.52,16,1,16,bare,continuous,0.9830972949663798,0.0071543813632027565,0.9730836749076843,0.9893584251403809,0.9868497848510742,0.9830972949663798
probe_01264_spk05.wav,/home/hye0n/projects/cnn-based-audio-pii-classification/src/cnn/data_probe/output/probe_01264_spk05.wav,사공삼삼공사일육육이사일일일팔육.,4033041662411186,,female,spk05,probe_bare_16,probe,1,3.44,16,1,16,bare,continuous,0.8262746731440226,0.15290292398591387,0.6154058575630188,0.973178505897522,0.8902396559715271,0.8262746731440226
probe_01265_spk06.wav,/home/hye0n/projects/cnn-based-audio-pii-classification/src/cnn/data_probe/output/probe_01265_spk06.wav,공공팔구이일구육삼구사오육팔공사.,0089219639456804,,male,spk06,probe_bare_16,probe,1,3.2,16,1,16,bare,continuous,0.5420588950316111,0.0975540150691132,0.4688911437988281,0.6799346208572388,0.4773509204387665,0.5420588950316111
probe_01266_spk07.wav,/home/hye0n/projects/cnn-based-audio-pii-classification/src/cnn/data_probe/output/probe_01266_spk07.wav,사칠삼일사구칠육사육일삼육팔사칠.,4731497646136847,,female,spk07,probe_bare_16,probe,1,4.72,16,1,16,bare,continuous,0.8791907032330831,0.037680212303054086,0.8269714117050171,0.8961048722267151,0.9144958257675171,0.8791907032330831
probe_01267_spk08.wav,/home/hye0n/projects/cnn-based-audio-pii-classification/src/cnn/data_probe/output/probe_01267_spk08.wav,사팔팔삼육공칠육오팔일칠삼구공육.,4883607658173906,,male,spk08,probe_bare_16,probe,1,3.92,16,1,16,bare,continuous,0.987951934337616,0.002907107796362864,0.98631751537323,0.9855021238327026,0.9920361638069153,0.987951934337616
probe_01268_spk09.wav,/home/hye0n/projects/cnn-based-audio-pii-classification/src/cnn/data_probe/output/probe_01268_spk09.wav,삼칠오칠구일사오이일일팔이삼칠구.,3757914521182379,,female,spk09,probe_bare_16,probe,1,3.2,16,1,16,bare,continuous,0.7718440492947897,0.1273890620799009,0.5919927954673767,0.8527085185050964,0.8708308339118958,0.7718440492947897
probe_01269_spk10.wav,/home/hye0n/projects/cnn-based-audio-pii-classification/src/cnn/data_probe/output/probe_01269_spk10.wav,삼일이육구칠팔구삼공칠사육사오이.,3126978930746452,,male,spk10,probe_bare_16,probe,1,2.88,16,1,16,bare,continuous,0.08117284501592319,0.03657303299896586,0.047435399144887924,0.06408985704183578,0.13199327886104584,0.08117284501592319
probe_01270_spk11.wav,/home/hye0n/projects/cnn-based-audio-pii-classification/src/cnn/data_probe/output/probe_01270_spk11.wav,공오구구육공사삼팔칠팔칠오삼오칠.,0599604387875357,,female,spk11,probe_bare_16,probe,1,3.76,16,1,16,bare,continuous,0.8024662733078003,0.08408666064125389,0.6837393045425415,0.867641806602478,0.8560177087783813,0.8024662733078003
probe_01271_spk12.wav,/home/hye0n/projects/cnn-based-audio-pii-classification/src/cnn/data_probe/output/probe_01271_spk12.wav,칠팔팔일일육일육이공이팔일이삼칠.,7881161620281237,,male,spk12,probe_bare_16,probe,1,2.72,16,1,16,bare,continuous,0.0416498314589262,0.014135250218534942,0.021679075434803963,0.05239981785416603,0.05087060108780861,0.0416498314589262
probe_01272_spk13.wav,/home/hye0n/projects/cnn-based-audio-pii-classification/src/cnn/data_probe/output/probe_01272_spk13.wav,일공육칠이팔칠이팔육육공사일육사.,1067287286604164,,male,spk13,probe_bare_16,probe,1,2.88,16,1,16,bare,continuous,0.4699656416972478,0.21270499905412243,0.17513014376163483,0.6690471768379211,0.5657196044921875,0.4699656416972478
probe_01273_spk14.wav,/home/hye0n/projects/cnn-based-audio-pii-classification/src/cnn/data_probe/output/probe_01273_spk14.wav,사팔오구오구이이사팔삼구오팔구사.,4859592248395894,,female,spk14,probe_bare_16,probe,1,2.88,16,1,16,bare,continuous,0.5761443773905436,0.1951362213569497,0.30103933811187744,0.6948519945144653,0.7325417995452881,0.5761443773905436
probe_01274_spk01.wav,/home/hye0n/projects/cnn-based-audio-pii-classification/src/cnn/data_probe/output/probe_01274_spk01.wav,칠칠삼오이이팔칠공오육이이칠일공.,7735228705622710,,female,spk01,probe_bare_16,probe,1,3.52,16,1,16,bare,continuous,0.8785414099693298,0.024407863013952907,0.8564503788948059,0.9125565886497498,0.8666172623634338,0.8785414099693298
probe_01275_spk02.wav,/home/hye0n/projects/cnn-based-audio-pii-classification/src/cnn/data_probe/output/probe_01275_spk02.wav,사삼삼일팔칠오일공구칠구이일오팔.,4331875109792158,,male,spk02,probe_bare_16,probe,1,3.36,16,1,16,bare,continuous,0.9188087582588196,0.028885336863007302,0.8810104727745056,0.9511247277259827,0.9242910742759705,0.9188087582588196
probe_01276_spk03.wav,/home/hye0n/projects/cnn-based-audio-pii-classification/src/cnn/data_probe/output/probe_01276_spk03.wav,삼오공삼사사육구사오구육사팔팔삼.,3503446945964883,,female,spk03,probe_bare_16,probe,1,3.84,16,1,16,bare,continuous,0.9623077313105265,0.01757779297378659,0.9386298060417175,0.9675903916358948,0.9807029962539673,0.9623077313105265
probe_01277_spk04.wav,/home/hye0n/projects/cnn-based-audio-pii-classification/src/cnn/data_probe/output/probe_01277_spk04.wav,일구이일삼사이사구일이팔구육오구.,1921342491289659,,male,spk04,probe_bare_16,probe,1,3.04,16,1,16,bare,continuous,0.7631187637646993,0.06761527414293174,0.7924252152442932,0.8272918462753296,0.6696392297744751,0.7631187637646993
probe_01278_spk05.wav,/home/hye0n/projects/cnn-based-audio-pii-classification/src/cnn/data_probe/output/probe_01278_spk05.wav,구구사구칠삼이공삼삼일구이이이칠.,9949732033192227,,female,spk05,probe_bare_16,probe,1,4.08,16,1,16,bare,continuous,0.7254547675450643,0.06920153000373916,0.8221946954727173,0.6642661690711975,0.6899034380912781,0.7254547675450643
probe_01279_spk06.wav,/home/hye0n/projects/cnn-based-audio-pii-classification/src/cnn/data_probe/output/probe_01279_spk06.wav,공오일공이팔칠육칠오사팔일삼팔육.,0510287675481386,,male,spk06,probe_bare_16,probe,1,2.88,16,1,16,bare,continuous,0.608780026435852,0.14833688524007302,0.40224093198776245,0.6802384257316589,0.7438607215881348,0.608780026435852
