filename,filepath,text,value,pii_type,gender,speaker_id,template_id,source_type,label,duration,n_digits,n_groups,max_run,frame,axis,prob_mean,prob_std,prob_ckpt_indist_s42,prob_ckpt_indist_s43,prob_ckpt_indist_s44,prob
probe_00000_spk01.wav,/home/hye0n/projects/cnn-based-audio-pii-classification/src/cnn/data_probe/output/probe_00000_spk01.wav,번호는 일공사삼입니다.,1043,,female,spk01,probe_cont_4,probe,1,2.24,4,1,4,sentence,continuous,0.014922513626515865,0.009048198204445072,0.005384350195527077,0.012304280884563923,0.027078909799456596,0.014922513626515865
probe_00001_spk02.wav,/home/hye0n/projects/cnn-based-audio-pii-classification/src/cnn/data_probe/output/probe_00001_spk02.wav,번호는 삼이일팔입니다.,3218,,male,spk02,probe_cont_4,probe,1,1.84,4,1,4,sentence,continuous,0.008993781016518673,0.0016921455083802502,0.007939870469272137,0.011381378397345543,0.007660094182938337,0.008993781016518673
probe_00002_spk03.wav,/home/hye0n/projects/cnn-based-audio-pii-classification/src/cnn/data_probe/output/probe_00002_spk03.wav,번호는 일구육공입니다.,1960,,female,spk03,probe_cont_4,probe,1,2.0,4,1,4,sentence,continuous,0.012900901803125938,0.010355057115664108,0.0059630051255226135,0.02753855660557747,0.005201143678277731,0.012900901803125938
probe_00003_spk04.wav,/home/hye0n/projects/cnn-based-audio-pii-classification/src/cnn/data_probe/output/probe_00003_spk04.wav,번호는 공일삼삼입니다.,0133,,male,spk04,probe_cont_4,probe,1,2.0,4,1,4,sentence,continuous,0.02599218611915906,0.009678113520283376,0.01312641054391861,0.03646891936659813,0.02838122844696045,0.02599218611915906
probe_00004_spk05.wav,/home/hye0n/projects/cnn-based-audio-pii-classification/src/cnn/data_probe/output/probe_00004_spk05.wav,번호는 팔구공팔입니다.,8908,,female,spk05,probe_cont_4,probe,1,2.0,4,1,4,sentence,continuous,0.011323779433344802,0.01102541787234909,0.0029869272839277983,0.026903271675109863,0.004081139340996742,0.011323779433344802
probe_00005_spk06.wav,/home/hye0n/projects/cnn-based-audio-pii-classification/src/cnn/data_probe/output/probe_00005_spk06.wav,번호는 삼팔육삼입니다.,3863,,male,spk06,probe_cont_4,probe,1,2.24,4,1,4,sentence,continuous,0.0013111148728057742,0.00033786869591748885,0.0008955466328188777,0.0017231296515092254,0.0013146683340892196,0.0013111148728057742
probe_00006_spk07.wav,/home/hye0n/projects/cnn-based-audio-pii-classification/src/cnn/data_probe/output/probe_00006_spk07.wav,번호는 칠구사공입니다.,7940,,female,spk07,probe_cont_4,probe,1,1.68,4,1,4,sentence,continuous,0.014528490913410982,0.008926133058314368,0.004266842268407345,0.01329239271581173,0.02602623775601387,0.014528490913410982
probe_00007_spk08.wav,/home/hye0n/projects/cnn-based-audio-pii-classification/src/cnn/data_probe/output/probe_00007_spk08.wav,번호는 이육오사입니다.,2654,,male,spk08,probe_cont_4,probe,1,1.76,4,1,4,sentence,continuous,0.014546332880854607,0.004394980904259572,0.01130837295204401,0.011570696718990803,0.020759928971529007,0.014546332880854607
probe_00008_spk09.wav,/home/hye0n/projects/cnn-based-audio-pii-classification/src/cnn/data_probe/output/probe_00008_spk09.wav,번호는 이삼오일입니다.,2351,,female,spk09,probe_cont_4,probe,1,1.6,4,1,4,sentence,continuous,0.016813665395602584,0.015664939060355224,0.00230781571008265,0.009565875865519047,0.038567304611206055,0.016813665395602584
probe_00009_spk10.wav,/home/hye0n/projects/cnn-based-audio-pii-classification/src/cnn/data_probe/output/probe_00009_spk10.wav,번호는 일육일오입니다.,1615,,male,spk10,probe_cont_4,probe,1,2.24,4,1,4,sentence,continuous,0.005485802656039596,0.0016207728075507178,0.003211255418136716,0.006868398282676935,0.006377754267305136,0.005485802656039596
probe_00010_spk11.wav,/home/hye0n/projects/cnn-based-audio-pii-classification/src/cnn/data_probe/output/probe_00010_spk11.wav,번호는 오구사공입니다.,5940,,female,spk11,probe_cont_4,probe,1,2.4,4,1,4,sentence,continuous,0.008160319179296494,0.00391249123783632,0.004648471251130104,0.01361915748566389,0.006213328801095486,0.008160319179296494
probe_00011_spk12.wav,/home/hye0n/projects/cnn-based-audio-pii-classification/src/cnn/data_probe/output/probe_00011_spk12.wav,번호는 칠팔일육입니다.,7816,,male,spk12,probe_cont_4,probe,1,1.68,4,1,4,sentence,continuous,0.006662820271837215,0.0035642409096536204,0.0016224471619352698,0.009141786955296993,0.00922422669827938,0.006662820271837215
probe_00012_spk13.wav,/home/hye0n/projects/cnn-based-audio-pii-classification/src/cnn/data_probe/output/probe_00012_spk13.wav,번호는 일팔사구입니다.,1849,,male,spk13,probe_cont_4,probe,1,1.76,4,1,4,sentence,continuous,0.0068922768502185745,0.003784790806815535,0.002005796181038022,0.01122726034373045,0.007443774025887251,0.0068922768502185745
probe_00013_spk14.wav,/home/hye0n/projects/cnn-based-audio-pii-classification/src/cnn/data_probe/output/probe_00013_spk14.wav,번호는 오구삼일입니다.,5931,,female,spk14,probe_cont_4,probe,1,1.92,4,1,4,sentence,continuous,0.007503637733558814,0.004968421921653788,0.0026826919056475163,0.01434092503041029,0.005487296264618635,0.007503637733558814
probe_00014_spk01.wav,/home/hye0n/projects/cnn-based-audio-pii-classification/src/cnn/data_probe/output/probe_00014_spk01.wav,번호는 공삼사일입니다.,0341,,female,spk01,probe_cont_4,probe,1,2.16,4,1,4,sentence,continuous,0.03174262090275685,0.017373561606763604,0.009926731698215008,0.052438884973526,0.03286224603652954,0.03174262090275685
probe_00015_spk02.wav,/home/hye0n/projects/cnn-based-audio-pii-classification/src/cnn/data_probe/output/probe_00015_spk02.wav,번호는 삼일육사입니다.,3164,,male,spk02,probe_cont_4,probe,1,2.0,4,1,4,sentence,continuous,0.01660461739326517,0.009580949938939914,0.004342167172580957,0.017744235694408417,0.02772744931280613,0.01660461739326517
probe_00016_spk03.wav,/home/hye0n/projects/cnn-based-audio-pii-classification/src/cnn/data_probe/output/probe_00016_spk03.wav,번호는 칠오이오입니다.,7525,,female,spk03,probe_cont_4,probe,1,2.0,4,1,4,sentence,continuous,0.010074231928835312,0.006217296060276934,0.002757436130195856,0.017955251038074493,0.009510008618235588,0.010074231928835312
probe_00017_spk04.wav,/home/hye0n/projects/cnn-based-audio-pii-classification/src/cnn/data_probe/output/probe_00017_spk04.wav,번호는 오삼사일입니다.,5341,,male,spk04,probe_cont_4,probe,1,1.6,4,1,4,sentence,continuous,0.010496167000383139,0.005730347078620387,0.0037484397180378437,0.017756732180714607,0.009983329102396965,0.010496167000383139
probe_00018_spk05.wav,/home/hye0n/projects/cnn-based-audio-pii-classification/src/cnn/data_probe/output/probe_00018_spk05.wav,번호는 구이팔삼입니다.,9283,,female,spk05,probe_cont_4,probe,1,1.92,4,1,4,sentence,continuous,0.009749785608922442,0.009244490442899182,0.0023654622491449118,0.022785112261772156,0.004098782315850258,0.009749785608922442
probe_00019_spk06.wav,/home/hye0n/projects/cnn-based-audio-pii-classification/src/cnn/data_probe/output/probe_00019_spk06.wav,번호는 이칠육사입니다.,2764,,male,spk06,probe_cont_4,probe,1,2.88,4,1,4,sentence,continuous,0.004910413175821304,0.0011240310391028199,0.004122092854231596,0.006500015500932932,0.004109131172299385,0.004910413175821304
probe_00020_spk07.wav,/home/hye0n/projects/cnn-based-audio-pii-classification/src/cnn/data_probe/output/probe_00020_spk07.wav,번호는 팔삼오공입니다.,8350,,female,spk07,probe_cont_4,probe,1,1.76,4,1,4,sentence,continuous,0.022783709379533928,0.013174650421393099,0.008152014575898647,0.040089163929224014,0.02010994963347912,0.022783709379533928
probe_00021_spk08.wav,/home/hye0n/projects/cnn-based-audio-pii-classification/src/cnn/data_probe/output/probe_00021_spk08.wav,번호는 삼공오육입니다.,3056,,male,spk08,probe_cont_4,probe,1,1.92,4,1,4,sentence,continuous,0.02015746074418227,0.00973116284567861,0.006514880806207657,0.02541244775056839,0.02854505367577076,0.02015746074418227
probe_00022_spk09.wav,/home/hye0n/projects/cnn-based-audio-pii-classification/src/cnn/data_probe/output/probe_00022_spk09.wav,번호는 사일삼구입니다.,4139,,female,spk09,probe_cont_4,probe,1,1.6,4,1,4,sentence,continuous,0.02237137376020352,0.014395415951954186,0.009945334866642952,0.014618822373449802,0.04254996404051781,0.02237137376020352
probe_00023_spk10.wav,/home/hye0n/projects/cnn-based-audio-pii-classification/src/cnn/data_probe/output/probe_00023_spk10.wav,번호는 오삼칠육입니다.,5376,,male,spk10,probe_cont_4,probe,1,2.24,4,1,4,sentence,continuous,0.006852400489151478,0.0013507268295122148,0.00542856752872467,0.006461493670940399,0.008667140267789364,0.006852400489151478
probe_00024_spk11.wav,/home/hye0n/projects/cnn-based-audio-pii-classification/src/cnn/data_probe/output/probe_00024_spk11.wav,번호는 칠이사이입니다.,7242,,female,spk11,probe_cont_4,probe,1,2.96,4,1,4,sentence,continuous,0.006433446736385425,0.0018083445674390453,0.005539583507925272,0.008955449797213078,0.004805306904017925,0.006433446736385425
probe_00025_spk12.wav,/home/hye0n/projects/cnn-based-audio-pii-classification/src/cnn/data_probe/output/probe_00025_spk12.wav,번호는 삼팔팔사입니다.,3884,,male,spk12,probe_cont_4,probe,1,2.0,4,1,4,sentence,continuous,0.008669606099526087,0.003215412536958546,0.0041247522458434105,0.011070657521486282,0.01081340853124857,0.008669606099526087
probe_00026_spk13.wav,/home/hye0n/projects/cnn-based-audio-pii-classification/src/cnn/data_probe/output/probe_00026_spk13.wav,번호는 구육구육입니다.,9696,,male,spk13,probe_cont_4,probe,1,2.16,4,1,4,sentence,continuous,0.004171056905761361,0.0009908701052105077,0.005501076113432646,0.0038881755899637938,0.003123919013887644,0.004171056905761361
probe_00027_spk14.wav,/home/hye0n/projects/cnn-based-audio-pii-classification/src/cnn/data_probe/output/probe_00027_spk14.wav,번호는 오삼이팔입니다.,5328,,female,spk14,probe_cont_4,probe,1,2.16,4,1,4,sentence,continuous,0.00903143035247922,0.00614220921309993,0.0029220115393400192,0.0067385840229690075,0.01743369549512863,0.00903143035247922
probe_00028_spk01.wav,/home/hye0n/projects/cnn-based-audio-pii-classification/src/cnn/data_probe/output/probe_00028_spk01.wav,번호는 칠일공일입니다.,7101,,female,spk01,probe_cont_4,probe,1,2.16,4,1,4,sentence,continuous,0.06773256696760654,0.02996572902983148,0.02965283952653408,0.07066752016544342,0.10287734121084213,0.06773256696760654
probe_00029_spk02.wav,/home/hye0n/projects/cnn-based-audio-pii-classification/src/cnn/data_probe/output/probe_00029_spk02.wav,번호는 이이육구입니다.,2269,,male,spk02,probe_cont_4,probe,1,1.68,4,1,4,sentence,continuous,0.016049383052935202,0.007963475315796931,0.005404721479862928,0.0181867815554142,0.02455664612352848,0.016049383052935202
probe_00030_spk03.wav,/home/hye0n/projects/cnn-based-audio-pii-classification/src/cnn/data_probe/output/probe_00030_spk03.wav,번호는 일육육구입니다.,1669,,female,spk03,probe_cont_4,probe,1,2.16,4,1,4,sentence,continuous,0.008614607077712813,0.007523937542070227,0.0021060158032923937,0.01915883645415306,0.0045789689756929874,0.008614607077712813
probe_00031_spk04.wav,/home/hye0n/projects/cnn-based-audio-pii-classification/src/cnn/data_probe/output/probe_00031_spk04.wav,번호는 칠팔사팔입니다.,7848,,male,spk04,probe_cont_4,probe,1,1.68,4,1,4,sentence,continuous,0.0352153688048323,0.02781528822614007,0.003944608382880688,0.07151811569929123,0.03018338233232498,0.0352153688048323
probe_00032_spk05.wav,/home/hye0n/projects/cnn-based-audio-pii-classification/src/cnn/data_probe/output/probe_00032_spk05.wav,번호는 공일팔사입니다.,0184,,female,spk05,probe_cont_4,probe,1,1.84,4,1,4,sentence,continuous,0.021475845482200384,0.01977444879927946,0.005559330340474844,0.04934745654463768,0.009520749561488628,0.021475845482200384
probe_00033_spk06.wav,/home/hye0n/projects/cnn-based-audio-pii-classification/src/cnn/data_probe/output/probe_00033_spk06.wav,번호는 오일사육입니다.,5146,,male,spk06,probe_cont_4,probe,1,2.56,4,1,4,sentence,continuous,0.007802905514836311,0.0010293949761030709,0.007124763913452625,0.007026371546089649,0.00925758108496666,0.007802905514836311
probe_00034_spk07.wav,/home/hye0n/projects/cnn-based-audio-pii-classification/src/cnn/data_probe/output/probe_00034_spk07.wav,번호는 이칠공사입니다.,2704,,female,spk07,probe_cont_4,probe,1,1.92,4,1,4,sentence,continuous,0.006133570879076918,0.0023945061208290037,0.0027484388556331396,0.007904560305178165,0.007747713476419449,0.006133570879076918
probe_00035_spk08.wav,/home/hye0n/projects/cnn-based-audio-pii-classification/src/cnn/data_probe/output/probe_00035_spk08.wav,번호는 팔이팔일입니다.,8281,,male,spk08,probe_cont_4,probe,1,1.84,4,1,4,sentence,continuous,0.012093519171079,0.004746538224566077,0.008337032049894333,0.009153978899121284,0.018789546564221382,0.012093519171079
probe_00036_spk09.wav,/home/hye0n/projects/cnn-based-audio-pii-classification/src/cnn/data_probe/output/probe_00036_spk09.wav,번호는 사팔구삼입니다.,4893,,female,spk09,probe_cont_4,probe,1,1.76,4,1,4,sentence,continuous,0.005344544304534793,0.004083101612804933,0.0021177500020712614,0.011105040088295937,0.0028108428232371807,0.005344544304534793
probe_00037_spk10.wav,/home/hye0n/projects/cnn-based-audio-pii-classification/src/cnn/data_probe/output/probe_00037_spk10.wav,번호는 이오이팔입니다.,2528,,male,spk10,probe_cont_4,probe,1,1.84,4,1,4,sentence,continuous,0.004178246405596535,0.0018689471590322023,0.0018401921261101961,0.004279766231775284,0.006414780858904123,0.004178246405596535
probe_00038_spk11.wav,/home/hye0n/projects/cnn-based-audio-pii-classification/src/cnn/data_probe/output/probe_00038_spk11.wav,번호는 팔공구오입니다.,8095,,female,spk11,probe_cont_4,probe,1,3.76,4,1,4,sentence,continuous,0.009965323687841495,0.003447619669664968,0.008368791081011295,0.014753255993127823,0.0067739239893853664,0.009965323687841495
probe_00039_spk12.wav,/home/hye0n/projects/cnn-based-audio-pii-classification/src/cnn/data_probe/output/probe_00039_spk12.wav,번호는 칠공일오입니다.,7015,,male,spk12,probe_cont_4,probe,1,1.6,4,1,4,sentence,continuous,0.016455213849743206,0.00964364194963859,0.008390571922063828,0.010962782427668571,0.030012287199497223,0.016455213849743206
probe_00040_spk13.wav,/home/hye0n/projects/cnn-based-audio-pii-classification/src/cnn/data_probe/output/probe_00040_spk13.wav,번호는 사삼공삼입니다.,4303,,male,spk13,probe_cont_4,probe,1,2.16,4,1,4,sentence,continuous,0.012690012343227863,0.006700770845702459,0.0047828517854213715,0.02116665616631508,0.01212052907794714,0.012690012343227863
probe_00041_spk14.wav,/home/hye0n/projects/cnn-based-audio-pii-classification/src/cnn/data_probe/output/probe_00041_spk14.wav,번호는 구일일칠입니다.,9117,,female,spk14,probe_cont_4,probe,1,2.72,4,1,4,sentence,continuous,0.01158512926970919,0.005048191532544775,0.004566878546029329,0.01396090816706419,0.01622760109603405,0.01158512926970919
probe_00042_spk01.wav,/home/hye0n/projects/cnn-based-audio-pii-classification/src/cnn/data_probe/output/probe_00042_spk01.wav,번호는 일팔이이입니다.,1822,,female,spk01,probe_cont_4,probe,1,2.24,4,1,4,sentence,continuous,0.04505217385788759,0.018484444024870365,0.022481033578515053,0.06775788962841034,0.044917598366737366,0.04505217385788759
probe_00043_spk02.wav,/home/hye0n/projects/cnn-based-audio-pii-classification/src/cnn/data_probe/output/probe_00043_spk02.wav,번호는 칠팔이사입니다.,7824,,male,spk02,probe_cont_4,probe,1,1.84,4,1,4,sentence,continuous,0.0017931840848177671,0.0004981946815725035,0.0011831524316221476,0.002403475111350417,0.0017929247114807367,0.0017931840848177671
probe_00044_spk03.wav,/home/hye0n/projects/cnn-based-audio-pii-classification/src/cnn/data_probe/output/probe_00044_spk03.wav,번호는 팔구육삼입니다.,8963,,female,spk03,probe_cont_4,probe,1,3.36,4,1,4,sentence,continuous,0.004814294399693608,0.0031668613201222633,0.0027667167596518993,0.00928758829832077,0.0023885781411081553,0.004814294399693608
probe_00045_spk04.wav,/home/hye0n/projects/cnn-based-audio-pii-classification/src/cnn/data_probe/output/probe_00045_spk04.wav,번호는 팔삼사육입니다.,8346,,male,spk04,probe_cont_4,probe,1,2.64,4,1,4,sentence,continuous,0.002473029928902785,0.0010929255854190466,0.0013293465599417686,0.003945271950215101,0.002144471276551485,0.002473029928902785
probe_00046_spk05.wav,/home/hye0n/projects/cnn-based-audio-pii-classification/src/cnn/data_probe/output/probe_00046_spk05.wav,번호는 오칠팔칠입니다.,5787,,female,spk05,probe_cont_4,probe,1,2.16,4,1,4,sentence,continuous,0.01546420312176148,0.007555034985310539,0.008014063350856304,0.02582172304391861,0.012556822970509529,0.01546420312176148
probe_00047_spk06.wav,/home/hye0n/projects/cnn-based-audio-pii-classification/src/cnn/data_probe/output/probe_00047_spk06.wav,번호는 일삼삼일입니다.,1331,,male,spk06,probe_cont_4,probe,1,2.32,4,1,4,sentence,continuous,0.008666577904174725,0.002768829876547562,0.004758975002914667,0.010402186773717403,0.010838571935892105,0.008666577904174725
probe_00048_spk07.wav,/home/hye0n/projects/cnn-based-audio-pii-classification/src/cnn/data_probe/output/probe_00048_spk07.wav,번호는 오공구팔입니다.,5098,,female,spk07,probe_cont_4,probe,1,2.48,4,1,4,sentence,continuous,0.00391453574411571,0.0005758981693460766,0.0033164694905281067,0.00469234399497509,0.003734793746843934,0.00391453574411571
probe_00049_spk08.wav,/home/hye0n/projects/cnn-based-audio-pii-classification/src/cnn/data_probe/output/probe_00049_spk08.wav,번호는 삼구삼공입니다.,3930,,male,spk08,probe_cont_4,probe,1,2.16,4,1,4,sentence,continuous,0.06727799773216248,0.0242001608227001,0.03364354372024536,0.08957375586032867,0.07861669361591339,0.06727799773216248
probe_00050_spk09.wav,/home/hye0n/projects/cnn-based-audio-pii-classification/src/cnn/data_probe/output/probe_00050_spk09.wav,번호는 일공삼일입니다.,1031,,female,spk09,probe_cont_4,probe,1,1.68,4,1,4,sentence,continuous,0.00547263507420818,0.0022930117330350014,0.00517646037042141,0.008417339064180851,0.0028241057880222797,0.00547263507420818
probe_00051_spk10.wav,/home/hye0n/projects/cnn-based-audio-pii-classification/src/cnn/data_probe/output/probe_00051_spk10.wav,번호는 공오일팔입니다.,0518,,male,spk10,probe_cont_4,probe,1,2.4,4,1,4,sentence,continuous,0.011584929190576077,0.002086403932228401,0.008870999328792095,0.011939117684960365,0.013944670557975769,0.011584929190576077
probe_00052_spk11.wav,/home/hye0n/projects/cnn-based-audio-pii-classification/src/cnn/data_probe/output/probe_00052_spk11.wav,번호는 삼사칠삼입니다.,3473,,female,spk11,probe_cont_4,probe,1,2.0,4,1,4,sentence,continuous,0.06113765574991703,0.035367825765142344,0.012986293062567711,0.09693551063537598,0.0734911635518074,0.06113765574991703
probe_00053_spk12.wav,/home/hye0n/projects/cnn-based-audio-pii-classification/src/cnn/data_probe/output/probe_00053_spk12.wav,번호는 팔이구구입니다.,8299,,male,spk12,probe_cont_4,probe,1,1.68,4,1,4,sentence,continuous,0.0021443424435953298,0.0006243802205374396,0.0013517290353775024,0.002877693623304367,0.0022036046721041203,0.0021443424435953298
probe_00054_spk13.wav,/home/hye0n/projects/cnn-based-audio-pii-classification/src/cnn/data_probe/output/probe_00054_spk13.wav,번호는 칠삼칠육입니다.,7376,,male,spk13,probe_cont_4,probe,1,1.76,4,1,4,sentence,continuous,0.02096236761038502,0.01992025519145247,0.0034953788854181767,0.010554203763604164,0.04883752018213272,0.02096236761038502
probe_00055_spk14.wav,/home/hye0n/projects/cnn-based-audio-pii-classification/src/cnn/data_probe/output/probe_00055_spk14.wav,번호는 삼일일육입니다.,3116,,female,spk14,probe_cont_4,probe,1,1.68,4,1,4,sentence,continuous,0.00800202030222863,0.004978519907702841,0.001589809195138514,0.013726290315389633,0.008689961396157742,0.00800202030222863
probe_00056_spk01.wav,/home/hye0n/projects/cnn-based-audio-pii-classification/src/cnn/data_probe/output/probe_00056_spk01.wav,번호는 오육육칠입니다.,5667,,female,spk01,probe_cont_4,probe,1,2.48,4,1,4,sentence,continuous,0.013581689136723677,0.003796476926770321,0.00824637059122324,0.01572912000119686,0.01676957681775093,0.013581689136723677
probe_00057_spk02.wav,/home/hye0n/projects/cnn-based-audio-pii-classification/src/cnn/data_probe/output/probe_00057_spk02.wav,번호는 공일공육입니다.,0106,,male,spk02,probe_cont_4,probe,1,2.24,4,1,4,sentence,continuous,0.02118410107990106,0.002390541882880465,0.0180194228887558,0.023796316236257553,0.021736564114689827,0.02118410107990106
probe_00058_spk03.wav,/home/hye0n/projects/cnn-based-audio-pii-classification/src/cnn/data_probe/output/probe_00058_spk03.wav,번호는 오일삼삼입니다.,5133,,female,spk03,probe_cont_4,probe,1,2.24,4,1,4,sentence,continuous,0.013690591479341188,0.0064076224865662924,0.005567477084696293,0.021230323240160942,0.014273974113166332,0.013690591479341188
probe_00059_spk04.wav,/home/hye0n/projects/cnn-based-audio-pii-classification/src/cnn/data_probe/output/probe_00059_spk04.wav,번호는 삼팔칠이입니다.,3872,,male,spk04,probe_cont_4,probe,1,1.92,4,1,4,sentence,continuous,0.016940056656797726,0.006313958645937582,0.008406806737184525,0.02348414622247219,0.018929217010736465,0.016940056656797726
probe_00060_spk05.wav,/home/hye0n/projects/cnn-based-audio-pii-classification/src/cnn/data_probe/output/probe_00060_spk05.wav,번호는 육이사칠입니다.,6247,,female,spk05,probe_cont_4,probe,1,1.76,4,1,4,sentence,continuous,0.021061807870864868,0.011273860620345471,0.006286878138780594,0.03363829851150513,0.023260246962308884,0.021061807870864868
probe_00061_spk06.wav,/home/hye0n/projects/cnn-based-audio-pii-classification/src/cnn/data_probe/output/probe_00061_spk06.wav,번호는 삼일칠팔입니다.,3178,,male,spk06,probe_cont_4,probe,1,2.08,4,1,4,sentence,continuous,0.010921103724588951,0.004905242711104195,0.006669610273092985,0.017794029787182808,0.008299671113491058,0.010921103724588951
probe_00062_spk07.wav,/home/hye0n/projects/cnn-based-audio-pii-classification/src/cnn/data_probe/output/probe_00062_spk07.wav,번호는 일공팔공입니다.,1080,,female,spk07,probe_cont_4,probe,1,2.0,4,1,4,sentence,continuous,0.046346697956323624,0.023512579762825257,0.019202299416065216,0.0765516459941864,0.043286148458719254,0.046346697956323624
probe_00063_spk08.wav,/home/hye0n/projects/cnn-based-audio-pii-classification/src/cnn/data_probe/output/probe_00063_spk08.wav,번호는 일삼이육입니다.,1326,,male,spk08,probe_cont_4,probe,1,2.56,4,1,4,sentence,continuous,0.030844693382581074,0.0061744154636560805,0.03145623207092285,0.02299540862441063,0.038082439452409744,0.030844693382581074
probe_00064_spk09.wav,/home/hye0n/projects/cnn-based-audio-pii-classification/src/cnn/data_probe/output/probe_00064_spk09.wav,번호는 칠칠삼육입니다.,7736,,female,spk09,probe_cont_4,probe,1,1.84,4,1,4,sentence,continuous,0.01955802319571376,0.009040745622608896,0.007483516354113817,0.029236339032649994,0.021954214200377464,0.01955802319571376
probe_00065_spk10.wav,/home/hye0n/projects/cnn-based-audio-pii-classification/src/cnn/data_probe/output/probe_00065_spk10.wav,번호는 공이육공입니다.,0260,,male,spk10,probe_cont_4,probe,1,2.24,4,1,4,sentence,continuous,0.009025596703092257,0.0027044245840501424,0.006153368391096592,0.012648854404687881,0.008274567313492298,0.009025596703092257
probe_00066_spk11.wav,/home/hye0n/projects/cnn-based-audio-pii-classification/src/cnn/data_probe/output/probe_00066_spk11.wav,번호는 육사칠사입니다.,6474,,female,spk11,probe_cont_4,probe,1,2.4,4,1,4,sentence,continuous,0.0027876288319627443,0.0012874803522779426,0.0014715222641825676,0.00453531788662076,0.0023560463450849056,0.0027876288319627443
probe_00067_spk12.wav,/home/hye0n/projects/cnn-based-audio-pii-classification/src/cnn/data_probe/output/probe_00067_spk12.wav,번호는 육팔칠이입니다.,6872,,male,spk12,probe_cont_4,probe,1,1.68,4,1,4,sentence,continuous,0.003100495164593061,0.0016158225598039426,0.0013488754630088806,0.0027054017409682274,0.005247208289802074,0.003100495164593061
probe_00068_spk13.wav,/home/hye0n/projects/cnn-based-audio-pii-classification/src/cnn/data_probe/output/probe_00068_spk13.wav,번호는 삼사삼공입니다.,3430,,male,spk13,probe_cont_4,probe,1,1.92,4,1,4,sentence,continuous,0.00798909335086743,0.00245120955233833,0.005820165853947401,0.006731665227562189,0.011415448971092701,0.00798909335086743
probe_00069_spk14.wav,/home/hye0n/projects/cnn-based-audio-pii-classification/src/cnn/data_probe/output/probe_00069_spk14.wav,번호는 구팔공오입니다.,9805,,female,spk14,probe_cont_4,probe,1,1.84,4,1,4,sentence,continuous,0.008733169874176383,0.005485757083967589,0.002288410672917962,0.008215348236262798,0.01569575071334839,0.008733169874176383
probe_00070_spk01.wav,/home/hye0n/projects/cnn-based-audio-pii-classification/src/cnn/data_probe/output/probe_00070_spk01.wav,번호는 공공구칠입니다.,0097,,female,spk01,probe_cont_4,probe,1,2.08,4,1,4,sentence,continuous,0.0242733887086312,0.009301570924207669,0.01601850986480713,0.037270527333021164,0.0195311289280653,0.0242733887086312
probe_00071_spk02.wav,/home/hye0n/projects/cnn-based-audio-pii-classification/src/cnn/data_probe/output/probe_00071_spk02.wav,번호는 팔팔이공입니다.,8820,,male,spk02,probe_cont_4,probe,1,2.4,4,1,4,sentence,continuous,0.004723120868826906,0.0011822197288053485,0.006368489935994148,0.0036434622015804052,0.004157410468906164,0.004723120868826906
probe_00072_spk03.wav,/home/hye0n/projects/cnn-based-audio-pii-classification/src/cnn/data_probe/output/probe_00072_spk03.wav,번호는 팔일이일입니다.,8121,,female,spk03,probe_cont_4,probe,1,2.88,4,1,4,sentence,continuous,0.012576537051548561,0.00489569152550439,0.006548266392201185,0.0126416627317667,0.018539682030677795,0.012576537051548561
probe_00073_spk04.wav,/home/hye0n/projects/cnn-based-audio-pii-classification/src/cnn/data_probe/output/probe_00073_spk04.wav,번호는 구일삼육입니다.,9136,,male,spk04,probe_cont_4,probe,1,2.16,4,1,4,sentence,continuous,0.014007575809955597,0.00212423539422039,0.016787616536021233,0.011631607078015804,0.013603503815829754,0.014007575809955597
probe_00074_spk05.wav,/home/hye0n/projects/cnn-based-audio-pii-classification/src/cnn/data_probe/output/probe_00074_spk05.wav,번호는 일구삼구입니다.,1939,,female,spk05,probe_cont_4,probe,1,1.92,4,1,4,sentence,continuous,0.045274072947601475,0.03744968504730068,0.011976194567978382,0.09759031981229782,0.02625570446252823,0.045274072947601475
probe_00075_spk06.wav,/home/hye0n/projects/cnn-based-audio-pii-classification/src/cnn/data_probe/output/probe_00075_spk06.wav,번호는 구공구일입니다.,9091,,male,spk06,probe_cont_4,probe,1,2.48,4,1,4,sentence,continuous,0.0016374889916429918,0.00037387480528288476,0.0011844418477267027,0.0016279304400086403,0.002100094687193632,0.0016374889916429918
probe_00076_spk07.wav,/home/hye0n/projects/cnn-based-audio-pii-classification/src/cnn/data_probe/output/probe_00076_spk07.wav,번호는 육구구팔입니다.,6998,,female,spk07,probe_cont_4,probe,1,1.92,4,1,4,sentence,continuous,0.008859140410398444,0.005851115147828791,0.0013241840060800314,0.009664922021329403,0.015588315203785896,0.008859140410398444
probe_00077_spk08.wav,/home/hye0n/projects/cnn-based-audio-pii-classification/src/cnn/data_probe/output/probe_00077_spk08.wav,번호는 오사삼오입니다.,5435,,male,spk08,probe_cont_4,probe,1,1.76,4,1,4,sentence,continuous,0.007512908739348252,0.002612127509074025,0.004315026104450226,0.007510296069085598,0.010713404044508934,0.007512908739348252
probe_00078_spk09.wav,/home/hye0n/projects/cnn-based-audio-pii-classification/src/cnn/data_probe/output/probe_00078_spk09.wav,번호는 삼사육이입니다.,3462,,female,spk09,probe_cont_4,probe,1,1.68,4,1,4,sentence,continuous,0.01766472791011135,0.016957176573272868,0.004866195376962423,0.041627220809459686,0.006500767543911934,0.01766472791011135
probe_00079_spk10.wav,/home/hye0n/projects/cnn-based-audio-pii-classification/src/cnn/data_probe/output/probe_00079_spk10.wav,번호는 사칠오일입니다.,4751,,male,spk10,probe_cont_4,probe,1,2.0,4,1,4,sentence,continuous,0.00580518397813042,0.0017410786992673052,0.003648062702268362,0.005855564959347248,0.00791192427277565,0.00580518397813042
probe_00080_spk11.wav,/home/hye0n/projects/cnn-based-audio-pii-classification/src/cnn/data_probe/output/probe_00080_spk11.wav,번호는 공칠구구입니다.,0799,,female,spk11,probe_cont_4,probe,1,2.4,4,1,4,sentence,continuous,0.002601781471942862,0.0006240875301087003,0.0017566215246915817,0.0032446030527353287,0.0028041198384016752,0.002601781471942862
probe_00081_spk12.wav,/home/hye0n/projects/cnn-based-audio-pii-classification/src/cnn/data_probe/output/probe_00081_spk12.wav,번호는 일일팔삼입니다.,1183,,male,spk12,probe_cont_4,probe,1,1.92,4,1,4,sentence,continuous,0.012447869249929985,0.004070327185891811,0.007248475681990385,0.017186742275953293,0.012908389791846275,0.012447869249929985
probe_00082_spk13.wav,/home/hye0n/projects/cnn-based-audio-pii-classification/src/cnn/data_probe/output/probe_00082_spk13.wav,번호는 팔사이오입니다.,8425,,male,spk13,probe_cont_4,probe,1,1.92,4,1,4,sentence,continuous,0.00839418297012647,0.0021405878672357583,0.005380825139582157,0.01015172153711319,0.009650002233684063,0.00839418297012647
probe_00083_spk14.wav,/home/hye0n/projects/cnn-based-audio-pii-classification/src/cnn/data_probe/output/probe_00083_spk14.wav,번호는 일삼오사입니다.,1354,,female,spk14,probe_cont_4,probe,1,1.84,4,1,4,sentence,continuous,0.004378170628721516,0.0017702857683831552,0.0021479863207787275,0.006478440947830677,0.0045080846175551414,0.004378170628721516
probe_00084_spk01.wav,/home/hye0n/projects/cnn-based-audio-pii-classification/src/cnn/data_probe/output/probe_00084_spk01.wav,번호는 이칠팔사입니다.,2784,,female,spk01,probe_cont_4,probe,1,2.4,4,1,4,sentence,continuous,0.016907965298742056,0.011235089174092513,0.00540925981476903,0.032153405249118805,0.013161230832338333,0.016907965298742056
probe_00085_spk02.wav,/home/hye0n/projects/cnn-based-audio-pii-classification/src/cnn/data_probe/output/probe_00085_spk02.wav,번호는 구팔공팔입니다.,9808,,male,spk02,probe_cont_4,probe,1,1.68,4,1,4,sentence,continuous,0.005960152484476566,0.0021610898860359856,0.0029646167531609535,0.006933002732694149,0.007982837967574596,0.005960152484476566
probe_00086_spk03.wav,/home/hye0n/projects/cnn-based-audio-pii-classification/src/cnn/data_probe/output/probe_00086_spk03.wav,번호는 사일이사입니다.,4124,,female,spk03,probe_cont_4,probe,1,1.92,4,1,4,sentence,continuous,0.025131864473223686,0.013225578067172691,0.008047152310609818,0.04026651382446289,0.02708192728459835,0.025131864473223686
probe_00087_spk04.wav,/home/hye0n/projects/cnn-based-audio-pii-classification/src/cnn/data_probe/output/probe_00087_spk04.wav,번호는 일일팔이입니다.,1182,,male,spk04,probe_cont_4,probe,1,1.68,4,1,4,sentence,continuous,0.005712391032526891,0.004572598981448935,0.00146288494579494,0.012058431282639503,0.003615856869146228,0.005712391032526891
probe_00088_spk05.wav,/home/hye0n/projects/cnn-based-audio-pii-classification/src/cnn/data_probe/output/probe_00088_spk05.wav,번호는 사사구삼입니다.,4493,,female,spk05,probe_cont_4,probe,1,1.68,4,1,4,sentence,continuous,0.01401626675700148,0.010831251111901006,0.003927596379071474,0.02904248796403408,0.009078715927898884,0.01401626675700148
probe_00089_spk06.wav,/home/hye0n/projects/cnn-based-audio-pii-classification/src/cnn/data_probe/output/probe_00089_spk06.wav,번호는 오삼사팔입니다.,5348,,male,spk06,probe_cont_4,probe,1,2.16,4,1,4,sentence,continuous,0.003776201823105415,0.0016709010038349723,0.0014173788949847221,0.0050773960538208485,0.0048338305205106735,0.003776201823105415
probe_00090_spk07.wav,/home/hye0n/projects/cnn-based-audio-pii-classification/src/cnn/data_probe/output/probe_00090_spk07.wav,번호는 칠사공일입니다.,7401,,female,spk07,probe_cont_4,probe,1,2.0,4,1,4,sentence,continuous,0.021843240596354008,0.018478536697636112,0.0037600016221404076,0.04722290858626366,0.014546811580657959,0.021843240596354008
probe_00091_spk08.wav,/home/hye0n/projects/cnn-based-audio-pii-classification/src/cnn/data_probe/output/probe_00091_spk08.wav,번호는 육사공공입니다.,6400,,male,spk08,probe_cont_4,probe,1,1.84,4,1,4,sentence,continuous,0.019540600944310427,0.008538109958135455,0.007474617566913366,0.02517607994377613,0.025971105322241783,0.019540600944310427
probe_00092_spk09.wav,/home/hye0n/projects/cnn-based-audio-pii-classification/src/cnn/data_probe/output/probe_00092_spk09.wav,번호는 오이사이입니다.,5242,,female,spk09,probe_cont_4,probe,1,1.92,4,1,4,sentence,continuous,0.004312664968892932,0.001826447926420832,0.0025768813211470842,0.006837107241153717,0.0035240063443779945,0.004312664968892932
probe_00093_spk10.wav,/home/hye0n/projects/cnn-based-audio-pii-classification/src/cnn/data_probe/output/probe_00093_spk10.wav,번호는 칠팔육팔입니다.,7868,,male,spk10,probe_cont_4,probe,1,2.08,4,1,4,sentence,continuous,0.01257310559352239,0.0012020543291204227,0.011119995266199112,0.012535622343420982,0.014063699170947075,0.01257310559352239
probe_00094_spk11.wav,/home/hye0n/projects/cnn-based-audio-pii-classification/src/cnn/data_probe/output/probe_00094_spk11.wav,번호는 공일일이입니다.,0112,,female,spk11,probe_cont_4,probe,1,2.0,4,1,4,sentence,continuous,0.0038143049847955504,0.001868137704367204,0.001233983668498695,0.005595753900706768,0.004613177385181189,0.0038143049847955504
probe_00095_spk12.wav,/home/hye0n/projects/cnn-based-audio-pii-classification/src/cnn/data_probe/output/probe_00095_spk12.wav,번호는 팔공오구입니다.,8059,,male,spk12,probe_cont_4,probe,1,1.52,4,1,4,sentence,continuous,0.004112850020950039,0.0013880583705056955,0.002210449194535613,0.004644869826734066,0.005483231041580439,0.004112850020950039
probe_00096_spk13.wav,/home/hye0n/projects/cnn-based-audio-pii-classification/src/cnn/data_probe/output/probe_00096_spk13.wav,번호는 팔이육이입니다.,8262,,male,spk13,probe_cont_4,probe,1,2.16,4,1,4,sentence,continuous,0.005668759811669588,0.0012092240830516735,0.00444032670930028,0.005252661649137735,0.007313291076570749,0.005668759811669588
probe_00097_spk14.wav,/home/hye0n/projects/cnn-based-audio-pii-classification/src/cnn/data_probe/output/probe_00097_spk14.wav,번호는 공사오공입니다.,0450,,female,spk14,probe_cont_4,probe,1,2.08,4,1,4,sentence,continuous,0.0036869122801969447,7.822820245480941e-05,0.0036443693097680807,0.003796626115217805,0.003619741415604949,0.0036869122801969447
probe_00098_spk01.wav,/home/hye0n/projects/cnn-based-audio-pii-classification/src/cnn/data_probe/output/probe_00098_spk01.wav,번호는 오삼삼일입니다.,5331,,female,spk01,probe_cont_4,probe,1,2.4,4,1,4,sentence,continuous,0.009330596930036942,0.004003037626649484,0.003927609417587519,0.013495736755430698,0.01056844461709261,0.009330596930036942
probe_00099_spk02.wav,/home/hye0n/projects/cnn-based-audio-pii-classification/src/cnn/data_probe/output/probe_00099_spk02.wav,번호는 오팔육구입니다.,5869,,male,spk02,probe_cont_4,probe,1,1.84,4,1,4,sentence,continuous,0.01324703125283122,0.007178575994021501,0.005058004055172205,0.01214512251317501,0.022537967190146446,0.01324703125283122
probe_00100_spk03.wav,/home/hye0n/projects/cnn-based-audio-pii-classification/src/cnn/data_probe/output/probe_00100_spk03.wav,번호는 이삼이이육공입니다.,232260,,female,spk03,probe_cont_6,probe,1,2.64,6,1,6,sentence,continuous,0.05340915794173876,0.0209241493664702,0.025078151375055313,0.0749736875295639,0.060175634920597076,0.05340915794173876
probe_00101_spk04.wav,/home/hye0n/projects/cnn-based-audio-pii-classification/src/cnn/data_probe/output/probe_00101_spk04.wav,번호는 이오육삼사이입니다.,256342,,male,spk04,probe_cont_6,probe,1,2.24,6,1,6,sentence,continuous,0.055367699513832726,0.029253561663679078,0.021969866007566452,0.09321123361587524,0.05092199891805649,0.055367699513832726
probe_00102_spk05.wav,/home/hye0n/projects/cnn-based-audio-pii-classification/src/cnn/data_probe/output/probe_00102_spk05.wav,번호는 일육공칠삼삼입니다.,160733,,female,spk05,probe_cont_6,probe,1,2.8,6,1,6,sentence,continuous,0.05803063636024793,0.03576216734941982,0.0336918942630291,0.10859425365924835,0.03180576115846634,0.05803063636024793
probe_00103_spk06.wav,/home/hye0n/projects/cnn-based-audio-pii-classification/src/cnn/data_probe/output/probe_00103_spk06.wav,번호는 칠오사삼삼공입니다.,754330,,male,spk06,probe_cont_6,probe,1,2.88,6,1,6,sentence,continuous,0.01635626284405589,0.00951122954084564,0.006458610761910677,0.029193218797445297,0.013416958972811699,0.01635626284405589
probe_00104_spk07.wav,/home/hye0n/projects/cnn-based-audio-pii-classification/src/cnn/data_probe/output/probe_00104_spk07.wav,번호는 삼육오사일사입니다.,365414,,female,spk07,probe_cont_6,probe,1,2.24,6,1,6,sentence,continuous,0.1394572009642919,0.05950613653464958,0.05760383605957031,0.16345785558223724,0.19730991125106812,0.1394572009642919
probe_00105_spk08.wav,/home/hye0n/projects/cnn-based-audio-pii-classification/src/cnn/data_probe/output/probe_00105_spk08.wav,번호는 오팔육팔오공입니다.,586850,,male,spk08,probe_cont_6,probe,1,2.72,6,1,6,sentence,continuous,0.035448224594195686,0.011981847448387945,0.028997473418712616,0.025103859603405,0.05224334076046944,0.035448224594195686
probe_00106_spk09.wav,/home/hye0n/projects/cnn-based-audio-pii-classification/src/cnn/data_probe/output/probe_00106_spk09.wav,번호는 일사이구사공입니다.,142940,,female,spk09,probe_cont_6,probe,1,2.4,6,1,6,sentence,continuous,0.039003320038318634,0.016144133570129084,0.016815390437841415,0.045436661690473557,0.05475790798664093,0.039003320038318634
probe_00107_spk10.wav,/home/hye0n/projects/cnn-based-audio-pii-classification/src/cnn/data_probe/output/probe_00107_spk10.wav,번호는 일구육오오육입니다.,196556,,male,spk10,probe_cont_6,probe,1,2.16,6,1,6,sentence,continuous,0.02258652200301488,0.007155320706513802,0.012503104284405708,0.0268924068659544,0.02836405485868454,0.02258652200301488
probe_00108_spk11.wav,/home/hye0n/projects/cnn-based-audio-pii-classification/src/cnn/data_probe/output/probe_00108_spk11.wav,번호는 구팔일육구삼입니다.,981693,,female,spk11,probe_cont_6,probe,1,2.56,6,1,6,sentence,continuous,0.015744248405098915,0.0074173458926593315,0.010965212248265743,0.02622055448591709,0.01004697848111391,0.015744248405098915
probe_00109_spk12.wav,/home/hye0n/projects/cnn-based-audio-pii-classification/src/cnn/data_probe/output/probe_00109_spk12.wav,번호는 사공육공팔팔입니다.,406088,,male,spk12,probe_cont_6,probe,1,2.16,6,1,6,sentence,continuous,0.025673510506749153,0.007237678152996947,0.016525881364941597,0.026270311325788498,0.034224338829517365,0.025673510506749153
probe_00110_spk13.wav,/home/hye0n/projects/cnn-based-audio-pii-classification/src/cnn/data_probe/output/probe_00110_spk13.wav,번호는 삼오육일오구입니다.,356159,,male,spk13,probe_cont_6,probe,1,2.0,6,1,6,sentence,continuous,0.007071681786328554,0.0037259321002195184,0.004132680594921112,0.004753629211336374,0.012328735552728176,0.007071681786328554
probe_00111_spk14.wav,/home/hye0n/projects/cnn-based-audio-pii-classification/src/cnn/data_probe/output/probe_00111_spk14.wav,번호는 오일사팔사육입니다.,514846,,female,spk14,probe_cont_6,probe,1,2.56,6,1,6,sentence,continuous,0.009348416856179634,0.004430740102648642,0.004408028442412615,0.015156515873968601,0.008480706252157688,0.009348416856179634
probe_00112_spk01.wav,/home/hye0n/projects/cnn-based-audio-pii-classification/src/cnn/data_probe/output/probe_00112_spk01.wav,번호는 오육사팔이삼입니다.,564823,,female,spk01,probe_cont_6,probe,1,2.4,6,1,6,sentence,continuous,0.017708560451865196,0.006720464072943781,0.013395383022725582,0.02719961106777191,0.012530687265098095,0.017708560451865196
probe_00113_spk02.wav,/home/hye0n/projects/cnn-based-audio-pii-classification/src/cnn/data_probe/output/probe_00113_spk02.wav,번호는 육육이구구사입니다.,662994,,male,spk02,probe_cont_6,probe,1,2.0,6,1,6,sentence,continuous,0.02054877843086918,0.012583416816374128,0.005804991815239191,0.03655080124735832,0.019290542230010033,0.02054877843086918
probe_00114_spk03.wav,/home/hye0n/projects/cnn-based-audio-pii-classification/src/cnn/data_probe/output/probe_00114_spk03.wav,번호는 육팔공사사삼입니다.,680443,,female,spk03,probe_cont_6,probe,1,2.64,6,1,6,sentence,continuous,0.05834130818645159,0.019580000675845165,0.03351650759577751,0.08137734234333038,0.06013007462024689,0.05834130818645159
probe_00115_spk04.wav,/home/hye0n/projects/cnn-based-audio-pii-classification/src/cnn/data_probe/output/probe_00115_spk04.wav,번호는 육구구오칠칠입니다.,699577,,male,spk04,probe_cont_6,probe,1,2.4,6,1,6,sentence,continuous,0.018660631341238815,0.011762167342408987,0.00518419872969389,0.0338435024023056,0.016954192891716957,0.018660631341238815
probe_00116_spk05.wav,/home/hye0n/projects/cnn-based-audio-pii-classification/src/cnn/data_probe/output/probe_00116_spk05.wav,번호는 칠삼팔칠이일입니다.,738721,,female,spk05,probe_cont_6,probe,1,2.16,6,1,6,sentence,continuous,0.05433099220196406,0.02064954467130599,0.03160136938095093,0.08157436549663544,0.04981724172830582,0.05433099220196406
probe_00117_spk06.wav,/home/hye0n/projects/cnn-based-audio-pii-classification/src/cnn/data_probe/output/probe_00117_spk06.wav,번호는 사팔구오일삼입니다.,489513,,male,spk06,probe_cont_6,probe,1,2.32,6,1,6,sentence,continuous,0.042431351418296494,0.015689645592289983,0.028276054188609123,0.06430657207965851,0.03471142798662186,0.042431351418296494
probe_00118_spk07.wav,/home/hye0n/projects/cnn-based-audio-pii-classification/src/cnn/data_probe/output/probe_00118_spk07.wav,번호는 사삼삼이공공입니다.,433200,,female,spk07,probe_cont_6,probe,1,2.4,6,1,6,sentence,continuous,0.06357726206382115,0.017982896923247917,0.04633861780166626,0.08838913589715958,0.056004032492637634,0.06357726206382115
probe_00119_spk08.wav,/home/hye0n/projects/cnn-based-audio-pii-classification/src/cnn/data_probe/output/probe_00119_spk08.wav,번호는 삼칠구일칠육입니다.,379176,,male,spk08,probe_cont_6,probe,1,2.4,6,1,6,sentence,continuous,0.05865731090307236,0.027063312041919165,0.023424014449119568,0.0892198234796524,0.0633280947804451,0.05865731090307236
probe_00120_spk09.wav,/home/hye0n/projects/cnn-based-audio-pii-classification/src/cnn/data_probe/output/probe_00120_spk09.wav,번호는 구삼육칠육삼입니다.,936763,,female,spk09,probe_cont_6,probe,1,2.56,6,1,6,sentence,continuous,0.2028867801030477,0.08087631619428882,0.11260943114757538,0.18720631301403046,0.30884459614753723,0.2028867801030477
probe_00121_spk10.wav,/home/hye0n/projects/cnn-based-audio-pii-classification/src/cnn/data_probe/output/probe_00121_spk10.wav,번호는 이공일육삼이입니다.,201632,,male,spk10,probe_cont_6,probe,1,1.68,6,1,6,sentence,continuous,0.01401284026602904,0.004206832165296509,0.0080674197524786,0.017172997817397118,0.016798103228211403,0.01401284026602904
probe_00122_spk11.wav,/home/hye0n/projects/cnn-based-audio-pii-classification/src/cnn/data_probe/output/probe_00122_spk11.wav,번호는 팔칠공팔삼일입니다.,870831,,female,spk11,probe_cont_6,probe,1,2.88,6,1,6,sentence,continuous,0.02296083855132262,0.006691676320802886,0.015387367457151413,0.031661808490753174,0.02183333970606327,0.02296083855132262
probe_00123_spk12.wav,/home/hye0n/projects/cnn-based-audio-pii-classification/src/cnn/data_probe/output/probe_00123_spk12.wav,번호는 칠이칠팔팔구입니다.,727889,,male,spk12,probe_cont_6,probe,1,2.16,6,1,6,sentence,continuous,0.03962334804236889,0.03390285871350085,0.007957687601447105,0.02427813783288002,0.08663421869277954,0.03962334804236889
probe_00124_spk13.wav,/home/hye0n/projects/cnn-based-audio-pii-classification/src/cnn/data_probe/output/probe_00124_spk13.wav,번호는 오칠구팔육팔입니다.,579868,,male,spk13,probe_cont_6,probe,1,2.56,6,1,6,sentence,continuous,0.010252250824123621,0.005881498297645214,0.004414036404341459,0.01830209605395794,0.008040620014071465,0.010252250824123621
probe_00125_spk14.wav,/home/hye0n/projects/cnn-based-audio-pii-classification/src/cnn/data_probe/output/probe_00125_spk14.wav,번호는 칠이칠칠사삼입니다.,727743,,female,spk14,probe_cont_6,probe,1,2.56,6,1,6,sentence,continuous,0.06912972157200177,0.034708835159379274,0.020839538425207138,0.08565257489681244,0.10089705139398575,0.06912972157200177
probe_00126_spk01.wav,/home/hye0n/projects/cnn-based-audio-pii-classification/src/cnn/data_probe/output/probe_00126_spk01.wav,번호는 사팔칠삼사칠입니다.,487347,,female,spk01,probe_cont_6,probe,1,2.64,6,1,6,sentence,continuous,0.1949248785773913,0.11983956734071663,0.07285968214273453,0.15413729846477509,0.3577776551246643,0.1949248785773913
probe_00127_spk02.wav,/home/hye0n/projects/cnn-based-audio-pii-classification/src/cnn/data_probe/output/probe_00127_spk02.wav,번호는 일사삼사오오입니다.,143455,,male,spk02,probe_cont_6,probe,1,3.36,6,1,6,sentence,continuous,0.055079606672128044,0.01619779240505218,0.07570235431194305,0.036132294684648514,0.05340417101979256,0.055079606672128044
probe_00128_spk03.wav,/home/hye0n/projects/cnn-based-audio-pii-classification/src/cnn/data_probe/output/probe_00128_spk03.wav,번호는 팔일이이삼육입니다.,812236,,female,spk03,probe_cont_6,probe,1,2.64,6,1,6,sentence,continuous,0.11861492693424225,0.02784373652720897,0.09918911755084991,0.15799075365066528,0.09866490960121155,0.11861492693424225
probe_00129_spk04.wav,/home/hye0n/projects/cnn-based-audio-pii-classification/src/cnn/data_probe/output/probe_00129_spk04.wav,번호는 이삼일육육오입니다.,231665,,male,spk04,probe_cont_6,probe,1,2.4,6,1,6,sentence,continuous,0.006088474610199531,0.0027352185886422345,0.004330584779381752,0.009951460175216198,0.003983378876000643,0.006088474610199531
probe_00130_spk05.wav,/home/hye0n/projects/cnn-based-audio-pii-classification/src/cnn/data_probe/output/probe_00130_spk05.wav,번호는 팔칠육공삼육입니다.,876036,,female,spk05,probe_cont_6,probe,1,2.48,6,1,6,sentence,continuous,0.12226657817761104,0.039726256248645946,0.14458099007606506,0.1557615101337433,0.06645723432302475,0.12226657817761104
probe_00131_spk06.wav,/home/hye0n/projects/cnn-based-audio-pii-classification/src/cnn/data_probe/output/probe_00131_spk06.wav,번호는 육구공구육칠입니다.,690967,,male,spk06,probe_cont_6,probe,1,3.68,6,1,6,sentence,continuous,0.0054290165814260645,0.0025588316657946023,0.007885155268013477,0.006502461154013872,0.001899433322250843,0.0054290165814260645
probe_00132_spk07.wav,/home/hye0n/projects/cnn-based-audio-pii-classification/src/cnn/data_probe/output/probe_00132_spk07.wav,번호는 공오사육육팔입니다.,054668,,female,spk07,probe_cont_6,probe,1,2.96,6,1,6,sentence,continuous,0.04484050658841928,0.02175460393329084,0.01720317266881466,0.0703650489449501,0.04695329815149307,0.04484050658841928
probe_00133_spk08.wav,/home/hye0n/projects/cnn-based-audio-pii-classification/src/cnn/data_probe/output/probe_00133_spk08.wav,번호는 팔구삼칠삼사입니다.,893734,,male,spk08,probe_cont_6,probe,1,2.72,6,1,6,sentence,continuous,0.04537493673463663,0.010935565183394134,0.02993556298315525,0.05386869236826897,0.05232055485248566,0.04537493673463663
probe_00134_spk09.wav,/home/hye0n/projects/cnn-based-audio-pii-classification/src/cnn/data_probe/output/probe_00134_spk09.wav,번호는 육칠공육오육입니다.,670656,,female,spk09,probe_cont_6,probe,1,2.32,6,1,6,sentence,continuous,0.05355259465674559,0.032130780215462965,0.013070212677121162,0.09166731685400009,0.055920254439115524,0.05355259465674559
probe_00135_spk10.wav,/home/hye0n/projects/cnn-based-audio-pii-classification/src/cnn/data_probe/output/probe_00135_spk10.wav,번호는 이칠이구팔공입니다.,272980,,male,spk10,probe_cont_6,probe,1,2.56,6,1,6,sentence,continuous,0.006893324200063944,0.0038596042900963697,0.00301477313041687,0.01215862575918436,0.005506573710590601,0.006893324200063944
probe_00136_spk11.wav,/home/hye0n/projects/cnn-based-audio-pii-classification/src/cnn/data_probe/output/probe_00136_spk11.wav,번호는 육구구공일육입니다.,699016,,female,spk11,probe_cont_6,probe,1,2.88,6,1,6,sentence,continuous,0.013155255777140459,0.0010778126579371215,0.011829273775219917,0.014469283632934093,0.013167209923267365,0.013155255777140459
probe_00137_spk12.wav,/home/hye0n/projects/cnn-based-audio-pii-classification/src/cnn/data_probe/output/probe_00137_spk12.wav,번호는 이칠이공사육입니다.,272046,,male,spk12,probe_cont_6,probe,1,2.0,6,1,6,sentence,continuous,0.013852918520569801,0.004561646428369435,0.008964893408119678,0.019942933693528175,0.01265092846006155,0.013852918520569801
probe_00138_spk13.wav,/home/hye0n/projects/cnn-based-audio-pii-classification/src/cnn/data_probe/output/probe_00138_spk13.wav,번호는 오삼칠오오육입니다.,537556,,male,spk13,probe_cont_6,probe,1,1.92,6,1,6,sentence,continuous,0.012212504322330156,0.00506523308951354,0.005605526268482208,0.013118961825966835,0.017913024872541428,0.012212504322330156
probe_00139_spk14.wav,/home/hye0n/projects/cnn-based-audio-pii-classification/src/cnn/data_probe/output/probe_00139_spk14.wav,번호는 사육사일칠공입니다.,464170,,female,spk14,probe_cont_6,probe,1,2.56,6,1,6,sentence,continuous,0.015471718739718199,0.0066141341439133845,0.006588429678231478,0.017376527190208435,0.022450199350714684,0.015471718739718199
probe_00140_spk01.wav,/home/hye0n/projects/cnn-based-audio-pii-classification/src/cnn/data_probe/output/probe_00140_spk01.wav,번호는 팔공오삼일공입니다.,805310,,female,spk01,probe_cont_6,probe,1,2.8,6,1,6,sentence,continuous,0.08108613143364589,0.04005920101570797,0.053272686898708344,0.13773532211780548,0.05225038528442383,0.08108613143364589
probe_00141_spk02.wav,/home/hye0n/projects/cnn-based-audio-pii-classification/src/cnn/data_probe/output/probe_00141_spk02.wav,번호는 공삼삼공구이입니다.,033092,,male,spk02,probe_cont_6,probe,1,2.24,6,1,6,sentence,continuous,0.00931521924212575,0.0022696244643980942,0.0066893394105136395,0.009029610082507133,0.012226708233356476,0.00931521924212575
probe_00142_spk03.wav,/home/hye0n/projects/cnn-based-audio-pii-classification/src/cnn/data_probe/output/probe_00142_spk03.wav,번호는 삼이칠일구삼입니다.,327193,,female,spk03,probe_cont_6,probe,1,2.8,6,1,6,sentence,continuous,0.0859378029902776,0.03619502123851201,0.035371482372283936,0.11810607463121414,0.10433585196733475,0.0859378029902776
probe_00143_spk04.wav,/home/hye0n/projects/cnn-based-audio-pii-classification/src/cnn/data_probe/output/probe_00143_spk04.wav,번호는 칠사오이구구입니다.,745299,,male,spk04,probe_cont_6,probe,1,2.24,6,1,6,sentence,continuous,0.009407275977234045,0.004149645739700291,0.005449251737445593,0.015138603746891022,0.007633972447365522,0.009407275977234045
probe_00144_spk05.wav,/home/hye0n/projects/cnn-based-audio-pii-classification/src/cnn/data_probe/output/probe_00144_spk05.wav,번호는 일이사일구공입니다.,124190,,female,spk05,probe_cont_6,probe,1,3.04,6,1,6,sentence,continuous,0.08984201028943062,0.047196921358452056,0.05231303721666336,0.15640823543071747,0.060804758220911026,0.08984201028943062
probe_00145_spk06.wav,/home/hye0n/projects/cnn-based-audio-pii-classification/src/cnn/data_probe/output/probe_00145_spk06.wav,번호는 사구육육삼일입니다.,496631,,male,spk06,probe_cont_6,probe,1,2.48,6,1,6,sentence,continuous,0.03818628005683422,0.012790538153533667,0.023111840710043907,0.03706510737538338,0.05438189208507538,0.03818628005683422
probe_00146_spk07.wav,/home/hye0n/projects/cnn-based-audio-pii-classification/src/cnn/data_probe/output/probe_00146_spk07.wav,번호는 구삼일사구일입니다.,931491,,female,spk07,probe_cont_6,probe,1,2.88,6,1,6,sentence,continuous,0.040885730336109795,0.014962505988636167,0.027195356786251068,0.06170393154025078,0.033757902681827545,0.040885730336109795
probe_00147_spk08.wav,/home/hye0n/projects/cnn-based-audio-pii-classification/src/cnn/data_probe/output/probe_00147_spk08.wav,번호는 구공오팔육오입니다.,905865,,male,spk08,probe_cont_6,probe,1,2.56,6,1,6,sentence,continuous,0.04444455603758494,0.009183601810002993,0.051269080489873886,0.05060189217329025,0.03146269544959068,0.04444455603758494
probe_00148_spk09.wav,/home/hye0n/projects/cnn-based-audio-pii-classification/src/cnn/data_probe/output/probe_00148_spk09.wav,번호는 일팔오공육칠입니다.,185067,,female,spk09,probe_cont_6,probe,1,2.4,6,1,6,sentence,continuous,0.02467758705218633,0.024084019486582776,0.00568540021777153,0.058659035712480545,0.009688325226306915,0.02467758705218633
probe_00149_spk10.wav,/home/hye0n/projects/cnn-based-audio-pii-classification/src/cnn/data_probe/output/probe_00149_spk10.wav,번호는 일육오칠이육입니다.,165726,,male,spk10,probe_cont_6,probe,1,3.44,6,1,6,sentence,continuous,0.01719808081785838,0.004300453868935252,0.02046699821949005,0.02000507339835167,0.011122170835733414,0.01719808081785838
probe_00150_spk11.wav,/home/hye0n/projects/cnn-based-audio-pii-classification/src/cnn/data_probe/output/probe_00150_spk11.wav,번호는 이팔사구팔칠입니다.,284987,,female,spk11,probe_cont_6,probe,1,3.04,6,1,6,sentence,continuous,0.003912237240001559,0.000995636459554502,0.0025044444482773542,0.004639101680368185,0.0045931655913591385,0.003912237240001559
probe_00151_spk12.wav,/home/hye0n/projects/cnn-based-audio-pii-classification/src/cnn/data_probe/output/probe_00151_spk12.wav,번호는 칠육구사오삼입니다.,769453,,male,spk12,probe_cont_6,probe,1,1.68,6,1,6,sentence,continuous,0.007641262219597896,0.003372097685548737,0.0029252837412059307,0.009385880082845688,0.01061262283474207,0.007641262219597896
probe_00152_spk13.wav,/home/hye0n/projects/cnn-based-audio-pii-classification/src/cnn/data_probe/output/probe_00152_spk13.wav,번호는 일사칠삼칠구입니다.,147379,,male,spk13,probe_cont_6,probe,1,1.92,6,1,6,sentence,continuous,0.011551440693438053,0.0067332555756464425,0.007159177679568529,0.021064409986138344,0.0064307344146072865,0.011551440693438053
probe_00153_spk14.wav,/home/hye0n/projects/cnn-based-audio-pii-classification/src/cnn/data_probe/output/probe_00153_spk14.wav,번호는 구육오공칠오입니다.,965075,,female,spk14,probe_cont_6,probe,1,2.4,6,1,6,sentence,continuous,0.017495325456062954,0.011618019622265831,0.006516510620713234,0.03357089310884476,0.012398572638630867,0.017495325456062954
probe_00154_spk01.wav,/home/hye0n/projects/cnn-based-audio-pii-classification/src/cnn/data_probe/output/probe_00154_spk01.wav,번호는 이칠삼오사오입니다.,273545,,female,spk01,probe_cont_6,probe,1,2.64,6,1,6,sentence,continuous,0.03293055792649587,0.01459550068245084,0.01489575207233429,0.050642918795347214,0.03325300291180611,0.03293055792649587
probe_00155_spk02.wav,/home/hye0n/projects/cnn-based-audio-pii-classification/src/cnn/data_probe/output/probe_00155_spk02.wav,번호는 사구사팔공팔입니다.,494808,,male,spk02,probe_cont_6,probe,1,2.4,6,1,6,sentence,continuous,0.032428265549242496,0.0129009973690433,0.014301213435828686,0.04328374192118645,0.03969984129071236,0.032428265549242496
probe_00156_spk03.wav,/home/hye0n/projects/cnn-based-audio-pii-classification/src/cnn/data_probe/output/probe_00156_spk03.wav,번호는 삼일삼육칠팔입니다.,313678,,female,spk03,probe_cont_6,probe,1,3.28,6,1,6,sentence,continuous,0.03422505004952351,0.018744535120927358,0.007929901592433453,0.050281278789043427,0.04446396976709366,0.03422505004952351
probe_00157_spk04.wav,/home/hye0n/projects/cnn-based-audio-pii-classification/src/cnn/data_probe/output/probe_00157_spk04.wav,번호는 삼칠칠칠공일입니다.,377701,,male,spk04,probe_cont_6,probe,1,2.56,6,1,6,sentence,continuous,0.2524930586417516,0.13082028007290278,0.1290440708398819,0.4335539638996124,0.1948811411857605,0.2524930586417516
probe_00158_spk05.wav,/home/hye0n/projects/cnn-based-audio-pii-classification/src/cnn/data_probe/output/probe_00158_spk05.wav,번호는 사삼육삼사구입니다.,436349,,female,spk05,probe_cont_6,probe,1,2.4,6,1,6,sentence,continuous,0.11979492505391438,0.05998427186533217,0.08327344805002213,0.20436407625675201,0.07174725085496902,0.11979492505391438
probe_00159_spk06.wav,/home/hye0n/projects/cnn-based-audio-pii-classification/src/cnn/data_probe/output/probe_00159_spk06.wav,번호는 오칠팔팔오육입니다.,578856,,male,spk06,probe_cont_6,probe,1,2.0,6,1,6,sentence,continuous,0.023460938440014917,0.015013018783751005,0.0071692136116325855,0.043397512286901474,0.019816089421510696,0.023460938440014917
probe_00160_spk07.wav,/home/hye0n/projects/cnn-based-audio-pii-classification/src/cnn/data_probe/output/probe_00160_spk07.wav,번호는 팔오오칠사사입니다.,855744,,female,spk07,probe_cont_6,probe,1,2.48,6,1,6,sentence,continuous,0.007513385110845168,0.005744327675170754,0.002541731111705303,0.015563198365271091,0.004435225855559111,0.007513385110845168
probe_00161_spk08.wav,/home/hye0n/projects/cnn-based-audio-pii-classification/src/cnn/data_probe/output/probe_00161_spk08.wav,번호는 사삼일삼오일입니다.,431351,,male,spk08,probe_cont_6,probe,1,2.24,6,1,6,sentence,continuous,0.15907301381230354,0.09000712615750413,0.05253070220351219,0.272663950920105,0.15202438831329346,0.15907301381230354
probe_00162_spk09.wav,/home/hye0n/projects/cnn-based-audio-pii-classification/src/cnn/data_probe/output/probe_00162_spk09.wav,번호는 팔이삼삼칠사입니다.,823374,,female,spk09,probe_cont_6,probe,1,2.32,6,1,6,sentence,continuous,0.026727325282990932,0.010049733944614827,0.012517065741121769,0.03361538052558899,0.03404952958226204,0.026727325282990932
probe_00163_spk10.wav,/home/hye0n/projects/cnn-based-audio-pii-classification/src/cnn/data_probe/output/probe_00163_spk10.wav,번호는 구팔구사일삼입니다.,989413,,male,spk10,probe_cont_6,probe,1,2.8,6,1,6,sentence,continuous,0.008673706868042549,0.0018250751704908304,0.007397154346108437,0.0073692635633051395,0.01125470269471407,0.008673706868042549
probe_00164_spk11.wav,/home/hye0n/projects/cnn-based-audio-pii-classification/src/cnn/data_probe/output/probe_00164_spk11.wav,번호는 사삼오이사공입니다.,435240,,female,spk11,probe_cont_6,probe,1,2.56,6,1,6,sentence,continuous,0.015921303536742926,0.006312350009909756,0.0072733876295387745,0.022163283079862595,0.018327239900827408,0.015921303536742926
probe_00165_spk12.wav,/home/hye0n/projects/cnn-based-audio-pii-classification/src/cnn/data_probe/output/probe_00165_spk12.wav,번호는 팔이사공공팔입니다.,824008,,male,spk12,probe_cont_6,probe,1,2.56,6,1,6,sentence,continuous,0.004581937061933179,0.0022436595759939325,0.001755120581947267,0.0072434814646840096,0.0047472091391682625,0.004581937061933179
probe_00166_spk13.wav,/home/hye0n/projects/cnn-based-audio-pii-classification/src/cnn/data_probe/output/probe_00166_spk13.wav,번호는 사이칠일공구입니다.,427109,,male,spk13,probe_cont_6,probe,1,2.32,6,1,6,sentence,continuous,0.009835952737679085,0.004212210812826733,0.0039643109776079655,0.013641800731420517,0.01190174650400877,0.009835952737679085
probe_00167_spk14.wav,/home/hye0n/projects/cnn-based-audio-pii-classification/src/cnn/data_probe/output/probe_00167_spk14.wav,번호는 사칠칠칠오이입니다.,477752,,female,spk14,probe_cont_6,probe,1,2.56,6,1,6,sentence,continuous,0.07020880406101544,0.02269975656649841,0.03850251063704491,0.09041529893875122,0.08170860260725021,0.07020880406101544
probe_00168_spk01.wav,/home/hye0n/projects/cnn-based-audio-pii-classification/src/cnn/data_probe/output/probe_00168_spk01.wav,번호는 공사칠일일육입니다.,047116,,female,spk01,probe_cont_6,probe,1,3.12,6,1,6,sentence,continuous,0.11035509904225667,0.017852362370398098,0.11581101268529892,0.08627919107675552,0.12897509336471558,0.11035509904225667
probe_00169_spk02.wav,/home/hye0n/projects/cnn-based-audio-pii-classification/src/cnn/data_probe/output/probe_00169_spk02.wav,번호는 칠일구공이이입니다.,719022,,male,spk02,probe_cont_6,probe,1,2.0,6,1,6,sentence,continuous,0.007277698644126455,0.00344106785095495,0.00365572446025908,0.011903361417353153,0.006274010054767132,0.007277698644126455
probe_00170_spk03.wav,/home/hye0n/projects/cnn-based-audio-pii-classification/src/cnn/data_probe/output/probe_00170_spk03.wav,번호는 구사일삼일팔입니다.,941318,,female,spk03,probe_cont_6,probe,1,2.32,6,1,6,sentence,continuous,0.035495058788607516,0.03265052003275208,0.0059329136274755,0.08099492639303207,0.01955733634531498,0.035495058788607516
probe_00171_spk04.wav,/home/hye0n/projects/cnn-based-audio-pii-classification/src/cnn/data_probe/output/probe_00171_spk04.wav,번호는 육구구구삼팔입니다.,699938,,male,spk04,probe_cont_6,probe,1,2.32,6,1,6,sentence,continuous,0.02704300358891487,0.011458475055041308,0.012413498014211655,0.04039333015680313,0.028322182595729828,0.02704300358891487
probe_00172_spk05.wav,/home/hye0n/projects/cnn-based-audio-pii-classification/src/cnn/data_probe/output/probe_00172_spk05.wav,번호는 육칠칠사구육입니다.,677496,,female,spk05,probe_cont_6,probe,1,3.12,6,1,6,sentence,continuous,0.03173941560089588,0.013155744987374325,0.013137372210621834,0.04075160250067711,0.0413292720913887,0.03173941560089588
probe_00173_spk06.wav,/home/hye0n/projects/cnn-based-audio-pii-classification/src/cnn/data_probe/output/probe_00173_spk06.wav,번호는 사구구공구일입니다.,499091,,male,spk06,probe_cont_6,probe,1,2.4,6,1,6,sentence,continuous,0.008641390285144249,0.003559994767052834,0.008055922575294971,0.013264628127217293,0.0046036201529204845,0.008641390285144249
probe_00174_spk07.wav,/home/hye0n/projects/cnn-based-audio-pii-classification/src/cnn/data_probe/output/probe_00174_spk07.wav,번호는 삼삼사일이삼입니다.,334123,,female,spk07,probe_cont_6,probe,1,2.88,6,1,6,sentence,continuous,0.04367719156046709,0.019778914686216995,0.021695749834179878,0.06964857876300812,0.03968724608421326,0.04367719156046709
probe_00175_spk08.wav,/home/hye0n/projects/cnn-based-audio-pii-classification/src/cnn/data_probe/output/probe_00175_spk08.wav,번호는 이팔일이공육입니다.,281206,,male,spk08,probe_cont_6,probe,1,2.16,6,1,6,sentence,continuous,0.023291404048601787,0.005564182355103742,0.019159400835633278,0.031156983226537704,0.019557828083634377,0.023291404048601787
probe_00176_spk09.wav,/home/hye0n/projects/cnn-based-audio-pii-classification/src/cnn/data_probe/output/probe_00176_spk09.wav,번호는 칠구칠사공삼입니다.,797403,,female,spk09,probe_cont_6,probe,1,2.56,6,1,6,sentence,continuous,0.03970217611640692,0.02903697483929282,0.011826192028820515,0.07975368946790695,0.027526646852493286,0.03970217611640692
probe_00177_spk10.wav,/home/hye0n/projects/cnn-based-audio-pii-classification/src/cnn/data_probe/output/probe_00177_spk10.wav,번호는 사사칠일삼사입니다.,447134,,male,spk10,probe_cont_6,probe,1,2.4,6,1,6,sentence,continuous,0.007673738524317741,0.001956132109289164,0.008446129970252514,0.004987056367099285,0.009588029235601425,0.007673738524317741
probe_00178_spk11.wav,/home/hye0n/projects/cnn-based-audio-pii-classification/src/cnn/data_probe/output/probe_00178_spk11.wav,번호는 구삼육일팔삼입니다.,936183,,female,spk11,probe_cont_6,probe,1,2.96,6,1,6,sentence,continuous,0.010067700874060392,0.00596892487193014,0.00475331349298358,0.01840468868613243,0.0070451004430651665,0.010067700874060392
probe_00179_spk12.wav,/home/hye0n/projects/cnn-based-audio-pii-classification/src/cnn/data_probe/output/probe_00179_spk12.wav,번호는 이사이일공이입니다.,242102,,male,spk12,probe_cont_6,probe,1,1.92,6,1,6,sentence,continuous,0.024320158486564953,0.007040784554057706,0.014540150761604309,0.027590731158852577,0.030829593539237976,0.024320158486564953
probe_00180_spk13.wav,/home/hye0n/projects/cnn-based-audio-pii-classification/src/cnn/data_probe/output/probe_00180_spk13.wav,번호는 사구구사칠일입니다.,499471,,male,spk13,probe_cont_6,probe,1,1.92,6,1,6,sentence,continuous,0.006844774587079883,0.003605401214471767,0.001964701572433114,0.00800534151494503,0.010564280673861504,0.006844774587079883
probe_00181_spk14.wav,/home/hye0n/projects/cnn-based-audio-pii-classification/src/cnn/data_probe/output/probe_00181_spk14.wav,번호는 칠사육사팔팔입니다.,746488,,female,spk14,probe_cont_6,probe,1,2.8,6,1,6,sentence,continuous,0.025977765830854576,0.021596005431114305,0.00996471382677555,0.05650689825415611,0.011461685411632061,0.025977765830854576
probe_00182_spk01.wav,/home/hye0n/projects/cnn-based-audio-pii-classification/src/cnn/data_probe/output/probe_00182_spk01.wav,번호는 칠칠일구공육입니다.,771906,,female,spk01,probe_cont_6,probe,1,2.72,6,1,6,sentence,continuous,0.07723130782445271,0.009352133713485998,0.0748579129576683,0.08968605101108551,0.06714995950460434,0.07723130782445271
probe_00183_spk02.wav,/home/hye0n/projects/cnn-based-audio-pii-classification/src/cnn/data_probe/output/probe_00183_spk02.wav,번호는 오구사공일삼입니다.,594013,,male,spk02,probe_cont_6,probe,1,2.72,6,1,6,sentence,continuous,0.030972149223089218,0.007375641274798334,0.022194387391209602,0.04024091735482216,0.030481142923235893,0.030972149223089218
probe_00184_spk03.wav,/home/hye0n/projects/cnn-based-audio-pii-classification/src/cnn/data_probe/output/probe_00184_spk03.wav,번호는 구구공사구공입니다.,990490,,female,spk03,probe_cont_6,probe,1,3.12,6,1,6,sentence,continuous,0.019527495528260868,0.008894388037151937,0.01500068698078394,0.03195437416434288,0.01162742543965578,0.019527495528260868
probe_00185_spk04.wav,/home/hye0n/projects/cnn-based-audio-pii-classification/src/cnn/data_probe/output/probe_00185_spk04.wav,번호는 이칠팔칠사이입니다.,278742,,male,spk04,probe_cont_6,probe,1,2.4,6,1,6,sentence,continuous,0.04546157891551653,0.011007582037087018,0.03931812942028046,0.06092054769396782,0.03614605963230133,0.04546157891551653
probe_00186_spk05.wav,/home/hye0n/projects/cnn-based-audio-pii-classification/src/cnn/data_probe/output/probe_00186_spk05.wav,번호는 구육칠일칠오입니다.,967175,,female,spk05,probe_cont_6,probe,1,2.48,6,1,6,sentence,continuous,0.0126901149439315,0.009026231435720507,0.005945728160440922,0.025448160246014595,0.0066764564253389835,0.0126901149439315
probe_00187_spk06.wav,/home/hye0n/projects/cnn-based-audio-pii-classification/src/cnn/data_probe/output/probe_00187_spk06.wav,번호는 육오오일이오입니다.,655125,,male,spk06,probe_cont_6,probe,1,3.12,6,1,6,sentence,continuous,0.004470851272344589,0.0019157895694792005,0.004264011513441801,0.006913776975125074,0.0022347653284668922,0.004470851272344589
probe_00188_spk07.wav,/home/hye0n/projects/cnn-based-audio-pii-classification/src/cnn/data_probe/output/probe_00188_spk07.wav,번호는 육칠사육팔공입니다.,674680,,female,spk07,probe_cont_6,probe,1,3.76,6,1,6,sentence,continuous,0.07689352706074715,0.015525947618043498,0.055022355169057846,0.08950883150100708,0.08614939451217651,0.07689352706074715
probe_00189_spk08.wav,/home/hye0n/projects/cnn-based-audio-pii-classification/src/cnn/data_probe/output/probe_00189_spk08.wav,번호는 칠일오사오일입니다.,715451,,male,spk08,probe_cont_6,probe,1,2.32,6,1,6,sentence,continuous,0.018054595217108727,0.008853196520551025,0.030491778627038002,0.010588612407445908,0.01308339461684227,0.018054595217108727
probe_00190_spk09.wav,/home/hye0n/projects/cnn-based-audio-pii-classification/src/cnn/data_probe/output/probe_00190_spk09.wav,번호는 육팔공팔칠육입니다.,680876,,female,spk09,probe_cont_6,probe,1,2.4,6,1,6,sentence,continuous,0.03717603534460068,0.004735474789789872,0.032827116549015045,0.04376096650958061,0.034940022975206375,0.03717603534460068
probe_00191_spk10.wav,/home/hye0n/projects/cnn-based-audio-pii-classification/src/cnn/data_probe/output/probe_00191_spk10.wav,번호는 공삼팔오구칠입니다.,038597,,male,spk10,probe_cont_6,probe,1,3.04,6,1,6,sentence,continuous,0.04684786995251974,0.0057859304489244825,0.03897837549448013,0.04884128272533417,0.052723951637744904,0.04684786995251974
probe_00192_spk11.wav,/home/hye0n/projects/cnn-based-audio-pii-classification/src/cnn/data_probe/output/probe_00192_spk11.wav,번호는 칠공삼사팔이입니다.,703482,,female,spk11,probe_cont_6,probe,1,2.96,6,1,6,sentence,continuous,0.03778450315197309,0.004067833407263374,0.034894414246082306,0.04353726655244827,0.03492182865738869,0.03778450315197309
probe_00193_spk12.wav,/home/hye0n/projects/cnn-based-audio-pii-classification/src/cnn/data_probe/output/probe_00193_spk12.wav,번호는 사칠칠일공구입니다.,477109,,male,spk12,probe_cont_6,probe,1,2.0,6,1,6,sentence,continuous,0.017384844832122326,0.005402517029123472,0.010353821329772472,0.02348962612450123,0.018311087042093277,0.017384844832122326
probe_00194_spk13.wav,/home/hye0n/projects/cnn-based-audio-pii-classification/src/cnn/data_probe/output/probe_00194_spk13.wav,번호는 삼이사팔공팔입니다.,324808,,male,spk13,probe_cont_6,probe,1,2.08,6,1,6,sentence,continuous,0.021540538718303043,0.008752615292551095,0.00917024165391922,0.02810545638203621,0.027345918118953705,0.021540538718303043
probe_00195_spk14.wav,/home/hye0n/projects/cnn-based-audio-pii-classification/src/cnn/data_probe/output/probe_00195_spk14.wav,번호는 육일삼일칠일입니다.,613171,,female,spk14,probe_cont_6,probe,1,2.4,6,1,6,sentence,continuous,0.01260477676987648,0.002600705544695811,0.014889931306242943,0.008966391906142235,0.013958007097244263,0.01260477676987648
probe_00196_spk01.wav,/home/hye0n/projects/cnn-based-audio-pii-classification/src/cnn/data_probe/output/probe_00196_spk01.wav,번호는 이칠사팔사육입니다.,274846,,female,spk01,probe_cont_6,probe,1,2.72,6,1,6,sentence,continuous,0.12806250403324762,0.09023499040355883,0.0351845845580101,0.25028932094573975,0.09871360659599304,0.12806250403324762
probe_00197_spk02.wav,/home/hye0n/projects/cnn-based-audio-pii-classification/src/cnn/data_probe/output/probe_00197_spk02.wav,번호는 칠칠삼칠팔이입니다.,773782,,male,spk02,probe_cont_6,probe,1,2.4,6,1,6,sentence,continuous,0.01387506645793716,0.0076986148735773835,0.009932446293532848,0.024635279551148415,0.00705747352913022,0.01387506645793716
probe_00198_spk03.wav,/home/hye0n/projects/cnn-based-audio-pii-classification/src/cnn/data_probe/output/probe_00198_spk03.wav,번호는 육삼구팔이일입니다.,639821,,female,spk03,probe_cont_6,probe,1,2.24,6,1,6,sentence,continuous,0.014037146233022213,0.0021117437164489133,0.0133146271109581,0.01690792106091976,0.011888890527188778,0.014037146233022213
probe_00199_spk04.wav,/home/hye0n/projects/cnn-based-audio-pii-classification/src/cnn/data_probe/output/probe_00199_spk04.wav,번호는 사육오팔사공입니다.,465840,,male,spk04,probe_cont_6,probe,1,2.16,6,1,6,sentence,continuous,0.04033889248967171,0.035589565807859255,0.010797914117574692,0.09039994329214096,0.01981882005929947,0.04033889248967171
probe_00200_spk05.wav,/home/hye0n/projects/cnn-based-audio-pii-classification/src/cnn/data_probe/output/probe_00200_spk05.wav,번호는 사사구구칠이칠팔입니다.,44997278,,female,spk05,probe_cont_8,probe,1,2.8,8,1,8,sentence,continuous,0.013885958275447289,0.008919770741854354,0.004270690958946943,0.02576490305364132,0.011622280813753605,0.013885958275447289
probe_00201_spk06.wav,/home/hye0n/projects/cnn-based-audio-pii-classification/src/cnn/data_probe/output/probe_00201_spk06.wav,번호는 칠오오팔팔육칠오입니다.,75588675,,male,spk06,probe_cont_8,probe,1,10.8,8,1,8,sentence,continuous,0.7551072239875793,0.15854253249932393,0.9355672001838684,0.7801128625869751,0.5496416091918945,0.7551072239875793
probe_00202_spk07.wav,/home/hye0n/projects/cnn-based-audio-pii-classification/src/cnn/data_probe/output/probe_00202_spk07.wav,번호는 삼삼구육삼육공오입니다.,33963605,,female,spk07,probe_cont_8,probe,1,3.36,8,1,8,sentence,continuous,0.2855752209822337,0.115216091759567,0.2561338543891907,0.43908360600471497,0.1615082025527954,0.2855752209822337
probe_00203_spk08.wav,/home/hye0n/projects/cnn-based-audio-pii-classification/src/cnn/data_probe/output/probe_00203_spk08.wav,번호는 칠육육이칠공이팔입니다.,76627028,,male,spk08,probe_cont_8,probe,1,3.04,8,1,8,sentence,continuous,0.40576953689257306,0.11732316802017981,0.23999673128128052,0.49470749497413635,0.48260438442230225,0.40576953689257306
probe_00204_spk09.wav,/home/hye0n/projects/cnn-based-audio-pii-classification/src/cnn/data_probe/output/probe_00204_spk09.wav,번호는 구오일칠일팔칠공입니다.,95171870,,female,spk09,probe_cont_8,probe,1,2.48,8,1,8,sentence,continuous,0.20497024556001028,0.022153831895972833,0.17370104789733887,0.22229787707328796,0.218911811709404,0.20497024556001028
probe_00205_spk10.wav,/home/hye0n/projects/cnn-based-audio-pii-classification/src/cnn/data_probe/output/probe_00205_spk10.wav,번호는 이육이일칠사오구입니다.,26217459,,male,spk10,probe_cont_8,probe,1,2.72,8,1,8,sentence,continuous,0.01327786191056172,0.007303113625993546,0.007359817624092102,0.023567352443933487,0.008906415663659573,0.01327786191056172
probe_00206_spk11.wav,/home/hye0n/projects/cnn-based-audio-pii-classification/src/cnn/data_probe/output/probe_00206_spk11.wav,번호는 육일오팔육오칠팔입니다.,61586578,,female,spk11,probe_cont_8,probe,1,3.04,8,1,8,sentence,continuous,0.02719799770663182,0.008419127804121341,0.03070218488574028,0.03530050069093704,0.015591307543218136,0.02719799770663182
probe_00207_spk12.wav,/home/hye0n/projects/cnn-based-audio-pii-classification/src/cnn/data_probe/output/probe_00207_spk12.wav,번호는 공구일삼사삼일육입니다.,09134316,,male,spk12,probe_cont_8,probe,1,2.4,8,1,8,sentence,continuous,0.04943263282378515,0.014370069430977496,0.038297973573207855,0.06972283124923706,0.04027709364891052,0.04943263282378515
probe_00208_spk13.wav,/home/hye0n/projects/cnn-based-audio-pii-classification/src/cnn/data_probe/output/probe_00208_spk13.wav,번호는 일일칠이사공공오입니다.,11724005,,male,spk13,probe_cont_8,probe,1,2.48,8,1,8,sentence,continuous,0.01251637190580368,0.004338818587679453,0.010271959938108921,0.008692874573171139,0.01858428120613098,0.01251637190580368
probe_00209_spk14.wav,/home/hye0n/projects/cnn-based-audio-pii-classification/src/cnn/data_probe/output/probe_00209_spk14.wav,번호는 공사오오육이삼팔입니다.,04556238,,female,spk14,probe_cont_8,probe,1,3.04,8,1,8,sentence,continuous,0.04675201761225859,0.01782494396498078,0.06512205302715302,0.05251689255237579,0.02261710725724697,0.04675201761225859
probe_00210_spk01.wav,/home/hye0n/projects/cnn-based-audio-pii-classification/src/cnn/data_probe/output/probe_00210_spk01.wav,번호는 육구이이이일구육입니다.,69222196,,female,spk01,probe_cont_8,probe,1,2.96,8,1,8,sentence,continuous,0.15418546398480734,0.017231856355263222,0.17849840223789215,0.1405916064977646,0.14346638321876526,0.15418546398480734
probe_00211_spk02.wav,/home/hye0n/projects/cnn-based-audio-pii-classification/src/cnn/data_probe/output/probe_00211_spk02.wav,번호는 구삼칠구이삼칠사입니다.,93792374,,male,spk02,probe_cont_8,probe,1,3.36,8,1,8,sentence,continuous,0.051773096124331154,0.00841087990650848,0.04316207394003868,0.048972126096487045,0.06318508833646774,0.051773096124331154
probe_00212_spk03.wav,/home/hye0n/projects/cnn-based-audio-pii-classification/src/cnn/data_probe/output/probe_00212_spk03.wav,번호는 칠사공칠사팔이일입니다.,74074821,,female,spk03,probe_cont_8,probe,1,2.56,8,1,8,sentence,continuous,0.11280480896433194,0.08770455510635052,0.02797454223036766,0.23358449339866638,0.07685539126396179,0.11280480896433194
probe_00213_spk04.wav,/home/hye0n/projects/cnn-based-audio-pii-classification/src/cnn/data_probe/output/probe_00213_spk04.wav,번호는 칠오구사육사칠사입니다.,75946474,,male,spk04,probe_cont_8,probe,1,2.72,8,1,8,sentence,continuous,0.41553906599680585,0.18519840914046404,0.17642539739608765,0.6276494860649109,0.44254231452941895,0.41553906599680585
probe_00214_spk05.wav,/home/hye0n/projects/cnn-based-audio-pii-classification/src/cnn/data_probe/output/probe_00214_spk05.wav,번호는 삼육칠일삼육구오입니다.,36713695,,female,spk05,probe_cont_8,probe,1,2.8,8,1,8,sentence,continuous,0.25967470308144885,0.07761861848169693,0.17217563092708588,0.3608255386352539,0.24602293968200684,0.25967470308144885
probe_00215_spk06.wav,/home/hye0n/projects/cnn-based-audio-pii-classification/src/cnn/data_probe/output/probe_00215_spk06.wav,번호는 구사사공육사공구입니다.,94406409,,male,spk06,probe_cont_8,probe,1,2.64,8,1,8,sentence,continuous,0.08325256655613582,0.03355252530062763,0.05603868514299393,0.1305227130651474,0.06319630146026611,0.08325256655613582
probe_00216_spk07.wav,/home/hye0n/projects/cnn-based-audio-pii-classification/src/cnn/data_probe/output/probe_00216_spk07.wav,번호는 공구칠사삼구오삼입니다.,09743953,,female,spk07,probe_cont_8,probe,1,3.2,8,1,8,sentence,continuous,0.07739194979270299,0.014372526727488252,0.05958615243434906,0.0947842225432396,0.07780547440052032,0.07739194979270299
probe_00217_spk08.wav,/home/hye0n/projects/cnn-based-audio-pii-classification/src/cnn/data_probe/output/probe_00217_spk08.wav,번호는 삼구사이일공사칠입니다.,39421047,,male,spk08,probe_cont_8,probe,1,3.04,8,1,8,sentence,continuous,0.14221674452225366,0.05180964028104091,0.15388305485248566,0.1990276724100113,0.07373950630426407,0.14221674452225366
probe_00218_spk09.wav,/home/hye0n/projects/cnn-based-audio-pii-classification/src/cnn/data_probe/output/probe_00218_spk09.wav,번호는 공구오이일사오육입니다.,09521456,,female,spk09,probe_cont_8,probe,1,2.48,8,1,8,sentence,continuous,0.18411470452944437,0.031929973416152176,0.2171238660812378,0.1942949742078781,0.14092527329921722,0.18411470452944437
probe_00219_spk10.wav,/home/hye0n/projects/cnn-based-audio-pii-classification/src/cnn/data_probe/output/probe_00219_spk10.wav,번호는 이삼이팔오팔팔사입니다.,23285884,,male,spk10,probe_cont_8,probe,1,2.64,8,1,8,sentence,continuous,0.021297605087359745,0.00638610202225121,0.020115625113248825,0.02964266762137413,0.014134522527456284,0.021297605087359745
probe_00220_spk11.wav,/home/hye0n/projects/cnn-based-audio-pii-classification/src/cnn/data_probe/output/probe_00220_spk11.wav,번호는 이사칠사오일칠일입니다.,24745171,,female,spk11,probe_cont_8,probe,1,2.8,8,1,8,sentence,continuous,0.17784509311119714,0.07855503228853565,0.10620037466287613,0.28719714283943176,0.14013776183128357,0.17784509311119714
probe_00221_spk12.wav,/home/hye0n/projects/cnn-based-audio-pii-classification/src/cnn/data_probe/output/probe_00221_spk12.wav,번호는 이삼육팔오일육공입니다.,23685160,,male,spk12,probe_cont_8,probe,1,2.24,8,1,8,sentence,continuous,0.06258212526639302,0.020490522524856985,0.03936236724257469,0.08920614421367645,0.05917786434292793,0.06258212526639302
probe_00222_spk13.wav,/home/hye0n/projects/cnn-based-audio-pii-classification/src/cnn/data_probe/output/probe_00222_spk13.wav,번호는 사팔일칠오사구육입니다.,48175496,,male,spk13,probe_cont_8,probe,1,2.24,8,1,8,sentence,continuous,0.017627832479774952,0.008831382616840031,0.008534763008356094,0.01475971657782793,0.02958901785314083,0.017627832479774952
probe_00223_spk14.wav,/home/hye0n/projects/cnn-based-audio-pii-classification/src/cnn/data_probe/output/probe_00223_spk14.wav,번호는 오일삼칠공구팔오입니다.,51370985,,female,spk14,probe_cont_8,probe,1,2.56,8,1,8,sentence,continuous,0.0362464419255654,0.005558946521158538,0.028461704030632973,0.03918948397040367,0.04108813777565956,0.0362464419255654
probe_00224_spk01.wav,/home/hye0n/projects/cnn-based-audio-pii-classification/src/cnn/data_probe/output/probe_00224_spk01.wav,번호는 구삼일칠사육일이입니다.,93174612,,female,spk01,probe_cont_8,probe,1,2.72,8,1,8,sentence,continuous,0.20827892422676086,0.06592002869327926,0.12449994683265686,0.21475672721862793,0.2855800986289978,0.20827892422676086
probe_00225_spk02.wav,/home/hye0n/projects/cnn-based-audio-pii-classification/src/cnn/data_probe/output/probe_00225_spk02.wav,번호는 공공사칠일일삼팔입니다.,00471138,,male,spk02,probe_cont_8,probe,1,3.04,8,1,8,sentence,continuous,0.4659749964872996,0.08884716211710307,0.5321511030197144,0.5253870487213135,0.34038683772087097,0.4659749964872996
probe_00226_spk03.wav,/home/hye0n/projects/cnn-based-audio-pii-classification/src/cnn/data_probe/output/probe_00226_spk03.wav,번호는 이육칠오팔육구이입니다.,26758692,,female,spk03,probe_cont_8,probe,1,3.52,8,1,8,sentence,continuous,0.15830239405234656,0.09010051080726075,0.11607551574707031,0.2835302948951721,0.07530137151479721,0.15830239405234656
probe_00227_spk04.wav,/home/hye0n/projects/cnn-based-audio-pii-classification/src/cnn/data_probe/output/probe_00227_spk04.wav,번호는 육일칠구육사공오입니다.,61796405,,male,spk04,probe_cont_8,probe,1,2.56,8,1,8,sentence,continuous,0.07598238562544186,0.0353568693050874,0.03744591400027275,0.12284351140260696,0.06765773147344589,0.07598238562544186
probe_00228_spk05.wav,/home/hye0n/projects/cnn-based-audio-pii-classification/src/cnn/data_probe/output/probe_00228_spk05.wav,번호는 삼칠칠삼오일오팔입니다.,37735158,,female,spk05,probe_cont_8,probe,1,2.72,8,1,8,sentence,continuous,0.2836543222268422,0.21264757546088078,0.12595658004283905,0.5842621922492981,0.1407441943883896,0.2836543222268422
probe_00229_spk06.wav,/home/hye0n/projects/cnn-based-audio-pii-classification/src/cnn/data_probe/output/probe_00229_spk06.wav,번호는 오공육사삼일칠일입니다.,50643171,,male,spk06,probe_cont_8,probe,1,2.48,8,1,8,sentence,continuous,0.14309226224819818,0.037243958615652516,0.14996424317359924,0.09443182498216629,0.18488071858882904,0.14309226224819818
probe_00230_spk07.wav,/home/hye0n/projects/cnn-based-audio-pii-classification/src/cnn/data_probe/output/probe_00230_spk07.wav,번호는 삼구공공오삼이구입니다.,39005329,,female,spk07,probe_cont_8,probe,1,2.88,8,1,8,sentence,continuous,0.08338286851843198,0.03067957684356695,0.052529383450746536,0.1252274364233017,0.07239178568124771,0.08338286851843198
probe_00231_spk08.wav,/home/hye0n/projects/cnn-based-audio-pii-classification/src/cnn/data_probe/output/probe_00231_spk08.wav,번호는 삼일팔삼구삼삼오입니다.,31839335,,male,spk08,probe_cont_8,probe,1,3.2,8,1,8,sentence,continuous,0.6947154601414999,0.07616626495797331,0.5919580459594727,0.7740697860717773,0.7181185483932495,0.6947154601414999
probe_00232_spk09.wav,/home/hye0n/projects/cnn-based-audio-pii-classification/src/cnn/data_probe/output/probe_00232_spk09.wav,번호는 이구공사이이팔사입니다.,29042284,,female,spk09,probe_cont_8,probe,1,2.72,8,1,8,sentence,continuous,0.020048492898543675,0.010420196601634919,0.018421264365315437,0.033546146005392075,0.008178068324923515,0.020048492898543675
probe_00233_spk10.wav,/home/hye0n/projects/cnn-based-audio-pii-classification/src/cnn/data_probe/output/probe_00233_spk10.wav,번호는 이일공이공오삼구입니다.,21020539,,male,spk10,probe_cont_8,probe,1,2.24,8,1,8,sentence,continuous,0.052357797821362816,0.008303688413317146,0.044627297669649124,0.06387852877378464,0.04856756702065468,0.052357797821362816
probe_00234_spk11.wav,/home/hye0n/projects/cnn-based-audio-pii-classification/src/cnn/data_probe/output/probe_00234_spk11.wav,번호는 오공이사공이육팔입니다.,50240268,,female,spk11,probe_cont_8,probe,1,3.68,8,1,8,sentence,continuous,0.393231322367986,0.06414799194408348,0.4834001362323761,0.33950769901275635,0.3567861318588257,0.393231322367986
probe_00235_spk12.wav,/home/hye0n/projects/cnn-based-audio-pii-classification/src/cnn/data_probe/output/probe_00235_spk12.wav,번호는 일일칠칠오팔구일입니다.,11775891,,male,spk12,probe_cont_8,probe,1,2.64,8,1,8,sentence,continuous,0.016880998698373634,0.007547948828368399,0.011662147007882595,0.02755454182624817,0.011426307260990143,0.016880998698373634
probe_00236_spk13.wav,/home/hye0n/projects/cnn-based-audio-pii-classification/src/cnn/data_probe/output/probe_00236_spk13.wav,번호는 칠팔삼구공팔사칠입니다.,78390847,,male,spk13,probe_cont_8,probe,1,2.48,8,1,8,sentence,continuous,0.04008610794941584,0.022693113312815177,0.01802745647728443,0.07130275666713715,0.03092811070382595,0.04008610794941584
probe_00237_spk14.wav,/home/hye0n/projects/cnn-based-audio-pii-classification/src/cnn/data_probe/output/probe_00237_spk14.wav,번호는 공공칠육육일칠칠입니다.,00766177,,female,spk14,probe_cont_8,probe,1,2.64,8,1,8,sentence,continuous,0.10337173193693161,0.01977927625077587,0.11742953211069107,0.0753997340798378,0.11728592962026596,0.10337173193693161
probe_00238_spk01.wav,/home/hye0n/projects/cnn-based-audio-pii-classification/src/cnn/data_probe/output/probe_00238_spk01.wav,번호는 일일오구이일이사입니다.,11592124,,female,spk01,probe_cont_8,probe,1,2.72,8,1,8,sentence,continuous,0.291694055000941,0.05098277380535655,0.22594499588012695,0.35019397735595703,0.2989431917667389,0.291694055000941
probe_00239_spk02.wav,/home/hye0n/projects/cnn-based-audio-pii-classification/src/cnn/data_probe/output/probe_00239_spk02.wav,번호는 구구팔오육구팔사입니다.,99856984,,male,spk02,probe_cont_8,probe,1,2.96,8,1,8,sentence,continuous,0.03178764569262663,0.003558337261812252,0.02877991832792759,0.03678547963500023,0.029797539114952087,0.03178764569262663
probe_00240_spk03.wav,/home/hye0n/projects/cnn-based-audio-pii-classification/src/cnn/data_probe/output/probe_00240_spk03.wav,번호는 칠팔구육일일팔삼입니다.,78961183,,female,spk03,probe_cont_8,probe,1,3.6,8,1,8,sentence,continuous,0.21710925300916037,0.051150111070396104,0.16167473793029785,0.28507277369499207,0.20458024740219116,0.21710925300916037
probe_00241_spk04.wav,/home/hye0n/projects/cnn-based-audio-pii-classification/src/cnn/data_probe/output/probe_00241_spk04.wav,번호는 육칠삼육오칠육육입니다.,67365766,,male,spk04,probe_cont_8,probe,1,2.8,8,1,8,sentence,continuous,0.17654337485631308,0.05151148943615725,0.10780899226665497,0.19000987708568573,0.2318112552165985,0.17654337485631308
probe_00242_spk05.wav,/home/hye0n/projects/cnn-based-audio-pii-classification/src/cnn/data_probe/output/probe_00242_spk05.wav,번호는 일오육오사오이칠입니다.,15654527,,female,spk05,probe_cont_8,probe,1,2.16,8,1,8,sentence,continuous,0.10417263954877853,0.05806571740590731,0.038781918585300446,0.17988522350788116,0.09385077655315399,0.10417263954877853
probe_00243_spk06.wav,/home/hye0n/projects/cnn-based-audio-pii-classification/src/cnn/data_probe/output/probe_00243_spk06.wav,번호는 일일일일육일오이입니다.,11116152,,male,spk06,probe_cont_8,probe,1,3.04,8,1,8,sentence,continuous,0.012379237450659275,0.004379939234883463,0.012959633953869343,0.017429746687412262,0.00674833171069622,0.012379237450659275
probe_00244_spk07.wav,/home/hye0n/projects/cnn-based-audio-pii-classification/src/cnn/data_probe/output/probe_00244_spk07.wav,번호는 팔공구팔팔오일육입니다.,80988516,,female,spk07,probe_cont_8,probe,1,2.96,8,1,8,sentence,continuous,0.13259902596473694,0.09823923178593652,0.06813864409923553,0.27141281962394714,0.05824561417102814,0.13259902596473694
probe_00245_spk08.wav,/home/hye0n/projects/cnn-based-audio-pii-classification/src/cnn/data_probe/output/probe_00245_spk08.wav,번호는 오육공사구사오일입니다.,56049451,,male,spk08,probe_cont_8,probe,1,2.96,8,1,8,sentence,continuous,0.12617803116639456,0.0341623740983348,0.12749965488910675,0.16734175384044647,0.08369268476963043,0.12617803116639456
probe_00246_spk09.wav,/home/hye0n/projects/cnn-based-audio-pii-classification/src/cnn/data_probe/output/probe_00246_spk09.wav,번호는 구팔삼이칠삼일오입니다.,98327315,,female,spk09,probe_cont_8,probe,1,2.32,8,1,8,sentence,continuous,0.02654377371072769,0.0008332660931133105,0.02717076987028122,0.02536618337035179,0.027094367891550064,0.02654377371072769
probe_00247_spk10.wav,/home/hye0n/projects/cnn-based-audio-pii-classification/src/cnn/data_probe/output/probe_00247_spk10.wav,번호는 팔오일사구삼육팔입니다.,85149368,,male,spk10,probe_cont_8,probe,1,3.68,8,1,8,sentence,continuous,0.029421526938676834,0.011347953368879258,0.020232632756233215,0.04541058838367462,0.022621359676122665,0.029421526938676834
probe_00248_spk11.wav,/home/hye0n/projects/cnn-based-audio-pii-classification/src/cnn/data_probe/output/probe_00248_spk11.wav,번호는 구구팔공구사공이입니다.,99809402,,female,spk11,probe_cont_8,probe,1,3.44,8,1,8,sentence,continuous,0.005500824268286427,0.002634251692045599,0.006045756861567497,0.008419942110776901,0.002036773832514882,0.005500824268286427
probe_00249_spk12.wav,/home/hye0n/projects/cnn-based-audio-pii-classification/src/cnn/data_probe/output/probe_00249_spk12.wav,번호는 사사오오공이이구입니다.,44550229,,male,spk12,probe_cont_8,probe,1,2.08,8,1,8,sentence,continuous,0.04061441061397394,0.016543867217338942,0.017707297578454018,0.04794517159461975,0.05619076266884804,0.04061441061397394
probe_00250_spk13.wav,/home/hye0n/projects/cnn-based-audio-pii-classification/src/cnn/data_probe/output/probe_00250_spk13.wav,번호는 육일이공일팔삼육입니다.,61201836,,male,spk13,probe_cont_8,probe,1,2.8,8,1,8,sentence,continuous,0.06211807765066624,0.027142431651922306,0.023933393880724907,0.08460377156734467,0.07781706750392914,0.06211807765066624
probe_00251_spk14.wav,/home/hye0n/projects/cnn-based-audio-pii-classification/src/cnn/data_probe/output/probe_00251_spk14.wav,번호는 육칠오이오사오구입니다.,67525459,,female,spk14,probe_cont_8,probe,1,2.56,8,1,8,sentence,continuous,0.08761350065469742,0.03594902186508801,0.03712892532348633,0.1076616570353508,0.11804991960525513,0.08761350065469742
probe_00252_spk01.wav,/home/hye0n/projects/cnn-based-audio-pii-classification/src/cnn/data_probe/output/probe_00252_spk01.wav,번호는 구일공이이구공일입니다.,91022901,,female,spk01,probe_cont_8,probe,1,2.88,8,1,8,sentence,continuous,0.17489998042583466,0.04398788967040503,0.14050015807151794,0.2369874268770218,0.14721235632896423,0.17489998042583466
probe_00253_spk02.wav,/home/hye0n/projects/cnn-based-audio-pii-classification/src/cnn/data_probe/output/probe_00253_spk02.wav,번호는 사칠육칠구칠육사입니다.,47679764,,male,spk02,probe_cont_8,probe,1,3.6,8,1,8,sentence,continuous,0.10959230363368988,0.0255120083176423,0.09880783408880234,0.14480173587799072,0.08516734093427658,0.10959230363368988
probe_00254_spk03.wav,/home/hye0n/projects/cnn-based-audio-pii-classification/src/cnn/data_probe/output/probe_00254_spk03.wav,번호는 삼팔일오육일사구입니다.,38156149,,female,spk03,probe_cont_8,probe,1,3.2,8,1,8,sentence,continuous,0.06740764963130157,0.040358130188085324,0.029171301051974297,0.12322261184453964,0.04982903599739075,0.06740764963130157
probe_00255_spk04.wav,/home/hye0n/projects/cnn-based-audio-pii-classification/src/cnn/data_probe/output/probe_00255_spk04.wav,번호는 칠팔사공삼육구공입니다.,78403690,,male,spk04,probe_cont_8,probe,1,2.72,8,1,8,sentence,continuous,0.16767351577679315,0.13938257312255845,0.04769286513328552,0.3631065785884857,0.09222110360860825,0.16767351577679315
probe_00256_spk05.wav,/home/hye0n/projects/cnn-based-audio-pii-classification/src/cnn/data_probe/output/probe_00256_spk05.wav,번호는 공삼사삼이사사오입니다.,03432445,,female,spk05,probe_cont_8,probe,1,3.36,8,1,8,sentence,continuous,0.07895614330967267,0.04236458432832283,0.02065322920680046,0.09616127610206604,0.12005392462015152,0.07895614330967267
probe_00257_spk06.wav,/home/hye0n/projects/cnn-based-audio-pii-classification/src/cnn/data_probe/output/probe_00257_spk06.wav,번호는 일공칠육이이육팔입니다.,10762268,,male,spk06,probe_cont_8,probe,1,2.32,8,1,8,sentence,continuous,0.11111508806546529,0.010637382250605615,0.0961792841553688,0.11702665686607361,0.12013932317495346,0.11111508806546529
probe_00258_spk07.wav,/home/hye0n/projects/cnn-based-audio-pii-classification/src/cnn/data_probe/output/probe_00258_spk07.wav,번호는 삼팔팔오일육공육입니다.,38851606,,female,spk07,probe_cont_8,probe,1,3.12,8,1,8,sentence,continuous,0.17043776313463846,0.104372340379289,0.09255394339561462,0.31796586513519287,0.10079348087310791,0.17043776313463846
probe_00259_spk08.wav,/home/hye0n/projects/cnn-based-audio-pii-classification/src/cnn/data_probe/output/probe_00259_spk08.wav,번호는 공칠일오구육구육입니다.,07159696,,male,spk08,probe_cont_8,probe,1,2.96,8,1,8,sentence,continuous,0.08192021399736404,0.013688585534048933,0.08930477499961853,0.09372526407241821,0.06273060292005539,0.08192021399736404
probe_00260_spk09.wav,/home/hye0n/projects/cnn-based-audio-pii-classification/src/cnn/data_probe/output/probe_00260_spk09.wav,번호는 육사일육공오이구입니다.,64160529,,female,spk09,probe_cont_8,probe,1,2.88,8,1,8,sentence,continuous,0.22934848566850027,0.06772199692203587,0.28201913833618164,0.27228620648384094,0.1337401121854782,0.22934848566850027
probe_00261_spk10.wav,/home/hye0n/projects/cnn-based-audio-pii-classification/src/cnn/data_probe/output/probe_00261_spk10.wav,번호는 칠오일육일삼육구입니다.,75161369,,male,spk10,probe_cont_8,probe,1,3.04,8,1,8,sentence,continuous,0.04747983564933141,0.013996870475214016,0.030419155955314636,0.04731716215610504,0.06470318883657455,0.04747983564933141
probe_00262_spk11.wav,/home/hye0n/projects/cnn-based-audio-pii-classification/src/cnn/data_probe/output/probe_00262_spk11.wav,번호는 육팔일육사오삼오입니다.,68164535,,female,spk11,probe_cont_8,probe,1,3.36,8,1,8,sentence,continuous,0.10010612507661183,0.026406587724862655,0.06308353692293167,0.11437975615262985,0.12285508215427399,0.10010612507661183
probe_00263_spk12.wav,/home/hye0n/projects/cnn-based-audio-pii-classification/src/cnn/data_probe/output/probe_00263_spk12.wav,번호는 이일팔일팔팔삼오입니다.,21818835,,male,spk12,probe_cont_8,probe,1,2.4,8,1,8,sentence,continuous,0.0463101410617431,0.022689197644279794,0.017875080928206444,0.07340342551469803,0.04765191674232483,0.0463101410617431
probe_00264_spk13.wav,/home/hye0n/projects/cnn-based-audio-pii-classification/src/cnn/data_probe/output/probe_00264_spk13.wav,번호는 오이삼일이사삼이입니다.,52312432,,male,spk13,probe_cont_8,probe,1,2.32,8,1,8,sentence,continuous,0.01575468573719263,0.01307473178567703,0.005105138756334782,0.034170038998126984,0.007988879457116127,0.01575468573719263
probe_00265_spk14.wav,/home/hye0n/projects/cnn-based-audio-pii-classification/src/cnn/data_probe/output/probe_00265_spk14.wav,번호는 구이일이칠칠구구입니다.,92127799,,female,spk14,probe_cont_8,probe,1,2.64,8,1,8,sentence,continuous,0.02596634440124035,0.015436225379051446,0.020272251218557358,0.04706437885761261,0.010562403127551079,0.02596634440124035
probe_00266_spk01.wav,/home/hye0n/projects/cnn-based-audio-pii-classification/src/cnn/data_probe/output/probe_00266_spk01.wav,번호는 칠구구오오이칠일입니다.,79955271,,female,spk01,probe_cont_8,probe,1,2.88,8,1,8,sentence,continuous,0.1757785975933075,0.03816246357941917,0.2152419090270996,0.12416362762451172,0.18793025612831116,0.1757785975933075
probe_00267_spk02.wav,/home/hye0n/projects/cnn-based-audio-pii-classification/src/cnn/data_probe/output/probe_00267_spk02.wav,번호는 칠칠사사구공오팔입니다.,77449058,,male,spk02,probe_cont_8,probe,1,2.48,8,1,8,sentence,continuous,0.034396229311823845,0.016584987487599505,0.012292852625250816,0.052243009209632874,0.038652826100587845,0.034396229311823845
probe_00268_spk03.wav,/home/hye0n/projects/cnn-based-audio-pii-classification/src/cnn/data_probe/output/probe_00268_spk03.wav,번호는 일사칠칠공공오사입니다.,14770054,,female,spk03,probe_cont_8,probe,1,2.56,8,1,8,sentence,continuous,0.42805418372154236,0.1322716210415101,0.41114261746406555,0.5978455543518066,0.2751743793487549,0.42805418372154236
probe_00269_spk04.wav,/home/hye0n/projects/cnn-based-audio-pii-classification/src/cnn/data_probe/output/probe_00269_spk04.wav,번호는 일일구구팔육칠구입니다.,11998679,,male,spk04,probe_cont_8,probe,1,2.8,8,1,8,sentence,continuous,0.2145345707734426,0.03762746741481877,0.16222697496414185,0.23222219944000244,0.24915453791618347,0.2145345707734426
probe_00270_spk05.wav,/home/hye0n/projects/cnn-based-audio-pii-classification/src/cnn/data_probe/output/probe_00270_spk05.wav,번호는 팔공칠구삼오구칠입니다.,80793597,,female,spk05,probe_cont_8,probe,1,2.96,8,1,8,sentence,continuous,0.09563833847641945,0.05289387726172284,0.04078458622097969,0.16710999608039856,0.0790204331278801,0.09563833847641945
probe_00271_spk06.wav,/home/hye0n/projects/cnn-based-audio-pii-classification/src/cnn/data_probe/output/probe_00271_spk06.wav,번호는 팔이공칠일오일팔입니다.,82071518,,male,spk06,probe_cont_8,probe,1,3.36,8,1,8,sentence,continuous,0.04052150622010231,0.011741225303858356,0.03181668370962143,0.05711949244141579,0.032628342509269714,0.04052150622010231
probe_00272_spk07.wav,/home/hye0n/projects/cnn-based-audio-pii-classification/src/cnn/data_probe/output/probe_00272_spk07.wav,번호는 이공삼칠칠팔팔구입니다.,20377889,,female,spk07,probe_cont_8,probe,1,2.48,8,1,8,sentence,continuous,0.22249496479829153,0.07144009219339029,0.12770265340805054,0.30016228556632996,0.23961995542049408,0.22249496479829153
probe_00273_spk08.wav,/home/hye0n/projects/cnn-based-audio-pii-classification/src/cnn/data_probe/output/probe_00273_spk08.wav,번호는 이오오사육육오구입니다.,25546659,,male,spk08,probe_cont_8,probe,1,2.96,8,1,8,sentence,continuous,0.1758787433306376,0.059771850227221236,0.25661352276802063,0.11382189393043518,0.15720081329345703,0.1758787433306376
probe_00274_spk09.wav,/home/hye0n/projects/cnn-based-audio-pii-classification/src/cnn/data_probe/output/probe_00274_spk09.wav,번호는 공오일오일팔육사입니다.,05151864,,female,spk09,probe_cont_8,probe,1,3.28,8,1,8,sentence,continuous,0.026362425958116848,0.006142726672612199,0.023407766595482826,0.03491450846195221,0.020765002816915512,0.026362425958116848
probe_00275_spk10.wav,/home/hye0n/projects/cnn-based-audio-pii-classification/src/cnn/data_probe/output/probe_00275_spk10.wav,번호는 사구이오일구이오입니다.,49251925,,male,spk10,probe_cont_8,probe,1,2.64,8,1,8,sentence,continuous,0.019684663663307827,0.003326362381878879,0.015330810099840164,0.0234043151140213,0.02031886577606201,0.019684663663307827
probe_00276_spk11.wav,/home/hye0n/projects/cnn-based-audio-pii-classification/src/cnn/data_probe/output/probe_00276_spk11.wav,번호는 사육이구일사팔육입니다.,46291486,,female,spk11,probe_cont_8,probe,1,3.28,8,1,8,sentence,continuous,0.17972766856352487,0.0731872929122995,0.0850447416305542,0.2632758617401123,0.19086240231990814,0.17972766856352487
probe_00277_spk12.wav,/home/hye0n/projects/cnn-based-audio-pii-classification/src/cnn/data_probe/output/probe_00277_spk12.wav,번호는 오이팔일육팔오공입니다.,52816850,,male,spk12,probe_cont_8,probe,1,2.72,8,1,8,sentence,continuous,0.03796969478329023,0.014772856630415266,0.018677525222301483,0.05455948784947395,0.040672071278095245,0.03796969478329023
probe_00278_spk13.wav,/home/hye0n/projects/cnn-based-audio-pii-classification/src/cnn/data_probe/output/probe_00278_spk13.wav,번호는 오사이삼오칠삼삼입니다.,54235733,,male,spk13,probe_cont_8,probe,1,2.56,8,1,8,sentence,continuous,0.08293690780798595,0.040142726721483016,0.02624671906232834,0.10866960138082504,0.11389440298080444,0.08293690780798595
probe_00279_spk14.wav,/home/hye0n/projects/cnn-based-audio-pii-classification/src/cnn/data_probe/output/probe_00279_spk14.wav,번호는 이이일사일팔팔팔입니다.,22141888,,female,spk14,probe_cont_8,probe,1,3.36,8,1,8,sentence,continuous,0.07463167731960614,0.01306177821061797,0.05783950909972191,0.08969352394342422,0.0763619989156723,0.07463167731960614
probe_00280_spk01.wav,/home/hye0n/projects/cnn-based-audio-pii-classification/src/cnn/data_probe/output/probe_00280_spk01.wav,번호는 공오구이구육이이입니다.,05929622,,female,spk01,probe_cont_8,probe,1,2.96,8,1,8,sentence,continuous,0.14086990306774774,0.041473427896035475,0.17961016297340393,0.1596371829509735,0.08336236327886581,0.14086990306774774
probe_00281_spk02.wav,/home/hye0n/projects/cnn-based-audio-pii-classification/src/cnn/data_probe/output/probe_00281_spk02.wav,번호는 이구이칠공육오삼입니다.,29270653,,male,spk02,probe_cont_8,probe,1,2.88,8,1,8,sentence,continuous,0.12391687805453937,0.059353404994729735,0.05124114826321602,0.12388279289007187,0.1966266930103302,0.12391687805453937
probe_00282_spk03.wav,/home/hye0n/projects/cnn-based-audio-pii-classification/src/cnn/data_probe/output/probe_00282_spk03.wav,번호는 칠구사칠삼팔삼사입니다.,79473834,,female,spk03,probe_cont_8,probe,1,3.52,8,1,8,sentence,continuous,0.5779654383659363,0.10060886867168642,0.4795914888381958,0.5381291508674622,0.7161756753921509,0.5779654383659363
probe_00283_spk04.wav,/home/hye0n/projects/cnn-based-audio-pii-classification/src/cnn/data_probe/output/probe_00283_spk04.wav,번호는 칠삼오구칠칠사육입니다.,73597746,,male,spk04,probe_cont_8,probe,1,2.56,8,1,8,sentence,continuous,0.22138471653064093,0.11218232370224578,0.09422428160905838,0.36712318658828735,0.20280668139457703,0.22138471653064093
probe_00284_spk05.wav,/home/hye0n/projects/cnn-based-audio-pii-classification/src/cnn/data_probe/output/probe_00284_spk05.wav,번호는 팔팔육이삼구이사입니다.,88623924,,female,spk05,probe_cont_8,probe,1,3.04,8,1,8,sentence,continuous,0.10253509506583214,0.09600158571472912,0.04325241222977638,0.23795275390148163,0.026400119066238403,0.10253509506583214
probe_00285_spk06.wav,/home/hye0n/projects/cnn-based-audio-pii-classification/src/cnn/data_probe/output/probe_00285_spk06.wav,번호는 공칠오팔일팔일사입니다.,07581814,,male,spk06,probe_cont_8,probe,1,2.96,8,1,8,sentence,continuous,0.07671276479959488,0.015182118026838626,0.07150460034608841,0.09735573083162308,0.06127796322107315,0.07671276479959488
probe_00286_spk07.wav,/home/hye0n/projects/cnn-based-audio-pii-classification/src/cnn/data_probe/output/probe_00286_spk07.wav,번호는 일이사칠팔이육일입니다.,12478261,,female,spk07,probe_cont_8,probe,1,3.04,8,1,8,sentence,continuous,0.3041976789633433,0.055354925609662896,0.2752019166946411,0.3816692531108856,0.2557218670845032,0.3041976789633433
probe_00287_spk08.wav,/home/hye0n/projects/cnn-based-audio-pii-classification/src/cnn/data_probe/output/probe_00287_spk08.wav,번호는 삼칠오공육공육팔입니다.,37506068,,male,spk08,probe_cont_8,probe,1,3.04,8,1,8,sentence,continuous,0.2894202570120494,0.01561560792828572,0.27641987800598145,0.3113805055618286,0.280460387468338,0.2894202570120494
probe_00288_spk09.wav,/home/hye0n/projects/cnn-based-audio-pii-classification/src/cnn/data_probe/output/probe_00288_spk09.wav,번호는 오삼육일오삼공오입니다.,53615305,,female,spk09,probe_cont_8,probe,1,2.48,8,1,8,sentence,continuous,0.04267582607765993,0.014630345804861366,0.05332937464118004,0.05270961672067642,0.021988486871123314,0.04267582607765993
probe_00289_spk10.wav,/home/hye0n/projects/cnn-based-audio-pii-classification/src/cnn/data_probe/output/probe_00289_spk10.wav,번호는 일오이이공사칠이입니다.,15220472,,male,spk10,probe_cont_8,probe,1,2.96,8,1,8,sentence,continuous,0.027409714957078297,0.006193039876841468,0.019877977669239044,0.03504667058587074,0.027304496616125107,0.027409714957078297
probe_00290_spk11.wav,/home/hye0n/projects/cnn-based-audio-pii-classification/src/cnn/data_probe/output/probe_00290_spk11.wav,번호는 칠칠구공일공사삼입니다.,77901043,,female,spk11,probe_cont_8,probe,1,2.56,8,1,8,sentence,continuous,0.07337838038802147,0.055060695354806476,0.027811188250780106,0.15084509551525116,0.04147885739803314,0.07337838038802147
probe_00291_spk12.wav,/home/hye0n/projects/cnn-based-audio-pii-classification/src/cnn/data_probe/output/probe_00291_spk12.wav,번호는 이팔구팔육일사삼입니다.,28986143,,male,spk12,probe_cont_8,probe,1,2.24,8,1,8,sentence,continuous,0.03816277657945951,0.01115213459815313,0.02283550053834915,0.04260754585266113,0.04904528334736824,0.03816277657945951
probe_00292_spk13.wav,/home/hye0n/projects/cnn-based-audio-pii-classification/src/cnn/data_probe/output/probe_00292_spk13.wav,번호는 사일공삼육구칠일입니다.,41036971,,male,spk13,probe_cont_8,probe,1,2.48,8,1,8,sentence,continuous,0.03548266521344582,0.02026076820066714,0.006834902800619602,0.05028338357806206,0.04932970926165581,0.03548266521344582
probe_00293_spk14.wav,/home/hye0n/projects/cnn-based-audio-pii-classification/src/cnn/data_probe/output/probe_00293_spk14.wav,번호는 일칠구팔공팔구삼입니다.,17980893,,female,spk14,probe_cont_8,probe,1,3.52,8,1,8,sentence,continuous,0.29511107007662457,0.01570506266184876,0.2737276256084442,0.30060330033302307,0.31100228428840637,0.29511107007662457
probe_00294_spk01.wav,/home/hye0n/projects/cnn-based-audio-pii-classification/src/cnn/data_probe/output/probe_00294_spk01.wav,번호는 이사육공구오삼구입니다.,24609539,,female,spk01,probe_cont_8,probe,1,3.28,8,1,8,sentence,continuous,0.26774686574935913,0.0586821255769583,0.2970608174800873,0.18585219979286194,0.3203275799751282,0.26774686574935913
probe_00295_spk02.wav,/home/hye0n/projects/cnn-based-audio-pii-classification/src/cnn/data_probe/output/probe_00295_spk02.wav,번호는 육이일팔오일팔팔입니다.,62185188,,male,spk02,probe_cont_8,probe,1,2.64,8,1,8,sentence,continuous,0.0252757469813029,0.009610553956662618,0.019718294963240623,0.038795989006757736,0.01731295697391033,0.0252757469813029
probe_00296_spk03.wav,/home/hye0n/projects/cnn-based-audio-pii-classification/src/cnn/data_probe/output/probe_00296_spk03.wav,번호는 팔팔팔공육칠공육입니다.,88806706,,female,spk03,probe_cont_8,probe,1,2.96,8,1,8,sentence,continuous,0.47634055217107135,0.11099172864917865,0.3310358226299286,0.6004093289375305,0.497576504945755,0.47634055217107135
probe_00297_spk04.wav,/home/hye0n/projects/cnn-based-audio-pii-classification/src/cnn/data_probe/output/probe_00297_spk04.wav,번호는 오사공오일오삼일입니다.,54051531,,male,spk04,probe_cont_8,probe,1,3.68,8,1,8,sentence,continuous,0.029723293458422024,0.015106282495765646,0.020665502175688744,0.05100829154253006,0.01749608665704727,0.029723293458422024
probe_00298_spk05.wav,/home/hye0n/projects/cnn-based-audio-pii-classification/src/cnn/data_probe/output/probe_00298_spk05.wav,번호는 구오이공오팔오이입니다.,95205852,,female,spk05,probe_cont_8,probe,1,2.56,8,1,8,sentence,continuous,0.13600540161132812,0.049000041845502613,0.07015728950500488,0.18762506544589996,0.15023384988307953,0.13600540161132812
probe_00299_spk06.wav,/home/hye0n/projects/cnn-based-audio-pii-classification/src/cnn/data_probe/output/probe_00299_spk06.wav,번호는 칠칠이이일칠공사입니다.,77221704,,male,spk06,probe_cont_8,probe,1,3.92,8,1,8,sentence,continuous,0.4703900218009949,0.019728045876454554,0.49356377124786377,0.4453485310077667,0.4722577631473541,0.4703900218009949
probe_00300_spk07.wav,/home/hye0n/projects/cnn-based-audio-pii-classification/src/cnn/data_probe/output/probe_00300_spk07.wav,번호는 삼공삼공오사팔육팔칠입니다.,3030548687,,female,spk07,probe_cont_10,probe,1,3.04,10,1,10,sentence,continuous,0.7405063708623251,0.04842248950444093,0.7004199028015137,0.7124672532081604,0.808631956577301,0.7405063708623251
probe_00301_spk08.wav,/home/hye0n/projects/cnn-based-audio-pii-classification/src/cnn/data_probe/output/probe_00301_spk08.wav,번호는 사공삼사오공오사일오입니다.,4034505415,,male,spk08,probe_cont_10,probe,1,3.04,10,1,10,sentence,continuous,0.7276047468185425,0.003598099570513365,0.7250447273254395,0.7250763177871704,0.7326931953430176,0.7276047468185425
probe_00302_spk09.wav,/home/hye0n/projects/cnn-based-audio-pii-classification/src/cnn/data_probe/output/probe_00302_spk09.wav,번호는 육육칠육오이칠칠오팔입니다.,6676527758,,female,spk09,probe_cont_10,probe,1,3.28,10,1,10,sentence,continuous,0.529285858074824,0.09360270376939668,0.43085673451423645,0.6551553606987,0.5018454790115356,0.529285858074824
probe_00303_spk10.wav,/home/hye0n/projects/cnn-based-audio-pii-classification/src/cnn/data_probe/output/probe_00303_spk10.wav,번호는 사일육일육구이팔사오입니다.,4161692845,,male,spk10,probe_cont_10,probe,1,3.28,10,1,10,sentence,continuous,0.15790867060422897,0.0642820265580495,0.09162060171365738,0.24492929875850677,0.13717611134052277,0.15790867060422897
probe_00304_spk11.wav,/home/hye0n/projects/cnn-based-audio-pii-classification/src/cnn/data_probe/output/probe_00304_spk11.wav,번호는 일일오사사칠구육이칠입니다.,1154479627,,female,spk11,probe_cont_10,probe,1,3.36,10,1,10,sentence,continuous,0.17640526841084161,0.08864345713986548,0.08442597836256027,0.29616042971611023,0.14862939715385437,0.17640526841084161
probe_00305_spk12.wav,/home/hye0n/projects/cnn-based-audio-pii-classification/src/cnn/data_probe/output/probe_00305_spk12.wav,번호는 오칠공오구육사공일육입니다.,5705964016,,male,spk12,probe_cont_10,probe,1,2.8,10,1,10,sentence,continuous,0.3015858779350917,0.10610283185181874,0.17844070494174957,0.4374091625213623,0.2889077663421631,0.3015858779350917
probe_00306_spk13.wav,/home/hye0n/projects/cnn-based-audio-pii-classification/src/cnn/data_probe/output/probe_00306_spk13.wav,번호는 오팔이공이구칠공이일입니다.,5820297021,,male,spk13,probe_cont_10,probe,1,2.88,10,1,10,sentence,continuous,0.04499289641777674,0.007977586241071716,0.039466049522161484,0.05627414211630821,0.039238497614860535,0.04499289641777674
probe_00307_spk14.wav,/home/hye0n/projects/cnn-based-audio-pii-classification/src/cnn/data_probe/output/probe_00307_spk14.wav,번호는 삼오오육구공구이칠오입니다.,3556909275,,female,spk14,probe_cont_10,probe,1,3.28,10,1,10,sentence,continuous,0.3957238545020421,0.1351923530374988,0.2059042602777481,0.4708384573459625,0.5104288458824158,0.3957238545020421
probe_00308_spk01.wav,/home/hye0n/projects/cnn-based-audio-pii-classification/src/cnn/data_probe/output/probe_00308_spk01.wav,번호는 오칠일구이팔오육오사입니다.,5719285654,,female,spk01,probe_cont_10,probe,1,3.2,10,1,10,sentence,continuous,0.1747973933815956,0.050831709692026064,0.1053861454129219,0.19330570101737976,0.22570033371448517,0.1747973933815956
probe_00309_spk02.wav,/home/hye0n/projects/cnn-based-audio-pii-classification/src/cnn/data_probe/output/probe_00309_spk02.wav,번호는 삼일공이칠팔육팔일사입니다.,3102786814,,male,spk02,probe_cont_10,probe,1,2.88,10,1,10,sentence,continuous,0.2784837633371353,0.08536780527149981,0.18013180792331696,0.3882952332496643,0.2670242488384247,0.2784837633371353
probe_00310_spk03.wav,/home/hye0n/projects/cnn-based-audio-pii-classification/src/cnn/data_probe/output/probe_00310_spk03.wav,번호는 사칠삼구사칠삼일이일입니다.,4739473121,,female,spk03,probe_cont_10,probe,1,3.2,10,1,10,sentence,continuous,0.4654322961966197,0.12158406749397001,0.30750423669815063,0.6032866835594177,0.48550596833229065,0.4654322961966197
probe_00311_spk04.wav,/home/hye0n/projects/cnn-based-audio-pii-classification/src/cnn/data_probe/output/probe_00311_spk04.wav,번호는 칠이칠일오오일팔팔사입니다.,7271551884,,male,spk04,probe_cont_10,probe,1,3.2,10,1,10,sentence,continuous,0.7272549271583557,0.11087801438785748,0.7484742403030396,0.8511934280395508,0.5820971131324768,0.7272549271583557
probe_00312_spk05.wav,/home/hye0n/projects/cnn-based-audio-pii-classification/src/cnn/data_probe/output/probe_00312_spk05.wav,번호는 사이이오팔삼일삼이삼입니다.,4225831323,,female,spk05,probe_cont_10,probe,1,3.04,10,1,10,sentence,continuous,0.1476563736796379,0.05773498183174431,0.15934039652347565,0.21179725229740143,0.07183147221803665,0.1476563736796379
probe_00313_spk06.wav,/home/hye0n/projects/cnn-based-audio-pii-classification/src/cnn/data_probe/output/probe_00313_spk06.wav,번호는 칠공오팔구오칠팔이구입니다.,7058957829,,male,spk06,probe_cont_10,probe,1,2.64,10,1,10,sentence,continuous,0.1162051409482956,0.03353892635603034,0.0947880893945694,0.16356433928012848,0.0902629941701889,0.1162051409482956
probe_00314_spk07.wav,/home/hye0n/projects/cnn-based-audio-pii-classification/src/cnn/data_probe/output/probe_00314_spk07.wav,번호는 일일사육칠팔육육구일입니다.,1146786691,,female,spk07,probe_cont_10,probe,1,3.36,10,1,10,sentence,continuous,0.4770607153574626,0.04191281774039633,0.41841310262680054,0.4989434480667114,0.5138255953788757,0.4770607153574626
probe_00315_spk08.wav,/home/hye0n/projects/cnn-based-audio-pii-classification/src/cnn/data_probe/output/probe_00315_spk08.wav,번호는 이오일칠칠팔오이팔구입니다.,2517785289,,male,spk08,probe_cont_10,probe,1,2.96,10,1,10,sentence,continuous,0.14113565534353256,0.029864839511829507,0.1617872565984726,0.16271591186523438,0.09890379756689072,0.14113565534353256
probe_00316_spk09.wav,/home/hye0n/projects/cnn-based-audio-pii-classification/src/cnn/data_probe/output/probe_00316_spk09.wav,번호는 이이육팔공일팔이사이입니다.,2268018242,,female,spk09,probe_cont_10,probe,1,2.96,10,1,10,sentence,continuous,0.5328256189823151,0.08393549312502316,0.5072746276855469,0.6459909081459045,0.4452113211154938,0.5328256189823151
probe_00317_spk10.wav,/home/hye0n/projects/cnn-based-audio-pii-classification/src/cnn/data_probe/output/probe_00317_spk10.wav,번호는 이오삼오팔사일사삼팔입니다.,2535841438,,male,spk10,probe_cont_10,probe,1,2.72,10,1,10,sentence,continuous,0.2498373786608378,0.076311615600842,0.27414077520370483,0.3287472128868103,0.1466241478919983,0.2498373786608378
probe_00318_spk11.wav,/home/hye0n/projects/cnn-based-audio-pii-classification/src/cnn/data_probe/output/probe_00318_spk11.wav,번호는 사이사구팔일팔이구구입니다.,4249818299,,female,spk11,probe_cont_10,probe,1,4.24,10,1,10,sentence,continuous,0.2167228658994039,0.04841905767381057,0.1760159581899643,0.28476089239120483,0.18939174711704254,0.2167228658994039
probe_00319_spk12.wav,/home/hye0n/projects/cnn-based-audio-pii-classification/src/cnn/data_probe/output/probe_00319_spk12.wav,번호는 이이구구오구공공일공입니다.,2299590010,,male,spk12,probe_cont_10,probe,1,3.12,10,1,10,sentence,continuous,0.2624092350403468,0.025215930337156595,0.24253542721271515,0.2467036247253418,0.2979886531829834,0.2624092350403468
probe_00320_spk13.wav,/home/hye0n/projects/cnn-based-audio-pii-classification/src/cnn/data_probe/output/probe_00320_spk13.wav,번호는 구사삼구육구공칠팔사입니다.,9439690784,,male,spk13,probe_cont_10,probe,1,3.76,10,1,10,sentence,continuous,0.1114539975921313,0.01593987760421929,0.10395022481679916,0.0967969298362732,0.13361483812332153,0.1114539975921313
probe_00321_spk14.wav,/home/hye0n/projects/cnn-based-audio-pii-classification/src/cnn/data_probe/output/probe_00321_spk14.wav,번호는 사칠삼육사칠일공이칠입니다.,4736471027,,female,spk14,probe_cont_10,probe,1,3.12,10,1,10,sentence,continuous,0.10412599270542462,0.05888321419186512,0.04588894918560982,0.1847923994064331,0.08169662952423096,0.10412599270542462
probe_00322_spk01.wav,/home/hye0n/projects/cnn-based-audio-pii-classification/src/cnn/data_probe/output/probe_00322_spk01.wav,번호는 육칠칠삼오구이오오오입니다.,6773592555,,female,spk01,probe_cont_10,probe,1,3.6,10,1,10,sentence,continuous,0.6858775814374288,0.062103572859597105,0.7668027877807617,0.6158580183982849,0.6749719381332397,0.6858775814374288
probe_00323_spk02.wav,/home/hye0n/projects/cnn-based-audio-pii-classification/src/cnn/data_probe/output/probe_00323_spk02.wav,번호는 육이오팔팔일오삼칠일입니다.,6258815371,,male,spk02,probe_cont_10,probe,1,2.48,10,1,10,sentence,continuous,0.10481281454364459,0.07436655760664507,0.03820996358990669,0.2086026966571808,0.06762578338384628,0.10481281454364459
probe_00324_spk03.wav,/home/hye0n/projects/cnn-based-audio-pii-classification/src/cnn/data_probe/output/probe_00324_spk03.wav,번호는 사칠삼이일공사육구육입니다.,4732104696,,female,spk03,probe_cont_10,probe,1,3.68,10,1,10,sentence,continuous,0.6758057276407877,0.07021191890095703,0.629329264163971,0.7750342488288879,0.6230536699295044,0.6758057276407877
probe_00325_spk04.wav,/home/hye0n/projects/cnn-based-audio-pii-classification/src/cnn/data_probe/output/probe_00325_spk04.wav,번호는 삼이오구오삼이칠팔칠입니다.,3259532787,,male,spk04,probe_cont_10,probe,1,2.96,10,1,10,sentence,continuous,0.12004735320806503,0.09414790027555973,0.04070734977722168,0.25231656432151794,0.06711814552545547,0.12004735320806503
probe_00326_spk05.wav,/home/hye0n/projects/cnn-based-audio-pii-classification/src/cnn/data_probe/output/probe_00326_spk05.wav,번호는 칠사칠공일육팔칠삼삼입니다.,7470168733,,female,spk05,probe_cont_10,probe,1,3.68,10,1,10,sentence,continuous,0.6964567303657532,0.04723620878867571,0.671409547328949,0.7626121044158936,0.655348539352417,0.6964567303657532
probe_00327_spk06.wav,/home/hye0n/projects/cnn-based-audio-pii-classification/src/cnn/data_probe/output/probe_00327_spk06.wav,번호는 구오공공사칠구칠사팔입니다.,9500479748,,male,spk06,probe_cont_10,probe,1,3.04,10,1,10,sentence,continuous,0.1812097728252411,0.07879224856834584,0.0856352150440216,0.27861011028289795,0.1793839931488037,0.1812097728252411
probe_00328_spk07.wav,/home/hye0n/projects/cnn-based-audio-pii-classification/src/cnn/data_probe/output/probe_00328_spk07.wav,번호는 공일육이사오육오공육입니다.,0162456506,,female,spk07,probe_cont_10,probe,1,4.0,10,1,10,sentence,continuous,0.5691132545471191,0.10941100200410758,0.41457927227020264,0.6531320810317993,0.6396284103393555,0.5691132545471191
probe_00329_spk08.wav,/home/hye0n/projects/cnn-based-audio-pii-classification/src/cnn/data_probe/output/probe_00329_spk08.wav,번호는 공구팔삼오팔사일육팔입니다.,0983584168,,male,spk08,probe_cont_10,probe,1,4.0,10,1,10,sentence,continuous,0.20739435156186423,0.04169114621816024,0.2657787501811981,0.18532072007656097,0.17108358442783356,0.20739435156186423
probe_00330_spk09.wav,/home/hye0n/projects/cnn-based-audio-pii-classification/src/cnn/data_probe/output/probe_00330_spk09.wav,번호는 칠팔사구구일이일육오입니다.,7849912165,,female,spk09,probe_cont_10,probe,1,3.12,10,1,10,sentence,continuous,0.4180031319459279,0.07396870306695455,0.5046383738517761,0.42545759677886963,0.32391342520713806,0.4180031319459279
probe_00331_spk10.wav,/home/hye0n/projects/cnn-based-audio-pii-classification/src/cnn/data_probe/output/probe_00331_spk10.wav,번호는 오팔오이삼구팔육팔공입니다.,5852398680,,male,spk10,probe_cont_10,probe,1,3.68,10,1,10,sentence,continuous,0.06610647216439247,0.0073269631640319795,0.07633476704359055,0.06242866441607475,0.059555985033512115,0.06610647216439247
probe_00332_spk11.wav,/home/hye0n/projects/cnn-based-audio-pii-classification/src/cnn/data_probe/output/probe_00332_spk11.wav,번호는 공공이오칠팔칠이구팔입니다.,0025787298,,female,spk11,probe_cont_10,probe,1,3.52,10,1,10,sentence,continuous,0.25770001113414764,0.07177015262724487,0.19461996853351593,0.35810303688049316,0.22037702798843384,0.25770001113414764
probe_00333_spk12.wav,/home/hye0n/projects/cnn-based-audio-pii-classification/src/cnn/data_probe/output/probe_00333_spk12.wav,번호는 이오구오이육구사구오입니다.,2595269495,,male,spk12,probe_cont_10,probe,1,2.48,10,1,10,sentence,continuous,0.1474390129248301,0.06262572620651083,0.0842561423778534,0.23277908563613892,0.12528181076049805,0.1474390129248301
probe_00334_spk13.wav,/home/hye0n/projects/cnn-based-audio-pii-classification/src/cnn/data_probe/output/probe_00334_spk13.wav,번호는 팔팔팔칠구사칠공오오입니다.,8887947055,,male,spk13,probe_cont_10,probe,1,3.52,10,1,10,sentence,continuous,0.3027903785308202,0.1505118885807031,0.1983528584241867,0.19438427686691284,0.5156340003013611,0.3027903785308202
probe_00335_spk14.wav,/home/hye0n/projects/cnn-based-audio-pii-classification/src/cnn/data_probe/output/probe_00335_spk14.wav,번호는 일육구사공구칠사구구입니다.,1694097499,,female,spk14,probe_cont_10,probe,1,3.36,10,1,10,sentence,continuous,0.026508461063106854,0.01996943178073062,0.010946569964289665,0.05469866842031479,0.01388014480471611,0.026508461063106854
probe_00336_spk01.wav,/home/hye0n/projects/cnn-based-audio-pii-classification/src/cnn/data_probe/output/probe_00336_spk01.wav,번호는 삼공구칠이팔구육이삼입니다.,3097289623,,female,spk01,probe_cont_10,probe,1,3.12,10,1,10,sentence,continuous,0.32720865805943805,0.13350249113774257,0.14139458537101746,0.449084997177124,0.39114639163017273,0.32720865805943805
probe_00337_spk02.wav,/home/hye0n/projects/cnn-based-audio-pii-classification/src/cnn/data_probe/output/probe_00337_spk02.wav,번호는 공구일삼공칠오육이육입니다.,0913075626,,male,spk02,probe_cont_10,probe,1,2.88,10,1,10,sentence,continuous,0.20021961629390717,0.10325784086940645,0.07056103646755219,0.3232276141643524,0.2068701982498169,0.20021961629390717
probe_00338_spk03.wav,/home/hye0n/projects/cnn-based-audio-pii-classification/src/cnn/data_probe/output/probe_00338_spk03.wav,번호는 삼육팔구칠공이팔삼팔입니다.,3689702838,,female,spk03,probe_cont_10,probe,1,3.6,10,1,10,sentence,continuous,0.16103289276361465,0.0828413276454954,0.06905252486467361,0.2698620557785034,0.14418409764766693,0.16103289276361465
probe_00339_spk04.wav,/home/hye0n/projects/cnn-based-audio-pii-classification/src/cnn/data_probe/output/probe_00339_spk04.wav,번호는 오칠팔육오이칠팔오팔입니다.,5786527858,,male,spk04,probe_cont_10,probe,1,3.36,10,1,10,sentence,continuous,0.3801613102356593,0.1337648473158514,0.20924030244350433,0.5358290672302246,0.3954145610332489,0.3801613102356593
probe_00340_spk05.wav,/home/hye0n/projects/cnn-based-audio-pii-classification/src/cnn/data_probe/output/probe_00340_spk05.wav,번호는 오사구칠삼삼사팔사삼입니다.,5497334843,,female,spk05,probe_cont_10,probe,1,3.2,10,1,10,sentence,continuous,0.6054182251294454,0.11245587313843147,0.5671249032020569,0.7582424879074097,0.49088728427886963,0.6054182251294454
probe_00341_spk06.wav,/home/hye0n/projects/cnn-based-audio-pii-classification/src/cnn/data_probe/output/probe_00341_spk06.wav,번호는 사사삼칠오칠오팔사사입니다.,4437575844,,male,spk06,probe_cont_10,probe,1,2.96,10,1,10,sentence,continuous,0.047309918950001396,0.013112466729391594,0.04836088418960571,0.030750822275877,0.06281805038452148,0.047309918950001396
probe_00342_spk07.wav,/home/hye0n/projects/cnn-based-audio-pii-classification/src/cnn/data_probe/output/probe_00342_spk07.wav,번호는 일구팔육육오이사공사입니다.,1986652404,,female,spk07,probe_cont_10,probe,1,3.6,10,1,10,sentence,continuous,0.2454274743795395,0.09950828432808166,0.12550553679466248,0.36916065216064453,0.24161623418331146,0.2454274743795395
probe_00343_spk08.wav,/home/hye0n/projects/cnn-based-audio-pii-classification/src/cnn/data_probe/output/probe_00343_spk08.wav,번호는 일오칠사칠삼삼팔사팔입니다.,1574733848,,male,spk08,probe_cont_10,probe,1,3.12,10,1,10,sentence,continuous,0.754011074701945,0.08142720671134938,0.729604959487915,0.863676130771637,0.668752133846283,0.754011074701945
probe_00344_spk09.wav,/home/hye0n/projects/cnn-based-audio-pii-classification/src/cnn/data_probe/output/probe_00344_spk09.wav,번호는 사이일구구삼삼공팔삼입니다.,4219933083,,female,spk09,probe_cont_10,probe,1,3.2,10,1,10,sentence,continuous,0.22261674205462137,0.03190648189152891,0.20131456851959229,0.26771631836891174,0.1988193392753601,0.22261674205462137
probe_00345_spk10.wav,/home/hye0n/projects/cnn-based-audio-pii-classification/src/cnn/data_probe/output/probe_00345_spk10.wav,번호는 삼공일육오칠일이공팔입니다.,3016571208,,male,spk10,probe_cont_10,probe,1,3.28,10,1,10,sentence,continuous,0.05356713508566221,0.009021791060200299,0.05454443395137787,0.06409541517496109,0.04206155613064766,0.05356713508566221
probe_00346_spk11.wav,/home/hye0n/projects/cnn-based-audio-pii-classification/src/cnn/data_probe/output/probe_00346_spk11.wav,번호는 이육칠칠삼사오사공일입니다.,2677345401,,female,spk11,probe_cont_10,probe,1,3.36,10,1,10,sentence,continuous,0.7083101669947306,0.09122950142962805,0.5900124907493591,0.8120513558387756,0.7228666543960571,0.7083101669947306
probe_00347_spk12.wav,/home/hye0n/projects/cnn-based-audio-pii-classification/src/cnn/data_probe/output/probe_00347_spk12.wav,번호는 구삼팔공이육이공육칠입니다.,9380262067,,male,spk12,probe_cont_10,probe,1,2.72,10,1,10,sentence,continuous,0.14718696475028992,0.03557959494008147,0.13691559433937073,0.19498100876808167,0.10966429114341736,0.14718696475028992
probe_00348_spk13.wav,/home/hye0n/projects/cnn-based-audio-pii-classification/src/cnn/data_probe/output/probe_00348_spk13.wav,번호는 이사공공사구구일오사입니다.,2400499154,,male,spk13,probe_cont_10,probe,1,2.88,10,1,10,sentence,continuous,0.2610426793495814,0.04528098985314557,0.2222411036491394,0.3245612680912018,0.23632566630840302,0.2610426793495814
probe_00349_spk14.wav,/home/hye0n/projects/cnn-based-audio-pii-classification/src/cnn/data_probe/output/probe_00349_spk14.wav,번호는 칠팔팔칠이팔칠사삼일입니다.,7887287431,,female,spk14,probe_cont_10,probe,1,3.76,10,1,10,sentence,continuous,0.4635160764058431,0.12527911142399226,0.43054714798927307,0.6307555437088013,0.32924553751945496,0.4635160764058431
probe_00350_spk01.wav,/home/hye0n/projects/cnn-based-audio-pii-classification/src/cnn/data_probe/output/probe_00350_spk01.wav,번호는 오이칠사이공오사구삼입니다.,5274205493,,female,spk01,probe_cont_10,probe,1,3.2,10,1,10,sentence,continuous,0.41516650716463727,0.1381731067900495,0.3182958960533142,0.6105704307556152,0.3166331946849823,0.41516650716463727
probe_00351_spk02.wav,/home/hye0n/projects/cnn-based-audio-pii-classification/src/cnn/data_probe/output/probe_00351_spk02.wav,번호는 이구육육팔오일육일이입니다.,2966851612,,male,spk02,probe_cont_10,probe,1,2.8,10,1,10,sentence,continuous,0.05889182165265083,0.019749485047417824,0.03143682703375816,0.06817739456892014,0.0770612433552742,0.05889182165265083
probe_00352_spk03.wav,/home/hye0n/projects/cnn-based-audio-pii-classification/src/cnn/data_probe/output/probe_00352_spk03.wav,번호는 이칠오삼공사육삼칠사입니다.,2753046374,,female,spk03,probe_cont_10,probe,1,3.52,10,1,10,sentence,continuous,0.4130725562572479,0.15365884468165397,0.21566340327262878,0.5904459357261658,0.4331083297729492,0.4130725562572479
probe_00353_spk04.wav,/home/hye0n/projects/cnn-based-audio-pii-classification/src/cnn/data_probe/output/probe_00353_spk04.wav,번호는 오사구구공사오삼공일입니다.,5499045301,,male,spk04,probe_cont_10,probe,1,2.8,10,1,10,sentence,continuous,0.19563636928796768,0.05281493167736466,0.12176471203565598,0.24213039875030518,0.2230139970779419,0.19563636928796768
probe_00354_spk05.wav,/home/hye0n/projects/cnn-based-audio-pii-classification/src/cnn/data_probe/output/probe_00354_spk05.wav,번호는 칠사이육팔사일사오구입니다.,7426841459,,female,spk05,probe_cont_10,probe,1,2.88,10,1,10,sentence,continuous,0.25413262844085693,0.06729599990365981,0.2778836488723755,0.3220696747303009,0.1624445617198944,0.25413262844085693
probe_00355_spk06.wav,/home/hye0n/projects/cnn-based-audio-pii-classification/src/cnn/data_probe/output/probe_00355_spk06.wav,번호는 삼삼이칠이칠구오육팔입니다.,3327279568,,male,spk06,probe_cont_10,probe,1,3.2,10,1,10,sentence,continuous,0.044898939629395805,0.013850123154803084,0.03029920533299446,0.040890637785196304,0.06350697576999664,0.044898939629395805
probe_00356_spk07.wav,/home/hye0n/projects/cnn-based-audio-pii-classification/src/cnn/data_probe/output/probe_00356_spk07.wav,번호는 칠팔삼삼구일팔칠팔오입니다.,7833918785,,female,spk07,probe_cont_10,probe,1,3.04,10,1,10,sentence,continuous,0.6821012298266093,0.13770416988298867,0.6450067162513733,0.8662131428718567,0.5350838303565979,0.6821012298266093
probe_00357_spk08.wav,/home/hye0n/projects/cnn-based-audio-pii-classification/src/cnn/data_probe/output/probe_00357_spk08.wav,번호는 일구일공팔팔삼구팔이입니다.,1910883982,,male,spk08,probe_cont_10,probe,1,3.44,10,1,10,sentence,continuous,0.6463472445805868,0.04368768285136566,0.6139218211174011,0.7081051468849182,0.6170147657394409,0.6463472445805868
probe_00358_spk09.wav,/home/hye0n/projects/cnn-based-audio-pii-classification/src/cnn/data_probe/output/probe_00358_spk09.wav,번호는 이오팔칠일삼구칠일팔입니다.,2587139718,,female,spk09,probe_cont_10,probe,1,3.2,10,1,10,sentence,continuous,0.5616870820522308,0.10721229106521497,0.463726669549942,0.7108896970748901,0.5104448795318604,0.5616870820522308
probe_00359_spk10.wav,/home/hye0n/projects/cnn-based-audio-pii-classification/src/cnn/data_probe/output/probe_00359_spk10.wav,번호는 칠공칠이팔육칠구공팔입니다.,7072867908,,male,spk10,probe_cont_10,probe,1,3.04,10,1,10,sentence,continuous,0.025872412448128063,0.008711427434400086,0.013826219365000725,0.02965935692191124,0.03413166105747223,0.025872412448128063
probe_00360_spk11.wav,/home/hye0n/projects/cnn-based-audio-pii-classification/src/cnn/data_probe/output/probe_00360_spk11.wav,번호는 칠사공육사공삼구일공입니다.,7406403910,,female,spk11,probe_cont_10,probe,1,4.0,10,1,10,sentence,continuous,0.22749017675717673,0.08065676923739182,0.15350593626499176,0.339668869972229,0.1892957240343094,0.22749017675717673
probe_00361_spk12.wav,/home/hye0n/projects/cnn-based-audio-pii-classification/src/cnn/data_probe/output/probe_00361_spk12.wav,번호는 육오일팔공일칠공사육입니다.,6518017046,,male,spk12,probe_cont_10,probe,1,2.64,10,1,10,sentence,continuous,0.09903377667069435,0.06524648647524446,0.05731205642223358,0.19116966426372528,0.04861960932612419,0.09903377667069435
probe_00362_spk13.wav,/home/hye0n/projects/cnn-based-audio-pii-classification/src/cnn/data_probe/output/probe_00362_spk13.wav,번호는 이이육오육칠육육일팔입니다.,2265676618,,male,spk13,probe_cont_10,probe,1,4.0,10,1,10,sentence,continuous,0.10469341774781545,0.033369541494143035,0.15184099972248077,0.07935367524623871,0.08288557827472687,0.10469341774781545
probe_00363_spk14.wav,/home/hye0n/projects/cnn-based-audio-pii-classification/src/cnn/data_probe/output/probe_00363_spk14.wav,번호는 이오일이팔육팔이삼공입니다.,2512868230,,female,spk14,probe_cont_10,probe,1,3.28,10,1,10,sentence,continuous,0.1706986924012502,0.04766153109998081,0.2367178201675415,0.1494593620300293,0.1259188950061798,0.1706986924012502
probe_00364_spk01.wav,/home/hye0n/projects/cnn-based-audio-pii-classification/src/cnn/data_probe/output/probe_00364_spk01.wav,번호는 공사칠팔육팔육삼삼칠입니다.,0478686337,,female,spk01,probe_cont_10,probe,1,3.84,10,1,10,sentence,continuous,0.7597979505856832,0.09545381483569877,0.7620492577552795,0.6417819857597351,0.8755626082420349,0.7597979505856832
probe_00365_spk02.wav,/home/hye0n/projects/cnn-based-audio-pii-classification/src/cnn/data_probe/output/probe_00365_spk02.wav,번호는 오이사삼일공육구공삼입니다.,5243106903,,male,spk02,probe_cont_10,probe,1,3.2,10,1,10,sentence,continuous,0.3387373387813568,0.0680564736491306,0.2570193111896515,0.42363211512565613,0.3355605900287628,0.3387373387813568
probe_00366_spk03.wav,/home/hye0n/projects/cnn-based-audio-pii-classification/src/cnn/data_probe/output/probe_00366_spk03.wav,번호는 삼일일구공칠구공삼공입니다.,3119079030,,female,spk03,probe_cont_10,probe,1,3.44,10,1,10,sentence,continuous,0.9006216923395792,0.02699650133007267,0.8639025092124939,0.9099262952804565,0.9280362725257874,0.9006216923395792
probe_00367_spk04.wav,/home/hye0n/projects/cnn-based-audio-pii-classification/src/cnn/data_probe/output/probe_00367_spk04.wav,번호는 육칠삼팔삼공이팔사삼입니다.,6738302843,,male,spk04,probe_cont_10,probe,1,3.68,10,1,10,sentence,continuous,0.7531851331392924,0.043665434770412515,0.8095446228981018,0.7031487822532654,0.74686199426651,0.7531851331392924
probe_00368_spk05.wav,/home/hye0n/projects/cnn-based-audio-pii-classification/src/cnn/data_probe/output/probe_00368_spk05.wav,번호는 구오구구오삼사이팔삼입니다.,9599534283,,female,spk05,probe_cont_10,probe,1,3.12,10,1,10,sentence,continuous,0.18954002857208252,0.04889853449412758,0.19620896875858307,0.24581465125083923,0.12659646570682526,0.18954002857208252
probe_00369_spk06.wav,/home/hye0n/projects/cnn-based-audio-pii-classification/src/cnn/data_probe/output/probe_00369_spk06.wav,번호는 육사사공팔구이육팔칠입니다.,6440892687,,male,spk06,probe_cont_10,probe,1,2.48,10,1,10,sentence,continuous,0.014024085986117521,0.006092352166073781,0.015178189612925053,0.00605270080268383,0.020841367542743683,0.014024085986117521
probe_00370_spk07.wav,/home/hye0n/projects/cnn-based-audio-pii-classification/src/cnn/data_probe/output/probe_00370_spk07.wav,번호는 공오육팔오육육이사육입니다.,0568566246,,female,spk07,probe_cont_10,probe,1,2.8,10,1,10,sentence,continuous,0.23321816325187683,0.06500968088487848,0.16479313373565674,0.3206086754798889,0.21425268054008484,0.23321816325187683
probe_00371_spk08.wav,/home/hye0n/projects/cnn-based-audio-pii-classification/src/cnn/data_probe/output/probe_00371_spk08.wav,번호는 이팔칠삼삼사이칠공팔입니다.,2873342708,,male,spk08,probe_cont_10,probe,1,3.84,10,1,10,sentence,continuous,0.6708904107411703,0.06344969217605219,0.6953874230384827,0.7333996295928955,0.5838841795921326,0.6708904107411703
probe_00372_spk09.wav,/home/hye0n/projects/cnn-based-audio-pii-classification/src/cnn/data_probe/output/probe_00372_spk09.wav,번호는 육육팔팔이육삼사삼오입니다.,6688263435,,female,spk09,probe_cont_10,probe,1,2.8,10,1,10,sentence,continuous,0.07735806082685788,0.014326489438894925,0.0777251273393631,0.09471794217824936,0.0596311129629612,0.07735806082685788
probe_00373_spk10.wav,/home/hye0n/projects/cnn-based-audio-pii-classification/src/cnn/data_probe/output/probe_00373_spk10.wav,번호는 일칠오일팔삼공사육구입니다.,1751830469,,male,spk10,probe_cont_10,probe,1,2.56,10,1,10,sentence,continuous,0.3968278070290883,0.07296891243424145,0.42757880687713623,0.46676042675971985,0.29614418745040894,0.3968278070290883
probe_00374_spk11.wav,/home/hye0n/projects/cnn-based-audio-pii-classification/src/cnn/data_probe/output/probe_00374_spk11.wav,번호는 구공일삼구팔삼칠삼오입니다.,9013983735,,female,spk11,probe_cont_10,probe,1,4.4,10,1,10,sentence,continuous,0.41799230376879376,0.023873636428817485,0.43222808837890625,0.43738728761672974,0.38436153531074524,0.41799230376879376
probe_00375_spk12.wav,/home/hye0n/projects/cnn-based-audio-pii-classification/src/cnn/data_probe/output/probe_00375_spk12.wav,번호는 사공삼삼일칠삼구삼육입니다.,4033173936,,male,spk12,probe_cont_10,probe,1,3.68,10,1,10,sentence,continuous,0.3014473070700963,0.07071216139830747,0.30358216166496277,0.38696449995040894,0.2137952595949173,0.3014473070700963
probe_00376_spk13.wav,/home/hye0n/projects/cnn-based-audio-pii-classification/src/cnn/data_probe/output/probe_00376_spk13.wav,번호는 삼팔오사육칠팔오사사입니다.,3854678544,,male,spk13,probe_cont_10,probe,1,2.72,10,1,10,sentence,continuous,0.15978391965230307,0.08747649939519746,0.07854572683572769,0.2812019884586334,0.11960404366254807,0.15978391965230307
probe_00377_spk14.wav,/home/hye0n/projects/cnn-based-audio-pii-classification/src/cnn/data_probe/output/probe_00377_spk14.wav,번호는 오팔칠칠일칠오삼오오입니다.,5877175355,,female,spk14,probe_cont_10,probe,1,3.28,10,1,10,sentence,continuous,0.5649398565292358,0.18665495160454984,0.3986417353153229,0.8256242871284485,0.47055354714393616,0.5649398565292358
probe_00378_spk01.wav,/home/hye0n/projects/cnn-based-audio-pii-classification/src/cnn/data_probe/output/probe_00378_spk01.wav,번호는 육공구삼이공사팔구구입니다.,6093204899,,female,spk01,probe_cont_10,probe,1,3.36,10,1,10,sentence,continuous,0.19427723189194998,0.05048147193962833,0.12349215149879456,0.2216278314590454,0.23771171271800995,0.19427723189194998
probe_00379_spk02.wav,/home/hye0n/projects/cnn-based-audio-pii-classification/src/cnn/data_probe/output/probe_00379_spk02.wav,번호는 육사이삼오삼육구삼칠입니다.,6423536937,,male,spk02,probe_cont_10,probe,1,3.2,10,1,10,sentence,continuous,0.1408501217762629,0.05993524181748925,0.059155479073524475,0.20126371085643768,0.1621311753988266,0.1408501217762629
probe_00380_spk03.wav,/home/hye0n/projects/cnn-based-audio-pii-classification/src/cnn/data_probe/output/probe_00380_spk03.wav,번호는 팔오사칠칠칠이오이이입니다.,8547772522,,female,spk03,probe_cont_10,probe,1,3.44,10,1,10,sentence,continuous,0.8230303525924683,0.007478147543797767,0.8199633359909058,0.8333290815353394,0.8157986402511597,0.8230303525924683
probe_00381_spk04.wav,/home/hye0n/projects/cnn-based-audio-pii-classification/src/cnn/data_probe/output/probe_00381_spk04.wav,번호는 팔칠이팔공팔공일공공입니다.,8728080100,,male,spk04,probe_cont_10,probe,1,3.28,10,1,10,sentence,continuous,0.708069364229838,0.12309253901306287,0.6444262862205505,0.880211353302002,0.5995704531669617,0.708069364229838
probe_00382_spk05.wav,/home/hye0n/projects/cnn-based-audio-pii-classification/src/cnn/data_probe/output/probe_00382_spk05.wav,번호는 육이삼일이공삼팔칠오입니다.,6231203875,,female,spk05,probe_cont_10,probe,1,2.88,10,1,10,sentence,continuous,0.32453233500321704,0.07116334660734665,0.23542936146259308,0.4096032977104187,0.3285643458366394,0.32453233500321704
probe_00383_spk06.wav,/home/hye0n/projects/cnn-based-audio-pii-classification/src/cnn/data_probe/output/probe_00383_spk06.wav,번호는 공구구칠칠공공팔팔육입니다.,0997700886,,male,spk06,probe_cont_10,probe,1,2.8,10,1,10,sentence,continuous,0.030476465821266174,0.008756664878667768,0.02214907854795456,0.026702292263507843,0.04257802665233612,0.030476465821266174
probe_00384_spk07.wav,/home/hye0n/projects/cnn-based-audio-pii-classification/src/cnn/data_probe/output/probe_00384_spk07.wav,번호는 공공팔사팔사공팔육이입니다.,0084840862,,female,spk07,probe_cont_10,probe,1,3.52,10,1,10,sentence,continuous,0.6058777968088785,0.05738736409004763,0.6494251489639282,0.5247940421104431,0.6434141993522644,0.6058777968088785
probe_00385_spk08.wav,/home/hye0n/projects/cnn-based-audio-pii-classification/src/cnn/data_probe/output/probe_00385_spk08.wav,번호는 일일팔이삼삼구팔사오입니다.,1182339845,,male,spk08,probe_cont_10,probe,1,3.12,10,1,10,sentence,continuous,0.28274428844451904,0.058483128517680984,0.3024034798145294,0.34248876571655273,0.20334061980247498,0.28274428844451904
probe_00386_spk09.wav,/home/hye0n/projects/cnn-based-audio-pii-classification/src/cnn/data_probe/output/probe_00386_spk09.wav,번호는 사육일오육칠구삼삼사입니다.,4615679334,,female,spk09,probe_cont_10,probe,1,3.2,10,1,10,sentence,continuous,0.41413455208142597,0.08145042021533919,0.4223223328590393,0.509544312953949,0.3105370104312897,0.41413455208142597
probe_00387_spk10.wav,/home/hye0n/projects/cnn-based-audio-pii-classification/src/cnn/data_probe/output/probe_00387_spk10.wav,번호는 일공일육육육팔칠공공입니다.,1016668700,,male,spk10,probe_cont_10,probe,1,2.88,10,1,10,sentence,continuous,0.1710012604792913,0.026787747582097482,0.13400141894817352,0.19654631614685059,0.18245604634284973,0.1710012604792913
probe_00388_spk11.wav,/home/hye0n/projects/cnn-based-audio-pii-classification/src/cnn/data_probe/output/probe_00388_spk11.wav,번호는 이일칠육오구일팔공삼입니다.,2176591803,,female,spk11,probe_cont_10,probe,1,2.88,10,1,10,sentence,continuous,0.23984035849571228,0.05289309348541974,0.1874929666519165,0.3122885823249817,0.21973952651023865,0.23984035849571228
probe_00389_spk12.wav,/home/hye0n/projects/cnn-based-audio-pii-classification/src/cnn/data_probe/output/probe_00389_spk12.wav,번호는 삼구칠사공일사팔구공입니다.,3974014890,,male,spk12,probe_cont_10,probe,1,3.2,10,1,10,sentence,continuous,0.3633679151535034,0.1369846107226074,0.16968366503715515,0.45674827694892883,0.46367180347442627,0.3633679151535034
probe_00390_spk13.wav,/home/hye0n/projects/cnn-based-audio-pii-classification/src/cnn/data_probe/output/probe_00390_spk13.wav,번호는 이오공삼구이육일사이입니다.,2503926142,,male,spk13,probe_cont_10,probe,1,4.16,10,1,10,sentence,continuous,0.1286154513557752,0.07090536831650492,0.15347445011138916,0.20031608641147614,0.0320558175444603,0.1286154513557752
probe_00391_spk14.wav,/home/hye0n/projects/cnn-based-audio-pii-classification/src/cnn/data_probe/output/probe_00391_spk14.wav,번호는 구삼구육팔오육이일팔입니다.,9396856218,,female,spk14,probe_cont_10,probe,1,3.28,10,1,10,sentence,continuous,0.5438744425773621,0.13323992997941875,0.3800458312034607,0.7064079642295837,0.5451695322990417,0.5438744425773621
probe_00392_spk01.wav,/home/hye0n/projects/cnn-based-audio-pii-classification/src/cnn/data_probe/output/probe_00392_spk01.wav,번호는 오공일육삼일오구구구입니다.,5016315999,,female,spk01,probe_cont_10,probe,1,3.44,10,1,10,sentence,continuous,0.2380018730958303,0.03381139148915516,0.2582154870033264,0.26542335748672485,0.19036677479743958,0.2380018730958303
probe_00393_spk02.wav,/home/hye0n/projects/cnn-based-audio-pii-classification/src/cnn/data_probe/output/probe_00393_spk02.wav,번호는 육오공사칠칠삼오팔육입니다.,6504773586,,male,spk02,probe_cont_10,probe,1,3.6,10,1,10,sentence,continuous,0.5180557866891226,0.059612994894098,0.5996734499931335,0.49553579092025757,0.45895811915397644,0.5180557866891226
probe_00394_spk03.wav,/home/hye0n/projects/cnn-based-audio-pii-classification/src/cnn/data_probe/output/probe_00394_spk03.wav,번호는 육이구육일구사삼일일입니다.,6296194311,,female,spk03,probe_cont_10,probe,1,4.0,10,1,10,sentence,continuous,0.1822152112921079,0.05452631951289172,0.12361078709363937,0.25492042303085327,0.16811442375183105,0.1822152112921079
probe_00395_spk04.wav,/home/hye0n/projects/cnn-based-audio-pii-classification/src/cnn/data_probe/output/probe_00395_spk04.wav,번호는 사이육이육오오일일공입니다.,4262655110,,male,spk04,probe_cont_10,probe,1,2.8,10,1,10,sentence,continuous,0.59816841284434,0.1999740928502722,0.39906126260757446,0.8716521859169006,0.5237917900085449,0.59816841284434
probe_00396_spk05.wav,/home/hye0n/projects/cnn-based-audio-pii-classification/src/cnn/data_probe/output/probe_00396_spk05.wav,번호는 사칠오사일이일이육칠입니다.,4754121267,,female,spk05,probe_cont_10,probe,1,2.72,10,1,10,sentence,continuous,0.3380320419867833,0.1369676409182488,0.22258014976978302,0.5304552316665649,0.2610607445240021,0.3380320419867833
probe_00397_spk06.wav,/home/hye0n/projects/cnn-based-audio-pii-classification/src/cnn/data_probe/output/probe_00397_spk06.wav,번호는 팔팔팔육일공일오팔일입니다.,8886101581,,male,spk06,probe_cont_10,probe,1,3.44,10,1,10,sentence,continuous,0.03151237530012926,0.012842297722823888,0.019192080944776535,0.04922867566347122,0.026116369292140007,0.03151237530012926
probe_00398_spk07.wav,/home/hye0n/projects/cnn-based-audio-pii-classification/src/cnn/data_probe/output/probe_00398_spk07.wav,번호는 구구오육공사육육일팔입니다.,9956046618,,female,spk07,probe_cont_10,probe,1,3.6,10,1,10,sentence,continuous,0.1096532369653384,0.008227342931760117,0.10853246599435806,0.12024316191673279,0.10018408298492432,0.1096532369653384
probe_00399_spk08.wav,/home/hye0n/projects/cnn-based-audio-pii-classification/src/cnn/data_probe/output/probe_00399_spk08.wav,번호는 삼구팔이육이이사사사입니다.,3982622444,,male,spk08,probe_cont_10,probe,1,2.88,10,1,10,sentence,continuous,0.3603161076704661,0.027042994739943458,0.3360534608364105,0.3468451201915741,0.3980497419834137,0.3603161076704661
probe_00400_spk09.wav,/home/hye0n/projects/cnn-based-audio-pii-classification/src/cnn/data_probe/output/probe_00400_spk09.wav,번호는 칠이일이육사육사칠일오사입니다.,721264647154,,female,spk09,probe_cont_12,probe,1,3.6,12,1,12,sentence,continuous,0.7498026887575785,0.02458796267604635,0.7730165123939514,0.7606165409088135,0.7157750129699707,0.7498026887575785
probe_00401_spk10.wav,/home/hye0n/projects/cnn-based-audio-pii-classification/src/cnn/data_probe/output/probe_00401_spk10.wav,번호는 삼칠구구삼칠일이사공육오입니다.,379937124065,,male,spk10,probe_cont_12,probe,1,3.52,12,1,12,sentence,continuous,0.16407369325558344,0.03859877114120995,0.11810583621263504,0.1615622341632843,0.212553009390831,0.16407369325558344
probe_00402_spk11.wav,/home/hye0n/projects/cnn-based-audio-pii-classification/src/cnn/data_probe/output/probe_00402_spk11.wav,번호는 구육오칠오육구이사오구삼입니다.,965756924593,,female,spk11,probe_cont_12,probe,1,3.92,12,1,12,sentence,continuous,0.493685116370519,0.1134981169751051,0.6262417435646057,0.5057923197746277,0.3490212857723236,0.493685116370519
probe_00403_spk12.wav,/home/hye0n/projects/cnn-based-audio-pii-classification/src/cnn/data_probe/output/probe_00403_spk12.wav,번호는 칠오이육오사칠구삼오육사입니다.,752654793564,,male,spk12,probe_cont_12,probe,1,3.36,12,1,12,sentence,continuous,0.06973686690131824,0.026031533406116733,0.04585159569978714,0.10594020038843155,0.05741880461573601,0.06973686690131824
probe_00404_spk13.wav,/home/hye0n/projects/cnn-based-audio-pii-classification/src/cnn/data_probe/output/probe_00404_spk13.wav,번호는 육오일구삼구팔이팔공칠삼입니다.,651939828073,,male,spk13,probe_cont_12,probe,1,3.52,12,1,12,sentence,continuous,0.1935279220342636,0.006136223312679451,0.18852874636650085,0.18988454341888428,0.2021704763174057,0.1935279220342636
probe_00405_spk14.wav,/home/hye0n/projects/cnn-based-audio-pii-classification/src/cnn/data_probe/output/probe_00405_spk14.wav,번호는 칠사일육칠이사삼사이육육입니다.,741672434266,,female,spk14,probe_cont_12,probe,1,3.52,12,1,12,sentence,continuous,0.611290454864502,0.09537962386293954,0.7460128664970398,0.5497009754180908,0.5381575226783752,0.611290454864502
probe_00406_spk01.wav,/home/hye0n/projects/cnn-based-audio-pii-classification/src/cnn/data_probe/output/probe_00406_spk01.wav,번호는 일칠구칠구육팔팔육팔공오입니다.,179796886805,,female,spk01,probe_cont_12,probe,1,3.68,12,1,12,sentence,continuous,0.9512255390485128,0.020364123187398456,0.9456900954246521,0.9784690737724304,0.9295174479484558,0.9512255390485128
probe_00407_spk02.wav,/home/hye0n/projects/cnn-based-audio-pii-classification/src/cnn/data_probe/output/probe_00407_spk02.wav,번호는 팔구일일삼오이구공구육오입니다.,891135290965,,male,spk02,probe_cont_12,probe,1,2.96,12,1,12,sentence,continuous,0.40252278248469037,0.07878011937934426,0.40045949816703796,0.5000234246253967,0.30708542466163635,0.40252278248469037
probe_00408_spk03.wav,/home/hye0n/projects/cnn-based-audio-pii-classification/src/cnn/data_probe/output/probe_00408_spk03.wav,번호는 육일공일사삼팔팔팔구구삼입니다.,610143888993,,female,spk03,probe_cont_12,probe,1,3.92,12,1,12,sentence,continuous,0.8818759918212891,0.07883594271006801,0.7712216377258301,0.9490086436271667,0.9253976941108704,0.8818759918212891
probe_00409_spk04.wav,/home/hye0n/projects/cnn-based-audio-pii-classification/src/cnn/data_probe/output/probe_00409_spk04.wav,번호는 칠오육칠구팔이오공칠일사입니다.,756798250714,,male,spk04,probe_cont_12,probe,1,3.44,12,1,12,sentence,continuous,0.92058926820755,0.038219488281540405,0.8665396571159363,0.9478853344917297,0.9473428130149841,0.92058926820755
probe_00410_spk05.wav,/home/hye0n/projects/cnn-based-audio-pii-classification/src/cnn/data_probe/output/probe_00410_spk05.wav,번호는 육일일이오사오칠삼팔칠오입니다.,611254573875,,female,spk05,probe_cont_12,probe,1,3.6,12,1,12,sentence,continuous,0.79390416542689,0.05447000367112956,0.8510940670967102,0.8100021481513977,0.7206162810325623,0.79390416542689
probe_00411_spk06.wav,/home/hye0n/projects/cnn-based-audio-pii-classification/src/cnn/data_probe/output/probe_00411_spk06.wav,번호는 칠일칠칠오일사공일공오일입니다.,717751401051,,male,spk06,probe_cont_12,probe,1,2.96,12,1,12,sentence,continuous,0.13988589743773142,0.043104544293760885,0.10227657854557037,0.20023760199546814,0.11714351177215576,0.13988589743773142
probe_00412_spk07.wav,/home/hye0n/projects/cnn-based-audio-pii-classification/src/cnn/data_probe/output/probe_00412_spk07.wav,번호는 이삼팔이팔이오팔육칠삼육입니다.,238282586736,,female,spk07,probe_cont_12,probe,1,3.52,12,1,12,sentence,continuous,0.8477678894996643,0.017432202350989166,0.8562288880348206,0.8234841823577881,0.8635905981063843,0.8477678894996643
probe_00413_spk08.wav,/home/hye0n/projects/cnn-based-audio-pii-classification/src/cnn/data_probe/output/probe_00413_spk08.wav,번호는 이이육육공구삼칠구육육공입니다.,226609379660,,male,spk08,probe_cont_12,probe,1,4.0,12,1,12,sentence,continuous,0.6494038502375284,0.012016814455647538,0.6607747673988342,0.6546560525894165,0.6327807307243347,0.6494038502375284
probe_00414_spk09.wav,/home/hye0n/projects/cnn-based-audio-pii-classification/src/cnn/data_probe/output/probe_00414_spk09.wav,번호는 삼삼사일구일팔이오오삼칠입니다.,334191825537,,female,spk09,probe_cont_12,probe,1,3.36,12,1,12,sentence,continuous,0.7744318644205729,0.10172147643861308,0.6318668127059937,0.8623664975166321,0.829062283039093,0.7744318644205729
probe_00415_spk10.wav,/home/hye0n/projects/cnn-based-audio-pii-classification/src/cnn/data_probe/output/probe_00415_spk10.wav,번호는 일사칠팔오구육구육구일오입니다.,147859696915,,male,spk10,probe_cont_12,probe,1,2.72,12,1,12,sentence,continuous,0.5116540193557739,0.18701860601048434,0.30903950333595276,0.7601837515830994,0.46573880314826965,0.5116540193557739
probe_00416_spk11.wav,/home/hye0n/projects/cnn-based-audio-pii-classification/src/cnn/data_probe/output/probe_00416_spk11.wav,번호는 오칠구이사구구일이오일삼입니다.,579249912513,,female,spk11,probe_cont_12,probe,1,3.12,12,1,12,sentence,continuous,0.738532821337382,0.1284261450228777,0.5607420206069946,0.8595644235610962,0.7952920198440552,0.738532821337382
probe_00417_spk12.wav,/home/hye0n/projects/cnn-based-audio-pii-classification/src/cnn/data_probe/output/probe_00417_spk12.wav,번호는 사일이오이팔육육구이구육입니다.,412528669296,,male,spk12,probe_cont_12,probe,1,3.36,12,1,12,sentence,continuous,0.3052924821774165,0.09993346407170751,0.223714679479599,0.24613718688488007,0.4460255801677704,0.3052924821774165
probe_00418_spk13.wav,/home/hye0n/projects/cnn-based-audio-pii-classification/src/cnn/data_probe/output/probe_00418_spk13.wav,번호는 육이칠팔이팔이칠사이이오입니다.,627828274225,,male,spk13,probe_cont_12,probe,1,2.72,12,1,12,sentence,continuous,0.12668424596389136,0.054473349053619634,0.16896763443946838,0.16131086647510529,0.04977423697710037,0.12668424596389136
probe_00419_spk14.wav,/home/hye0n/projects/cnn-based-audio-pii-classification/src/cnn/data_probe/output/probe_00419_spk14.wav,번호는 칠구공오공칠이삼육팔팔칠입니다.,790507236887,,female,spk14,probe_cont_12,probe,1,3.6,12,1,12,sentence,continuous,0.5000113149483999,0.1348214176531872,0.36290284991264343,0.6833094954490662,0.45382159948349,0.5000113149483999
probe_00420_spk01.wav,/home/hye0n/projects/cnn-based-audio-pii-classification/src/cnn/data_probe/output/probe_00420_spk01.wav,번호는 육칠육칠칠이일구공삼사공입니다.,676772190340,,female,spk01,probe_cont_12,probe,1,3.84,12,1,12,sentence,continuous,0.9376842379570007,0.01006920419152896,0.9517855048179626,0.9323508739471436,0.928916335105896,0.9376842379570007
probe_00421_spk02.wav,/home/hye0n/projects/cnn-based-audio-pii-classification/src/cnn/data_probe/output/probe_00421_spk02.wav,번호는 사삼팔사이칠구칠팔팔일구입니다.,438427978819,,male,spk02,probe_cont_12,probe,1,3.6,12,1,12,sentence,continuous,0.7138005097707113,0.08382062395002486,0.6277127861976624,0.8274171948432922,0.6862715482711792,0.7138005097707113
probe_00422_spk03.wav,/home/hye0n/projects/cnn-based-audio-pii-classification/src/cnn/data_probe/output/probe_00422_spk03.wav,번호는 일사팔오팔공칠팔삼육일삼입니다.,148580783613,,female,spk03,probe_cont_12,probe,1,3.76,12,1,12,sentence,continuous,0.4283689459164937,0.13847965015287367,0.36618682742118835,0.6202858686447144,0.2986341416835785,0.4283689459164937
probe_00423_spk04.wav,/home/hye0n/projects/cnn-based-audio-pii-classification/src/cnn/data_probe/output/probe_00423_spk04.wav,번호는 사공칠사오일칠일삼삼구오입니다.,407451713395,,male,spk04,probe_cont_12,probe,1,3.44,12,1,12,sentence,continuous,0.7322511672973633,0.06966203030600382,0.6495600938796997,0.8199738264083862,0.7272195816040039,0.7322511672973633
probe_00424_spk05.wav,/home/hye0n/projects/cnn-based-audio-pii-classification/src/cnn/data_probe/output/probe_00424_spk05.wav,번호는 구육이구이삼삼공구오팔사입니다.,962923309584,,female,spk05,probe_cont_12,probe,1,3.2,12,1,12,sentence,continuous,0.6497690478960673,0.13739371870693382,0.8203227519989014,0.6451093554496765,0.483875036239624,0.6497690478960673
probe_00425_spk06.wav,/home/hye0n/projects/cnn-based-audio-pii-classification/src/cnn/data_probe/output/probe_00425_spk06.wav,번호는 구팔이오사사구사팔일이육입니다.,982544948126,,male,spk06,probe_cont_12,probe,1,2.72,12,1,12,sentence,continuous,0.13982924818992615,0.044708751529008287,0.11982326209545135,0.20177575945854187,0.09788872301578522,0.13982924818992615
probe_00426_spk07.wav,/home/hye0n/projects/cnn-based-audio-pii-classification/src/cnn/data_probe/output/probe_00426_spk07.wav,번호는 공사이이삼이오삼육칠이구입니다.,042232536729,,female,spk07,probe_cont_12,probe,1,3.04,12,1,12,sentence,continuous,0.6065807938575745,0.07786255077959936,0.7002959251403809,0.6097928881645203,0.5096535682678223,0.6065807938575745
probe_00427_spk08.wav,/home/hye0n/projects/cnn-based-audio-pii-classification/src/cnn/data_probe/output/probe_00427_spk08.wav,번호는 사육육칠일일육팔사오칠칠입니다.,466711684577,,male,spk08,probe_cont_12,probe,1,3.68,12,1,12,sentence,continuous,0.9118510286013285,0.002523445024760788,0.9094315767288208,0.910788893699646,0.9153326153755188,0.9118510286013285
probe_00428_spk09.wav,/home/hye0n/projects/cnn-based-audio-pii-classification/src/cnn/data_probe/output/probe_00428_spk09.wav,번호는 오구공일칠오일팔육삼육삼입니다.,590175186363,,female,spk09,probe_cont_12,probe,1,3.76,12,1,12,sentence,continuous,0.7912642161051432,0.0646268893525122,0.7002463340759277,0.8295786380767822,0.8439676761627197,0.7912642161051432
probe_00429_spk10.wav,/home/hye0n/projects/cnn-based-audio-pii-classification/src/cnn/data_probe/output/probe_00429_spk10.wav,번호는 칠사오사오팔구이구칠오공입니다.,745458929750,,male,spk10,probe_cont_12,probe,1,3.2,12,1,12,sentence,continuous,0.10080226510763168,0.03027688593965973,0.07540447264909744,0.14335495233535767,0.08364737033843994,0.10080226510763168
probe_00430_spk11.wav,/home/hye0n/projects/cnn-based-audio-pii-classification/src/cnn/data_probe/output/probe_00430_spk11.wav,번호는 공일칠공일이칠칠공육삼이입니다.,017012770632,,female,spk11,probe_cont_12,probe,1,4.24,12,1,12,sentence,continuous,0.8917128245035807,0.02057041955223916,0.8818720579147339,0.9203414916992188,0.8729249238967896,0.8917128245035807
probe_00431_spk12.wav,/home/hye0n/projects/cnn-based-audio-pii-classification/src/cnn/data_probe/output/probe_00431_spk12.wav,번호는 사이사일오사일오이공육사입니다.,424154152064,,male,spk12,probe_cont_12,probe,1,2.88,12,1,12,sentence,continuous,0.18666519224643707,0.08377000954385282,0.17300699651241302,0.2954070568084717,0.09158152341842651,0.18666519224643707
probe_00432_spk13.wav,/home/hye0n/projects/cnn-based-audio-pii-classification/src/cnn/data_probe/output/probe_00432_spk13.wav,번호는 삼육일일공삼칠일이구삼팔입니다.,361103712938,,male,spk13,probe_cont_12,probe,1,3.12,12,1,12,sentence,continuous,0.41926942269007367,0.0580502641779246,0.4932578206062317,0.3514687716960907,0.41308167576789856,0.41926942269007367
probe_00433_spk14.wav,/home/hye0n/projects/cnn-based-audio-pii-classification/src/cnn/data_probe/output/probe_00433_spk14.wav,번호는 칠공공오일육이칠일삼육일입니다.,700516271361,,female,spk14,probe_cont_12,probe,1,4.0,12,1,12,sentence,continuous,0.6472354729970297,0.14827843180033012,0.8355718851089478,0.6329220533370972,0.47321248054504395,0.6472354729970297
probe_00434_spk01.wav,/home/hye0n/projects/cnn-based-audio-pii-classification/src/cnn/data_probe/output/probe_00434_spk01.wav,번호는 일일오오사이육이이일팔구입니다.,115542622189,,female,spk01,probe_cont_12,probe,1,3.28,12,1,12,sentence,continuous,0.8517083326975504,0.03804393208613556,0.8061206936836243,0.8992475867271423,0.8497567176818848,0.8517083326975504
probe_00435_spk02.wav,/home/hye0n/projects/cnn-based-audio-pii-classification/src/cnn/data_probe/output/probe_00435_spk02.wav,번호는 공구이칠오삼이육구칠삼일입니다.,092753269731,,male,spk02,probe_cont_12,probe,1,4.08,12,1,12,sentence,continuous,0.6023907860120138,0.007538202244080579,0.6130462884902954,0.5967767834663391,0.5973492860794067,0.6023907860120138
probe_00436_spk03.wav,/home/hye0n/projects/cnn-based-audio-pii-classification/src/cnn/data_probe/output/probe_00436_spk03.wav,번호는 일이일구육오육오이삼사일입니다.,121965652341,,female,spk03,probe_cont_12,probe,1,3.92,12,1,12,sentence,continuous,0.6901142199834188,0.12685130845242143,0.5940911173820496,0.8693566918373108,0.606894850730896,0.6901142199834188
probe_00437_spk04.wav,/home/hye0n/projects/cnn-based-audio-pii-classification/src/cnn/data_probe/output/probe_00437_spk04.wav,번호는 삼팔구구구사공사삼팔구팔입니다.,389994043898,,male,spk04,probe_cont_12,probe,1,3.92,12,1,12,sentence,continuous,0.8098485867182413,0.07562903553593334,0.7563685178756714,0.9168041944503784,0.7563730478286743,0.8098485867182413
probe_00438_spk05.wav,/home/hye0n/projects/cnn-based-audio-pii-classification/src/cnn/data_probe/output/probe_00438_spk05.wav,번호는 삼육사공삼칠육일삼칠구일입니다.,364037613791,,female,spk05,probe_cont_12,probe,1,3.52,12,1,12,sentence,continuous,0.8683680494626363,0.027991136488628214,0.8312597870826721,0.8988590240478516,0.8749853372573853,0.8683680494626363
probe_00439_spk06.wav,/home/hye0n/projects/cnn-based-audio-pii-classification/src/cnn/data_probe/output/probe_00439_spk06.wav,번호는 팔공오오이육구육오팔이칠입니다.,805526965827,,male,spk06,probe_cont_12,probe,1,2.88,12,1,12,sentence,continuous,0.05920595054825147,0.04101394450007242,0.02761150896549225,0.11712868511676788,0.03287765756249428,0.05920595054825147
probe_00440_spk07.wav,/home/hye0n/projects/cnn-based-audio-pii-classification/src/cnn/data_probe/output/probe_00440_spk07.wav,번호는 일공구일공사삼공공육팔사입니다.,109104300684,,female,spk07,probe_cont_12,probe,1,3.28,12,1,12,sentence,continuous,0.7527023553848267,0.07422999813245895,0.8015555739402771,0.8087441325187683,0.6478073596954346,0.7527023553848267
probe_00441_spk08.wav,/home/hye0n/projects/cnn-based-audio-pii-classification/src/cnn/data_probe/output/probe_00441_spk08.wav,번호는 팔육육육일팔팔구이사일사입니다.,866618892414,,male,spk08,probe_cont_12,probe,1,3.36,12,1,12,sentence,continuous,0.8574238618214926,0.03945331823908242,0.8600679039955139,0.9043678045272827,0.8078358769416809,0.8574238618214926
probe_00442_spk09.wav,/home/hye0n/projects/cnn-based-audio-pii-classification/src/cnn/data_probe/output/probe_00442_spk09.wav,번호는 일팔삼이팔오육구일사육삼입니다.,183285691463,,female,spk09,probe_cont_12,probe,1,3.68,12,1,12,sentence,continuous,0.806953509648641,0.03646231608327526,0.8324083089828491,0.755389392375946,0.8330628275871277,0.806953509648641
probe_00443_spk10.wav,/home/hye0n/projects/cnn-based-audio-pii-classification/src/cnn/data_probe/output/probe_00443_spk10.wav,번호는 공삼일육일칠구구공사이일입니다.,031617990421,,male,spk10,probe_cont_12,probe,1,2.8,12,1,12,sentence,continuous,0.5400808950265249,0.11470536988743352,0.45360296964645386,0.7021775841712952,0.46446213126182556,0.5400808950265249
probe_00444_spk11.wav,/home/hye0n/projects/cnn-based-audio-pii-classification/src/cnn/data_probe/output/probe_00444_spk11.wav,번호는 공이공이칠오팔팔사이오이입니다.,020275884252,,female,spk11,probe_cont_12,probe,1,3.68,12,1,12,sentence,continuous,0.5186853806177775,0.026763698880051093,0.5548468232154846,0.5102848410606384,0.4909244775772095,0.5186853806177775
probe_00445_spk12.wav,/home/hye0n/projects/cnn-based-audio-pii-classification/src/cnn/data_probe/output/probe_00445_spk12.wav,번호는 사일공오육사팔일사구일칠입니다.,410564814917,,male,spk12,probe_cont_12,probe,1,3.36,12,1,12,sentence,continuous,0.14820142338673273,0.055078125263826494,0.11494768410921097,0.2258286327123642,0.10382795333862305,0.14820142338673273
probe_00446_spk13.wav,/home/hye0n/projects/cnn-based-audio-pii-classification/src/cnn/data_probe/output/probe_00446_spk13.wav,번호는 칠팔오공칠구이오이사일구입니다.,785079252419,,male,spk13,probe_cont_12,probe,1,3.2,12,1,12,sentence,continuous,0.6821701526641846,0.17888582014047044,0.4411284327507019,0.869206964969635,0.7361750602722168,0.6821701526641846
probe_00447_spk14.wav,/home/hye0n/projects/cnn-based-audio-pii-classification/src/cnn/data_probe/output/probe_00447_spk14.wav,번호는 일삼팔공공공삼공칠오육이입니다.,138000307562,,female,spk14,probe_cont_12,probe,1,3.2,12,1,12,sentence,continuous,0.40527794261773425,0.1537019085610592,0.18914802372455597,0.49328526854515076,0.5334005355834961,0.40527794261773425
probe_00448_spk01.wav,/home/hye0n/projects/cnn-based-audio-pii-classification/src/cnn/data_probe/output/probe_00448_spk01.wav,번호는 이공팔육삼오삼육오사일구입니다.,208635365419,,female,spk01,probe_cont_12,probe,1,3.76,12,1,12,sentence,continuous,0.9350693821907043,0.035227859223722666,0.8852739334106445,0.9613136053085327,0.9586206078529358,0.9350693821907043
probe_00449_spk02.wav,/home/hye0n/projects/cnn-based-audio-pii-classification/src/cnn/data_probe/output/probe_00449_spk02.wav,번호는 오일팔공이삼팔공육일칠사입니다.,518023806174,,male,spk02,probe_cont_12,probe,1,3.68,12,1,12,sentence,continuous,0.5004192193349203,0.09567043437823254,0.3662566542625427,0.5826514959335327,0.5523495078086853,0.5004192193349203
probe_00450_spk03.wav,/home/hye0n/projects/cnn-based-audio-pii-classification/src/cnn/data_probe/output/probe_00450_spk03.wav,번호는 사오일팔칠공오삼사구사구입니다.,451870534949,,female,spk03,probe_cont_12,probe,1,4.16,12,1,12,sentence,continuous,0.7171642978986105,0.017448537021479475,0.6982679963111877,0.7128692865371704,0.7403556108474731,0.7171642978986105
probe_00451_spk04.wav,/home/hye0n/projects/cnn-based-audio-pii-classification/src/cnn/data_probe/output/probe_00451_spk04.wav,번호는 삼칠오구칠삼팔삼이공육공입니다.,375973832060,,male,spk04,probe_cont_12,probe,1,3.76,12,1,12,sentence,continuous,0.8159908652305603,0.06164020593698159,0.738476037979126,0.8892861008644104,0.8202104568481445,0.8159908652305603
probe_00452_spk05.wav,/home/hye0n/projects/cnn-based-audio-pii-classification/src/cnn/data_probe/output/probe_00452_spk05.wav,번호는 삼팔오공오공육사일삼팔삼입니다.,385050641383,,female,spk05,probe_cont_12,probe,1,4.08,12,1,12,sentence,continuous,0.7948245604832967,0.017157757823501985,0.7940336465835571,0.7742173075675964,0.8162227272987366,0.7948245604832967
probe_00453_spk06.wav,/home/hye0n/projects/cnn-based-audio-pii-classification/src/cnn/data_probe/output/probe_00453_spk06.wav,번호는 육칠공이사일공삼팔육오칠입니다.,670241038657,,male,spk06,probe_cont_12,probe,1,3.04,12,1,12,sentence,continuous,0.30162639419237774,0.04411491771361083,0.2769472301006317,0.36358848214149475,0.2643434703350067,0.30162639419237774
probe_00454_spk07.wav,/home/hye0n/projects/cnn-based-audio-pii-classification/src/cnn/data_probe/output/probe_00454_spk07.wav,번호는 일구일팔이육일구구공육이입니다.,191826199062,,female,spk07,probe_cont_12,probe,1,3.2,12,1,12,sentence,continuous,0.6916600465774536,0.14670583825004346,0.646411120891571,0.8896364569664001,0.5389325618743896,0.6916600465774536
probe_00455_spk08.wav,/home/hye0n/projects/cnn-based-audio-pii-classification/src/cnn/data_probe/output/probe_00455_spk08.wav,번호는 삼사사오육오오칠사삼일삼입니다.,344565574313,,male,spk08,probe_cont_12,probe,1,4.08,12,1,12,sentence,continuous,0.9146469235420227,0.022172039785907153,0.9442994594573975,0.9086492657661438,0.8909920454025269,0.9146469235420227
probe_00456_spk09.wav,/home/hye0n/projects/cnn-based-audio-pii-classification/src/cnn/data_probe/output/probe_00456_spk09.wav,번호는 이구일이일이칠칠오육일팔입니다.,291212775618,,female,spk09,probe_cont_12,probe,1,3.92,12,1,12,sentence,continuous,0.48978517452875775,0.09026943950495511,0.4915659725666046,0.5994410514831543,0.3783484995365143,0.48978517452875775
probe_00457_spk10.wav,/home/hye0n/projects/cnn-based-audio-pii-classification/src/cnn/data_probe/output/probe_00457_spk10.wav,번호는 오삼칠사칠사일일이사구공입니다.,537474112490,,male,spk10,probe_cont_12,probe,1,3.68,12,1,12,sentence,continuous,0.10809923460086186,0.04192299862743705,0.10127986967563629,0.1625131219625473,0.06050471216440201,0.10809923460086186
probe_00458_spk11.wav,/home/hye0n/projects/cnn-based-audio-pii-classification/src/cnn/data_probe/output/probe_00458_spk11.wav,번호는 삼오이일삼오육팔공사사이입니다.,352135680442,,female,spk11,probe_cont_12,probe,1,3.52,12,1,12,sentence,continuous,0.21915842592716217,0.07777640204490842,0.15622444450855255,0.3287486433982849,0.17250218987464905,0.21915842592716217
probe_00459_spk12.wav,/home/hye0n/projects/cnn-based-audio-pii-classification/src/cnn/data_probe/output/probe_00459_spk12.wav,번호는 공육칠팔팔삼일칠일이일공입니다.,067883171210,,male,spk12,probe_cont_12,probe,1,3.44,12,1,12,sentence,continuous,0.5196547309557596,0.08004335472584077,0.4947051703929901,0.6277514100074768,0.43650761246681213,0.5196547309557596
probe_00460_spk13.wav,/home/hye0n/projects/cnn-based-audio-pii-classification/src/cnn/data_probe/output/probe_00460_spk13.wav,번호는 공삼이삼육오일구구사일공입니다.,032365199410,,male,spk13,probe_cont_12,probe,1,3.36,12,1,12,sentence,continuous,0.3643480141957601,0.058462597145431866,0.3831721842288971,0.4246571660041809,0.28521469235420227,0.3643480141957601
probe_00461_spk14.wav,/home/hye0n/projects/cnn-based-audio-pii-classification/src/cnn/data_probe/output/probe_00461_spk14.wav,번호는 일삼칠이일오일공칠공이구입니다.,137215107029,,female,spk14,probe_cont_12,probe,1,3.84,12,1,12,sentence,continuous,0.6500008205572764,0.14408927243762198,0.49781301617622375,0.6087417006492615,0.843447744846344,0.6500008205572764
probe_00462_spk01.wav,/home/hye0n/projects/cnn-based-audio-pii-classification/src/cnn/data_probe/output/probe_00462_spk01.wav,번호는 육육칠공육육이오삼이사사입니다.,667066253244,,female,spk01,probe_cont_12,probe,1,3.76,12,1,12,sentence,continuous,0.7831777532895406,0.09734728331854915,0.6455262303352356,0.8500582575798035,0.8539487719535828,0.7831777532895406
probe_00463_spk02.wav,/home/hye0n/projects/cnn-based-audio-pii-classification/src/cnn/data_probe/output/probe_00463_spk02.wav,번호는 칠이공구구구삼사칠육팔칠입니다.,720999347687,,male,spk02,probe_cont_12,probe,1,2.96,12,1,12,sentence,continuous,0.34615669151147205,0.07704019524619343,0.24045421183109283,0.4218777120113373,0.3761381506919861,0.34615669151147205
probe_00464_spk03.wav,/home/hye0n/projects/cnn-based-audio-pii-classification/src/cnn/data_probe/output/probe_00464_spk03.wav,번호는 공일사육이육삼팔삼팔공육입니다.,014626383806,,female,spk03,probe_cont_12,probe,1,4.0,12,1,12,sentence,continuous,0.7571389079093933,0.016203483532806307,0.772243082523346,0.7346627712249756,0.7645108699798584,0.7571389079093933
probe_00465_spk04.wav,/home/hye0n/projects/cnn-based-audio-pii-classification/src/cnn/data_probe/output/probe_00465_spk04.wav,번호는 오칠팔칠오구팔오육사이공입니다.,578759856420,,male,spk04,probe_cont_12,probe,1,3.28,12,1,12,sentence,continuous,0.6888220906257629,0.1024545197740535,0.5499023795127869,0.7939383387565613,0.7226255536079407,0.6888220906257629
probe_00466_spk05.wav,/home/hye0n/projects/cnn-based-audio-pii-classification/src/cnn/data_probe/output/probe_00466_spk05.wav,번호는 오구삼공사공칠팔오구삼이입니다.,593040785932,,female,spk05,probe_cont_12,probe,1,3.52,12,1,12,sentence,continuous,0.9006053606669108,0.04023258996633269,0.8699760437011719,0.9574456214904785,0.874394416809082,0.9006053606669108
probe_00467_spk06.wav,/home/hye0n/projects/cnn-based-audio-pii-classification/src/cnn/data_probe/output/probe_00467_spk06.wav,번호는 일삼삼사팔공삼구육오이이입니다.,133480396522,,male,spk06,probe_cont_12,probe,1,3.68,12,1,12,sentence,continuous,0.33193976680437726,0.056727387049387186,0.4119170308113098,0.2864992916584015,0.2974029779434204,0.33193976680437726
probe_00468_spk07.wav,/home/hye0n/projects/cnn-based-audio-pii-classification/src/cnn/data_probe/output/probe_00468_spk07.wav,번호는 삼구오오구공오구구이구삼입니다.,395590599293,,female,spk07,probe_cont_12,probe,1,3.04,12,1,12,sentence,continuous,0.6007511019706726,0.018092115155249475,0.6206956505775452,0.6046586036682129,0.5768990516662598,0.6007511019706726
probe_00469_spk08.wav,/home/hye0n/projects/cnn-based-audio-pii-classification/src/cnn/data_probe/output/probe_00469_spk08.wav,번호는 칠팔사이칠공일공삼구삼공입니다.,784270103930,,male,spk08,probe_cont_12,probe,1,4.0,12,1,12,sentence,continuous,0.7164928714434305,0.07048932216404721,0.681725025177002,0.8147873282432556,0.6529662609100342,0.7164928714434305
probe_00470_spk09.wav,/home/hye0n/projects/cnn-based-audio-pii-classification/src/cnn/data_probe/output/probe_00470_spk09.wav,번호는 팔칠공오구삼이오이오공공입니다.,870593252500,,female,spk09,probe_cont_12,probe,1,3.52,12,1,12,sentence,continuous,0.12661245961984,0.054873329228799096,0.06749934703111649,0.199710413813591,0.11262761801481247,0.12661245961984
probe_00471_spk10.wav,/home/hye0n/projects/cnn-based-audio-pii-classification/src/cnn/data_probe/output/probe_00471_spk10.wav,번호는 이구이일팔오일오육구일오입니다.,292185156915,,male,spk10,probe_cont_12,probe,1,3.76,12,1,12,sentence,continuous,0.3548760215441386,0.07257598238187749,0.3369968831539154,0.4513436555862427,0.2762875258922577,0.3548760215441386
probe_00472_spk11.wav,/home/hye0n/projects/cnn-based-audio-pii-classification/src/cnn/data_probe/output/probe_00472_spk11.wav,번호는 사오이이육칠오이팔구오삼입니다.,452267528953,,female,spk11,probe_cont_12,probe,1,3.92,12,1,12,sentence,continuous,0.5042984982331594,0.08053271928031679,0.4098670184612274,0.6066531538963318,0.49637532234191895,0.5042984982331594
probe_00473_spk12.wav,/home/hye0n/projects/cnn-based-audio-pii-classification/src/cnn/data_probe/output/probe_00473_spk12.wav,번호는 구이육사사이이공구육구공입니다.,926442209690,,male,spk12,probe_cont_12,probe,1,3.12,12,1,12,sentence,continuous,0.24264956017335257,0.031178901400401464,0.23978184163570404,0.2821887731552124,0.20597806572914124,0.24264956017335257
probe_00474_spk13.wav,/home/hye0n/projects/cnn-based-audio-pii-classification/src/cnn/data_probe/output/probe_00474_spk13.wav,번호는 이구오구삼구일칠이오일삼입니다.,295939172513,,male,spk13,probe_cont_12,probe,1,3.04,12,1,12,sentence,continuous,0.07083995764454205,0.03829441300557555,0.05205651745200157,0.12422122061252594,0.03624213486909866,0.07083995764454205
probe_00475_spk14.wav,/home/hye0n/projects/cnn-based-audio-pii-classification/src/cnn/data_probe/output/probe_00475_spk14.wav,번호는 오오이일오칠공사삼삼일오입니다.,552157043315,,female,spk14,probe_cont_12,probe,1,3.52,12,1,12,sentence,continuous,0.7115174929300944,0.08248370028710371,0.8177580833435059,0.6166833639144897,0.7001110315322876,0.7115174929300944
probe_00476_spk01.wav,/home/hye0n/projects/cnn-based-audio-pii-classification/src/cnn/data_probe/output/probe_00476_spk01.wav,번호는 사일공공육칠육이육칠육오입니다.,410067626765,,female,spk01,probe_cont_12,probe,1,4.32,12,1,12,sentence,continuous,0.952350119749705,0.0135866969949245,0.9342425465583801,0.9669702649116516,0.9558375477790833,0.952350119749705
probe_00477_spk02.wav,/home/hye0n/projects/cnn-based-audio-pii-classification/src/cnn/data_probe/output/probe_00477_spk02.wav,번호는 팔육일칠구삼이칠일공사공입니다.,861793271040,,male,spk02,probe_cont_12,probe,1,3.44,12,1,12,sentence,continuous,0.5564960738023123,0.052233093239502294,0.5894238948822021,0.5972970128059387,0.4827673137187958,0.5564960738023123
probe_00478_spk03.wav,/home/hye0n/projects/cnn-based-audio-pii-classification/src/cnn/data_probe/output/probe_00478_spk03.wav,번호는 오사일일오이육이일팔일오입니다.,541152621815,,female,spk03,probe_cont_12,probe,1,3.76,12,1,12,sentence,continuous,0.682058056195577,0.08294970960675246,0.6593283414840698,0.7930898666381836,0.5937559604644775,0.682058056195577
probe_00479_spk04.wav,/home/hye0n/projects/cnn-based-audio-pii-classification/src/cnn/data_probe/output/probe_00479_spk04.wav,번호는 구구칠공육이구육이공일오입니다.,997062962015,,male,spk04,probe_cont_12,probe,1,3.44,12,1,12,sentence,continuous,0.5856942236423492,0.07538371035105824,0.48953476548194885,0.6736371517181396,0.5939107537269592,0.5856942236423492
probe_00480_spk05.wav,/home/hye0n/projects/cnn-based-audio-pii-classification/src/cnn/data_probe/output/probe_00480_spk05.wav,번호는 삼삼육팔팔사사사삼일공육입니다.,336884443106,,female,spk05,probe_cont_12,probe,1,4.0,12,1,12,sentence,continuous,0.8998357057571411,0.032202163203897585,0.9452918767929077,0.8747052550315857,0.8795099854469299,0.8998357057571411
probe_00481_spk06.wav,/home/hye0n/projects/cnn-based-audio-pii-classification/src/cnn/data_probe/output/probe_00481_spk06.wav,번호는 구팔칠이공오공육일사구칠입니다.,987205061497,,male,spk06,probe_cont_12,probe,1,3.6,12,1,12,sentence,continuous,0.4781396985054016,0.11755461236112152,0.31404614448547363,0.583286464214325,0.5370864868164062,0.4781396985054016
probe_00482_spk07.wav,/home/hye0n/projects/cnn-based-audio-pii-classification/src/cnn/data_probe/output/probe_00482_spk07.wav,번호는 삼일공삼이사일칠일사육칠입니다.,310324171467,,female,spk07,probe_cont_12,probe,1,3.76,12,1,12,sentence,continuous,0.7485238909721375,0.056651246836005746,0.697019636631012,0.8274223208427429,0.7211297154426575,0.7485238909721375
probe_00483_spk08.wav,/home/hye0n/projects/cnn-based-audio-pii-classification/src/cnn/data_probe/output/probe_00483_spk08.wav,번호는 칠사일팔육이오육오이칠공입니다.,741862565270,,male,spk08,probe_cont_12,probe,1,3.36,12,1,12,sentence,continuous,0.8453439474105835,0.07914462159361078,0.8356799483299255,0.9467459321022034,0.7536059617996216,0.8453439474105835
probe_00484_spk09.wav,/home/hye0n/projects/cnn-based-audio-pii-classification/src/cnn/data_probe/output/probe_00484_spk09.wav,번호는 사칠칠사삼사구공이일일오입니다.,477434902115,,female,spk09,probe_cont_12,probe,1,3.44,12,1,12,sentence,continuous,0.8174586693445841,0.01708854660578389,0.824311375617981,0.8341023921966553,0.7939622402191162,0.8174586693445841
probe_00485_spk10.wav,/home/hye0n/projects/cnn-based-audio-pii-classification/src/cnn/data_probe/output/probe_00485_spk10.wav,번호는 팔육구삼팔공육팔육팔칠구입니다.,869380686879,,male,spk10,probe_cont_12,probe,1,4.48,12,1,12,sentence,continuous,0.196293905377388,0.0806257404323112,0.3096841275691986,0.12921813130378723,0.14997945725917816,0.196293905377388
probe_00486_spk11.wav,/home/hye0n/projects/cnn-based-audio-pii-classification/src/cnn/data_probe/output/probe_00486_spk11.wav,번호는 삼칠사일육공팔구팔구구이입니다.,374160898992,,female,spk11,probe_cont_12,probe,1,4.24,12,1,12,sentence,continuous,0.36902140577634174,0.07380746354566974,0.3793785572052002,0.4537920355796814,0.2738936245441437,0.36902140577634174
probe_00487_spk12.wav,/home/hye0n/projects/cnn-based-audio-pii-classification/src/cnn/data_probe/output/probe_00487_spk12.wav,번호는 일칠이이삼삼이공육일육삼입니다.,172233206163,,male,spk12,probe_cont_12,probe,1,3.6,12,1,12,sentence,continuous,0.6018288433551788,0.13151559150353065,0.6498600244522095,0.7334226369857788,0.4222038686275482,0.6018288433551788
probe_00488_spk13.wav,/home/hye0n/projects/cnn-based-audio-pii-classification/src/cnn/data_probe/output/probe_00488_spk13.wav,번호는 이구사오일일육팔육팔오사입니다.,294511686854,,male,spk13,probe_cont_12,probe,1,3.36,12,1,12,sentence,continuous,0.4762624303499858,0.08056862503211955,0.3814898133277893,0.57842618227005,0.4688712954521179,0.4762624303499858
probe_00489_spk14.wav,/home/hye0n/projects/cnn-based-audio-pii-classification/src/cnn/data_probe/output/probe_00489_spk14.wav,번호는 팔칠공구구팔육일육이이구입니다.,870998616229,,female,spk14,probe_cont_12,probe,1,3.76,12,1,12,sentence,continuous,0.565842866897583,0.050142563574516144,0.6313591599464417,0.5095873475074768,0.5565820932388306,0.565842866897583
probe_00490_spk01.wav,/home/hye0n/projects/cnn-based-audio-pii-classification/src/cnn/data_probe/output/probe_00490_spk01.wav,번호는 구구일일구일사팔오육사육입니다.,991191485646,,female,spk01,probe_cont_12,probe,1,3.44,12,1,12,sentence,continuous,0.21543709933757782,0.10137834295782647,0.1383824199438095,0.3586701452732086,0.14925873279571533,0.21543709933757782
probe_00491_spk02.wav,/home/hye0n/projects/cnn-based-audio-pii-classification/src/cnn/data_probe/output/probe_00491_spk02.wav,번호는 칠구구칠공이사육이구구육입니다.,799702462996,,male,spk02,probe_cont_12,probe,1,3.12,12,1,12,sentence,continuous,0.2792504479487737,0.09925531915401617,0.14230938255786896,0.37441903352737427,0.3210229277610779,0.2792504479487737
probe_00492_spk03.wav,/home/hye0n/projects/cnn-based-audio-pii-classification/src/cnn/data_probe/output/probe_00492_spk03.wav,번호는 공육오삼공칠사오공오사사입니다.,065307450544,,female,spk03,probe_cont_12,probe,1,3.76,12,1,12,sentence,continuous,0.7575048009554545,0.08670237388472322,0.7429689764976501,0.6593332290649414,0.870212197303772,0.7575048009554545
probe_00493_spk04.wav,/home/hye0n/projects/cnn-based-audio-pii-classification/src/cnn/data_probe/output/probe_00493_spk04.wav,번호는 사칠일삼이사칠오사육구일입니다.,471324754691,,male,spk04,probe_cont_12,probe,1,3.2,12,1,12,sentence,continuous,0.8189026713371277,0.12921254113927078,0.6371921300888062,0.9264845848083496,0.8930312991142273,0.8189026713371277
probe_00494_spk05.wav,/home/hye0n/projects/cnn-based-audio-pii-classification/src/cnn/data_probe/output/probe_00494_spk05.wav,번호는 삼칠삼육칠팔오공팔이일사입니다.,373678508214,,female,spk05,probe_cont_12,probe,1,3.6,12,1,12,sentence,continuous,0.6544973353544871,0.13582776496892243,0.4682408273220062,0.7883092164993286,0.7069419622421265,0.6544973353544871
probe_00495_spk06.wav,/home/hye0n/projects/cnn-based-audio-pii-classification/src/cnn/data_probe/output/probe_00495_spk06.wav,번호는 팔육이팔구공이삼삼공삼공입니다.,862890233030,,male,spk06,probe_cont_12,probe,1,3.28,12,1,12,sentence,continuous,0.026549435531099636,0.0005788680788455138,0.027183976024389267,0.026680106297135353,0.025784224271774292,0.026549435531099636
probe_00496_spk07.wav,/home/hye0n/projects/cnn-based-audio-pii-classification/src/cnn/data_probe/output/probe_00496_spk07.wav,번호는 칠공오삼사오칠팔육일공삼입니다.,705345786103,,female,spk07,probe_cont_12,probe,1,3.28,12,1,12,sentence,continuous,0.9003932277361552,0.052449136125744485,0.8265986442565918,0.943781852722168,0.9307991862297058,0.9003932277361552
probe_00497_spk08.wav,/home/hye0n/projects/cnn-based-audio-pii-classification/src/cnn/data_probe/output/probe_00497_spk08.wav,번호는 오칠구칠이칠구팔오오이사입니다.,579727985524,,male,spk08,probe_cont_12,probe,1,3.6,12,1,12,sentence,continuous,0.7736306389172872,0.062246392838428456,0.7669081091880798,0.8530052304267883,0.7009785771369934,0.7736306389172872
probe_00498_spk09.wav,/home/hye0n/projects/cnn-based-audio-pii-classification/src/cnn/data_probe/output/probe_00498_spk09.wav,번호는 일사공육공이구삼삼삼삼사입니다.,140602933334,,female,spk09,probe_cont_12,probe,1,3.84,12,1,12,sentence,continuous,0.7463727593421936,0.02803463076704007,0.7232869267463684,0.7300016283988953,0.7858297228813171,0.7463727593421936
probe_00499_spk10.wav,/home/hye0n/projects/cnn-based-audio-pii-classification/src/cnn/data_probe/output/probe_00499_spk10.wav,번호는 육팔공공칠이이구공삼사구입니다.,680072290349,,male,spk10,probe_cont_12,probe,1,3.6,12,1,12,sentence,continuous,0.05152534693479538,0.010033130867373634,0.04821426048874855,0.041232120245695114,0.06512966006994247,0.05152534693479538
probe_00500_spk11.wav,/home/hye0n/projects/cnn-based-audio-pii-classification/src/cnn/data_probe/output/probe_00500_spk11.wav,번호는 사사육육오칠사삼칠사팔구육구입니다.,44665743748969,,female,spk11,probe_cont_14,probe,1,5.44,14,1,14,sentence,continuous,0.874182919661204,0.027939793081354247,0.8388487100601196,0.9071656465530396,0.8765344023704529,0.874182919661204
probe_00501_spk12.wav,/home/hye0n/projects/cnn-based-audio-pii-classification/src/cnn/data_probe/output/probe_00501_spk12.wav,번호는 일공팔오팔구구사사일칠일오사입니다.,10858994417154,,male,spk12,probe_cont_14,probe,1,3.36,14,1,14,sentence,continuous,0.531884491443634,0.014530710651935253,0.5465846061706543,0.5369699597358704,0.5120989084243774,0.531884491443634
probe_00502_spk13.wav,/home/hye0n/projects/cnn-based-audio-pii-classification/src/cnn/data_probe/output/probe_00502_spk13.wav,번호는 오사사사삼이팔삼공구육오이공입니다.,54443283096520,,male,spk13,probe_cont_14,probe,1,3.84,14,1,14,sentence,continuous,0.41853754719098407,0.053491038001437265,0.4426264762878418,0.4685956537723541,0.34439051151275635,0.41853754719098407
probe_00503_spk14.wav,/home/hye0n/projects/cnn-based-audio-pii-classification/src/cnn/data_probe/output/probe_00503_spk14.wav,번호는 칠사사육육육공구구삼오삼팔칠입니다.,74466609935387,,female,spk14,probe_cont_14,probe,1,4.56,14,1,14,sentence,continuous,0.9498578508694967,0.01051199414144745,0.9350730776786804,0.9559045433998108,0.9585959315299988,0.9498578508694967
probe_00504_spk01.wav,/home/hye0n/projects/cnn-based-audio-pii-classification/src/cnn/data_probe/output/probe_00504_spk01.wav,번호는 오팔사이팔이사일칠이사팔이오입니다.,58428241724825,,female,spk01,probe_cont_14,probe,1,3.6,14,1,14,sentence,continuous,0.695718248685201,0.10861900778240906,0.7343294024467468,0.8051722049713135,0.5476531386375427,0.695718248685201
probe_00505_spk02.wav,/home/hye0n/projects/cnn-based-audio-pii-classification/src/cnn/data_probe/output/probe_00505_spk02.wav,번호는 일삼오삼사육오오사구사칠일칠입니다.,13534655494717,,male,spk02,probe_cont_14,probe,1,3.84,14,1,14,sentence,continuous,0.6819318334261576,0.08640258112116739,0.5704029202461243,0.7809292078018188,0.6944633722305298,0.6819318334261576
probe_00506_spk03.wav,/home/hye0n/projects/cnn-based-audio-pii-classification/src/cnn/data_probe/output/probe_00506_spk03.wav,번호는 공구구구일칠삼팔일육팔사육공입니다.,09991738168460,,female,spk03,probe_cont_14,probe,1,4.56,14,1,14,sentence,continuous,0.778753916422526,0.08242611095200734,0.6637449860572815,0.8527145385742188,0.8198022246360779,0.778753916422526
probe_00507_spk04.wav,/home/hye0n/projects/cnn-based-audio-pii-classification/src/cnn/data_probe/output/probe_00507_spk04.wav,번호는 이이삼오육구칠이오이일칠오이입니다.,22356972521752,,male,spk04,probe_cont_14,probe,1,4.16,14,1,14,sentence,continuous,0.6365562280019125,0.05379395115313765,0.5789059996604919,0.7083699703216553,0.6223927140235901,0.6365562280019125
probe_00508_spk05.wav,/home/hye0n/projects/cnn-based-audio-pii-classification/src/cnn/data_probe/output/probe_00508_spk05.wav,번호는 오공공칠사삼이구이칠일이구육입니다.,50074329271296,,female,spk05,probe_cont_14,probe,1,3.76,14,1,14,sentence,continuous,0.838865339756012,0.03908168893355241,0.8127719759941101,0.8941070437431335,0.8097169995307922,0.838865339756012
probe_00509_spk06.wav,/home/hye0n/projects/cnn-based-audio-pii-classification/src/cnn/data_probe/output/probe_00509_spk06.wav,번호는 육육육칠육공공팔삼오공오팔삼입니다.,66676008350583,,male,spk06,probe_cont_14,probe,1,4.64,14,1,14,sentence,continuous,0.8736026684443156,0.007905915722470003,0.8624587655067444,0.8799590468406677,0.8783901929855347,0.8736026684443156
probe_00510_spk07.wav,/home/hye0n/projects/cnn-based-audio-pii-classification/src/cnn/data_probe/output/probe_00510_spk07.wav,번호는 공공삼삼오사이일육팔구사이일입니다.,00335421689421,,female,spk07,probe_cont_14,probe,1,3.6,14,1,14,sentence,continuous,0.9559085567792257,0.0189955167168044,0.982772171497345,0.9424124360084534,0.9425410628318787,0.9559085567792257
probe_00511_spk08.wav,/home/hye0n/projects/cnn-based-audio-pii-classification/src/cnn/data_probe/output/probe_00511_spk08.wav,번호는 공사사칠팔구팔오육이오칠오삼입니다.,04478985625753,,male,spk08,probe_cont_14,probe,1,3.76,14,1,14,sentence,continuous,0.9177788098653158,0.022208912792535618,0.9395585656166077,0.9264870285987854,0.8872908353805542,0.9177788098653158
probe_00512_spk09.wav,/home/hye0n/projects/cnn-based-audio-pii-classification/src/cnn/data_probe/output/probe_00512_spk09.wav,번호는 이육공삼삼이삼공구팔이일오공입니다.,26033230982150,,female,spk09,probe_cont_14,probe,1,4.16,14,1,14,sentence,continuous,0.779204249382019,0.03806232873102256,0.7271297574043274,0.8170439004898071,0.7934390902519226,0.779204249382019
probe_00513_spk10.wav,/home/hye0n/projects/cnn-based-audio-pii-classification/src/cnn/data_probe/output/probe_00513_spk10.wav,번호는 육사팔구공구공일공공일육칠육입니다.,64890901001676,,male,spk10,probe_cont_14,probe,1,4.08,14,1,14,sentence,continuous,0.6619882583618164,0.06478452739491038,0.696752667427063,0.5711953639984131,0.7180167436599731,0.6619882583618164
probe_00514_spk11.wav,/home/hye0n/projects/cnn-based-audio-pii-classification/src/cnn/data_probe/output/probe_00514_spk11.wav,번호는 일팔사칠이삼공사육일팔사구구입니다.,18472304618499,,female,spk11,probe_cont_14,probe,1,4.0,14,1,14,sentence,continuous,0.7153720855712891,0.05177215290140678,0.6599014401435852,0.7844932675361633,0.7017215490341187,0.7153720855712891
probe_00515_spk12.wav,/home/hye0n/projects/cnn-based-audio-pii-classification/src/cnn/data_probe/output/probe_00515_spk12.wav,번호는 이육일팔구일사일일칠삼구삼사입니다.,26189141173934,,male,spk12,probe_cont_14,probe,1,3.52,14,1,14,sentence,continuous,0.7743880351384481,0.0785888766339888,0.8464058041572571,0.8116894364356995,0.6650688648223877,0.7743880351384481
probe_00516_spk13.wav,/home/hye0n/projects/cnn-based-audio-pii-classification/src/cnn/data_probe/output/probe_00516_spk13.wav,번호는 팔삼오육사이공팔칠삼칠오삼공입니다.,83564208737530,,male,spk13,probe_cont_14,probe,1,4.16,14,1,14,sentence,continuous,0.7413756450017294,0.009610536696082925,0.7519165873527527,0.7435355186462402,0.7286748290061951,0.7413756450017294
probe_00517_spk14.wav,/home/hye0n/projects/cnn-based-audio-pii-classification/src/cnn/data_probe/output/probe_00517_spk14.wav,번호는 공일일구칠이일팔일일사삼칠사입니다.,01197218114374,,female,spk14,probe_cont_14,probe,1,3.76,14,1,14,sentence,continuous,0.7711083690325419,0.08032005532857546,0.7606214284896851,0.8743032813072205,0.6784003973007202,0.7711083690325419
probe_00518_spk01.wav,/home/hye0n/projects/cnn-based-audio-pii-classification/src/cnn/data_probe/output/probe_00518_spk01.wav,번호는 사칠공일이공사오오육일일공공입니다.,47012045561100,,female,spk01,probe_cont_14,probe,1,4.72,14,1,14,sentence,continuous,0.9400270183881124,0.021433555391020542,0.9232343435287476,0.9265692830085754,0.9702774286270142,0.9400270183881124
probe_00519_spk02.wav,/home/hye0n/projects/cnn-based-audio-pii-classification/src/cnn/data_probe/output/probe_00519_spk02.wav,번호는 이이오오칠구사일오오이일육육입니다.,22557941552166,,male,spk02,probe_cont_14,probe,1,3.44,14,1,14,sentence,continuous,0.5595830281575521,0.07707893834386258,0.45105212926864624,0.6226534247398376,0.6050435304641724,0.5595830281575521
probe_00520_spk03.wav,/home/hye0n/projects/cnn-based-audio-pii-classification/src/cnn/data_probe/output/probe_00520_spk03.wav,번호는 칠사육칠육이일이공이일육구칠입니다.,74676212021697,,female,spk03,probe_cont_14,probe,1,4.64,14,1,14,sentence,continuous,0.8679101864496866,0.03598031255633103,0.9046589732170105,0.8800156116485596,0.81905597448349,0.8679101864496866
probe_00521_spk04.wav,/home/hye0n/projects/cnn-based-audio-pii-classification/src/cnn/data_probe/output/probe_00521_spk04.wav,번호는 구칠이구육오구공이칠칠일육칠입니다.,97296590277167,,male,spk04,probe_cont_14,probe,1,4.56,14,1,14,sentence,continuous,0.9547586441040039,0.00645986238658098,0.963698148727417,0.951919436454773,0.9486583471298218,0.9547586441040039
probe_00522_spk05.wav,/home/hye0n/projects/cnn-based-audio-pii-classification/src/cnn/data_probe/output/probe_00522_spk05.wav,번호는 공일사오공팔구구삼오팔팔구일입니다.,01450899358891,,female,spk05,probe_cont_14,probe,1,3.6,14,1,14,sentence,continuous,0.9412578741709391,0.005495561236384916,0.9371790289878845,0.9490265250205994,0.9375680685043335,0.9412578741709391
probe_00523_spk06.wav,/home/hye0n/projects/cnn-based-audio-pii-classification/src/cnn/data_probe/output/probe_00523_spk06.wav,번호는 육삼칠오육이팔구공공이팔칠칠입니다.,63756289002877,,male,spk06,probe_cont_14,probe,1,3.84,14,1,14,sentence,continuous,0.5295399129390717,0.05154237215807024,0.53121018409729,0.5918144583702087,0.4655950963497162,0.5295399129390717
probe_00524_spk07.wav,/home/hye0n/projects/cnn-based-audio-pii-classification/src/cnn/data_probe/output/probe_00524_spk07.wav,번호는 이일칠오삼오사공팔삼팔육육삼입니다.,21753540838663,,female,spk07,probe_cont_14,probe,1,4.56,14,1,14,sentence,continuous,0.9097414016723633,0.013939897045894033,0.8914539217948914,0.9125088453292847,0.9252614378929138,0.9097414016723633
probe_00525_spk08.wav,/home/hye0n/projects/cnn-based-audio-pii-classification/src/cnn/data_probe/output/probe_00525_spk08.wav,번호는 일칠칠구칠일칠칠오일칠공일육입니다.,17797177517016,,male,spk08,probe_cont_14,probe,1,4.08,14,1,14,sentence,continuous,0.9562190572420756,0.004194238165434571,0.9612926840782166,0.9510211944580078,0.9563432931900024,0.9562190572420756
probe_00526_spk09.wav,/home/hye0n/projects/cnn-based-audio-pii-classification/src/cnn/data_probe/output/probe_00526_spk09.wav,번호는 육공팔팔공일구구사팔팔삼칠오입니다.,60880199488375,,female,spk09,probe_cont_14,probe,1,3.92,14,1,14,sentence,continuous,0.9078821937243143,0.04524663034402508,0.9396986365318298,0.9400538206100464,0.8438941240310669,0.9078821937243143
probe_00527_spk10.wav,/home/hye0n/projects/cnn-based-audio-pii-classification/src/cnn/data_probe/output/probe_00527_spk10.wav,번호는 오공삼칠오팔구구칠오칠일일삼입니다.,50375899757113,,male,spk10,probe_cont_14,probe,1,3.36,14,1,14,sentence,continuous,0.4373045762379964,0.11131685951962231,0.46443402767181396,0.5580348968505859,0.28944480419158936,0.4373045762379964
probe_00528_spk11.wav,/home/hye0n/projects/cnn-based-audio-pii-classification/src/cnn/data_probe/output/probe_00528_spk11.wav,번호는 공오오사팔팔오일공이칠이육일입니다.,05548851027261,,female,spk11,probe_cont_14,probe,1,3.92,14,1,14,sentence,continuous,0.546090563138326,0.08397986672316128,0.5124760866165161,0.6615460515022278,0.46424955129623413,0.546090563138326
probe_00529_spk12.wav,/home/hye0n/projects/cnn-based-audio-pii-classification/src/cnn/data_probe/output/probe_00529_spk12.wav,번호는 사구삼삼일육삼칠삼오일육공구입니다.,49331637351609,,male,spk12,probe_cont_14,probe,1,4.48,14,1,14,sentence,continuous,0.721025268236796,0.029153324978863183,0.7378278970718384,0.7452296018600464,0.6800183057785034,0.721025268236796
probe_00530_spk13.wav,/home/hye0n/projects/cnn-based-audio-pii-classification/src/cnn/data_probe/output/probe_00530_spk13.wav,번호는 일칠칠구팔이칠공팔공팔육구칠입니다.,17798270808697,,male,spk13,probe_cont_14,probe,1,3.92,14,1,14,sentence,continuous,0.6774664719899496,0.09024485033592167,0.615210771560669,0.8050794005393982,0.6121092438697815,0.6774664719899496
probe_00531_spk14.wav,/home/hye0n/projects/cnn-based-audio-pii-classification/src/cnn/data_probe/output/probe_00531_spk14.wav,번호는 팔이구이이일육구구오팔육육구입니다.,82922169958669,,female,spk14,probe_cont_14,probe,1,3.52,14,1,14,sentence,continuous,0.47616981466611225,0.02678119906625455,0.5039138793945312,0.48462599515914917,0.43996956944465637,0.47616981466611225
probe_00532_spk01.wav,/home/hye0n/projects/cnn-based-audio-pii-classification/src/cnn/data_probe/output/probe_00532_spk01.wav,번호는 삼사육오사칠이이육구팔사팔오입니다.,34654722698485,,female,spk01,probe_cont_14,probe,1,4.08,14,1,14,sentence,continuous,0.8546470801035563,0.019823038423580002,0.8665549159049988,0.826714038848877,0.8706722855567932,0.8546470801035563
probe_00533_spk02.wav,/home/hye0n/projects/cnn-based-audio-pii-classification/src/cnn/data_probe/output/probe_00533_spk02.wav,번호는 팔삼삼삼구사오이이팔팔오일오입니다.,83339452288515,,male,spk02,probe_cont_14,probe,1,4.32,14,1,14,sentence,continuous,0.7851904630661011,0.06529269462771119,0.8270631432533264,0.8355262279510498,0.692982017993927,0.7851904630661011
probe_00534_spk03.wav,/home/hye0n/projects/cnn-based-audio-pii-classification/src/cnn/data_probe/output/probe_00534_spk03.wav,번호는 팔칠구구육팔사육공팔일공육이입니다.,87996846081062,,female,spk03,probe_cont_14,probe,1,4.48,14,1,14,sentence,continuous,0.8789042433102926,0.08896992921343837,0.7550725936889648,0.9601271748542786,0.9215129613876343,0.8789042433102926
probe_00535_spk04.wav,/home/hye0n/projects/cnn-based-audio-pii-classification/src/cnn/data_probe/output/probe_00535_spk04.wav,번호는 공공삼사이사사이공사삼팔공오입니다.,00342442043805,,male,spk04,probe_cont_14,probe,1,4.24,14,1,14,sentence,continuous,0.9124398231506348,0.02795433582257087,0.9480121731758118,0.8797163367271423,0.9095909595489502,0.9124398231506348
probe_00536_spk05.wav,/home/hye0n/projects/cnn-based-audio-pii-classification/src/cnn/data_probe/output/probe_00536_spk05.wav,번호는 칠일구팔삼팔육삼팔사공육육육입니다.,71983863840666,,female,spk05,probe_cont_14,probe,1,5.28,14,1,14,sentence,continuous,0.985524038473765,0.0060375666041922295,0.9769864678382874,0.9898964166641235,0.9896892309188843,0.985524038473765
probe_00537_spk06.wav,/home/hye0n/projects/cnn-based-audio-pii-classification/src/cnn/data_probe/output/probe_00537_spk06.wav,번호는 오팔공공사삼구칠삼오구팔구삼입니다.,58004397359893,,male,spk06,probe_cont_14,probe,1,3.68,14,1,14,sentence,continuous,0.6607303818066915,0.06979871484678168,0.5986295342445374,0.7582293152809143,0.6253322958946228,0.6607303818066915
probe_00538_spk07.wav,/home/hye0n/projects/cnn-based-audio-pii-classification/src/cnn/data_probe/output/probe_00538_spk07.wav,번호는 삼사칠이일이이팔일육공육사팔입니다.,34721228160648,,female,spk07,probe_cont_14,probe,1,3.44,14,1,14,sentence,continuous,0.8099216024080912,0.09727660474457427,0.9183086156845093,0.8290990591049194,0.682357132434845,0.8099216024080912
probe_00539_spk08.wav,/home/hye0n/projects/cnn-based-audio-pii-classification/src/cnn/data_probe/output/probe_00539_spk08.wav,번호는 사이이구사공오칠이공이오구공입니다.,42294057202590,,male,spk08,probe_cont_14,probe,1,3.92,14,1,14,sentence,continuous,0.6961843768755595,0.09682896389639706,0.6095515489578247,0.647659420967102,0.8313421607017517,0.6961843768755595
probe_00540_spk09.wav,/home/hye0n/projects/cnn-based-audio-pii-classification/src/cnn/data_probe/output/probe_00540_spk09.wav,번호는 구사칠구팔오일오팔삼이팔일팔입니다.,94798515832818,,female,spk09,probe_cont_14,probe,1,4.0,14,1,14,sentence,continuous,0.9193844397862753,0.03565060067898235,0.9616451859474182,0.9220651984214783,0.8744429349899292,0.9193844397862753
probe_00541_spk10.wav,/home/hye0n/projects/cnn-based-audio-pii-classification/src/cnn/data_probe/output/probe_00541_spk10.wav,번호는 이육팔팔육일오삼삼오오오사삼입니다.,26886153355543,,male,spk10,probe_cont_14,probe,1,3.28,14,1,14,sentence,continuous,0.49437230825424194,0.18144573642121983,0.5630784630775452,0.6741300225257874,0.2459084391593933,0.49437230825424194
probe_00542_spk11.wav,/home/hye0n/projects/cnn-based-audio-pii-classification/src/cnn/data_probe/output/probe_00542_spk11.wav,번호는 구팔칠팔공일오칠삼구구삼공오입니다.,98780157399305,,female,spk11,probe_cont_14,probe,1,4.16,14,1,14,sentence,continuous,0.656623641649882,0.03125250486653772,0.6555178761482239,0.6189121603965759,0.6954408884048462,0.656623641649882
probe_00543_spk12.wav,/home/hye0n/projects/cnn-based-audio-pii-classification/src/cnn/data_probe/output/probe_00543_spk12.wav,번호는 육일육사팔사공팔오팔팔칠칠공입니다.,61648408588770,,male,spk12,probe_cont_14,probe,1,3.92,14,1,14,sentence,continuous,0.6158920923868815,0.06790614915705052,0.665797770023346,0.6619951128959656,0.519883394241333,0.6158920923868815
probe_00544_spk13.wav,/home/hye0n/projects/cnn-based-audio-pii-classification/src/cnn/data_probe/output/probe_00544_spk13.wav,번호는 사삼오팔일일이팔팔공일삼삼육입니다.,43581128801336,,male,spk13,probe_cont_14,probe,1,4.56,14,1,14,sentence,continuous,0.41426939765612286,0.045528107592232414,0.4564627707004547,0.35105380415916443,0.4352916181087494,0.41426939765612286
probe_00545_spk14.wav,/home/hye0n/projects/cnn-based-audio-pii-classification/src/cnn/data_probe/output/probe_00545_spk14.wav,번호는 일삼팔육일이공칠오공일일공이입니다.,13861207501102,,female,spk14,probe_cont_14,probe,1,3.76,14,1,14,sentence,continuous,0.8816185792287191,0.035591126444736325,0.9239298105239868,0.8840725421905518,0.8368533849716187,0.8816185792287191
probe_00546_spk01.wav,/home/hye0n/projects/cnn-based-audio-pii-classification/src/cnn/data_probe/output/probe_00546_spk01.wav,번호는 사팔일구삼사육육칠육육오공육입니다.,48193466766506,,female,spk01,probe_cont_14,probe,1,4.08,14,1,14,sentence,continuous,0.8769331375757853,0.06198932083204867,0.8097220063209534,0.8617943525314331,0.9592830538749695,0.8769331375757853
probe_00547_spk02.wav,/home/hye0n/projects/cnn-based-audio-pii-classification/src/cnn/data_probe/output/probe_00547_spk02.wav,번호는 일팔공구일구공일오팔일사사구입니다.,18091901581449,,male,spk02,probe_cont_14,probe,1,4.16,14,1,14,sentence,continuous,0.8634217580159506,0.020086715919168732,0.8563511967658997,0.8431301712989807,0.8907839059829712,0.8634217580159506
probe_00548_spk03.wav,/home/hye0n/projects/cnn-based-audio-pii-classification/src/cnn/data_probe/output/probe_00548_spk03.wav,번호는 일사칠육육공칠이팔삼이육팔사입니다.,14766072832684,,female,spk03,probe_cont_14,probe,1,4.72,14,1,14,sentence,continuous,0.7881678144137064,0.08920561759932423,0.7052294015884399,0.7473121881484985,0.9119618535041809,0.7881678144137064
probe_00549_spk04.wav,/home/hye0n/projects/cnn-based-audio-pii-classification/src/cnn/data_probe/output/probe_00549_spk04.wav,번호는 이사오공팔팔이일공공구구육팔입니다.,24508821009968,,male,spk04,probe_cont_14,probe,1,4.16,14,1,14,sentence,continuous,0.8406583666801453,0.02888668456376675,0.8675580620765686,0.8005821108818054,0.8538349270820618,0.8406583666801453
probe_00550_spk05.wav,/home/hye0n/projects/cnn-based-audio-pii-classification/src/cnn/data_probe/output/probe_00550_spk05.wav,번호는 팔일사삼오삼육팔이이이삼구사입니다.,81435368222394,,female,spk05,probe_cont_14,probe,1,3.92,14,1,14,sentence,continuous,0.5708968242009481,0.03872702108229334,0.5272907018661499,0.6213974952697754,0.564002275466919,0.5708968242009481
probe_00551_spk06.wav,/home/hye0n/projects/cnn-based-audio-pii-classification/src/cnn/data_probe/output/probe_00551_spk06.wav,번호는 삼일이구공팔칠팔일사일사일삼입니다.,31290878141413,,male,spk06,probe_cont_14,probe,1,3.44,14,1,14,sentence,continuous,0.7947652141253153,0.04379542754233758,0.8391223549842834,0.8100218176841736,0.735151469707489,0.7947652141253153
probe_00552_spk07.wav,/home/hye0n/projects/cnn-based-audio-pii-classification/src/cnn/data_probe/output/probe_00552_spk07.wav,번호는 구칠오오이삼일사구일삼오칠칠입니다.,97552314913577,,female,spk07,probe_cont_14,probe,1,4.64,14,1,14,sentence,continuous,0.9117797414461771,0.036575469073275794,0.8642391562461853,0.9178987741470337,0.9532012939453125,0.9117797414461771
probe_00553_spk08.wav,/home/hye0n/projects/cnn-based-audio-pii-classification/src/cnn/data_probe/output/probe_00553_spk08.wav,번호는 오구사구이구구오오육이공오삼입니다.,59492995562053,,male,spk08,probe_cont_14,probe,1,3.76,14,1,14,sentence,continuous,0.44231011470158893,0.21551762612156078,0.7439712285995483,0.3291916251182556,0.2537674903869629,0.44231011470158893
probe_00554_spk09.wav,/home/hye0n/projects/cnn-based-audio-pii-classification/src/cnn/data_probe/output/probe_00554_spk09.wav,번호는 삼육사오이오칠칠칠오사칠팔일입니다.,36452577754781,,female,spk09,probe_cont_14,probe,1,4.72,14,1,14,sentence,continuous,0.9154072205225626,0.01961307256778052,0.9207091927528381,0.9363343119621277,0.8891781568527222,0.9154072205225626
probe_00555_spk10.wav,/home/hye0n/projects/cnn-based-audio-pii-classification/src/cnn/data_probe/output/probe_00555_spk10.wav,번호는 이구일사이팔삼사일일공팔공구입니다.,29142834110809,,male,spk10,probe_cont_14,probe,1,3.44,14,1,14,sentence,continuous,0.7806801597277323,0.040612878603148,0.83769690990448,0.7581656575202942,0.7461779117584229,0.7806801597277323
probe_00556_spk11.wav,/home/hye0n/projects/cnn-based-audio-pii-classification/src/cnn/data_probe/output/probe_00556_spk11.wav,번호는 구육구삼공팔사팔팔칠이오육삼입니다.,96930848872563,,female,spk11,probe_cont_14,probe,1,3.92,14,1,14,sentence,continuous,0.8528280854225159,0.042101060452729475,0.8048093914985657,0.9073235392570496,0.8463513255119324,0.8528280854225159
probe_00557_spk12.wav,/home/hye0n/projects/cnn-based-audio-pii-classification/src/cnn/data_probe/output/probe_00557_spk12.wav,번호는 구사이칠팔팔일육오팔공삼구이입니다.,94278816580392,,male,spk12,probe_cont_14,probe,1,3.2,14,1,14,sentence,continuous,0.11877332379420598,0.054520554808965116,0.1008959636092186,0.19266611337661743,0.06275789439678192,0.11877332379420598
probe_00558_spk13.wav,/home/hye0n/projects/cnn-based-audio-pii-classification/src/cnn/data_probe/output/probe_00558_spk13.wav,번호는 팔이칠이이구구이칠오공삼칠삼입니다.,82722992750373,,male,spk13,probe_cont_14,probe,1,3.92,14,1,14,sentence,continuous,0.24477126200993857,0.03915584944603401,0.19996006786823273,0.29535022377967834,0.2390034943819046,0.24477126200993857
probe_00559_spk14.wav,/home/hye0n/projects/cnn-based-audio-pii-classification/src/cnn/data_probe/output/probe_00559_spk14.wav,번호는 일사오삼공삼팔오육칠칠공공오입니다.,14530385677005,,female,spk14,probe_cont_14,probe,1,4.56,14,1,14,sentence,continuous,0.8221435944239298,0.04181046077415479,0.836693286895752,0.864501416683197,0.7652360796928406,0.8221435944239298
probe_00560_spk01.wav,/home/hye0n/projects/cnn-based-audio-pii-classification/src/cnn/data_probe/output/probe_00560_spk01.wav,번호는 일팔사사구팔구이육육오구일팔입니다.,18449892665918,,female,spk01,probe_cont_14,probe,1,4.16,14,1,14,sentence,continuous,0.9234499136606852,0.025549634313439932,0.9517212510108948,0.8898277282714844,0.9288007616996765,0.9234499136606852
probe_00561_spk02.wav,/home/hye0n/projects/cnn-based-audio-pii-classification/src/cnn/data_probe/output/probe_00561_spk02.wav,번호는 사육삼팔육오오칠칠구공팔이칠입니다.,46386557790827,,male,spk02,probe_cont_14,probe,1,3.92,14,1,14,sentence,continuous,0.7110574841499329,0.09565496459344339,0.730595588684082,0.8172129988670349,0.5853638648986816,0.7110574841499329
probe_00562_spk03.wav,/home/hye0n/projects/cnn-based-audio-pii-classification/src/cnn/data_probe/output/probe_00562_spk03.wav,번호는 이삼일팔사삼이이이오구일삼육입니다.,23184322259136,,female,spk03,probe_cont_14,probe,1,4.16,14,1,14,sentence,continuous,0.9424167474110922,0.02820513259263105,0.9560393691062927,0.9680725336074829,0.9031383395195007,0.9424167474110922
probe_00563_spk04.wav,/home/hye0n/projects/cnn-based-audio-pii-classification/src/cnn/data_probe/output/probe_00563_spk04.wav,번호는 오일칠칠칠삼구이육공삼공이구입니다.,51777392603029,,male,spk04,probe_cont_14,probe,1,4.4,14,1,14,sentence,continuous,0.9463899334271749,0.0005972566564060324,0.947016716003418,0.9455862045288086,0.9465668797492981,0.9463899334271749
probe_00564_spk05.wav,/home/hye0n/projects/cnn-based-audio-pii-classification/src/cnn/data_probe/output/probe_00564_spk05.wav,번호는 구이이팔공구이공이사이팔육구입니다.,92280920242869,,female,spk05,probe_cont_14,probe,1,4.24,14,1,14,sentence,continuous,0.6001357634862264,0.11683637720359756,0.6204039454460144,0.7320157885551453,0.44798755645751953,0.6001357634862264
probe_00565_spk06.wav,/home/hye0n/projects/cnn-based-audio-pii-classification/src/cnn/data_probe/output/probe_00565_spk06.wav,번호는 구공사일삼칠구칠칠이삼육구이입니다.,90413797723692,,male,spk06,probe_cont_14,probe,1,4.4,14,1,14,sentence,continuous,0.5634639263153076,0.06821649884785676,0.524826169013977,0.5062283873558044,0.6593372225761414,0.5634639263153076
probe_00566_spk07.wav,/home/hye0n/projects/cnn-based-audio-pii-classification/src/cnn/data_probe/output/probe_00566_spk07.wav,번호는 구이구팔사이오칠구구일삼육육입니다.,92984257991366,,female,spk07,probe_cont_14,probe,1,4.0,14,1,14,sentence,continuous,0.9647763967514038,0.010782102626573756,0.9748186469078064,0.9498181939125061,0.9696923494338989,0.9647763967514038
probe_00567_spk08.wav,/home/hye0n/projects/cnn-based-audio-pii-classification/src/cnn/data_probe/output/probe_00567_spk08.wav,번호는 이일공삼팔팔육이구일이칠구구입니다.,21038862912799,,male,spk08,probe_cont_14,probe,1,3.6,14,1,14,sentence,continuous,0.9186057448387146,0.028339303865011867,0.9470788836479187,0.9287952780723572,0.8799430727958679,0.9186057448387146
probe_00568_spk09.wav,/home/hye0n/projects/cnn-based-audio-pii-classification/src/cnn/data_probe/output/probe_00568_spk09.wav,번호는 공팔팔일일칠이구팔공육팔육오입니다.,08811729806865,,female,spk09,probe_cont_14,probe,1,3.76,14,1,14,sentence,continuous,0.936019500096639,0.012926987912894079,0.9301764965057373,0.9239391684532166,0.9539428353309631,0.936019500096639
probe_00569_spk10.wav,/home/hye0n/projects/cnn-based-audio-pii-classification/src/cnn/data_probe/output/probe_00569_spk10.wav,번호는 공팔육삼칠육오구구일육이사칠입니다.,08637659916247,,male,spk10,probe_cont_14,probe,1,3.6,14,1,14,sentence,continuous,0.8501995205879211,0.05320495381596912,0.9254336357116699,0.8135932087898254,0.8115717172622681,0.8501995205879211
probe_00570_spk11.wav,/home/hye0n/projects/cnn-based-audio-pii-classification/src/cnn/data_probe/output/probe_00570_spk11.wav,번호는 삼일사구팔육사삼공공구팔일팔입니다.,31498643009818,,female,spk11,probe_cont_14,probe,1,4.0,14,1,14,sentence,continuous,0.7475375731786092,0.03927097478510497,0.7161405086517334,0.8029095530509949,0.7235626578330994,0.7475375731786092
probe_00571_spk12.wav,/home/hye0n/projects/cnn-based-audio-pii-classification/src/cnn/data_probe/output/probe_00571_spk12.wav,번호는 공육삼오육오일이육구사사팔육입니다.,06356512694486,,male,spk12,probe_cont_14,probe,1,3.04,14,1,14,sentence,continuous,0.39019879698753357,0.0640450338986312,0.33257055282592773,0.47952646017074585,0.3584993779659271,0.39019879698753357
probe_00572_spk13.wav,/home/hye0n/projects/cnn-based-audio-pii-classification/src/cnn/data_probe/output/probe_00572_spk13.wav,번호는 구오구사육삼육팔팔칠이오팔팔입니다.,95946368872588,,male,spk13,probe_cont_14,probe,1,4.32,14,1,14,sentence,continuous,0.8188602924346924,0.0501321751997005,0.8887166380882263,0.7944164276123047,0.7734478116035461,0.8188602924346924
probe_00573_spk14.wav,/home/hye0n/projects/cnn-based-audio-pii-classification/src/cnn/data_probe/output/probe_00573_spk14.wav,번호는 칠사사구오육이일삼칠이일삼팔입니다.,74495621372138,,female,spk14,probe_cont_14,probe,1,4.08,14,1,14,sentence,continuous,0.8684970736503601,0.015884169628535505,0.8605870008468628,0.8906601667404175,0.8542440533638,0.8684970736503601
probe_00574_spk01.wav,/home/hye0n/projects/cnn-based-audio-pii-classification/src/cnn/data_probe/output/probe_00574_spk01.wav,번호는 육오팔구공이육공일이칠구육일입니다.,65890260127961,,female,spk01,probe_cont_14,probe,1,3.84,14,1,14,sentence,continuous,0.5815051794052124,0.06876568575886607,0.5367311835289001,0.6786554455757141,0.529128909111023,0.5815051794052124
probe_00575_spk02.wav,/home/hye0n/projects/cnn-based-audio-pii-classification/src/cnn/data_probe/output/probe_00575_spk02.wav,번호는 일사삼오일구공육육구팔사구공입니다.,14351906698490,,male,spk02,probe_cont_14,probe,1,4.0,14,1,14,sentence,continuous,0.7004419763882955,0.033651399895821686,0.7418224215507507,0.659395694732666,0.7001078128814697,0.7004419763882955
probe_00576_spk03.wav,/home/hye0n/projects/cnn-based-audio-pii-classification/src/cnn/data_probe/output/probe_00576_spk03.wav,번호는 이칠칠공삼팔사삼공구팔팔삼구입니다.,27703843098839,,female,spk03,probe_cont_14,probe,1,4.24,14,1,14,sentence,continuous,0.6440600256125132,0.11025724121345679,0.7016767263412476,0.48977169394493103,0.7407316565513611,0.6440600256125132
probe_00577_spk04.wav,/home/hye0n/projects/cnn-based-audio-pii-classification/src/cnn/data_probe/output/probe_00577_spk04.wav,번호는 이공오삼공이일사육오육육구삼입니다.,20530214656693,,male,spk04,probe_cont_14,probe,1,4.0,14,1,14,sentence,continuous,0.947014848391215,0.0009593684534919004,0.9480238556861877,0.9457248449325562,0.9472958445549011,0.947014848391215
probe_00578_spk05.wav,/home/hye0n/projects/cnn-based-audio-pii-classification/src/cnn/data_probe/output/probe_00578_spk05.wav,번호는 팔공일일팔사팔구오오사삼구삼입니다.,80118489554393,,female,spk05,probe_cont_14,probe,1,3.6,14,1,14,sentence,continuous,0.664626826842626,0.1300303301325348,0.48832908272743225,0.7980654239654541,0.7074859738349915,0.664626826842626
probe_00579_spk06.wav,/home/hye0n/projects/cnn-based-audio-pii-classification/src/cnn/data_probe/output/probe_00579_spk06.wav,번호는 칠육구공사이육팔일팔일팔사오입니다.,76904268181845,,male,spk06,probe_cont_14,probe,1,3.36,14,1,14,sentence,continuous,0.19218296806017557,0.04160479744148499,0.24748864769935608,0.18191978335380554,0.1471404731273651,0.19218296806017557
probe_00580_spk07.wav,/home/hye0n/projects/cnn-based-audio-pii-classification/src/cnn/data_probe/output/probe_00580_spk07.wav,번호는 일팔사팔구사칠육구칠삼오칠칠입니다.,18489476973577,,female,spk07,probe_cont_14,probe,1,4.0,14,1,14,sentence,continuous,0.9713656504948934,0.008764067132969471,0.9834735989570618,0.967605471611023,0.9630178809165955,0.9713656504948934
probe_00581_spk08.wav,/home/hye0n/projects/cnn-based-audio-pii-classification/src/cnn/data_probe/output/probe_00581_spk08.wav,번호는 구공칠일사일육삼삼오육오팔팔입니다.,90714163356588,,male,spk08,probe_cont_14,probe,1,4.72,14,1,14,sentence,continuous,0.9407474994659424,0.021502979612811165,0.961391031742096,0.9497635364532471,0.9110879302024841,0.9407474994659424
probe_00582_spk09.wav,/home/hye0n/projects/cnn-based-audio-pii-classification/src/cnn/data_probe/output/probe_00582_spk09.wav,번호는 공사삼사일육오일팔이칠오오삼입니다.,04341651827553,,female,spk09,probe_cont_14,probe,1,4.08,14,1,14,sentence,continuous,0.9438741207122803,0.00422905718440382,0.9430421590805054,0.939160943031311,0.9494192600250244,0.9438741207122803
probe_00583_spk10.wav,/home/hye0n/projects/cnn-based-audio-pii-classification/src/cnn/data_probe/output/probe_00583_spk10.wav,번호는 구사이삼칠삼삼삼사삼삼삼삼구입니다.,94237333433339,,male,spk10,probe_cont_14,probe,1,4.64,14,1,14,sentence,continuous,0.7477761507034302,0.045903804481524715,0.8110203146934509,0.7034705877304077,0.7288375496864319,0.7477761507034302
probe_00584_spk11.wav,/home/hye0n/projects/cnn-based-audio-pii-classification/src/cnn/data_probe/output/probe_00584_spk11.wav,번호는 오이일일일칠구공팔공칠오구오입니다.,52111790807595,,female,spk11,probe_cont_14,probe,1,4.08,14,1,14,sentence,continuous,0.8626424272855123,0.03395041501456141,0.8163293600082397,0.8748321533203125,0.8967657685279846,0.8626424272855123
probe_00585_spk12.wav,/home/hye0n/projects/cnn-based-audio-pii-classification/src/cnn/data_probe/output/probe_00585_spk12.wav,번호는 칠구사칠이팔사육삼구이공팔육입니다.,79472846392086,,male,spk12,probe_cont_14,probe,1,3.92,14,1,14,sentence,continuous,0.9329277674357096,0.018564344778944728,0.9365640878677368,0.9536270499229431,0.908592164516449,0.9329277674357096
probe_00586_spk13.wav,/home/hye0n/projects/cnn-based-audio-pii-classification/src/cnn/data_probe/output/probe_00586_spk13.wav,번호는 칠팔공팔오육이칠일팔칠오공공입니다.,78085627187500,,male,spk13,probe_cont_14,probe,1,4.0,14,1,14,sentence,continuous,0.7499537070592245,0.03199767953041794,0.7114102840423584,0.7486929893493652,0.7897578477859497,0.7499537070592245
probe_00587_spk14.wav,/home/hye0n/projects/cnn-based-audio-pii-classification/src/cnn/data_probe/output/probe_00587_spk14.wav,번호는 삼육구일오오구사이팔사삼사칠입니다.,36915594284347,,female,spk14,probe_cont_14,probe,1,3.92,14,1,14,sentence,continuous,0.5279658834139506,0.13316908711115444,0.7157406806945801,0.4215693771839142,0.44658759236335754,0.5279658834139506
probe_00588_spk01.wav,/home/hye0n/projects/cnn-based-audio-pii-classification/src/cnn/data_probe/output/probe_00588_spk01.wav,번호는 구오오이칠육삼육오오육사칠이입니다.,95527636556472,,female,spk01,probe_cont_14,probe,1,4.32,14,1,14,sentence,continuous,0.8178969025611877,0.03157084514116979,0.8030197620391846,0.8617920279502869,0.7888789176940918,0.8178969025611877
probe_00589_spk02.wav,/home/hye0n/projects/cnn-based-audio-pii-classification/src/cnn/data_probe/output/probe_00589_spk02.wav,번호는 구이구삼일사삼팔육육삼이이칠입니다.,92931438663227,,male,spk02,probe_cont_14,probe,1,4.16,14,1,14,sentence,continuous,0.745183527469635,0.05585409680677201,0.7788575887680054,0.7902259230613708,0.6664670705795288,0.745183527469635
probe_00590_spk03.wav,/home/hye0n/projects/cnn-based-audio-pii-classification/src/cnn/data_probe/output/probe_00590_spk03.wav,번호는 공이육칠이팔팔오칠사사팔구공입니다.,02672885744890,,female,spk03,probe_cont_14,probe,1,4.16,14,1,14,sentence,continuous,0.9843865036964417,0.00998752360148892,0.9704123139381409,0.9931533336639404,0.9895938634872437,0.9843865036964417
probe_00591_spk04.wav,/home/hye0n/projects/cnn-based-audio-pii-classification/src/cnn/data_probe/output/probe_00591_spk04.wav,번호는 육일이공삼사칠일칠오사오오팔입니다.,61203471754558,,male,spk04,probe_cont_14,probe,1,3.76,14,1,14,sentence,continuous,0.9451660911242167,0.01578823646164451,0.9523137211799622,0.9232732653617859,0.9599112868309021,0.9451660911242167
probe_00592_spk05.wav,/home/hye0n/projects/cnn-based-audio-pii-classification/src/cnn/data_probe/output/probe_00592_spk05.wav,번호는 팔사오공육일오구삼구구팔이사입니다.,84506159399824,,female,spk05,probe_cont_14,probe,1,3.52,14,1,14,sentence,continuous,0.6238342126210531,0.11816331774953644,0.5563315749168396,0.7899728417396545,0.525198221206665,0.6238342126210531
probe_00593_spk06.wav,/home/hye0n/projects/cnn-based-audio-pii-classification/src/cnn/data_probe/output/probe_00593_spk06.wav,번호는 오오팔칠칠일육구사칠이이오육입니다.,55877169472256,,male,spk06,probe_cont_14,probe,1,3.68,14,1,14,sentence,continuous,0.7392037908236185,0.04872232584047703,0.6781308650970459,0.742111086845398,0.7973694205284119,0.7392037908236185
probe_00594_spk07.wav,/home/hye0n/projects/cnn-based-audio-pii-classification/src/cnn/data_probe/output/probe_00594_spk07.wav,번호는 구구육일일이오삼오오사사구육입니다.,99611253554496,,female,spk07,probe_cont_14,probe,1,3.28,14,1,14,sentence,continuous,0.5287767052650452,0.05436010237481541,0.5124578475952148,0.4718761444091797,0.601996123790741,0.5287767052650452
probe_00595_spk08.wav,/home/hye0n/projects/cnn-based-audio-pii-classification/src/cnn/data_probe/output/probe_00595_spk08.wav,번호는 사칠오구팔칠육이이공이삼사일입니다.,47598762202341,,male,spk08,probe_cont_14,probe,1,4.32,14,1,14,sentence,continuous,0.9772875905036926,0.013065284885937683,0.9909589290618896,0.9596874713897705,0.9812163710594177,0.9772875905036926
probe_00596_spk09.wav,/home/hye0n/projects/cnn-based-audio-pii-classification/src/cnn/data_probe/output/probe_00596_spk09.wav,번호는 삼이육일일일칠팔공공육팔일일입니다.,32611178006811,,female,spk09,probe_cont_14,probe,1,3.76,14,1,14,sentence,continuous,0.7029414574305216,0.11045450958826379,0.592093825340271,0.8536800146102905,0.6630505323410034,0.7029414574305216
probe_00597_spk10.wav,/home/hye0n/projects/cnn-based-audio-pii-classification/src/cnn/data_probe/output/probe_00597_spk10.wav,번호는 사구이일육사삼삼사칠이이팔이입니다.,49216433472282,,male,spk10,probe_cont_14,probe,1,3.76,14,1,14,sentence,continuous,0.2782139281431834,0.014483052388211454,0.2848791778087616,0.2916538715362549,0.2581087350845337,0.2782139281431834
probe_00598_spk11.wav,/home/hye0n/projects/cnn-based-audio-pii-classification/src/cnn/data_probe/output/probe_00598_spk11.wav,번호는 공공오오칠칠팔사팔칠이팔이구입니다.,00557784872829,,female,spk11,probe_cont_14,probe,1,4.0,14,1,14,sentence,continuous,0.7450588146845499,0.07857954706589623,0.6482965350151062,0.8407676815986633,0.7461122274398804,0.7450588146845499
probe_00599_spk12.wav,/home/hye0n/projects/cnn-based-audio-pii-classification/src/cnn/data_probe/output/probe_00599_spk12.wav,번호는 구칠구육팔팔사오칠팔삼일칠사입니다.,97968845783174,,male,spk12,probe_cont_14,probe,1,3.68,14,1,14,sentence,continuous,0.6997294624646505,0.0978154516101367,0.7743761539459229,0.7632659077644348,0.5615463256835938,0.6997294624646505
probe_00600_spk13.wav,/home/hye0n/projects/cnn-based-audio-pii-classification/src/cnn/data_probe/output/probe_00600_spk13.wav,번호는 오육사이사공공팔이오사칠팔공칠칠입니다.,5642400825478077,,male,spk13,probe_cont_16,probe,1,3.76,16,1,16,sentence,continuous,0.5801243980725607,0.15037964955937744,0.3681098222732544,0.671694815158844,0.7005685567855835,0.5801243980725607
probe_00601_spk14.wav,/home/hye0n/projects/cnn-based-audio-pii-classification/src/cnn/data_probe/output/probe_00601_spk14.wav,번호는 사공육사구삼공팔오삼육팔육육삼이입니다.,4064930853686632,,female,spk14,probe_cont_16,probe,1,4.24,16,1,16,sentence,continuous,0.8840602238972982,0.0280293032036796,0.9029908776283264,0.8444339036941528,0.9047558903694153,0.8840602238972982
probe_00602_spk01.wav,/home/hye0n/projects/cnn-based-audio-pii-classification/src/cnn/data_probe/output/probe_00602_spk01.wav,번호는 육육삼사일육삼팔구사사팔사육삼일입니다.,6634163894484631,,female,spk01,probe_cont_16,probe,1,4.8,16,1,16,sentence,continuous,0.9580994645754496,0.00838891510360609,0.9657987356185913,0.9464330673217773,0.9620665907859802,0.9580994645754496
probe_00603_spk02.wav,/home/hye0n/projects/cnn-based-audio-pii-classification/src/cnn/data_probe/output/probe_00603_spk02.wav,번호는 이이사일칠구칠사구칠삼오공이공팔입니다.,2241797497350208,,male,spk02,probe_cont_16,probe,1,4.16,16,1,16,sentence,continuous,0.7942438324292501,0.07041468143652607,0.699645459651947,0.8684818744659424,0.8146041631698608,0.7942438324292501
probe_00604_spk03.wav,/home/hye0n/projects/cnn-based-audio-pii-classification/src/cnn/data_probe/output/probe_00604_spk03.wav,번호는 공이일사사이칠공삼일이공칠삼오육입니다.,0214427031207356,,female,spk03,probe_cont_16,probe,1,4.48,16,1,16,sentence,continuous,0.9941460092862447,0.0011262807776402084,0.992834210395813,0.9955843091011047,0.9940195083618164,0.9941460092862447
probe_00605_spk04.wav,/home/hye0n/projects/cnn-based-audio-pii-classification/src/cnn/data_probe/output/probe_00605_spk04.wav,번호는 사칠오칠공오일이공사육일팔칠이삼입니다.,4757051204618723,,male,spk04,probe_cont_16,probe,1,4.64,16,1,16,sentence,continuous,0.9923348228136698,0.0012214469226219432,0.9920754432678223,0.9909855127334595,0.9939435124397278,0.9923348228136698
probe_00606_spk05.wav,/home/hye0n/projects/cnn-based-audio-pii-classification/src/cnn/data_probe/output/probe_00606_spk05.wav,번호는 사육공일삼육칠삼공삼칠일팔삼칠육입니다.,4601367303718376,,female,spk05,probe_cont_16,probe,1,5.2,16,1,16,sentence,continuous,0.9868292808532715,0.001926388660087622,0.987027645111084,0.9843770265579224,0.9890831708908081,0.9868292808532715
probe_00607_spk06.wav,/home/hye0n/projects/cnn-based-audio-pii-classification/src/cnn/data_probe/output/probe_00607_spk06.wav,번호는 사오이공팔팔일사칠사삼오공삼일삼입니다.,4520881474350313,,male,spk06,probe_cont_16,probe,1,4.08,16,1,16,sentence,continuous,0.6685703794161478,0.06280585074893251,0.7572013735771179,0.6192277073860168,0.6292820572853088,0.6685703794161478
probe_00608_spk07.wav,/home/hye0n/projects/cnn-based-audio-pii-classification/src/cnn/data_probe/output/probe_00608_spk07.wav,번호는 육오공이사구일육삼공공구칠구이오입니다.,6502491630097925,,female,spk07,probe_cont_16,probe,1,4.32,16,1,16,sentence,continuous,0.9910229047139486,0.0018355750640017957,0.991641640663147,0.9885302186012268,0.9928968548774719,0.9910229047139486
probe_00609_spk08.wav,/home/hye0n/projects/cnn-based-audio-pii-classification/src/cnn/data_probe/output/probe_00609_spk08.wav,번호는 일삼이칠일구오공공오이팔일이칠삼입니다.,1327195005281273,,male,spk08,probe_cont_16,probe,1,4.64,16,1,16,sentence,continuous,0.9216753443082174,0.019869949112131375,0.9483928680419922,0.915856659412384,0.9007765054702759,0.9216753443082174
probe_00610_spk09.wav,/home/hye0n/projects/cnn-based-audio-pii-classification/src/cnn/data_probe/output/probe_00610_spk09.wav,번호는 오팔오칠삼공육오이사공칠칠팔사팔입니다.,5857306524077848,,female,spk09,probe_cont_16,probe,1,5.04,16,1,16,sentence,continuous,0.8555226524670919,0.008524291603894483,0.8481432795524597,0.8509567975997925,0.8674678802490234,0.8555226524670919
probe_00611_spk10.wav,/home/hye0n/projects/cnn-based-audio-pii-classification/src/cnn/data_probe/output/probe_00611_spk10.wav,번호는 칠삼구이팔오오칠사구팔이일팔이칠입니다.,7392855749821827,,male,spk10,probe_cont_16,probe,1,3.44,16,1,16,sentence,continuous,0.8335575660069784,0.024542233310141957,0.85233473777771,0.8494483232498169,0.7988896369934082,0.8335575660069784
probe_00612_spk11.wav,/home/hye0n/projects/cnn-based-audio-pii-classification/src/cnn/data_probe/output/probe_00612_spk11.wav,번호는 사사팔오칠공팔육이공구오구삼오일입니다.,4485708620959351,,female,spk11,probe_cont_16,probe,1,3.92,16,1,16,sentence,continuous,0.7701133290926615,0.08781527647708874,0.780870258808136,0.6575877666473389,0.8718819618225098,0.7701133290926615
probe_00613_spk12.wav,/home/hye0n/projects/cnn-based-audio-pii-classification/src/cnn/data_probe/output/probe_00613_spk12.wav,번호는 팔육삼팔칠팔이구사오육오일일팔일입니다.,8638782945651181,,male,spk12,probe_cont_16,probe,1,4.56,16,1,16,sentence,continuous,0.42566518982251483,0.10390768830253683,0.5059234499931335,0.49213892221450806,0.27893319725990295,0.42566518982251483
probe_00614_spk13.wav,/home/hye0n/projects/cnn-based-audio-pii-classification/src/cnn/data_probe/output/probe_00614_spk13.wav,번호는 공이이공삼일칠삼일공구육칠팔구구입니다.,0220317310967899,,male,spk13,probe_cont_16,probe,1,4.24,16,1,16,sentence,continuous,0.8317195375760397,0.02202183638056239,0.8315287232398987,0.804844319820404,0.8587855696678162,0.8317195375760397
probe_00615_spk14.wav,/home/hye0n/projects/cnn-based-audio-pii-classification/src/cnn/data_probe/output/probe_00615_spk14.wav,번호는 사공오삼구일공삼칠일칠공오팔육오입니다.,4053910371705865,,female,spk14,probe_cont_16,probe,1,4.8,16,1,16,sentence,continuous,0.9875505367914835,0.0038460497855244847,0.9892156720161438,0.9912022352218628,0.9822337031364441,0.9875505367914835
probe_00616_spk01.wav,/home/hye0n/projects/cnn-based-audio-pii-classification/src/cnn/data_probe/output/probe_00616_spk01.wav,번호는 공구사팔공일사일삼팔일일삼팔육삼입니다.,0948014138113863,,female,spk01,probe_cont_16,probe,1,5.04,16,1,16,sentence,continuous,0.9741693735122681,0.008211401044109482,0.9793294668197632,0.9625798463821411,0.9805988073348999,0.9741693735122681
probe_00617_spk02.wav,/home/hye0n/projects/cnn-based-audio-pii-classification/src/cnn/data_probe/output/probe_00617_spk02.wav,번호는 삼팔삼구이팔팔육일구오칠육일이이입니다.,3839288619576122,,male,spk02,probe_cont_16,probe,1,4.0,16,1,16,sentence,continuous,0.9208272298177084,0.026068909017060538,0.9553462862968445,0.892355740070343,0.9147796630859375,0.9208272298177084
probe_00618_spk03.wav,/home/hye0n/projects/cnn-based-audio-pii-classification/src/cnn/data_probe/output/probe_00618_spk03.wav,번호는 팔육팔오이팔구칠오오팔오오육육오입니다.,8685289755855665,,female,spk03,probe_cont_16,probe,1,5.28,16,1,16,sentence,continuous,0.9049112995465597,0.04139194529820115,0.8516146540641785,0.9525248408317566,0.9105944037437439,0.9049112995465597
probe_00619_spk04.wav,/home/hye0n/projects/cnn-based-audio-pii-classification/src/cnn/data_probe/output/probe_00619_spk04.wav,번호는 구삼구팔삼육팔사오칠칠육공공사구입니다.,9398368457760049,,male,spk04,probe_cont_16,probe,1,4.48,16,1,16,sentence,continuous,0.9949114521344503,0.0016048692776949424,0.9971166849136353,0.9942737221717834,0.9933439493179321,0.9949114521344503
probe_00620_spk05.wav,/home/hye0n/projects/cnn-based-audio-pii-classification/src/cnn/data_probe/output/probe_00620_spk05.wav,번호는 공팔이사공사삼삼오공사팔팔팔구구입니다.,0824043350488899,,female,spk05,probe_cont_16,probe,1,4.0,16,1,16,sentence,continuous,0.8590011596679688,0.05919811529100247,0.8766856789588928,0.9210254549980164,0.7792923450469971,0.8590011596679688
probe_00621_spk06.wav,/home/hye0n/projects/cnn-based-audio-pii-classification/src/cnn/data_probe/output/probe_00621_spk06.wav,번호는 이일공칠오이이사오구삼삼사사일구입니다.,2107522459334419,,male,spk06,probe_cont_16,probe,1,4.24,16,1,16,sentence,continuous,0.919138511021932,0.013689140390890912,0.9204369187355042,0.9017613530158997,0.9352172613143921,0.919138511021932
probe_00622_spk07.wav,/home/hye0n/projects/cnn-based-audio-pii-classification/src/cnn/data_probe/output/probe_00622_spk07.wav,번호는 육구삼일오칠이칠구일구사공구육일입니다.,6931572791940961,,female,spk07,probe_cont_16,probe,1,3.6,16,1,16,sentence,continuous,0.9853168527285258,0.0022036711370117907,0.9822047352790833,0.9870153665542603,0.9867304563522339,0.9853168527285258
probe_00623_spk08.wav,/home/hye0n/projects/cnn-based-audio-pii-classification/src/cnn/data_probe/output/probe_00623_spk08.wav,번호는 공오오육육일삼구공육공사팔공오팔입니다.,0556613906048058,,male,spk08,probe_cont_16,probe,1,4.56,16,1,16,sentence,continuous,0.9256043632825216,0.04415622369508447,0.9523894190788269,0.9610644578933716,0.8633592128753662,0.9256043632825216
probe_00624_spk09.wav,/home/hye0n/projects/cnn-based-audio-pii-classification/src/cnn/data_probe/output/probe_00624_spk09.wav,번호는 구이오팔삼이공육칠구구팔일삼육사입니다.,9258320679981364,,female,spk09,probe_cont_16,probe,1,4.32,16,1,16,sentence,continuous,0.846385657787323,0.0710613333075052,0.7514127492904663,0.8654172420501709,0.9223269820213318,0.846385657787323
probe_00625_spk10.wav,/home/hye0n/projects/cnn-based-audio-pii-classification/src/cnn/data_probe/output/probe_00625_spk10.wav,번호는 육이이오일칠구공팔육사일육팔육이입니다.,6225179086416862,,male,spk10,probe_cont_16,probe,1,4.08,16,1,16,sentence,continuous,0.888208250204722,0.031076789012652796,0.9263676404953003,0.8502461314201355,0.8880109786987305,0.888208250204722
probe_00626_spk11.wav,/home/hye0n/projects/cnn-based-audio-pii-classification/src/cnn/data_probe/output/probe_00626_spk11.wav,번호는 이칠팔삼칠육구삼팔구팔삼삼일사육입니다.,2783769389833146,,female,spk11,probe_cont_16,probe,1,4.56,16,1,16,sentence,continuous,0.9242167870203654,0.026779663744103892,0.9251340627670288,0.9565467834472656,0.8909695148468018,0.9242167870203654
probe_00627_spk12.wav,/home/hye0n/projects/cnn-based-audio-pii-classification/src/cnn/data_probe/output/probe_00627_spk12.wav,번호는 오구일일육육오오삼오오구공사이오입니다.,5911665535590425,,male,spk12,probe_cont_16,probe,1,3.92,16,1,16,sentence,continuous,0.8513201872507731,0.034146149960269837,0.8500335812568665,0.8937689661979675,0.8101580142974854,0.8513201872507731
probe_00628_spk13.wav,/home/hye0n/projects/cnn-based-audio-pii-classification/src/cnn/data_probe/output/probe_00628_spk13.wav,번호는 구칠구이칠공삼삼오이일일공삼구이입니다.,9792703352110392,,male,spk13,probe_cont_16,probe,1,4.4,16,1,16,sentence,continuous,0.310637762149175,0.024809686785714928,0.31100359559059143,0.280070960521698,0.3408387303352356,0.310637762149175
probe_00629_spk14.wav,/home/hye0n/projects/cnn-based-audio-pii-classification/src/cnn/data_probe/output/probe_00629_spk14.wav,번호는 사공오일사칠칠공오삼팔삼삼팔팔사입니다.,4051477053833884,,female,spk14,probe_cont_16,probe,1,4.64,16,1,16,sentence,continuous,0.988836427529653,0.0034242306877510405,0.9879235625267029,0.9851742386817932,0.9934114813804626,0.988836427529653
probe_00630_spk01.wav,/home/hye0n/projects/cnn-based-audio-pii-classification/src/cnn/data_probe/output/probe_00630_spk01.wav,번호는 팔칠구이공육구팔공사이공사삼구사입니다.,8792069804204394,,female,spk01,probe_cont_16,probe,1,4.56,16,1,16,sentence,continuous,0.9611667394638062,0.01609622415808496,0.9559729099273682,0.9829574227333069,0.9445698857307434,0.9611667394638062
probe_00631_spk02.wav,/home/hye0n/projects/cnn-based-audio-pii-classification/src/cnn/data_probe/output/probe_00631_spk02.wav,번호는 공칠공일육사오일공사육삼육팔일오입니다.,0701645104636815,,male,spk02,probe_cont_16,probe,1,3.6,16,1,16,sentence,continuous,0.8977693915367126,0.044055513223204085,0.8867204785346985,0.9563953876495361,0.8501923084259033,0.8977693915367126
probe_00632_spk03.wav,/home/hye0n/projects/cnn-based-audio-pii-classification/src/cnn/data_probe/output/probe_00632_spk03.wav,번호는 칠구팔일이삼팔칠팔공공삼팔사오칠입니다.,7981238780038457,,female,spk03,probe_cont_16,probe,1,4.88,16,1,16,sentence,continuous,0.8698694705963135,0.020133255149219924,0.8455340266227722,0.8692363500595093,0.8948380351066589,0.8698694705963135
probe_00633_spk04.wav,/home/hye0n/projects/cnn-based-audio-pii-classification/src/cnn/data_probe/output/probe_00633_spk04.wav,번호는 육이공오오오사삼팔사공사육공팔사입니다.,6205554384046084,,male,spk04,probe_cont_16,probe,1,4.72,16,1,16,sentence,continuous,0.9837668140729269,0.004416716975363585,0.9855323433876038,0.9880728125572205,0.9776952862739563,0.9837668140729269
probe_00634_spk05.wav,/home/hye0n/projects/cnn-based-audio-pii-classification/src/cnn/data_probe/output/probe_00634_spk05.wav,번호는 삼이오육이일육팔구삼육삼구이육사입니다.,3256216893639264,,female,spk05,probe_cont_16,probe,1,4.4,16,1,16,sentence,continuous,0.9804086287816366,0.004569860661190769,0.9834461808204651,0.973949670791626,0.9838300347328186,0.9804086287816366
probe_00635_spk06.wav,/home/hye0n/projects/cnn-based-audio-pii-classification/src/cnn/data_probe/output/probe_00635_spk06.wav,번호는 구오칠팔이삼이구팔삼이사팔이육이입니다.,9578232983248262,,male,spk06,probe_cont_16,probe,1,3.68,16,1,16,sentence,continuous,0.6467705965042114,0.06982000067243872,0.5907384157180786,0.745196521282196,0.6043768525123596,0.6467705965042114
probe_00636_spk07.wav,/home/hye0n/projects/cnn-based-audio-pii-classification/src/cnn/data_probe/output/probe_00636_spk07.wav,번호는 구이오일팔팔일이오이공오육육사칠입니다.,9251881252056647,,female,spk07,probe_cont_16,probe,1,4.24,16,1,16,sentence,continuous,0.8884769479433695,0.05824563571499051,0.9018877148628235,0.9521558284759521,0.811387300491333,0.8884769479433695
probe_00637_spk08.wav,/home/hye0n/projects/cnn-based-audio-pii-classification/src/cnn/data_probe/output/probe_00637_spk08.wav,번호는 사이삼일이이공구구사구구구삼구삼입니다.,4231220994999393,,male,spk08,probe_cont_16,probe,1,5.04,16,1,16,sentence,continuous,0.93870876232783,0.026419366711732267,0.9733213186264038,0.9092183709144592,0.933586597442627,0.93870876232783
probe_00638_spk09.wav,/home/hye0n/projects/cnn-based-audio-pii-classification/src/cnn/data_probe/output/probe_00638_spk09.wav,번호는 삼공오일칠이팔구칠오이육칠칠이이입니다.,3051728975267722,,female,spk09,probe_cont_16,probe,1,4.32,16,1,16,sentence,continuous,0.9869758486747742,0.008050302060107963,0.975762665271759,0.9908767342567444,0.9942881464958191,0.9869758486747742
probe_00639_spk10.wav,/home/hye0n/projects/cnn-based-audio-pii-classification/src/cnn/data_probe/output/probe_00639_spk10.wav,번호는 삼삼공육공사육삼삼삼일이칠구칠오입니다.,3306046333127975,,male,spk10,probe_cont_16,probe,1,3.44,16,1,16,sentence,continuous,0.7994740804036459,0.05335510117880233,0.8451018929481506,0.8287056088447571,0.7246147394180298,0.7994740804036459
probe_00640_spk11.wav,/home/hye0n/projects/cnn-based-audio-pii-classification/src/cnn/data_probe/output/probe_00640_spk11.wav,번호는 칠삼육육공구육오육구구구팔팔공팔입니다.,7366096569998808,,female,spk11,probe_cont_16,probe,1,4.96,16,1,16,sentence,continuous,0.6981190840403239,0.06863206350272995,0.7553304433822632,0.7374154329299927,0.6016113758087158,0.6981190840403239
probe_00641_spk12.wav,/home/hye0n/projects/cnn-based-audio-pii-classification/src/cnn/data_probe/output/probe_00641_spk12.wav,번호는 일칠칠공삼팔팔육공팔육팔공삼사칠입니다.,1770388608680347,,male,spk12,probe_cont_16,probe,1,4.16,16,1,16,sentence,continuous,0.9166572292645773,0.014033932511530092,0.9288817048072815,0.9240856170654297,0.8970043659210205,0.9166572292645773
probe_00642_spk13.wav,/home/hye0n/projects/cnn-based-audio-pii-classification/src/cnn/data_probe/output/probe_00642_spk13.wav,번호는 육사사칠이육사구공팔이칠칠일팔일입니다.,6447264908277181,,male,spk13,probe_cont_16,probe,1,3.44,16,1,16,sentence,continuous,0.5743645826975504,0.12256660286787055,0.7183493375778198,0.5859494209289551,0.41879498958587646,0.5743645826975504
probe_00643_spk14.wav,/home/hye0n/projects/cnn-based-audio-pii-classification/src/cnn/data_probe/output/probe_00643_spk14.wav,번호는 이구팔이육육오칠공이칠구삼칠일사입니다.,2982665702793714,,female,spk14,probe_cont_16,probe,1,4.72,16,1,16,sentence,continuous,0.9533623059590658,0.008487236163943984,0.9413660764694214,0.9590174555778503,0.9597033858299255,0.9533623059590658
probe_00644_spk01.wav,/home/hye0n/projects/cnn-based-audio-pii-classification/src/cnn/data_probe/output/probe_00644_spk01.wav,번호는 오이일일일칠오일팔육팔구이육팔육입니다.,5211175186892686,,female,spk01,probe_cont_16,probe,1,4.08,16,1,16,sentence,continuous,0.9773219029108683,0.015072354135104125,0.992216944694519,0.9566695690155029,0.983079195022583,0.9773219029108683
probe_00645_spk02.wav,/home/hye0n/projects/cnn-based-audio-pii-classification/src/cnn/data_probe/output/probe_00645_spk02.wav,번호는 공이오구이이이이공육사사칠사이일입니다.,0259222206447421,,male,spk02,probe_cont_16,probe,1,4.48,16,1,16,sentence,continuous,0.925188680489858,0.020358877155139888,0.9090397357940674,0.9539061784744263,0.9126201272010803,0.925188680489858
probe_00646_spk03.wav,/home/hye0n/projects/cnn-based-audio-pii-classification/src/cnn/data_probe/output/probe_00646_spk03.wav,번호는 이삼공구사공칠칠칠팔공구칠삼삼구입니다.,2309407778097339,,female,spk03,probe_cont_16,probe,1,4.4,16,1,16,sentence,continuous,0.9859557350476583,0.0007498250514482552,0.986422061920166,0.9865473508834839,0.984897792339325,0.9859557350476583
probe_00647_spk04.wav,/home/hye0n/projects/cnn-based-audio-pii-classification/src/cnn/data_probe/output/probe_00647_spk04.wav,번호는 칠칠육칠일구구공삼팔사구팔삼공이입니다.,7767199038498302,,male,spk04,probe_cont_16,probe,1,4.64,16,1,16,sentence,continuous,0.9560695290565491,0.011007588549205104,0.9707707762718201,0.9442854523658752,0.9531523585319519,0.9560695290565491
probe_00648_spk05.wav,/home/hye0n/projects/cnn-based-audio-pii-classification/src/cnn/data_probe/output/probe_00648_spk05.wav,번호는 이공오공이공구구사오일공일육이이입니다.,2050209945101622,,female,spk05,probe_cont_16,probe,1,4.88,16,1,16,sentence,continuous,0.8994531035423279,0.01696131116037896,0.9188030958175659,0.9020546078681946,0.8775016069412231,0.8994531035423279
probe_00649_spk06.wav,/home/hye0n/projects/cnn-based-audio-pii-classification/src/cnn/data_probe/output/probe_00649_spk06.wav,번호는 사구구구팔이칠구오공일사오오육일입니다.,4999827950145561,,male,spk06,probe_cont_16,probe,1,3.6,16,1,16,sentence,continuous,0.6184645295143127,0.07519863295722827,0.6562402844429016,0.6856696009635925,0.5134837031364441,0.6184645295143127
probe_00650_spk07.wav,/home/hye0n/projects/cnn-based-audio-pii-classification/src/cnn/data_probe/output/probe_00650_spk07.wav,번호는 육팔일사칠이일사오팔육팔삼삼구공입니다.,6814721458683390,,female,spk07,probe_cont_16,probe,1,4.72,16,1,16,sentence,continuous,0.9766640265782675,0.011061131587698642,0.9868466258049011,0.9612888097763062,0.981856644153595,0.9766640265782675
probe_00651_spk08.wav,/home/hye0n/projects/cnn-based-audio-pii-classification/src/cnn/data_probe/output/probe_00651_spk08.wav,번호는 일구팔일칠구사육구오사팔구구오이입니다.,1981794695489952,,male,spk08,probe_cont_16,probe,1,4.72,16,1,16,sentence,continuous,0.9124089876810709,0.029245190399809808,0.9500473141670227,0.8787426352500916,0.9084370136260986,0.9124089876810709
probe_00652_spk09.wav,/home/hye0n/projects/cnn-based-audio-pii-classification/src/cnn/data_probe/output/probe_00652_spk09.wav,번호는 구구칠팔칠칠이구삼사삼공일공칠일입니다.,9978772934301071,,female,spk09,probe_cont_16,probe,1,4.96,16,1,16,sentence,continuous,0.9501052300135294,0.04463879927972981,0.8874444961547852,0.9747904539108276,0.9880807399749756,0.9501052300135294
probe_00653_spk10.wav,/home/hye0n/projects/cnn-based-audio-pii-classification/src/cnn/data_probe/output/probe_00653_spk10.wav,번호는 삼구육육공오오팔삼공삼사사일사사입니다.,3966055830344144,,male,spk10,probe_cont_16,probe,1,4.48,16,1,16,sentence,continuous,0.9025324185689291,0.03737635278616648,0.9296293258666992,0.8496799468994141,0.9282879829406738,0.9025324185689291
probe_00654_spk11.wav,/home/hye0n/projects/cnn-based-audio-pii-classification/src/cnn/data_probe/output/probe_00654_spk11.wav,번호는 팔팔오공일오오육구구공이삼오오칠입니다.,8850155699023557,,female,spk11,probe_cont_16,probe,1,3.76,16,1,16,sentence,continuous,0.9081811706225077,0.038348952717266044,0.9148939847946167,0.9514312744140625,0.858218252658844,0.9081811706225077
probe_00655_spk12.wav,/home/hye0n/projects/cnn-based-audio-pii-classification/src/cnn/data_probe/output/probe_00655_spk12.wav,번호는 칠공이칠이칠팔오칠육공팔사구오팔입니다.,7027278576084958,,male,spk12,probe_cont_16,probe,1,4.4,16,1,16,sentence,continuous,0.8515098293622335,0.017247901887820723,0.8308039903640747,0.8730290532112122,0.8506964445114136,0.8515098293622335
probe_00656_spk13.wav,/home/hye0n/projects/cnn-based-audio-pii-classification/src/cnn/data_probe/output/probe_00656_spk13.wav,번호는 팔공삼구오오일이사공오육팔이구구입니다.,8039551240568299,,male,spk13,probe_cont_16,probe,1,3.6,16,1,16,sentence,continuous,0.5103067457675934,0.11367499749779139,0.34954628348350525,0.5909377932548523,0.5904361605644226,0.5103067457675934
probe_00657_spk14.wav,/home/hye0n/projects/cnn-based-audio-pii-classification/src/cnn/data_probe/output/probe_00657_spk14.wav,번호는 육이구일사오공사육일칠삼오칠사삼입니다.,6291450461735743,,female,spk14,probe_cont_16,probe,1,4.8,16,1,16,sentence,continuous,0.8971370657285055,0.018507190373989388,0.8714523315429688,0.9056211113929749,0.9143377542495728,0.8971370657285055
probe_00658_spk01.wav,/home/hye0n/projects/cnn-based-audio-pii-classification/src/cnn/data_probe/output/probe_00658_spk01.wav,번호는 팔사이일오공삼일칠팔공칠팔이삼오입니다.,8421503178078235,,female,spk01,probe_cont_16,probe,1,4.32,16,1,16,sentence,continuous,0.9761852423350016,0.0039831508054029505,0.9706918001174927,0.9800112247467041,0.9778527021408081,0.9761852423350016
probe_00659_spk02.wav,/home/hye0n/projects/cnn-based-audio-pii-classification/src/cnn/data_probe/output/probe_00659_spk02.wav,번호는 칠팔사오이일팔이삼공칠육팔일공사입니다.,7845218230768104,,male,spk02,probe_cont_16,probe,1,4.48,16,1,16,sentence,continuous,0.8612432479858398,0.02874058912417316,0.8536186814308167,0.8996305465698242,0.8304805159568787,0.8612432479858398
probe_00660_spk03.wav,/home/hye0n/projects/cnn-based-audio-pii-classification/src/cnn/data_probe/output/probe_00660_spk03.wav,번호는 공구일오칠공일팔사공구사삼오삼삼입니다.,0915701840943533,,female,spk03,probe_cont_16,probe,1,5.68,16,1,16,sentence,continuous,0.9942989945411682,0.0007280238599113701,0.9934265613555908,0.9942617416381836,0.9952086806297302,0.9942989945411682
probe_00661_spk04.wav,/home/hye0n/projects/cnn-based-audio-pii-classification/src/cnn/data_probe/output/probe_00661_spk04.wav,번호는 사사팔오칠일사이이사일공구팔팔일입니다.,4485714224109881,,male,spk04,probe_cont_16,probe,1,3.6,16,1,16,sentence,continuous,0.927939216295878,0.038378751284261325,0.9421308636665344,0.9662123322486877,0.8754744529724121,0.927939216295878
probe_00662_spk05.wav,/home/hye0n/projects/cnn-based-audio-pii-classification/src/cnn/data_probe/output/probe_00662_spk05.wav,번호는 삼팔오팔오사이사구삼이일사구오팔입니다.,3858542493214958,,female,spk05,probe_cont_16,probe,1,3.92,16,1,16,sentence,continuous,0.8645166754722595,0.03919217558512856,0.8559885025024414,0.9162095785140991,0.821351945400238,0.8645166754722595
probe_00663_spk06.wav,/home/hye0n/projects/cnn-based-audio-pii-classification/src/cnn/data_probe/output/probe_00663_spk06.wav,번호는 칠공이공칠공일육공일육육이구구칠입니다.,7020701601662997,,male,spk06,probe_cont_16,probe,1,4.0,16,1,16,sentence,continuous,0.17993690570195517,0.06929687427969576,0.18192856013774872,0.26379454135894775,0.094087615609169,0.17993690570195517
probe_00664_spk07.wav,/home/hye0n/projects/cnn-based-audio-pii-classification/src/cnn/data_probe/output/probe_00664_spk07.wav,번호는 구오사오삼팔일칠구이일칠일칠사칠입니다.,9545381792171747,,female,spk07,probe_cont_16,probe,1,4.72,16,1,16,sentence,continuous,0.9355385303497314,0.01658329695670795,0.9172956347465515,0.9574234485626221,0.9318965077400208,0.9355385303497314
probe_00665_spk08.wav,/home/hye0n/projects/cnn-based-audio-pii-classification/src/cnn/data_probe/output/probe_00665_spk08.wav,번호는 칠삼삼이구사오육이오오칠칠공일칠입니다.,7332945625577017,,male,spk08,probe_cont_16,probe,1,4.8,16,1,16,sentence,continuous,0.9721255501111349,0.01485722584161796,0.9931358098983765,0.9614402055740356,0.9618006348609924,0.9721255501111349
probe_00666_spk09.wav,/home/hye0n/projects/cnn-based-audio-pii-classification/src/cnn/data_probe/output/probe_00666_spk09.wav,번호는 일오칠칠이사오구구이팔일육일오팔입니다.,1577245992816158,,female,spk09,probe_cont_16,probe,1,4.16,16,1,16,sentence,continuous,0.9804023305575053,0.007518844430753499,0.9808094501495361,0.9709968566894531,0.9894006848335266,0.9804023305575053
probe_00667_spk10.wav,/home/hye0n/projects/cnn-based-audio-pii-classification/src/cnn/data_probe/output/probe_00667_spk10.wav,번호는 일사팔칠육구육삼구삼팔이칠육일오입니다.,1487696393827615,,male,spk10,probe_cont_16,probe,1,4.0,16,1,16,sentence,continuous,0.7537139058113098,0.08715365575424104,0.8733698129653931,0.7194884419441223,0.6682834625244141,0.7537139058113098
probe_00668_spk11.wav,/home/hye0n/projects/cnn-based-audio-pii-classification/src/cnn/data_probe/output/probe_00668_spk11.wav,번호는 삼구육육구오팔삼이일구칠일구구칠입니다.,3966958321971997,,female,spk11,probe_cont_16,probe,1,4.48,16,1,16,sentence,continuous,0.954000194867452,0.010698649398791955,0.9436664581298828,0.9495961666107178,0.9687379598617554,0.954000194867452
probe_00669_spk12.wav,/home/hye0n/projects/cnn-based-audio-pii-classification/src/cnn/data_probe/output/probe_00669_spk12.wav,번호는 오팔일칠이사육일구일구육오칠공일입니다.,5817246191965701,,male,spk12,probe_cont_16,probe,1,3.92,16,1,16,sentence,continuous,0.8039315144220988,0.043203524007760244,0.8491429686546326,0.816917359828949,0.7457342147827148,0.8039315144220988
probe_00670_spk13.wav,/home/hye0n/projects/cnn-based-audio-pii-classification/src/cnn/data_probe/output/probe_00670_spk13.wav,번호는 삼이구공이이칠팔사육구구칠삼삼오입니다.,3290227846997335,,male,spk13,probe_cont_16,probe,1,3.92,16,1,16,sentence,continuous,0.7985852956771851,0.04617547760722678,0.8590155243873596,0.7469365000724792,0.7898038625717163,0.7985852956771851
probe_00671_spk14.wav,/home/hye0n/projects/cnn-based-audio-pii-classification/src/cnn/data_probe/output/probe_00671_spk14.wav,번호는 사구사육오일구공구팔육이사공오팔입니다.,4946519098624058,,female,spk14,probe_cont_16,probe,1,4.32,16,1,16,sentence,continuous,0.9204297065734863,0.0246000424455368,0.9115670919418335,0.8957262635231018,0.9539957642555237,0.9204297065734863
probe_00672_spk01.wav,/home/hye0n/projects/cnn-based-audio-pii-classification/src/cnn/data_probe/output/probe_00672_spk01.wav,번호는 공공팔오일사공삼육구육오육육육육입니다.,0085140369656666,,female,spk01,probe_cont_16,probe,1,5.44,16,1,16,sentence,continuous,0.9599711497624716,0.01271469758813439,0.97651207447052,0.9578075408935547,0.9455938339233398,0.9599711497624716
probe_00673_spk02.wav,/home/hye0n/projects/cnn-based-audio-pii-classification/src/cnn/data_probe/output/probe_00673_spk02.wav,번호는 팔삼이칠이삼팔육오육이사이이공일입니다.,8327238656242201,,male,spk02,probe_cont_16,probe,1,3.92,16,1,16,sentence,continuous,0.6856881280740103,0.14961297071121693,0.49449846148490906,0.859774649143219,0.7027912735939026,0.6856881280740103
probe_00674_spk03.wav,/home/hye0n/projects/cnn-based-audio-pii-classification/src/cnn/data_probe/output/probe_00674_spk03.wav,번호는 공이칠육이일이육칠구육구이칠팔육입니다.,0276212679692786,,female,spk03,probe_cont_16,probe,1,4.24,16,1,16,sentence,continuous,0.9717783729235331,0.014154510618808657,0.9518814086914062,0.9798272848129272,0.9836264252662659,0.9717783729235331
probe_00675_spk04.wav,/home/hye0n/projects/cnn-based-audio-pii-classification/src/cnn/data_probe/output/probe_00675_spk04.wav,번호는 팔칠육오삼이육구공구칠삼팔사육팔입니다.,8765326909738468,,male,spk04,probe_cont_16,probe,1,5.04,16,1,16,sentence,continuous,0.969113806883494,0.010988730086700555,0.9824838042259216,0.9692888855934143,0.9555687308311462,0.969113806883494
probe_00676_spk05.wav,/home/hye0n/projects/cnn-based-audio-pii-classification/src/cnn/data_probe/output/probe_00676_spk05.wav,번호는 구오공공구칠오일구칠일이팔사칠팔입니다.,9500975197128478,,female,spk05,probe_cont_16,probe,1,4.0,16,1,16,sentence,continuous,0.8369566003481547,0.028304613250562192,0.7970191836357117,0.8592659831047058,0.8545846343040466,0.8369566003481547
probe_00677_spk06.wav,/home/hye0n/projects/cnn-based-audio-pii-classification/src/cnn/data_probe/output/probe_00677_spk06.wav,번호는 일팔구일삼칠일팔구사구공오팔공칠입니다.,1891371894905807,,male,spk06,probe_cont_16,probe,1,5.36,16,1,16,sentence,continuous,0.6559717059135437,0.03949554213628427,0.7059358954429626,0.6526120901107788,0.6093671321868896,0.6559717059135437
probe_00678_spk07.wav,/home/hye0n/projects/cnn-based-audio-pii-classification/src/cnn/data_probe/output/probe_00678_spk07.wav,번호는 칠팔칠구오육오사사이공구사구사공입니다.,7879565442094940,,female,spk07,probe_cont_16,probe,1,4.16,16,1,16,sentence,continuous,0.9920056859652201,0.0022961746989216074,0.9887670874595642,0.9934194684028625,0.9938305020332336,0.9920056859652201
probe_00679_spk08.wav,/home/hye0n/projects/cnn-based-audio-pii-classification/src/cnn/data_probe/output/probe_00679_spk08.wav,번호는 칠구이구공사구공사칠일이팔일사사입니다.,7929049047128144,,male,spk08,probe_cont_16,probe,1,4.16,16,1,16,sentence,continuous,0.9590986967086792,0.015190519681419275,0.975134015083313,0.9634616374969482,0.9387004375457764,0.9590986967086792
probe_00680_spk09.wav,/home/hye0n/projects/cnn-based-audio-pii-classification/src/cnn/data_probe/output/probe_00680_spk09.wav,번호는 이구사사사공일구이구이칠오이사삼입니다.,2944401929275243,,female,spk09,probe_cont_16,probe,1,3.84,16,1,16,sentence,continuous,0.9363847772280375,0.021223177329258235,0.9164765477180481,0.9268868565559387,0.9657909274101257,0.9363847772280375
probe_00681_spk10.wav,/home/hye0n/projects/cnn-based-audio-pii-classification/src/cnn/data_probe/output/probe_00681_spk10.wav,번호는 칠이팔공오일이구이칠육육삼칠이삼입니다.,7280512927663723,,male,spk10,probe_cont_16,probe,1,3.92,16,1,16,sentence,continuous,0.5130383570988973,0.04983806586032845,0.5825355648994446,0.48845601081848145,0.46812349557876587,0.5130383570988973
probe_00682_spk11.wav,/home/hye0n/projects/cnn-based-audio-pii-classification/src/cnn/data_probe/output/probe_00682_spk11.wav,번호는 구오공사일공이칠육칠사칠팔삼육육입니다.,9504102767478366,,female,spk11,probe_cont_16,probe,1,5.04,16,1,16,sentence,continuous,0.9653422633806864,0.004387976281273393,0.966566264629364,0.969998836517334,0.9594616889953613,0.9653422633806864
probe_00683_spk12.wav,/home/hye0n/projects/cnn-based-audio-pii-classification/src/cnn/data_probe/output/probe_00683_spk12.wav,번호는 칠사이팔육공사칠육오팔공일팔오육입니다.,7428604765801856,,male,spk12,probe_cont_16,probe,1,3.84,16,1,16,sentence,continuous,0.9460172255833944,0.00622912830646751,0.9547586441040039,0.9425919055938721,0.9407011270523071,0.9460172255833944
probe_00684_spk13.wav,/home/hye0n/projects/cnn-based-audio-pii-classification/src/cnn/data_probe/output/probe_00684_spk13.wav,번호는 구사오사사일사구육칠삼구삼팔오이입니다.,9454414967393852,,male,spk13,probe_cont_16,probe,1,4.16,16,1,16,sentence,continuous,0.28756823639074963,0.08906480408803015,0.26002535223960876,0.4077814519405365,0.19489790499210358,0.28756823639074963
probe_00685_spk14.wav,/home/hye0n/projects/cnn-based-audio-pii-classification/src/cnn/data_probe/output/probe_00685_spk14.wav,번호는 오팔공공일공육일팔일칠오삼사사삼입니다.,5800106181753443,,female,spk14,probe_cont_16,probe,1,4.96,16,1,16,sentence,continuous,0.6088289419809977,0.10657653667960312,0.5926336646080017,0.7466999292373657,0.48715323209762573,0.6088289419809977
probe_00686_spk01.wav,/home/hye0n/projects/cnn-based-audio-pii-classification/src/cnn/data_probe/output/probe_00686_spk01.wav,번호는 공공구일공구삼구일일일구이육구이입니다.,0091093911192692,,female,spk01,probe_cont_16,probe,1,4.56,16,1,16,sentence,continuous,0.9661801854769388,0.007105493587880722,0.9743838310241699,0.9671040177345276,0.9570527076721191,0.9661801854769388
probe_00687_spk02.wav,/home/hye0n/projects/cnn-based-audio-pii-classification/src/cnn/data_probe/output/probe_00687_spk02.wav,번호는 일이사사칠일칠사육오사이일사공육입니다.,1244717465421406,,male,spk02,probe_cont_16,probe,1,4.32,16,1,16,sentence,continuous,0.9622271855672201,0.002030939014752545,0.9628246426582336,0.9643614292144775,0.959495484828949,0.9622271855672201
probe_00688_spk03.wav,/home/hye0n/projects/cnn-based-audio-pii-classification/src/cnn/data_probe/output/probe_00688_spk03.wav,번호는 육오공사사이칠일칠삼구육이칠일이입니다.,6504427173962712,,female,spk03,probe_cont_16,probe,1,4.16,16,1,16,sentence,continuous,0.828287680943807,0.0548144187603049,0.7509445548057556,0.8714826703071594,0.8624358177185059,0.828287680943807
probe_00689_spk04.wav,/home/hye0n/projects/cnn-based-audio-pii-classification/src/cnn/data_probe/output/probe_00689_spk04.wav,번호는 팔육삼구일칠사일공일일구사칠공칠입니다.,8639174101194707,,male,spk04,probe_cont_16,probe,1,4.16,16,1,16,sentence,continuous,0.9665234088897705,0.01706225315224793,0.9429222941398621,0.9739741086959839,0.9826738238334656,0.9665234088897705
probe_00690_spk05.wav,/home/hye0n/projects/cnn-based-audio-pii-classification/src/cnn/data_probe/output/probe_00690_spk05.wav,번호는 이공공육사이오육구공팔칠칠육육일입니다.,2006425690877661,,female,spk05,probe_cont_16,probe,1,5.2,16,1,16,sentence,continuous,0.9782183965047201,0.005397772219475603,0.9708815813064575,0.9837122559547424,0.9800613522529602,0.9782183965047201
probe_00691_spk06.wav,/home/hye0n/projects/cnn-based-audio-pii-classification/src/cnn/data_probe/output/probe_00691_spk06.wav,번호는 팔삼공육칠일구팔오오사육공일오팔입니다.,8306719855460158,,male,spk06,probe_cont_16,probe,1,4.08,16,1,16,sentence,continuous,0.8805479605992635,0.028779241594299294,0.8985702395439148,0.9031400680541992,0.8399335741996765,0.8805479605992635
probe_00692_spk07.wav,/home/hye0n/projects/cnn-based-audio-pii-classification/src/cnn/data_probe/output/probe_00692_spk07.wav,번호는 오일칠사삼이팔공육삼사육일오칠일입니다.,5174328063461571,,female,spk07,probe_cont_16,probe,1,4.48,16,1,16,sentence,continuous,0.9647064010302225,0.013243033426715097,0.9682633876800537,0.9788520336151123,0.9470037817955017,0.9647064010302225
probe_00693_spk08.wav,/home/hye0n/projects/cnn-based-audio-pii-classification/src/cnn/data_probe/output/probe_00693_spk08.wav,번호는 칠삼이공삼공구삼칠육일팔사칠팔칠입니다.,7320309376184787,,male,spk08,probe_cont_16,probe,1,4.88,16,1,16,sentence,continuous,0.9910491704940796,0.0008808026321101404,0.9901971817016602,0.9922621250152588,0.9906882047653198,0.9910491704940796
probe_00694_spk09.wav,/home/hye0n/projects/cnn-based-audio-pii-classification/src/cnn/data_probe/output/probe_00694_spk09.wav,번호는 공공오공오공육일삼팔칠팔이구삼일입니다.,0050506138782931,,female,spk09,probe_cont_16,probe,1,4.8,16,1,16,sentence,continuous,0.9335003097852071,0.021459842784314134,0.9043049216270447,0.9552749991416931,0.9409210085868835,0.9335003097852071
probe_00695_spk10.wav,/home/hye0n/projects/cnn-based-audio-pii-classification/src/cnn/data_probe/output/probe_00695_spk10.wav,번호는 공이칠공칠구공삼이공이공사일칠구입니다.,0270790320204179,,male,spk10,probe_cont_16,probe,1,4.0,16,1,16,sentence,continuous,0.9329339067141215,0.024707754626704916,0.9036182165145874,0.9640584588050842,0.9311250448226929,0.9329339067141215
probe_00696_spk11.wav,/home/hye0n/projects/cnn-based-audio-pii-classification/src/cnn/data_probe/output/probe_00696_spk11.wav,번호는 이구일일일칠구구삼일삼육오육오일입니다.,2911179931365651,,female,spk11,probe_cont_16,probe,1,5.36,16,1,16,sentence,continuous,0.9480830033620199,0.015661798777221948,0.9262561202049255,0.9557363390922546,0.9622565507888794,0.9480830033620199
probe_00697_spk12.wav,/home/hye0n/projects/cnn-based-audio-pii-classification/src/cnn/data_probe/output/probe_00697_spk12.wav,번호는 구팔이오삼공구이오일일사이육이오입니다.,9825309251142625,,male,spk12,probe_cont_16,probe,1,3.52,16,1,16,sentence,continuous,0.5155653357505798,0.028089256727404265,0.4762614965438843,0.5402088165283203,0.5302256941795349,0.5155653357505798
probe_00698_spk13.wav,/home/hye0n/projects/cnn-based-audio-pii-classification/src/cnn/data_probe/output/probe_00698_spk13.wav,번호는 팔이칠삼구공이일구육이공칠일공공입니다.,8273902196207100,,male,spk13,probe_cont_16,probe,1,3.76,16,1,16,sentence,continuous,0.4406505326430003,0.11088633519680066,0.5714578032493591,0.3003418743610382,0.4501519203186035,0.4406505326430003
probe_00699_spk14.wav,/home/hye0n/projects/cnn-based-audio-pii-classification/src/cnn/data_probe/output/probe_00699_spk14.wav,번호는 이일구사육칠이삼이사팔칠육삼이구입니다.,2194672324876329,,female,spk14,probe_cont_16,probe,1,4.64,16,1,16,sentence,continuous,0.9652071396509806,0.006110068934126699,0.9713488221168518,0.9674002528190613,0.9568723440170288,0.9652071396509806
probe_00700_spk01.wav,/home/hye0n/projects/cnn-based-audio-pii-classification/src/cnn/data_probe/output/probe_00700_spk01.wav,번호는 공구이칠 구일사오입니다.,0927-9145,,female,spk01,probe_grp4x2,probe,1,2.96,8,2,4,sentence,grouped4,0.14270998040835062,0.06469824291193625,0.062043383717536926,0.2204393893480301,0.14564716815948486,0.14270998040835062
probe_00701_spk02.wav,/home/hye0n/projects/cnn-based-audio-pii-classification/src/cnn/data_probe/output/probe_00701_spk02.wav,번호는 육공팔삼 삼일팔일입니다.,6083-3181,,male,spk02,probe_grp4x2,probe,1,3.6,8,2,4,sentence,grouped4,0.11467971404393514,0.03454201161775452,0.07142643630504608,0.15596827864646912,0.11664442718029022,0.11467971404393514
probe_00702_spk03.wav,/home/hye0n/projects/cnn-based-audio-pii-classification/src/cnn/data_probe/output/probe_00702_spk03.wav,번호는 구오팔팔 삼칠삼사입니다.,9588-3734,,female,spk03,probe_grp4x2,probe,1,3.44,8,2,4,sentence,grouped4,0.5199604531129202,0.053704614656039484,0.47105488181114197,0.5947368144989014,0.49408966302871704,0.5199604531129202
probe_00703_spk04.wav,/home/hye0n/projects/cnn-based-audio-pii-classification/src/cnn/data_probe/output/probe_00703_spk04.wav,번호는 공삼일이 칠칠이이입니다.,0312-7722,,male,spk04,probe_grp4x2,probe,1,2.72,8,2,4,sentence,grouped4,0.19518769532442093,0.08398327132481287,0.11778118461370468,0.3119035065174103,0.15587839484214783,0.19518769532442093
probe_00704_spk05.wav,/home/hye0n/projects/cnn-based-audio-pii-classification/src/cnn/data_probe/output/probe_00704_spk05.wav,번호는 공공오사 삼육사오입니다.,0054-3645,,female,spk05,probe_grp4x2,probe,1,2.48,8,2,4,sentence,grouped4,0.16231890271107355,0.08886456490827621,0.0635056272149086,0.2789737284183502,0.14447735249996185,0.16231890271107355
probe_00705_spk06.wav,/home/hye0n/projects/cnn-based-audio-pii-classification/src/cnn/data_probe/output/probe_00705_spk06.wav,번호는 구칠공일 공팔이이입니다.,9701-0822,,male,spk06,probe_grp4x2,probe,1,2.88,8,2,4,sentence,grouped4,0.01376779501636823,0.006154358891466469,0.00994002167135477,0.022451121360063553,0.008912242017686367,0.01376779501636823
probe_00706_spk07.wav,/home/hye0n/projects/cnn-based-audio-pii-classification/src/cnn/data_probe/output/probe_00706_spk07.wav,번호는 공칠팔일 일삼칠구입니다.,0781-1379,,female,spk07,probe_grp4x2,probe,1,3.04,8,2,4,sentence,grouped4,0.5125945011774699,0.08783404644372901,0.6168914437294006,0.5188741087913513,0.4020179510116577,0.5125945011774699
probe_00707_spk08.wav,/home/hye0n/projects/cnn-based-audio-pii-classification/src/cnn/data_probe/output/probe_00707_spk08.wav,번호는 구오육삼 오삼일오입니다.,9563-5315,,male,spk08,probe_grp4x2,probe,1,2.64,8,2,4,sentence,grouped4,0.08891454587380092,0.015858211528822205,0.10211677849292755,0.0980137512087822,0.066613107919693,0.08891454587380092
probe_00708_spk09.wav,/home/hye0n/projects/cnn-based-audio-pii-classification/src/cnn/data_probe/output/probe_00708_spk09.wav,번호는 삼일삼육 삼육삼일입니다.,3136-3631,,female,spk09,probe_grp4x2,probe,1,3.28,8,2,4,sentence,grouped4,0.3087535798549652,0.12828807894298602,0.15544819831848145,0.3013834059238434,0.4694291353225708,0.3087535798549652
probe_00709_spk10.wav,/home/hye0n/projects/cnn-based-audio-pii-classification/src/cnn/data_probe/output/probe_00709_spk10.wav,번호는 칠구칠공 육이삼구입니다.,7970-6239,,male,spk10,probe_grp4x2,probe,1,3.04,8,2,4,sentence,grouped4,0.02353622391819954,0.002388983274242672,0.026741283014416695,0.022859198972582817,0.021008189767599106,0.02353622391819954
probe_00710_spk11.wav,/home/hye0n/projects/cnn-based-audio-pii-classification/src/cnn/data_probe/output/probe_00710_spk11.wav,번호는 칠이육오 이칠삼오입니다.,7265-2735,,female,spk11,probe_grp4x2,probe,1,3.04,8,2,4,sentence,grouped4,0.21484349171320596,0.08080828625496399,0.10307765007019043,0.2913726270198822,0.2500801980495453,0.21484349171320596
probe_00711_spk12.wav,/home/hye0n/projects/cnn-based-audio-pii-classification/src/cnn/data_probe/output/probe_00711_spk12.wav,번호는 사삼오이 공구공사입니다.,4352-0904,,male,spk12,probe_grp4x2,probe,1,2.16,8,2,4,sentence,grouped4,0.0489421139160792,0.011927038046800667,0.03423773869872093,0.049137670546770096,0.06345093250274658,0.0489421139160792
probe_00712_spk13.wav,/home/hye0n/projects/cnn-based-audio-pii-classification/src/cnn/data_probe/output/probe_00712_spk13.wav,번호는 이일칠칠 육이오삼입니다.,2177-6253,,male,spk13,probe_grp4x2,probe,1,2.32,8,2,4,sentence,grouped4,0.11318326493104298,0.05805180124500545,0.05059202015399933,0.19048725068569183,0.0984705239534378,0.11318326493104298
probe_00713_spk14.wav,/home/hye0n/projects/cnn-based-audio-pii-classification/src/cnn/data_probe/output/probe_00713_spk14.wav,번호는 사구이구 이구팔삼입니다.,4929-2983,,female,spk14,probe_grp4x2,probe,1,2.48,8,2,4,sentence,grouped4,0.047222272182504334,0.018430905205321504,0.023596493527293205,0.06857006251811981,0.04950026050209999,0.047222272182504334
probe_00714_spk01.wav,/home/hye0n/projects/cnn-based-audio-pii-classification/src/cnn/data_probe/output/probe_00714_spk01.wav,번호는 일육팔칠 삼구칠칠입니다.,1687-3977,,female,spk01,probe_grp4x2,probe,1,2.88,8,2,4,sentence,grouped4,0.14630989730358124,0.06170455089842203,0.0793137401342392,0.1313847005367279,0.2282312512397766,0.14630989730358124
probe_00715_spk02.wav,/home/hye0n/projects/cnn-based-audio-pii-classification/src/cnn/data_probe/output/probe_00715_spk02.wav,번호는 사공육삼 삼오육구입니다.,4063-3569,,male,spk02,probe_grp4x2,probe,1,3.92,8,2,4,sentence,grouped4,0.3864815930525462,0.03979120996043245,0.38433119654655457,0.33885830640792847,0.4362552762031555,0.3864815930525462
probe_00716_spk03.wav,/home/hye0n/projects/cnn-based-audio-pii-classification/src/cnn/data_probe/output/probe_00716_spk03.wav,번호는 삼구이구 공육공공입니다.,3929-0600,,female,spk03,probe_grp4x2,probe,1,3.12,8,2,4,sentence,grouped4,0.049789490178227425,0.014811869778948657,0.052920226007699966,0.0661611258983612,0.0302871186286211,0.049789490178227425
probe_00717_spk04.wav,/home/hye0n/projects/cnn-based-audio-pii-classification/src/cnn/data_probe/output/probe_00717_spk04.wav,번호는 칠팔공육 팔육칠일입니다.,7806-8671,,male,spk04,probe_grp4x2,probe,1,2.8,8,2,4,sentence,grouped4,0.3402983546257019,0.06012562367018993,0.25551292300224304,0.3882775604724884,0.37710458040237427,0.3402983546257019
probe_00718_spk05.wav,/home/hye0n/projects/cnn-based-audio-pii-classification/src/cnn/data_probe/output/probe_00718_spk05.wav,번호는 칠칠삼일 팔공육삼입니다.,7731-8063,,female,spk05,probe_grp4x2,probe,1,2.88,8,2,4,sentence,grouped4,0.16790764033794403,0.06882600179387467,0.0823144018650055,0.2508399784564972,0.1705685406923294,0.16790764033794403
probe_00719_spk06.wav,/home/hye0n/projects/cnn-based-audio-pii-classification/src/cnn/data_probe/output/probe_00719_spk06.wav,번호는 이오사삼 일공칠사입니다.,2543-1074,,male,spk06,probe_grp4x2,probe,1,2.56,8,2,4,sentence,grouped4,0.10042726993560791,0.06571116797367463,0.05324434116482735,0.19335317611694336,0.054684292525053024,0.10042726993560791
probe_00720_spk07.wav,/home/hye0n/projects/cnn-based-audio-pii-classification/src/cnn/data_probe/output/probe_00720_spk07.wav,번호는 이칠구구 공칠칠이입니다.,2799-0772,,female,spk07,probe_grp4x2,probe,1,2.56,8,2,4,sentence,grouped4,0.06704555824398994,0.01939550385572574,0.040971990674734116,0.08745832741260529,0.07270635664463043,0.06704555824398994
probe_00721_spk08.wav,/home/hye0n/projects/cnn-based-audio-pii-classification/src/cnn/data_probe/output/probe_00721_spk08.wav,번호는 육이오칠 공일육오입니다.,6257-0165,,male,spk08,probe_grp4x2,probe,1,2.72,8,2,4,sentence,grouped4,0.21873374780019125,0.09917033223947125,0.15756869316101074,0.3586152195930481,0.1400173306465149,0.21873374780019125
probe_00722_spk09.wav,/home/hye0n/projects/cnn-based-audio-pii-classification/src/cnn/data_probe/output/probe_00722_spk09.wav,번호는 팔공사육 사구팔구입니다.,8046-4989,,female,spk09,probe_grp4x2,probe,1,3.36,8,2,4,sentence,grouped4,0.1496035990615686,0.08801756025906346,0.02600158378481865,0.22415383160114288,0.1986553817987442,0.1496035990615686
probe_00723_spk10.wav,/home/hye0n/projects/cnn-based-audio-pii-classification/src/cnn/data_probe/output/probe_00723_spk10.wav,번호는 삼일구오 공팔오공입니다.,3195-0850,,male,spk10,probe_grp4x2,probe,1,2.4,8,2,4,sentence,grouped4,0.060796380043029785,0.003544315463327775,0.06025026738643646,0.06538447737693787,0.05675439536571503,0.060796380043029785
probe_00724_spk11.wav,/home/hye0n/projects/cnn-based-audio-pii-classification/src/cnn/data_probe/output/probe_00724_spk11.wav,번호는 일육오칠 구공오오입니다.,1657-9055,,female,spk11,probe_grp4x2,probe,1,3.84,8,2,4,sentence,grouped4,0.04209752567112446,0.016055986642073996,0.032108522951602936,0.06475149840116501,0.02943255566060543,0.04209752567112446
probe_00725_spk12.wav,/home/hye0n/projects/cnn-based-audio-pii-classification/src/cnn/data_probe/output/probe_00725_spk12.wav,번호는 이팔일팔 삼이오삼입니다.,2818-3253,,male,spk12,probe_grp4x2,probe,1,3.2,8,2,4,sentence,grouped4,0.1498874748746554,0.08065768444285436,0.08928658813238144,0.2638786733150482,0.09649716317653656,0.1498874748746554
probe_00726_spk13.wav,/home/hye0n/projects/cnn-based-audio-pii-classification/src/cnn/data_probe/output/probe_00726_spk13.wav,번호는 팔일칠구 삼삼오오입니다.,8179-3355,,male,spk13,probe_grp4x2,probe,1,2.48,8,2,4,sentence,grouped4,0.039764244109392166,0.017960569949184373,0.017988931387662888,0.03932715207338333,0.06197664886713028,0.039764244109392166
probe_00727_spk14.wav,/home/hye0n/projects/cnn-based-audio-pii-classification/src/cnn/data_probe/output/probe_00727_spk14.wav,번호는 사팔육사 공일오오입니다.,4864-0155,,female,spk14,probe_grp4x2,probe,1,2.96,8,2,4,sentence,grouped4,0.2213589350382487,0.041353905023647,0.1636289656162262,0.24212107062339783,0.25832676887512207,0.2213589350382487
probe_00728_spk01.wav,/home/hye0n/projects/cnn-based-audio-pii-classification/src/cnn/data_probe/output/probe_00728_spk01.wav,번호는 칠칠팔팔 일칠팔팔입니다.,7788-1788,,female,spk01,probe_grp4x2,probe,1,3.36,8,2,4,sentence,grouped4,0.48814744750658673,0.15311959331092392,0.30745822191238403,0.6818456649780273,0.47513845562934875,0.48814744750658673
probe_00729_spk02.wav,/home/hye0n/projects/cnn-based-audio-pii-classification/src/cnn/data_probe/output/probe_00729_spk02.wav,번호는 사칠구오 일삼칠일입니다.,4795-1371,,male,spk02,probe_grp4x2,probe,1,2.72,8,2,4,sentence,grouped4,0.021510132278005283,0.011355836229477124,0.008680542930960655,0.03629055619239807,0.01955929771065712,0.021510132278005283
probe_00730_spk03.wav,/home/hye0n/projects/cnn-based-audio-pii-classification/src/cnn/data_probe/output/probe_00730_spk03.wav,번호는 일육이사 일일이사입니다.,1624-1124,,female,spk03,probe_grp4x2,probe,1,2.88,8,2,4,sentence,grouped4,0.19379965960979462,0.019990125579863134,0.20015591382980347,0.21447747945785522,0.16676558554172516,0.19379965960979462
probe_00731_spk04.wav,/home/hye0n/projects/cnn-based-audio-pii-classification/src/cnn/data_probe/output/probe_00731_spk04.wav,번호는 일이칠이 삼팔공사입니다.,1272-3804,,male,spk04,probe_grp4x2,probe,1,2.64,8,2,4,sentence,grouped4,0.0932965533186992,0.07913426633607895,0.016932373866438866,0.20232871174812317,0.06062857434153557,0.0932965533186992
probe_00732_spk05.wav,/home/hye0n/projects/cnn-based-audio-pii-classification/src/cnn/data_probe/output/probe_00732_spk05.wav,번호는 육팔이칠 오육칠공입니다.,6827-5670,,female,spk05,probe_grp4x2,probe,1,3.44,8,2,4,sentence,grouped4,0.32227154572804767,0.10667072183946158,0.20376288890838623,0.462363600730896,0.30068814754486084,0.32227154572804767
probe_00733_spk06.wav,/home/hye0n/projects/cnn-based-audio-pii-classification/src/cnn/data_probe/output/probe_00733_spk06.wav,번호는 사삼일공 삼팔오육입니다.,4310-3856,,male,spk06,probe_grp4x2,probe,1,2.8,8,2,4,sentence,grouped4,0.04606771655380726,0.030357799509933673,0.03306952863931656,0.08800237625837326,0.017131244763731956,0.04606771655380726
probe_00734_spk07.wav,/home/hye0n/projects/cnn-based-audio-pii-classification/src/cnn/data_probe/output/probe_00734_spk07.wav,번호는 구오오칠 구팔팔칠입니다.,9557-9887,,female,spk07,probe_grp4x2,probe,1,3.36,8,2,4,sentence,grouped4,0.35688672463099164,0.04115677885048505,0.2990404963493347,0.3802258372306824,0.39139384031295776,0.35688672463099164
probe_00735_spk08.wav,/home/hye0n/projects/cnn-based-audio-pii-classification/src/cnn/data_probe/output/probe_00735_spk08.wav,번호는 칠사구이 사이사삼입니다.,7492-4243,,male,spk08,probe_grp4x2,probe,1,2.64,8,2,4,sentence,grouped4,0.4303658107916514,0.1212146742882039,0.25995656847953796,0.5316953659057617,0.49944549798965454,0.4303658107916514
probe_00736_spk09.wav,/home/hye0n/projects/cnn-based-audio-pii-classification/src/cnn/data_probe/output/probe_00736_spk09.wav,번호는 칠오사공 이오사칠입니다.,7540-2547,,female,spk09,probe_grp4x2,probe,1,2.48,8,2,4,sentence,grouped4,0.20266990611950556,0.06630959708420803,0.11066889017820358,0.2643963098526001,0.232944518327713,0.20266990611950556
probe_00737_spk10.wav,/home/hye0n/projects/cnn-based-audio-pii-classification/src/cnn/data_probe/output/probe_00737_spk10.wav,번호는 이구이팔 사이이이입니다.,2928-4222,,male,spk10,probe_grp4x2,probe,1,2.48,8,2,4,sentence,grouped4,0.031763870269060135,0.018183341188597144,0.008443642407655716,0.05280886963009834,0.034039098769426346,0.031763870269060135
probe_00738_spk11.wav,/home/hye0n/projects/cnn-based-audio-pii-classification/src/cnn/data_probe/output/probe_00738_spk11.wav,번호는 이삼일공 오구이칠입니다.,2310-5927,,female,spk11,probe_grp4x2,probe,1,2.64,8,2,4,sentence,grouped4,0.09859674548109372,0.06436183546638992,0.02499127760529518,0.18177129328250885,0.08902766555547714,0.09859674548109372
probe_00739_spk12.wav,/home/hye0n/projects/cnn-based-audio-pii-classification/src/cnn/data_probe/output/probe_00739_spk12.wav,번호는 사오이삼 팔공오오입니다.,4523-8055,,male,spk12,probe_grp4x2,probe,1,2.96,8,2,4,sentence,grouped4,0.036610315243403115,0.012537389530131792,0.027702903375029564,0.05434079468250275,0.02778724767267704,0.036610315243403115
probe_00740_spk13.wav,/home/hye0n/projects/cnn-based-audio-pii-classification/src/cnn/data_probe/output/probe_00740_spk13.wav,번호는 이오칠팔 이팔사일입니다.,2578-2841,,male,spk13,probe_grp4x2,probe,1,2.4,8,2,4,sentence,grouped4,0.060096500441432,0.027894650060991726,0.021591829136013985,0.08677917718887329,0.07191849499940872,0.060096500441432
probe_00741_spk14.wav,/home/hye0n/projects/cnn-based-audio-pii-classification/src/cnn/data_probe/output/probe_00741_spk14.wav,번호는 공육칠이 칠오이공입니다.,0672-7520,,female,spk14,probe_grp4x2,probe,1,2.96,8,2,4,sentence,grouped4,0.3135701467593511,0.06116653029920924,0.2338535636663437,0.38251394033432007,0.3243429362773895,0.3135701467593511
probe_00742_spk01.wav,/home/hye0n/projects/cnn-based-audio-pii-classification/src/cnn/data_probe/output/probe_00742_spk01.wav,번호는 팔팔오사 칠사구이입니다.,8854-7492,,female,spk01,probe_grp4x2,probe,1,2.8,8,2,4,sentence,grouped4,0.15375573188066483,0.06960754490333898,0.05758204311132431,0.18365517258644104,0.22002997994422913,0.15375573188066483
probe_00743_spk02.wav,/home/hye0n/projects/cnn-based-audio-pii-classification/src/cnn/data_probe/output/probe_00743_spk02.wav,번호는 구칠오일 칠공이팔입니다.,9751-7028,,male,spk02,probe_grp4x2,probe,1,2.48,8,2,4,sentence,grouped4,0.03912160530065497,0.02888860329704493,0.004964727442711592,0.07561158388853073,0.03678850457072258,0.03912160530065497
probe_00744_spk03.wav,/home/hye0n/projects/cnn-based-audio-pii-classification/src/cnn/data_probe/output/probe_00744_spk03.wav,번호는 일사공육 구삼칠오입니다.,1406-9375,,female,spk03,probe_grp4x2,probe,1,3.04,8,2,4,sentence,grouped4,0.08910912026961644,0.02369089379897529,0.07295040786266327,0.12260618060827255,0.07177077233791351,0.08910912026961644
probe_00745_spk04.wav,/home/hye0n/projects/cnn-based-audio-pii-classification/src/cnn/data_probe/output/probe_00745_spk04.wav,번호는 일오공구 삼구팔삼입니다.,1509-3983,,male,spk04,probe_grp4x2,probe,1,3.04,8,2,4,sentence,grouped4,0.2846066902081172,0.051225208882553046,0.21468697488307953,0.30315136909484863,0.33598172664642334,0.2846066902081172
probe_00746_spk05.wav,/home/hye0n/projects/cnn-based-audio-pii-classification/src/cnn/data_probe/output/probe_00746_spk05.wav,번호는 사삼공일 팔칠일팔입니다.,4301-8718,,female,spk05,probe_grp4x2,probe,1,3.04,8,2,4,sentence,grouped4,0.47349780797958374,0.151221247898123,0.2934528887271881,0.663468599319458,0.4635719358921051,0.47349780797958374
probe_00747_spk06.wav,/home/hye0n/projects/cnn-based-audio-pii-classification/src/cnn/data_probe/output/probe_00747_spk06.wav,번호는 육삼칠오 구구팔공입니다.,6375-9980,,male,spk06,probe_grp4x2,probe,1,2.32,8,2,4,sentence,grouped4,0.004142880944224696,0.003042000354032387,0.0018440271960571408,0.008441451005637646,0.0021431646309792995,0.004142880944224696
probe_00748_spk07.wav,/home/hye0n/projects/cnn-based-audio-pii-classification/src/cnn/data_probe/output/probe_00748_spk07.wav,번호는 오육이육 오육오공입니다.,5626-5650,,female,spk07,probe_grp4x2,probe,1,2.96,8,2,4,sentence,grouped4,0.120433509349823,0.032069009342416806,0.07510712742805481,0.1417657732963562,0.14442762732505798,0.120433509349823
probe_00749_spk08.wav,/home/hye0n/projects/cnn-based-audio-pii-classification/src/cnn/data_probe/output/probe_00749_spk08.wav,번호는 사오오사 칠팔일삼입니다.,4554-7813,,male,spk08,probe_grp4x2,probe,1,2.4,8,2,4,sentence,grouped4,0.2250167578458786,0.011040907682988921,0.2400260865688324,0.2137848287820816,0.2212393581867218,0.2250167578458786
probe_00750_spk09.wav,/home/hye0n/projects/cnn-based-audio-pii-classification/src/cnn/data_probe/output/probe_00750_spk09.wav,번호는 칠육칠사 이육육이입니다.,7674-2662,,female,spk09,probe_grp4x2,probe,1,2.64,8,2,4,sentence,grouped4,0.10979279006520908,0.04728674689151746,0.09779782593250275,0.17276522517204285,0.05881531909108162,0.10979279006520908
probe_00751_spk10.wav,/home/hye0n/projects/cnn-based-audio-pii-classification/src/cnn/data_probe/output/probe_00751_spk10.wav,번호는 구구일이 삼사칠팔입니다.,9912-3478,,male,spk10,probe_grp4x2,probe,1,2.4,8,2,4,sentence,grouped4,0.014973719293872515,0.002634717368465386,0.014768476597964764,0.018298298120498657,0.011854383163154125,0.014973719293872515
probe_00752_spk11.wav,/home/hye0n/projects/cnn-based-audio-pii-classification/src/cnn/data_probe/output/probe_00752_spk11.wav,번호는 오일구육 일공육사입니다.,5196-1064,,female,spk11,probe_grp4x2,probe,1,3.36,8,2,4,sentence,grouped4,0.16882295161485672,0.09843064379578284,0.08026251196861267,0.3061121702194214,0.1200941726565361,0.16882295161485672
probe_00753_spk12.wav,/home/hye0n/projects/cnn-based-audio-pii-classification/src/cnn/data_probe/output/probe_00753_spk12.wav,번호는 육이팔칠 구이삼이입니다.,6287-9232,,male,spk12,probe_grp4x2,probe,1,2.16,8,2,4,sentence,grouped4,0.045622048899531364,0.030155558442515763,0.020227614790201187,0.08799044042825699,0.028648091480135918,0.045622048899531364
probe_00754_spk13.wav,/home/hye0n/projects/cnn-based-audio-pii-classification/src/cnn/data_probe/output/probe_00754_spk13.wav,번호는 육사팔칠 공사구사입니다.,6487-0494,,male,spk13,probe_grp4x2,probe,1,2.96,8,2,4,sentence,grouped4,0.10792640844980876,0.04942690810475757,0.04560549557209015,0.16650231182575226,0.11167141795158386,0.10792640844980876
probe_00755_spk14.wav,/home/hye0n/projects/cnn-based-audio-pii-classification/src/cnn/data_probe/output/probe_00755_spk14.wav,번호는 칠팔칠삼 공공이사입니다.,7873-0024,,female,spk14,probe_grp4x2,probe,1,2.96,8,2,4,sentence,grouped4,0.055926885455846786,0.026940159923085762,0.042001839727163315,0.09360142797231674,0.0321773886680603,0.055926885455846786
probe_00756_spk01.wav,/home/hye0n/projects/cnn-based-audio-pii-classification/src/cnn/data_probe/output/probe_00756_spk01.wav,번호는 사칠일사 육이칠삼입니다.,4714-6273,,female,spk01,probe_grp4x2,probe,1,3.52,8,2,4,sentence,grouped4,0.13530576725800833,0.031903472729946335,0.1571187674999237,0.15860295295715332,0.09019558131694794,0.13530576725800833
probe_00757_spk02.wav,/home/hye0n/projects/cnn-based-audio-pii-classification/src/cnn/data_probe/output/probe_00757_spk02.wav,번호는 공일사칠 일구오구입니다.,0147-1959,,male,spk02,probe_grp4x2,probe,1,2.72,8,2,4,sentence,grouped4,0.2264679272969564,0.09608324150100118,0.11722233891487122,0.35106953978538513,0.2111119031906128,0.2264679272969564
probe_00758_spk03.wav,/home/hye0n/projects/cnn-based-audio-pii-classification/src/cnn/data_probe/output/probe_00758_spk03.wav,번호는 칠구육사 칠일오팔입니다.,7964-7158,,female,spk03,probe_grp4x2,probe,1,2.8,8,2,4,sentence,grouped4,0.3022778481245041,0.17514800832220526,0.06808681786060333,0.4892386496067047,0.3495080769062042,0.3022778481245041
probe_00759_spk04.wav,/home/hye0n/projects/cnn-based-audio-pii-classification/src/cnn/data_probe/output/probe_00759_spk04.wav,번호는 구공사이 구공이오입니다.,9042-9025,,male,spk04,probe_grp4x2,probe,1,2.24,8,2,4,sentence,grouped4,0.020933053145805996,0.00450498578915361,0.018849048763513565,0.0271889828145504,0.01676112785935402,0.020933053145805996
probe_00760_spk05.wav,/home/hye0n/projects/cnn-based-audio-pii-classification/src/cnn/data_probe/output/probe_00760_spk05.wav,번호는 칠이오이 공사오육입니다.,7252-0456,,female,spk05,probe_grp4x2,probe,1,2.56,8,2,4,sentence,grouped4,0.3092393974463145,0.10816396085176869,0.2547747492790222,0.46026334166526794,0.21268010139465332,0.3092393974463145
probe_00761_spk06.wav,/home/hye0n/projects/cnn-based-audio-pii-classification/src/cnn/data_probe/output/probe_00761_spk06.wav,번호는 오공사사 팔일팔삼입니다.,5044-8183,,male,spk06,probe_grp4x2,probe,1,2.72,8,2,4,sentence,grouped4,0.1569079334537188,0.023381373297461032,0.1241040900349617,0.1769103854894638,0.16970932483673096,0.1569079334537188
probe_00762_spk07.wav,/home/hye0n/projects/cnn-based-audio-pii-classification/src/cnn/data_probe/output/probe_00762_spk07.wav,번호는 이일구이 팔오오사입니다.,2192-8554,,female,spk07,probe_grp4x2,probe,1,2.16,8,2,4,sentence,grouped4,0.06735770776867867,0.014140758684233272,0.08612681180238724,0.0639507919549942,0.051995519548654556,0.06735770776867867
probe_00763_spk08.wav,/home/hye0n/projects/cnn-based-audio-pii-classification/src/cnn/data_probe/output/probe_00763_spk08.wav,번호는 사오일팔 구오이공입니다.,4518-9520,,male,spk08,probe_grp4x2,probe,1,2.88,8,2,4,sentence,grouped4,0.6568140884240469,0.15382776605128506,0.45601049065589905,0.8296928405761719,0.6847389340400696,0.6568140884240469
probe_00764_spk09.wav,/home/hye0n/projects/cnn-based-audio-pii-classification/src/cnn/data_probe/output/probe_00764_spk09.wav,번호는 이팔사오 칠육오이입니다.,2845-7652,,female,spk09,probe_grp4x2,probe,1,2.88,8,2,4,sentence,grouped4,0.02656155141691367,0.006004084979202828,0.022118281573057175,0.022516882047057152,0.03504949063062668,0.02656155141691367
probe_00765_spk10.wav,/home/hye0n/projects/cnn-based-audio-pii-classification/src/cnn/data_probe/output/probe_00765_spk10.wav,번호는 일삼이팔 삼삼팔구입니다.,1328-3389,,male,spk10,probe_grp4x2,probe,1,2.88,8,2,4,sentence,grouped4,0.005002503904203574,0.0011531111011877896,0.004026145674288273,0.006621851120144129,0.00435951491817832,0.005002503904203574
probe_00766_spk11.wav,/home/hye0n/projects/cnn-based-audio-pii-classification/src/cnn/data_probe/output/probe_00766_spk11.wav,번호는 팔팔팔일 육칠일일입니다.,8881-6711,,female,spk11,probe_grp4x2,probe,1,3.76,8,2,4,sentence,grouped4,0.31317787369092304,0.07931528682129581,0.2632719874382019,0.4251275062561035,0.25113412737846375,0.31317787369092304
probe_00767_spk12.wav,/home/hye0n/projects/cnn-based-audio-pii-classification/src/cnn/data_probe/output/probe_00767_spk12.wav,번호는 이공칠오 사오이칠입니다.,2075-4527,,male,spk12,probe_grp4x2,probe,1,2.56,8,2,4,sentence,grouped4,0.03178678763409456,0.00765699449333989,0.021021435037255287,0.03615717217326164,0.03818175569176674,0.03178678763409456
probe_00768_spk13.wav,/home/hye0n/projects/cnn-based-audio-pii-classification/src/cnn/data_probe/output/probe_00768_spk13.wav,번호는 구팔오이 사공일삼입니다.,9852-4013,,male,spk13,probe_grp4x2,probe,1,2.4,8,2,4,sentence,grouped4,0.03368898729483286,0.023587510657877012,0.01084337942302227,0.06616207957267761,0.024061502888798714,0.03368898729483286
probe_00769_spk14.wav,/home/hye0n/projects/cnn-based-audio-pii-classification/src/cnn/data_probe/output/probe_00769_spk14.wav,번호는 이이삼사 이삼이일입니다.,2234-2321,,female,spk14,probe_grp4x2,probe,1,2.88,8,2,4,sentence,grouped4,0.4086362024148305,0.11449274798074496,0.4092894494533539,0.268086314201355,0.5485328435897827,0.4086362024148305
probe_00770_spk01.wav,/home/hye0n/projects/cnn-based-audio-pii-classification/src/cnn/data_probe/output/probe_00770_spk01.wav,번호는 육일일공 칠육공삼입니다.,6110-7603,,female,spk01,probe_grp4x2,probe,1,2.96,8,2,4,sentence,grouped4,0.24848737816015878,0.06121270904161643,0.2537325918674469,0.32069697976112366,0.17103256285190582,0.24848737816015878
probe_00771_spk02.wav,/home/hye0n/projects/cnn-based-audio-pii-classification/src/cnn/data_probe/output/probe_00771_spk02.wav,번호는 일공팔구 공칠일사입니다.,1089-0714,,male,spk02,probe_grp4x2,probe,1,2.96,8,2,4,sentence,grouped4,0.06503647814194362,0.012995715486321153,0.04975837469100952,0.06382863223552704,0.08152242749929428,0.06503647814194362
probe_00772_spk03.wav,/home/hye0n/projects/cnn-based-audio-pii-classification/src/cnn/data_probe/output/probe_00772_spk03.wav,번호는 공일사공 일일구삼입니다.,0140-1193,,female,spk03,probe_grp4x2,probe,1,2.72,8,2,4,sentence,grouped4,0.050098717212677,0.031647792660672185,0.031857166439294815,0.09461452811956406,0.023824457079172134,0.050098717212677
probe_00773_spk04.wav,/home/hye0n/projects/cnn-based-audio-pii-classification/src/cnn/data_probe/output/probe_00773_spk04.wav,번호는 구삼이오 공일이사입니다.,9325-0124,,male,spk04,probe_grp4x2,probe,1,2.48,8,2,4,sentence,grouped4,0.13101710875829062,0.0464880598408428,0.0765562355518341,0.19014142453670502,0.1263536661863327,0.13101710875829062
probe_00774_spk05.wav,/home/hye0n/projects/cnn-based-audio-pii-classification/src/cnn/data_probe/output/probe_00774_spk05.wav,번호는 구오오이 팔구삼팔입니다.,9552-8938,,female,spk05,probe_grp4x2,probe,1,2.56,8,2,4,sentence,grouped4,0.019285465280214947,0.013638091192552559,0.01018585730344057,0.0385625958442688,0.009107942692935467,0.019285465280214947
probe_00775_spk06.wav,/home/hye0n/projects/cnn-based-audio-pii-classification/src/cnn/data_probe/output/probe_00775_spk06.wav,번호는 구일일구 공팔삼삼입니다.,9119-0833,,male,spk06,probe_grp4x2,probe,1,2.72,8,2,4,sentence,grouped4,0.15820465485254923,0.04795387327935898,0.10799826681613922,0.22279012203216553,0.14382557570934296,0.15820465485254923
probe_00776_spk07.wav,/home/hye0n/projects/cnn-based-audio-pii-classification/src/cnn/data_probe/output/probe_00776_spk07.wav,번호는 사이팔공 일삼팔칠입니다.,4280-1387,,female,spk07,probe_grp4x2,probe,1,2.8,8,2,4,sentence,grouped4,0.5178433954715729,0.11008337771405273,0.41192248463630676,0.6696122288703918,0.47199547290802,0.5178433954715729
probe_00777_spk08.wav,/home/hye0n/projects/cnn-based-audio-pii-classification/src/cnn/data_probe/output/probe_00777_spk08.wav,번호는 오구이칠 일이오육입니다.,5927-1256,,male,spk08,probe_grp4x2,probe,1,2.56,8,2,4,sentence,grouped4,0.13076592485109964,0.036727038492149554,0.08033151924610138,0.1667344570159912,0.14523179829120636,0.13076592485109964
probe_00778_spk09.wav,/home/hye0n/projects/cnn-based-audio-pii-classification/src/cnn/data_probe/output/probe_00778_spk09.wav,번호는 육삼팔삼 육일오일입니다.,6383-6151,,female,spk09,probe_grp4x2,probe,1,3.52,8,2,4,sentence,grouped4,0.017359895631670952,0.00686690624219232,0.01844264194369316,0.025176294147968292,0.008460750803351402,0.017359895631670952
probe_00779_spk10.wav,/home/hye0n/projects/cnn-based-audio-pii-classification/src/cnn/data_probe/output/probe_00779_spk10.wav,번호는 칠일팔이 칠오사팔입니다.,7182-7548,,male,spk10,probe_grp4x2,probe,1,2.32,8,2,4,sentence,grouped4,0.05218634568154812,0.022306639126401958,0.023474732413887978,0.07786079496145248,0.055223509669303894,0.05218634568154812
probe_00780_spk11.wav,/home/hye0n/projects/cnn-based-audio-pii-classification/src/cnn/data_probe/output/probe_00780_spk11.wav,번호는 공일오칠 일육사칠입니다.,0157-1647,,female,spk11,probe_grp4x2,probe,1,2.88,8,2,4,sentence,grouped4,0.035862925462424755,0.01518687724386825,0.014603369869291782,0.04913568124175072,0.043849725276231766,0.035862925462424755
probe_00781_spk12.wav,/home/hye0n/projects/cnn-based-audio-pii-classification/src/cnn/data_probe/output/probe_00781_spk12.wav,번호는 구사칠삼 팔육사육입니다.,9473-8646,,male,spk12,probe_grp4x2,probe,1,3.04,8,2,4,sentence,grouped4,0.01730845185617606,0.004983474109291865,0.021449735388159752,0.020176418125629425,0.010299202054738998,0.01730845185617606
probe_00782_spk13.wav,/home/hye0n/projects/cnn-based-audio-pii-classification/src/cnn/data_probe/output/probe_00782_spk13.wav,번호는 삼일칠오 이공칠일입니다.,3175-2071,,male,spk13,probe_grp4x2,probe,1,2.4,8,2,4,sentence,grouped4,0.020034543859461944,0.005860964415125091,0.013963022269308567,0.01818370819091797,0.027956901118159294,0.020034543859461944
probe_00783_spk14.wav,/home/hye0n/projects/cnn-based-audio-pii-classification/src/cnn/data_probe/output/probe_00783_spk14.wav,번호는 육칠팔일 일이육육입니다.,6781-1266,,female,spk14,probe_grp4x2,probe,1,2.8,8,2,4,sentence,grouped4,0.11172223960359891,0.07001181743799963,0.05380648747086525,0.21022726595401764,0.07113296538591385,0.11172223960359891
probe_00784_spk01.wav,/home/hye0n/projects/cnn-based-audio-pii-classification/src/cnn/data_probe/output/probe_00784_spk01.wav,번호는 구일이일 오삼오삼입니다.,9121-5353,,female,spk01,probe_grp4x2,probe,1,3.04,8,2,4,sentence,grouped4,0.1083235243956248,0.04389438334013791,0.06412801146507263,0.16817234456539154,0.09267021715641022,0.1083235243956248
probe_00785_spk02.wav,/home/hye0n/projects/cnn-based-audio-pii-classification/src/cnn/data_probe/output/probe_00785_spk02.wav,번호는 구육일삼 육칠사구입니다.,9613-6749,,male,spk02,probe_grp4x2,probe,1,2.72,8,2,4,sentence,grouped4,0.14146880060434341,0.07999602987450737,0.09241621196269989,0.07770902663469315,0.2542811632156372,0.14146880060434341
probe_00786_spk03.wav,/home/hye0n/projects/cnn-based-audio-pii-classification/src/cnn/data_probe/output/probe_00786_spk03.wav,번호는 구사육오 칠구육칠입니다.,9465-7967,,female,spk03,probe_grp4x2,probe,1,2.8,8,2,4,sentence,grouped4,0.5933720072110494,0.09477243541846041,0.4633789658546448,0.6866365075111389,0.6301005482673645,0.5933720072110494
probe_00787_spk04.wav,/home/hye0n/projects/cnn-based-audio-pii-classification/src/cnn/data_probe/output/probe_00787_spk04.wav,번호는 팔사이칠 일일사칠입니다.,8427-1147,,male,spk04,probe_grp4x2,probe,1,2.8,8,2,4,sentence,grouped4,0.1070204774538676,0.0342578236434259,0.06491883844137192,0.14883151650428772,0.10731107741594315,0.1070204774538676
probe_00788_spk05.wav,/home/hye0n/projects/cnn-based-audio-pii-classification/src/cnn/data_probe/output/probe_00788_spk05.wav,번호는 칠삼이공 일공일칠입니다.,7320-1017,,female,spk05,probe_grp4x2,probe,1,3.28,8,2,4,sentence,grouped4,0.2262019763390223,0.10572936041610699,0.1284242868423462,0.37305861711502075,0.1771230250597,0.2262019763390223
probe_00789_spk06.wav,/home/hye0n/projects/cnn-based-audio-pii-classification/src/cnn/data_probe/output/probe_00789_spk06.wav,번호는 공이육구 오이사구입니다.,0269-5249,,male,spk06,probe_grp4x2,probe,1,2.08,8,2,4,sentence,grouped4,0.010052790710081657,0.006755344003732752,0.0062049576081335545,0.019549529999494553,0.004403884522616863,0.010052790710081657
probe_00790_spk07.wav,/home/hye0n/projects/cnn-based-audio-pii-classification/src/cnn/data_probe/output/probe_00790_spk07.wav,번호는 구일일팔 칠칠삼사입니다.,9118-7734,,female,spk07,probe_grp4x2,probe,1,2.56,8,2,4,sentence,grouped4,0.1416004995505015,0.050043321458017466,0.07712164521217346,0.19910569489002228,0.14857415854930878,0.1416004995505015
probe_00791_spk08.wav,/home/hye0n/projects/cnn-based-audio-pii-classification/src/cnn/data_probe/output/probe_00791_spk08.wav,번호는 칠칠팔사 팔오팔팔입니다.,7784-8588,,male,spk08,probe_grp4x2,probe,1,3.2,8,2,4,sentence,grouped4,0.1354599123199781,0.11262408291827036,0.06702074408531189,0.294232040643692,0.04512695223093033,0.1354599123199781
probe_00792_spk09.wav,/home/hye0n/projects/cnn-based-audio-pii-classification/src/cnn/data_probe/output/probe_00792_spk09.wav,번호는 공공육일 육칠오육입니다.,0061-6756,,female,spk09,probe_grp4x2,probe,1,2.64,8,2,4,sentence,grouped4,0.1535093809167544,0.08714956790473599,0.03977657109498978,0.16925150156021118,0.25150007009506226,0.1535093809167544
probe_00793_spk10.wav,/home/hye0n/projects/cnn-based-audio-pii-classification/src/cnn/data_probe/output/probe_00793_spk10.wav,번호는 칠칠공공 이팔사이입니다.,7700-2842,,male,spk10,probe_grp4x2,probe,1,2.8,8,2,4,sentence,grouped4,0.036280941839019455,0.01008645968631003,0.03787699341773987,0.023207148537039757,0.04775868356227875,0.036280941839019455
probe_00794_spk11.wav,/home/hye0n/projects/cnn-based-audio-pii-classification/src/cnn/data_probe/output/probe_00794_spk11.wav,번호는 칠육이사 육칠일구입니다.,7624-6719,,female,spk11,probe_grp4x2,probe,1,3.44,8,2,4,sentence,grouped4,0.1616388956705729,0.04304033904537133,0.10088120400905609,0.19519317150115967,0.188842311501503,0.1616388956705729
probe_00795_spk12.wav,/home/hye0n/projects/cnn-based-audio-pii-classification/src/cnn/data_probe/output/probe_00795_spk12.wav,번호는 칠팔팔구 칠칠팔이입니다.,7889-7782,,male,spk12,probe_grp4x2,probe,1,2.88,8,2,4,sentence,grouped4,0.12312998125950496,0.06270386063221953,0.05589151382446289,0.20681819319725037,0.1066802367568016,0.12312998125950496
probe_00796_spk13.wav,/home/hye0n/projects/cnn-based-audio-pii-classification/src/cnn/data_probe/output/probe_00796_spk13.wav,번호는 팔공육사 칠구육구입니다.,8064-7969,,male,spk13,probe_grp4x2,probe,1,2.48,8,2,4,sentence,grouped4,0.03585396955410639,0.01945468522569811,0.015636922791600227,0.06212357059121132,0.029801415279507637,0.03585396955410639
probe_00797_spk14.wav,/home/hye0n/projects/cnn-based-audio-pii-classification/src/cnn/data_probe/output/probe_00797_spk14.wav,번호는 오사오공 공구공이입니다.,5450-0902,,female,spk14,probe_grp4x2,probe,1,2.72,8,2,4,sentence,grouped4,0.09151887893676758,0.022709469700239127,0.0755433514714241,0.12363477796316147,0.07537850737571716,0.09151887893676758
probe_00798_spk01.wav,/home/hye0n/projects/cnn-based-audio-pii-classification/src/cnn/data_probe/output/probe_00798_spk01.wav,번호는 오오구공 오육일육입니다.,5590-5616,,female,spk01,probe_grp4x2,probe,1,3.52,8,2,4,sentence,grouped4,0.22315717736879984,0.05387099854219309,0.19482102990150452,0.29857003688812256,0.17608046531677246,0.22315717736879984
probe_00799_spk02.wav,/home/hye0n/projects/cnn-based-audio-pii-classification/src/cnn/data_probe/output/probe_00799_spk02.wav,번호는 오오육오 공삼삼삼입니다.,5565-0333,,male,spk02,probe_grp4x2,probe,1,2.64,8,2,4,sentence,grouped4,0.15776907900969186,0.023380760632381738,0.1420610398054123,0.19082097709178925,0.14042522013187408,0.15776907900969186
probe_00800_spk03.wav,/home/hye0n/projects/cnn-based-audio-pii-classification/src/cnn/data_probe/output/probe_00800_spk03.wav,번호는 사구일일 사일오이 공팔오공입니다.,4911-4152-0850,,female,spk03,probe_grp4x3,probe,1,3.76,12,3,4,sentence,grouped4,0.6906357010205587,0.08851998304326844,0.5749205350875854,0.7071268558502197,0.7898597121238708,0.6906357010205587
probe_00801_spk04.wav,/home/hye0n/projects/cnn-based-audio-pii-classification/src/cnn/data_probe/output/probe_00801_spk04.wav,번호는 칠육구팔 육사공칠 구공오육입니다.,7698-6407-9056,,male,spk04,probe_grp4x3,probe,1,3.84,12,3,4,sentence,grouped4,0.7662824789683024,0.11560065630062763,0.631497859954834,0.9138002991676331,0.7535492777824402,0.7662824789683024
probe_00802_spk05.wav,/home/hye0n/projects/cnn-based-audio-pii-classification/src/cnn/data_probe/output/probe_00802_spk05.wav,번호는 구육오구 일칠일삼 오칠팔오입니다.,9659-1713-5785,,female,spk05,probe_grp4x3,probe,1,3.2,12,3,4,sentence,grouped4,0.5395701825618744,0.06599894719280894,0.49807021021842957,0.6327225565910339,0.48791778087615967,0.5395701825618744
probe_00803_spk06.wav,/home/hye0n/projects/cnn-based-audio-pii-classification/src/cnn/data_probe/output/probe_00803_spk06.wav,번호는 이구사오 육삼칠일 팔삼사사입니다.,2945-6371-8344,,male,spk06,probe_grp4x3,probe,1,3.36,12,3,4,sentence,grouped4,0.04368475452065468,0.0049373335844743235,0.036916036158800125,0.04855377972126007,0.04558444768190384,0.04368475452065468
probe_00804_spk07.wav,/home/hye0n/projects/cnn-based-audio-pii-classification/src/cnn/data_probe/output/probe_00804_spk07.wav,번호는 공사구육 삼구일구 일구오사입니다.,0496-3919-1954,,female,spk07,probe_grp4x3,probe,1,3.44,12,3,4,sentence,grouped4,0.8081916173299154,0.050878733840024275,0.7368289828300476,0.8518415689468384,0.8359043002128601,0.8081916173299154
probe_00805_spk08.wav,/home/hye0n/projects/cnn-based-audio-pii-classification/src/cnn/data_probe/output/probe_00805_spk08.wav,번호는 일구팔칠 육삼오일 사팔사육입니다.,1987-6351-4846,,male,spk08,probe_grp4x3,probe,1,3.84,12,3,4,sentence,grouped4,0.905824879805247,0.030401983269620292,0.9470727443695068,0.8957071900367737,0.8746947050094604,0.905824879805247
probe_00806_spk09.wav,/home/hye0n/projects/cnn-based-audio-pii-classification/src/cnn/data_probe/output/probe_00806_spk09.wav,번호는 팔오삼육 육사구팔 칠팔이공입니다.,8536-6498-7820,,female,spk09,probe_grp4x3,probe,1,3.52,12,3,4,sentence,grouped4,0.3070193777481715,0.05049021341951958,0.23765020072460175,0.32704687118530273,0.35636106133461,0.3070193777481715
probe_00807_spk10.wav,/home/hye0n/projects/cnn-based-audio-pii-classification/src/cnn/data_probe/output/probe_00807_spk10.wav,번호는 팔이구칠 삼칠사팔 구육구공입니다.,8297-3748-9690,,male,spk10,probe_grp4x3,probe,1,3.36,12,3,4,sentence,grouped4,0.44137073556582135,0.02569727705696182,0.4483760595321655,0.4687504172325134,0.40698572993278503,0.44137073556582135
probe_00808_spk11.wav,/home/hye0n/projects/cnn-based-audio-pii-classification/src/cnn/data_probe/output/probe_00808_spk11.wav,번호는 팔삼오칠 이삼이사 육육오일입니다.,8357-2324-6651,,female,spk11,probe_grp4x3,probe,1,3.36,12,3,4,sentence,grouped4,0.3613640069961548,0.06249253152253719,0.4414956569671631,0.28901562094688416,0.3535807430744171,0.3613640069961548
probe_00809_spk12.wav,/home/hye0n/projects/cnn-based-audio-pii-classification/src/cnn/data_probe/output/probe_00809_spk12.wav,번호는 삼육사사 이사구삼 육삼일이입니다.,3644-2493-6312,,male,spk12,probe_grp4x3,probe,1,4.64,12,3,4,sentence,grouped4,0.47775426506996155,0.042426533700601225,0.5061390399932861,0.41778257489204407,0.5093411803245544,0.47775426506996155
probe_00810_spk13.wav,/home/hye0n/projects/cnn-based-audio-pii-classification/src/cnn/data_probe/output/probe_00810_spk13.wav,번호는 삼공삼사 칠칠팔육 육공삼이입니다.,3034-7786-6032,,male,spk13,probe_grp4x3,probe,1,3.28,12,3,4,sentence,grouped4,0.18293727934360504,0.05268530002681436,0.12050826847553253,0.24937358498573303,0.17892998456954956,0.18293727934360504
probe_00811_spk14.wav,/home/hye0n/projects/cnn-based-audio-pii-classification/src/cnn/data_probe/output/probe_00811_spk14.wav,번호는 사이공사 사팔이공 칠공공일입니다.,4204-4820-7001,,female,spk14,probe_grp4x3,probe,1,3.6,12,3,4,sentence,grouped4,0.11895439773797989,0.0385275906690495,0.16656158864498138,0.11810138821601868,0.0722002163529396,0.11895439773797989
probe_00812_spk01.wav,/home/hye0n/projects/cnn-based-audio-pii-classification/src/cnn/data_probe/output/probe_00812_spk01.wav,번호는 오구사일 육오일육 이삼일구입니다.,5941-6516-2319,,female,spk01,probe_grp4x3,probe,1,3.68,12,3,4,sentence,grouped4,0.78589395682017,0.012593793465443278,0.8034184575080872,0.779883861541748,0.774379551410675,0.78589395682017
probe_00813_spk02.wav,/home/hye0n/projects/cnn-based-audio-pii-classification/src/cnn/data_probe/output/probe_00813_spk02.wav,번호는 팔일팔구 팔사칠일 삼구일오입니다.,8189-8471-3915,,male,spk02,probe_grp4x3,probe,1,3.52,12,3,4,sentence,grouped4,0.5496996641159058,0.0726809010803073,0.568027138710022,0.628125011920929,0.45294684171676636,0.5496996641159058
probe_00814_spk03.wav,/home/hye0n/projects/cnn-based-audio-pii-classification/src/cnn/data_probe/output/probe_00814_spk03.wav,번호는 오구육삼 육삼이일 이삼사칠입니다.,5963-6321-2347,,female,spk03,probe_grp4x3,probe,1,4.16,12,3,4,sentence,grouped4,0.22038331627845764,0.052030165823427225,0.15643276274204254,0.2838776707649231,0.2208395153284073,0.22038331627845764
probe_00815_spk04.wav,/home/hye0n/projects/cnn-based-audio-pii-classification/src/cnn/data_probe/output/probe_00815_spk04.wav,번호는 육사구공 칠팔오일 오팔육칠입니다.,6490-7851-5867,,male,spk04,probe_grp4x3,probe,1,3.44,12,3,4,sentence,grouped4,0.4387182295322418,0.1016044045101474,0.38833433389663696,0.5804489254951477,0.3473714292049408,0.4387182295322418
probe_00816_spk05.wav,/home/hye0n/projects/cnn-based-audio-pii-classification/src/cnn/data_probe/output/probe_00816_spk05.wav,번호는 삼사이오 칠오사공 구공공삼입니다.,3425-7540-9003,,female,spk05,probe_grp4x3,probe,1,3.6,12,3,4,sentence,grouped4,0.9522550900777181,0.0033992317322728673,0.9513342976570129,0.9568015933036804,0.9486293792724609,0.9522550900777181
probe_00817_spk06.wav,/home/hye0n/projects/cnn-based-audio-pii-classification/src/cnn/data_probe/output/probe_00817_spk06.wav,번호는 사팔육사 오일팔삼 칠육공육입니다.,4864-5183-7606,,male,spk06,probe_grp4x3,probe,1,3.6,12,3,4,sentence,grouped4,0.20867482324441275,0.022579022661653764,0.18224209547042847,0.23740574717521667,0.20637662708759308,0.20867482324441275
probe_00818_spk07.wav,/home/hye0n/projects/cnn-based-audio-pii-classification/src/cnn/data_probe/output/probe_00818_spk07.wav,번호는 사사일삼 사삼이칠 오육공사입니다.,4413-4327-5604,,female,spk07,probe_grp4x3,probe,1,3.84,12,3,4,sentence,grouped4,0.8767481644948324,0.01641572878601031,0.8763021230697632,0.8568698167800903,0.8970725536346436,0.8767481644948324
probe_00819_spk08.wav,/home/hye0n/projects/cnn-based-audio-pii-classification/src/cnn/data_probe/output/probe_00819_spk08.wav,번호는 일칠칠육 오육일이 사팔일오입니다.,1776-5612-4815,,male,spk08,probe_grp4x3,probe,1,3.44,12,3,4,sentence,grouped4,0.9517253637313843,0.01446599748448254,0.9651079177856445,0.9584347605705261,0.9316334128379822,0.9517253637313843
probe_00820_spk09.wav,/home/hye0n/projects/cnn-based-audio-pii-classification/src/cnn/data_probe/output/probe_00820_spk09.wav,번호는 육구팔오 칠공공이 칠이공육입니다.,6985-7002-7206,,female,spk09,probe_grp4x3,probe,1,3.2,12,3,4,sentence,grouped4,0.4637128412723541,0.04931338741734081,0.5324012041091919,0.4189213216304779,0.4398159980773926,0.4637128412723541
probe_00821_spk10.wav,/home/hye0n/projects/cnn-based-audio-pii-classification/src/cnn/data_probe/output/probe_00821_spk10.wav,번호는 삼사오구 일일이삼 팔이구육입니다.,3459-1123-8296,,male,spk10,probe_grp4x3,probe,1,3.52,12,3,4,sentence,grouped4,0.7698988715807596,0.06805081718863375,0.8510211110115051,0.684496283531189,0.774179220199585,0.7698988715807596
probe_00822_spk11.wav,/home/hye0n/projects/cnn-based-audio-pii-classification/src/cnn/data_probe/output/probe_00822_spk11.wav,번호는 오칠칠이 사이구오 사삼일육입니다.,5772-4295-4316,,female,spk11,probe_grp4x3,probe,1,3.2,12,3,4,sentence,grouped4,0.5192308227221171,0.17322168050172426,0.31432002782821655,0.7379501461982727,0.5054222941398621,0.5192308227221171
probe_00823_spk12.wav,/home/hye0n/projects/cnn-based-audio-pii-classification/src/cnn/data_probe/output/probe_00823_spk12.wav,번호는 오이육육 구삼공공 팔구삼일입니다.,5266-9300-8931,,male,spk12,probe_grp4x3,probe,1,3.36,12,3,4,sentence,grouped4,0.162532776594162,0.02019131484886976,0.19042223691940308,0.1538953334093094,0.1432807594537735,0.162532776594162
probe_00824_spk13.wav,/home/hye0n/projects/cnn-based-audio-pii-classification/src/cnn/data_probe/output/probe_00824_spk13.wav,번호는 칠삼사이 공육구육 구사이일입니다.,7342-0696-9421,,male,spk13,probe_grp4x3,probe,1,3.44,12,3,4,sentence,grouped4,0.1995085502664248,0.08802979509853634,0.09233555942773819,0.3079524040222168,0.19823768734931946,0.1995085502664248
probe_00825_spk14.wav,/home/hye0n/projects/cnn-based-audio-pii-classification/src/cnn/data_probe/output/probe_00825_spk14.wav,번호는 오이구일 공팔육칠 칠일삼삼입니다.,5291-0867-7133,,female,spk14,probe_grp4x3,probe,1,3.76,12,3,4,sentence,grouped4,0.9257686336835226,0.01638413891602814,0.9213579893112183,0.9476734399795532,0.9082744717597961,0.9257686336835226
probe_00826_spk01.wav,/home/hye0n/projects/cnn-based-audio-pii-classification/src/cnn/data_probe/output/probe_00826_spk01.wav,번호는 삼사사칠 육이육삼 구삼사삼입니다.,3447-6263-9343,,female,spk01,probe_grp4x3,probe,1,4.32,12,3,4,sentence,grouped4,0.8771972258885702,0.023551961510302026,0.8803160190582275,0.8469194173812866,0.9043562412261963,0.8771972258885702
probe_00827_spk02.wav,/home/hye0n/projects/cnn-based-audio-pii-classification/src/cnn/data_probe/output/probe_00827_spk02.wav,번호는 육이육이 공사사삼 구칠삼오입니다.,6262-0443-9735,,male,spk02,probe_grp4x3,probe,1,3.76,12,3,4,sentence,grouped4,0.22782465815544128,0.019810542015884544,0.2199324071407318,0.2084905207157135,0.25505104660987854,0.22782465815544128
probe_00828_spk03.wav,/home/hye0n/projects/cnn-based-audio-pii-classification/src/cnn/data_probe/output/probe_00828_spk03.wav,번호는 구칠일공 칠이오육 삼육육구입니다.,9710-7256-3669,,female,spk03,probe_grp4x3,probe,1,3.6,12,3,4,sentence,grouped4,0.4498506337404251,0.17871282451825546,0.49924033880233765,0.6398134231567383,0.2104981392621994,0.4498506337404251
probe_00829_spk04.wav,/home/hye0n/projects/cnn-based-audio-pii-classification/src/cnn/data_probe/output/probe_00829_spk04.wav,번호는 사일일팔 공공오삼 칠오구구입니다.,4118-0053-7599,,male,spk04,probe_grp4x3,probe,1,4.32,12,3,4,sentence,grouped4,0.9210020303726196,0.049442886324411975,0.8511084914207458,0.954197108745575,0.9577004909515381,0.9210020303726196
probe_00830_spk05.wav,/home/hye0n/projects/cnn-based-audio-pii-classification/src/cnn/data_probe/output/probe_00830_spk05.wav,번호는 공공사팔 구육사육 오이팔공입니다.,0048-9646-5280,,female,spk05,probe_grp4x3,probe,1,3.44,12,3,4,sentence,grouped4,0.47866397102673847,0.02670277436988053,0.5150796175003052,0.46911540627479553,0.45179688930511475,0.47866397102673847
probe_00831_spk06.wav,/home/hye0n/projects/cnn-based-audio-pii-classification/src/cnn/data_probe/output/probe_00831_spk06.wav,번호는 구이사이 팔칠오칠 이일오팔입니다.,9242-8757-2158,,male,spk06,probe_grp4x3,probe,1,2.96,12,3,4,sentence,grouped4,0.29151981075604755,0.0902338140280432,0.19048291444778442,0.40954285860061646,0.2745336592197418,0.29151981075604755
probe_00832_spk07.wav,/home/hye0n/projects/cnn-based-audio-pii-classification/src/cnn/data_probe/output/probe_00832_spk07.wav,번호는 육이사일 오공이칠 사오육사입니다.,6241-5027-4564,,female,spk07,probe_grp4x3,probe,1,3.6,12,3,4,sentence,grouped4,0.6329161723454794,0.07290835903841875,0.5298222303390503,0.6829891800880432,0.6859371066093445,0.6329161723454794
probe_00833_spk08.wav,/home/hye0n/projects/cnn-based-audio-pii-classification/src/cnn/data_probe/output/probe_00833_spk08.wav,번호는 사구사팔 오육이오 칠이팔칠입니다.,4948-5625-7287,,male,spk08,probe_grp4x3,probe,1,3.28,12,3,4,sentence,grouped4,0.3812904854615529,0.06887081652748009,0.47846612334251404,0.33839964866638184,0.32700568437576294,0.3812904854615529
probe_00834_spk09.wav,/home/hye0n/projects/cnn-based-audio-pii-classification/src/cnn/data_probe/output/probe_00834_spk09.wav,번호는 공삼이공 삼이공칠 사이칠육입니다.,0320-3207-4276,,female,spk09,probe_grp4x3,probe,1,3.92,12,3,4,sentence,grouped4,0.9030661582946777,0.033805189870740535,0.9354947805404663,0.9172734618186951,0.8564302325248718,0.9030661582946777
probe_00835_spk10.wav,/home/hye0n/projects/cnn-based-audio-pii-classification/src/cnn/data_probe/output/probe_00835_spk10.wav,번호는 일칠공칠 오팔칠칠 칠일이일입니다.,1707-5877-7121,,male,spk10,probe_grp4x3,probe,1,3.6,12,3,4,sentence,grouped4,0.5082307954629263,0.1186855721449549,0.6625308990478516,0.488290935754776,0.3738705515861511,0.5082307954629263
probe_00836_spk11.wav,/home/hye0n/projects/cnn-based-audio-pii-classification/src/cnn/data_probe/output/probe_00836_spk11.wav,번호는 오일삼사 이이팔사 구구삼구입니다.,5134-2284-9939,,female,spk11,probe_grp4x3,probe,1,4.08,12,3,4,sentence,grouped4,0.3469887475172679,0.026300656961255903,0.30983442068099976,0.36406463384628296,0.3670671880245209,0.3469887475172679
probe_00837_spk12.wav,/home/hye0n/projects/cnn-based-audio-pii-classification/src/cnn/data_probe/output/probe_00837_spk12.wav,번호는 공팔구이 육일삼칠 일오공사입니다.,0892-6137-1504,,male,spk12,probe_grp4x3,probe,1,2.96,12,3,4,sentence,grouped4,0.13445050766070685,0.03041128726561812,0.10225526243448257,0.17524366080760956,0.12585259974002838,0.13445050766070685
probe_00838_spk13.wav,/home/hye0n/projects/cnn-based-audio-pii-classification/src/cnn/data_probe/output/probe_00838_spk13.wav,번호는 일육오구 일오이공 일칠칠칠입니다.,1659-1520-1777,,male,spk13,probe_grp4x3,probe,1,3.28,12,3,4,sentence,grouped4,0.17793379227320352,0.02550094715592098,0.2128526270389557,0.1526670902967453,0.1682816594839096,0.17793379227320352
probe_00839_spk14.wav,/home/hye0n/projects/cnn-based-audio-pii-classification/src/cnn/data_probe/output/probe_00839_spk14.wav,번호는 사구공오 공구칠오 구이삼공입니다.,4905-0975-9230,,female,spk14,probe_grp4x3,probe,1,3.6,12,3,4,sentence,grouped4,0.5029284358024597,0.0397411755292735,0.5553067326545715,0.45909199118614197,0.49438658356666565,0.5029284358024597
probe_00840_spk01.wav,/home/hye0n/projects/cnn-based-audio-pii-classification/src/cnn/data_probe/output/probe_00840_spk01.wav,번호는 사오공일 팔구육일 육사이삼입니다.,4501-8961-6423,,female,spk01,probe_grp4x3,probe,1,3.68,12,3,4,sentence,grouped4,0.5393322110176086,0.06457928399483456,0.4516245722770691,0.5611348748207092,0.6052371859550476,0.5393322110176086
probe_00841_spk02.wav,/home/hye0n/projects/cnn-based-audio-pii-classification/src/cnn/data_probe/output/probe_00841_spk02.wav,번호는 육일공삼 이육육사 이일사칠입니다.,6103-2664-2147,,male,spk02,probe_grp4x3,probe,1,3.44,12,3,4,sentence,grouped4,0.44012051820755005,0.056535722806550726,0.38658586144447327,0.5183170437812805,0.41545864939689636,0.44012051820755005
probe_00842_spk03.wav,/home/hye0n/projects/cnn-based-audio-pii-classification/src/cnn/data_probe/output/probe_00842_spk03.wav,번호는 육사구이 오일오팔 삼칠칠육입니다.,6492-5158-3776,,female,spk03,probe_grp4x3,probe,1,3.84,12,3,4,sentence,grouped4,0.8792028824488322,0.011960195607503542,0.8757494688034058,0.8952692151069641,0.8665899634361267,0.8792028824488322
probe_00843_spk04.wav,/home/hye0n/projects/cnn-based-audio-pii-classification/src/cnn/data_probe/output/probe_00843_spk04.wav,번호는 칠사구구 육일육오 구이육육입니다.,7499-6165-9266,,male,spk04,probe_grp4x3,probe,1,3.6,12,3,4,sentence,grouped4,0.809736410776774,0.03058062351338191,0.8329048752784729,0.8297777771949768,0.7665265798568726,0.809736410776774
probe_00844_spk05.wav,/home/hye0n/projects/cnn-based-audio-pii-classification/src/cnn/data_probe/output/probe_00844_spk05.wav,번호는 일공팔오 칠삼이칠 팔팔일사입니다.,1085-7327-8814,,female,spk05,probe_grp4x3,probe,1,3.52,12,3,4,sentence,grouped4,0.41759276390075684,0.061065860396934284,0.47835156321525574,0.4403625428676605,0.33406418561935425,0.41759276390075684
probe_00845_spk06.wav,/home/hye0n/projects/cnn-based-audio-pii-classification/src/cnn/data_probe/output/probe_00845_spk06.wav,번호는 칠육일칠 사이이사 삼팔육사입니다.,7617-4224-3864,,male,spk06,probe_grp4x3,probe,1,3.6,12,3,4,sentence,grouped4,0.18765161434809366,0.06650894140118167,0.24817077815532684,0.21974772214889526,0.0950363427400589,0.18765161434809366
probe_00846_spk07.wav,/home/hye0n/projects/cnn-based-audio-pii-classification/src/cnn/data_probe/output/probe_00846_spk07.wav,번호는 구공팔일 공팔일팔 육육일칠입니다.,9081-0818-6617,,female,spk07,probe_grp4x3,probe,1,3.36,12,3,4,sentence,grouped4,0.641628086566925,0.0895163575095862,0.5487085580825806,0.762547492980957,0.6136282086372375,0.641628086566925
probe_00847_spk08.wav,/home/hye0n/projects/cnn-based-audio-pii-classification/src/cnn/data_probe/output/probe_00847_spk08.wav,번호는 구사오사 구일팔공 일칠이이입니다.,9454-9180-1722,,male,spk08,probe_grp4x3,probe,1,3.44,12,3,4,sentence,grouped4,0.5544348855813345,0.05825174671640087,0.5534704327583313,0.6262557506561279,0.48357847332954407,0.5544348855813345
probe_00848_spk09.wav,/home/hye0n/projects/cnn-based-audio-pii-classification/src/cnn/data_probe/output/probe_00848_spk09.wav,번호는 육공일육 사오구칠 칠구사오입니다.,6016-4597-7945,,female,spk09,probe_grp4x3,probe,1,3.28,12,3,4,sentence,grouped4,0.44426323970158893,0.11371207224611386,0.6037484407424927,0.3823813796043396,0.34665989875793457,0.44426323970158893
probe_00849_spk10.wav,/home/hye0n/projects/cnn-based-audio-pii-classification/src/cnn/data_probe/output/probe_00849_spk10.wav,번호는 이삼이일 구사일육 팔공공육입니다.,2321-9416-8006,,male,spk10,probe_grp4x3,probe,1,4.32,12,3,4,sentence,grouped4,0.28902557492256165,0.07900057760218862,0.3086477220058441,0.37446609139442444,0.18396291136741638,0.28902557492256165
probe_00850_spk11.wav,/home/hye0n/projects/cnn-based-audio-pii-classification/src/cnn/data_probe/output/probe_00850_spk11.wav,번호는 일공이칠 칠육구칠 사구구오입니다.,1027-7697-4995,,female,spk11,probe_grp4x3,probe,1,4.08,12,3,4,sentence,grouped4,0.6644793550173441,0.09749990075833413,0.6604107022285461,0.7858741879463196,0.5471531748771667,0.6644793550173441
probe_00851_spk12.wav,/home/hye0n/projects/cnn-based-audio-pii-classification/src/cnn/data_probe/output/probe_00851_spk12.wav,번호는 육사일이 이공삼일 공삼공삼입니다.,6412-2031-0303,,male,spk12,probe_grp4x3,probe,1,3.84,12,3,4,sentence,grouped4,0.2851312557856242,0.10418393088088486,0.29437121748924255,0.40785884857177734,0.15316370129585266,0.2851312557856242
probe_00852_spk13.wav,/home/hye0n/projects/cnn-based-audio-pii-classification/src/cnn/data_probe/output/probe_00852_spk13.wav,번호는 칠이삼육 팔삼일사 칠이칠육입니다.,7236-8314-7276,,male,spk13,probe_grp4x3,probe,1,2.88,12,3,4,sentence,grouped4,0.45357542236646015,0.09498552141342274,0.5770558714866638,0.4376370310783386,0.34603336453437805,0.45357542236646015
probe_00853_spk14.wav,/home/hye0n/projects/cnn-based-audio-pii-classification/src/cnn/data_probe/output/probe_00853_spk14.wav,번호는 공일이이 칠칠칠공 칠구삼삼입니다.,0122-7770-7933,,female,spk14,probe_grp4x3,probe,1,3.44,12,3,4,sentence,grouped4,0.849092940489451,0.057237325267016144,0.9292818903923035,0.7994346618652344,0.8185622692108154,0.849092940489451
probe_00854_spk01.wav,/home/hye0n/projects/cnn-based-audio-pii-classification/src/cnn/data_probe/output/probe_00854_spk01.wav,번호는 사구육공 오공일육 육칠구구입니다.,4960-5016-6799,,female,spk01,probe_grp4x3,probe,1,4.4,12,3,4,sentence,grouped4,0.9197147488594055,0.014602377548984916,0.8992339968681335,0.9322460293769836,0.9276642203330994,0.9197147488594055
probe_00855_spk02.wav,/home/hye0n/projects/cnn-based-audio-pii-classification/src/cnn/data_probe/output/probe_00855_spk02.wav,번호는 팔사공칠 육칠팔구 구칠삼공입니다.,8407-6789-9730,,male,spk02,probe_grp4x3,probe,1,3.76,12,3,4,sentence,grouped4,0.5668920278549194,0.07572410161777689,0.4609857201576233,0.6060938239097595,0.6335965394973755,0.5668920278549194
probe_00856_spk03.wav,/home/hye0n/projects/cnn-based-audio-pii-classification/src/cnn/data_probe/output/probe_00856_spk03.wav,번호는 팔공육구 오팔일사 육칠일칠입니다.,8069-5814-6717,,female,spk03,probe_grp4x3,probe,1,3.92,12,3,4,sentence,grouped4,0.9077449440956116,0.031886740695443984,0.8628249168395996,0.9336385726928711,0.926771342754364,0.9077449440956116
probe_00857_spk04.wav,/home/hye0n/projects/cnn-based-audio-pii-classification/src/cnn/data_probe/output/probe_00857_spk04.wav,번호는 구오칠육 공이사삼 칠오칠삼입니다.,9576-0243-7573,,male,spk04,probe_grp4x3,probe,1,3.52,12,3,4,sentence,grouped4,0.4434506396452586,0.03411589114862445,0.40526652336120605,0.48808327317237854,0.43700212240219116,0.4434506396452586
probe_00858_spk05.wav,/home/hye0n/projects/cnn-based-audio-pii-classification/src/cnn/data_probe/output/probe_00858_spk05.wav,번호는 팔삼구오 구칠이사 육육오칠입니다.,8395-9724-6657,,female,spk05,probe_grp4x3,probe,1,3.44,12,3,4,sentence,grouped4,0.6206859548886617,0.03592615161177196,0.571311354637146,0.6557484269142151,0.634998083114624,0.6206859548886617
probe_00859_spk06.wav,/home/hye0n/projects/cnn-based-audio-pii-classification/src/cnn/data_probe/output/probe_00859_spk06.wav,번호는 이구삼사 일칠이이 삼이구칠입니다.,2934-1722-3297,,male,spk06,probe_grp4x3,probe,1,3.12,12,3,4,sentence,grouped4,0.5137082636356354,0.03393722159760837,0.53587406873703,0.5394914746284485,0.4657592475414276,0.5137082636356354
probe_00860_spk07.wav,/home/hye0n/projects/cnn-based-audio-pii-classification/src/cnn/data_probe/output/probe_00860_spk07.wav,번호는 일육칠사 삼삼팔공 공오사오입니다.,1674-3380-0545,,female,spk07,probe_grp4x3,probe,1,3.44,12,3,4,sentence,grouped4,0.6872769991556803,0.056954262875133124,0.711375892162323,0.7417866587638855,0.6086684465408325,0.6872769991556803
probe_00861_spk08.wav,/home/hye0n/projects/cnn-based-audio-pii-classification/src/cnn/data_probe/output/probe_00861_spk08.wav,번호는 이이팔공 일오육일 구삼일팔입니다.,2280-1561-9318,,male,spk08,probe_grp4x3,probe,1,4.08,12,3,4,sentence,grouped4,0.7622096141179403,0.031371953756400096,0.7388684153556824,0.8065557479858398,0.7412046790122986,0.7622096141179403
probe_00862_spk09.wav,/home/hye0n/projects/cnn-based-audio-pii-classification/src/cnn/data_probe/output/probe_00862_spk09.wav,번호는 삼칠사오 오공팔사 이팔구일입니다.,3745-5084-2891,,female,spk09,probe_grp4x3,probe,1,3.6,12,3,4,sentence,grouped4,0.4551070233186086,0.09739591319284806,0.3194248378276825,0.5024126768112183,0.543483555316925,0.4551070233186086
probe_00863_spk10.wav,/home/hye0n/projects/cnn-based-audio-pii-classification/src/cnn/data_probe/output/probe_00863_spk10.wav,번호는 공칠칠일 일구구일 팔공팔일입니다.,0771-1991-8081,,male,spk10,probe_grp4x3,probe,1,3.68,12,3,4,sentence,grouped4,0.2279054820537567,0.09238711676975561,0.1832781434059143,0.3565646708011627,0.14387363195419312,0.2279054820537567
probe_00864_spk11.wav,/home/hye0n/projects/cnn-based-audio-pii-classification/src/cnn/data_probe/output/probe_00864_spk11.wav,번호는 이일삼오 이사칠팔 칠일이오입니다.,2135-2478-7125,,female,spk11,probe_grp4x3,probe,1,3.04,12,3,4,sentence,grouped4,0.5936349034309387,0.05039317842886901,0.6634689569473267,0.5464047789573669,0.5710309743881226,0.5936349034309387
probe_00865_spk12.wav,/home/hye0n/projects/cnn-based-audio-pii-classification/src/cnn/data_probe/output/probe_00865_spk12.wav,번호는 오이일삼 칠육공삼 칠오사팔입니다.,5213-7603-7548,,male,spk12,probe_grp4x3,probe,1,3.52,12,3,4,sentence,grouped4,0.47502365708351135,0.058960582278877134,0.451031357049942,0.5561776161193848,0.4178619980812073,0.47502365708351135
probe_00866_spk13.wav,/home/hye0n/projects/cnn-based-audio-pii-classification/src/cnn/data_probe/output/probe_00866_spk13.wav,번호는 이일사오 육오삼이 팔육삼이입니다.,2145-6532-8632,,male,spk13,probe_grp4x3,probe,1,3.12,12,3,4,sentence,grouped4,0.3203738381465276,0.06443428943231495,0.3745267987251282,0.22982878983020782,0.3567659258842468,0.3203738381465276
probe_00867_spk14.wav,/home/hye0n/projects/cnn-based-audio-pii-classification/src/cnn/data_probe/output/probe_00867_spk14.wav,번호는 육육육칠 팔오공칠 이공팔일입니다.,6667-8507-2081,,female,spk14,probe_grp4x3,probe,1,3.92,12,3,4,sentence,grouped4,0.7143929203351339,0.09456601141577532,0.6040400266647339,0.7041417360305786,0.8349969983100891,0.7143929203351339
probe_00868_spk01.wav,/home/hye0n/projects/cnn-based-audio-pii-classification/src/cnn/data_probe/output/probe_00868_spk01.wav,번호는 일오오육 이육공육 공이구공입니다.,1556-2606-0290,,female,spk01,probe_grp4x3,probe,1,3.36,12,3,4,sentence,grouped4,0.5561749140421549,0.06727257861556855,0.5022635459899902,0.6510170698165894,0.5152441263198853,0.5561749140421549
probe_00869_spk02.wav,/home/hye0n/projects/cnn-based-audio-pii-classification/src/cnn/data_probe/output/probe_00869_spk02.wav,번호는 팔사육육 팔사오오 공사팔구입니다.,8466-8455-0489,,male,spk02,probe_grp4x3,probe,1,3.84,12,3,4,sentence,grouped4,0.5862961411476135,0.031578484092747945,0.6007368564605713,0.6156736016273499,0.5424779653549194,0.5862961411476135
probe_00870_spk03.wav,/home/hye0n/projects/cnn-based-audio-pii-classification/src/cnn/data_probe/output/probe_00870_spk03.wav,번호는 이육칠삼 팔구구칠 오육삼사입니다.,2673-8997-5634,,female,spk03,probe_grp4x3,probe,1,4.32,12,3,4,sentence,grouped4,0.3911006549994151,0.13700353524425382,0.29362714290618896,0.5848516821861267,0.29482313990592957,0.3911006549994151
probe_00871_spk04.wav,/home/hye0n/projects/cnn-based-audio-pii-classification/src/cnn/data_probe/output/probe_00871_spk04.wav,번호는 일공팔오 육이팔팔 사삼일팔입니다.,1085-6288-4318,,male,spk04,probe_grp4x3,probe,1,3.12,12,3,4,sentence,grouped4,0.4965902765591939,0.07878575560212427,0.44837233424186707,0.43371036648750305,0.6076881289482117,0.4965902765591939
probe_00872_spk05.wav,/home/hye0n/projects/cnn-based-audio-pii-classification/src/cnn/data_probe/output/probe_00872_spk05.wav,번호는 팔사팔오 이공공팔 구사삼사입니다.,8485-2008-9434,,female,spk05,probe_grp4x3,probe,1,3.92,12,3,4,sentence,grouped4,0.4442892173926036,0.01819545079313256,0.4629400074481964,0.4503170847892761,0.41961055994033813,0.4442892173926036
probe_00873_spk06.wav,/home/hye0n/projects/cnn-based-audio-pii-classification/src/cnn/data_probe/output/probe_00873_spk06.wav,번호는 육팔일공 오사팔오 일공일칠입니다.,6810-5485-1017,,male,spk06,probe_grp4x3,probe,1,3.76,12,3,4,sentence,grouped4,0.3533332447210948,0.07444725030855484,0.42318955063819885,0.25018733739852905,0.3866228461265564,0.3533332447210948
probe_00874_spk07.wav,/home/hye0n/projects/cnn-based-audio-pii-classification/src/cnn/data_probe/output/probe_00874_spk07.wav,번호는 사구공칠 오삼구구 팔구삼오입니다.,4907-5399-8935,,female,spk07,probe_grp4x3,probe,1,3.2,12,3,4,sentence,grouped4,0.7485924959182739,0.07196085219014688,0.6615215539932251,0.8377518057823181,0.7465041279792786,0.7485924959182739
probe_00875_spk08.wav,/home/hye0n/projects/cnn-based-audio-pii-classification/src/cnn/data_probe/output/probe_00875_spk08.wav,번호는 사사구이 육팔삼일 오팔구삼입니다.,4492-6831-5893,,male,spk08,probe_grp4x3,probe,1,3.6,12,3,4,sentence,grouped4,0.9335928161938986,0.032445954450871194,0.9628201127052307,0.9496130347251892,0.8883453011512756,0.9335928161938986
probe_00876_spk09.wav,/home/hye0n/projects/cnn-based-audio-pii-classification/src/cnn/data_probe/output/probe_00876_spk09.wav,번호는 오칠일이 육육일일 공육이칠입니다.,5712-6611-0627,,female,spk09,probe_grp4x3,probe,1,3.28,12,3,4,sentence,grouped4,0.8341359694798788,0.014037537979485147,0.8266943097114563,0.8219180107116699,0.85379558801651,0.8341359694798788
probe_00877_spk10.wav,/home/hye0n/projects/cnn-based-audio-pii-classification/src/cnn/data_probe/output/probe_00877_spk10.wav,번호는 삼칠일오 팔육구팔 팔육사구입니다.,3715-8698-8649,,male,spk10,probe_grp4x3,probe,1,3.68,12,3,4,sentence,grouped4,0.1981763243675232,0.048664080560028335,0.13484911620616913,0.20650459825992584,0.2531752586364746,0.1981763243675232
probe_00878_spk11.wav,/home/hye0n/projects/cnn-based-audio-pii-classification/src/cnn/data_probe/output/probe_00878_spk11.wav,번호는 칠육칠칠 육이이팔 이칠칠이입니다.,7677-6228-2772,,female,spk11,probe_grp4x3,probe,1,4.64,12,3,4,sentence,grouped4,0.8607151110967001,0.0070884897193848875,0.8560647964477539,0.8553493022918701,0.8707312345504761,0.8607151110967001
probe_00879_spk12.wav,/home/hye0n/projects/cnn-based-audio-pii-classification/src/cnn/data_probe/output/probe_00879_spk12.wav,번호는 팔팔일삼 칠칠공이 팔오일구입니다.,8813-7702-8519,,male,spk12,probe_grp4x3,probe,1,2.72,12,3,4,sentence,grouped4,0.1273598944147428,0.03268229073786072,0.13250014185905457,0.08501061052083969,0.1645689308643341,0.1273598944147428
probe_00880_spk13.wav,/home/hye0n/projects/cnn-based-audio-pii-classification/src/cnn/data_probe/output/probe_00880_spk13.wav,번호는 육일일오 구사공팔 이일오사입니다.,6115-9408-2154,,male,spk13,probe_grp4x3,probe,1,3.12,12,3,4,sentence,grouped4,0.36940794189771015,0.08894065370148768,0.2966362535953522,0.3169463276863098,0.4946412444114685,0.36940794189771015
probe_00881_spk14.wav,/home/hye0n/projects/cnn-based-audio-pii-classification/src/cnn/data_probe/output/probe_00881_spk14.wav,번호는 오사사칠 공이이구 육공사사입니다.,5447-0229-6044,,female,spk14,probe_grp4x3,probe,1,4.32,12,3,4,sentence,grouped4,0.5657512346903483,0.07355061363818709,0.46383148431777954,0.6347059011459351,0.5987163186073303,0.5657512346903483
probe_00882_spk01.wav,/home/hye0n/projects/cnn-based-audio-pii-classification/src/cnn/data_probe/output/probe_00882_spk01.wav,번호는 삼이칠공 일팔오일 공육칠구입니다.,3270-1851-0679,,female,spk01,probe_grp4x3,probe,1,4.4,12,3,4,sentence,grouped4,0.9562453230222067,0.019380049651401828,0.9498450756072998,0.936366081237793,0.9825248122215271,0.9562453230222067
probe_00883_spk02.wav,/home/hye0n/projects/cnn-based-audio-pii-classification/src/cnn/data_probe/output/probe_00883_spk02.wav,번호는 사구칠오 육칠구이 이팔칠칠입니다.,4975-6792-2877,,male,spk02,probe_grp4x3,probe,1,3.76,12,3,4,sentence,grouped4,0.4252634843190511,0.04634261394575172,0.4050106406211853,0.38141006231307983,0.4893697500228882,0.4252634843190511
probe_00884_spk03.wav,/home/hye0n/projects/cnn-based-audio-pii-classification/src/cnn/data_probe/output/probe_00884_spk03.wav,번호는 칠이오일 구구육육 삼육오팔입니다.,7251-9966-3658,,female,spk03,probe_grp4x3,probe,1,3.6,12,3,4,sentence,grouped4,0.718007504940033,0.055075445450039714,0.6426306366920471,0.7726871967315674,0.7387046813964844,0.718007504940033
probe_00885_spk04.wav,/home/hye0n/projects/cnn-based-audio-pii-classification/src/cnn/data_probe/output/probe_00885_spk04.wav,번호는 공칠사일 이공구사 팔일팔일입니다.,0741-2094-8181,,male,spk04,probe_grp4x3,probe,1,4.08,12,3,4,sentence,grouped4,0.6437926789124807,0.13008974684356472,0.46921536326408386,0.6808112263679504,0.7813514471054077,0.6437926789124807
probe_00886_spk05.wav,/home/hye0n/projects/cnn-based-audio-pii-classification/src/cnn/data_probe/output/probe_00886_spk05.wav,번호는 삼구팔구 공구팔삼 칠팔공일입니다.,3989-0983-7801,,female,spk05,probe_grp4x3,probe,1,3.28,12,3,4,sentence,grouped4,0.8125613927841187,0.08945941046214394,0.8870331645011902,0.8638972043991089,0.6867538094520569,0.8125613927841187
probe_00887_spk06.wav,/home/hye0n/projects/cnn-based-audio-pii-classification/src/cnn/data_probe/output/probe_00887_spk06.wav,번호는 팔이공사 삼삼구칠 일팔구오입니다.,8204-3397-1895,,male,spk06,probe_grp4x3,probe,1,4.32,12,3,4,sentence,grouped4,0.19539830088615417,0.04428666577563257,0.19101084768772125,0.25169864296913147,0.1434854120016098,0.19539830088615417
probe_00888_spk07.wav,/home/hye0n/projects/cnn-based-audio-pii-classification/src/cnn/data_probe/output/probe_00888_spk07.wav,번호는 육구공칠 공오육이 육공팔오입니다.,6907-0562-6085,,female,spk07,probe_grp4x3,probe,1,3.6,12,3,4,sentence,grouped4,0.8737388054529825,0.026193708448168134,0.8708838820457458,0.907151460647583,0.8431810736656189,0.8737388054529825
probe_00889_spk08.wav,/home/hye0n/projects/cnn-based-audio-pii-classification/src/cnn/data_probe/output/probe_00889_spk08.wav,번호는 육사일일 일팔이사 이이사일입니다.,6411-1824-2241,,male,spk08,probe_grp4x3,probe,1,3.92,12,3,4,sentence,grouped4,0.5987226764361063,0.0318314113112296,0.5824596881866455,0.5705018043518066,0.6432065367698669,0.5987226764361063
probe_00890_spk09.wav,/home/hye0n/projects/cnn-based-audio-pii-classification/src/cnn/data_probe/output/probe_00890_spk09.wav,번호는 이사육이 공구오이 공공사육입니다.,2462-0952-0046,,female,spk09,probe_grp4x3,probe,1,3.52,12,3,4,sentence,grouped4,0.4155595898628235,0.10325011520640599,0.27374231815338135,0.4563555121421814,0.5165809392929077,0.4155595898628235
probe_00891_spk10.wav,/home/hye0n/projects/cnn-based-audio-pii-classification/src/cnn/data_probe/output/probe_00891_spk10.wav,번호는 일오이육 오사육일 공삼삼구입니다.,1526-5461-0339,,male,spk10,probe_grp4x3,probe,1,3.76,12,3,4,sentence,grouped4,0.6015250086784363,0.0826635528902285,0.7040852308273315,0.5988344550132751,0.5016553401947021,0.6015250086784363
probe_00892_spk11.wav,/home/hye0n/projects/cnn-based-audio-pii-classification/src/cnn/data_probe/output/probe_00892_spk11.wav,번호는 구삼칠팔 팔육일사 공오칠팔입니다.,9378-8614-0578,,female,spk11,probe_grp4x3,probe,1,3.28,12,3,4,sentence,grouped4,0.10606394211451213,0.04740533016340347,0.08645085990428925,0.17138978838920593,0.0603511780500412,0.10606394211451213
probe_00893_spk12.wav,/home/hye0n/projects/cnn-based-audio-pii-classification/src/cnn/data_probe/output/probe_00893_spk12.wav,번호는 육일칠공 육삼공사 팔구일삼입니다.,6170-6304-8913,,male,spk12,probe_grp4x3,probe,1,3.52,12,3,4,sentence,grouped4,0.4779854615529378,0.025470001779728142,0.45059847831726074,0.5119408965110779,0.47141700983047485,0.4779854615529378
probe_00894_spk13.wav,/home/hye0n/projects/cnn-based-audio-pii-classification/src/cnn/data_probe/output/probe_00894_spk13.wav,번호는 팔이사구 육칠일팔 삼이오팔입니다.,8249-6718-3258,,male,spk13,probe_grp4x3,probe,1,3.2,12,3,4,sentence,grouped4,0.16685515145460764,0.04543530432023345,0.13981710374355316,0.23085445165634155,0.12989389896392822,0.16685515145460764
probe_00895_spk14.wav,/home/hye0n/projects/cnn-based-audio-pii-classification/src/cnn/data_probe/output/probe_00895_spk14.wav,번호는 이삼팔육 팔칠공공 칠구사이입니다.,2386-8700-7942,,female,spk14,probe_grp4x3,probe,1,3.84,12,3,4,sentence,grouped4,0.7429782748222351,0.04068589635903838,0.7642819881439209,0.6860378980636597,0.7786149382591248,0.7429782748222351
probe_00896_spk01.wav,/home/hye0n/projects/cnn-based-audio-pii-classification/src/cnn/data_probe/output/probe_00896_spk01.wav,번호는 공공칠사 구사육오 삼구팔사입니다.,0074-9465-3984,,female,spk01,probe_grp4x3,probe,1,4.64,12,3,4,sentence,grouped4,0.7439006169637045,0.07012172510365687,0.8058403134346008,0.6458622217178345,0.779999315738678,0.7439006169637045
probe_00897_spk02.wav,/home/hye0n/projects/cnn-based-audio-pii-classification/src/cnn/data_probe/output/probe_00897_spk02.wav,번호는 공이팔구 일사일육 일이팔사입니다.,0289-1416-1284,,male,spk02,probe_grp4x3,probe,1,3.28,12,3,4,sentence,grouped4,0.7478586634000143,0.08112837391938868,0.6412432193756104,0.8378757834434509,0.7644569873809814,0.7478586634000143
probe_00898_spk03.wav,/home/hye0n/projects/cnn-based-audio-pii-classification/src/cnn/data_probe/output/probe_00898_spk03.wav,번호는 육삼구팔 오오사칠 사삼오오입니다.,6398-5547-4355,,female,spk03,probe_grp4x3,probe,1,4.16,12,3,4,sentence,grouped4,0.8186885118484497,0.026342808723382988,0.7814834713935852,0.8389505743980408,0.8356314897537231,0.8186885118484497
probe_00899_spk04.wav,/home/hye0n/projects/cnn-based-audio-pii-classification/src/cnn/data_probe/output/probe_00899_spk04.wav,번호는 삼칠구오 공이공구 칠공공이입니다.,3795-0209-7002,,male,spk04,probe_grp4x3,probe,1,3.6,12,3,4,sentence,grouped4,0.9159703453381857,0.020825863507881508,0.9352158904075623,0.9256551265716553,0.8870400190353394,0.9159703453381857
probe_00900_spk05.wav,/home/hye0n/projects/cnn-based-audio-pii-classification/src/cnn/data_probe/output/probe_00900_spk05.wav,번호는 육팔칠육 팔일일팔 공칠일오 육구오육입니다.,6876-8118-0715-6956,,female,spk05,probe_grp4x4,probe,1,4.72,16,4,4,sentence,grouped4,0.978583812713623,0.004181659350124812,0.9727082848548889,0.9809401631355286,0.9821029901504517,0.978583812713623
probe_00901_spk06.wav,/home/hye0n/projects/cnn-based-audio-pii-classification/src/cnn/data_probe/output/probe_00901_spk06.wav,번호는 이공일칠 오삼칠공 삼공사오 삼일구사입니다.,2017-5370-3045-3194,,male,spk06,probe_grp4x4,probe,1,5.44,16,4,4,sentence,grouped4,0.8306603829065958,0.036766179194905456,0.7789750099182129,0.8614116907119751,0.8515944480895996,0.8306603829065958
probe_00902_spk07.wav,/home/hye0n/projects/cnn-based-audio-pii-classification/src/cnn/data_probe/output/probe_00902_spk07.wav,번호는 삼삼칠오 공사칠구 삼공삼육 일사구팔입니다.,3375-0479-3036-1498,,female,spk07,probe_grp4x4,probe,1,4.64,16,4,4,sentence,grouped4,0.9950741132100424,0.0014064292213452957,0.9952758550643921,0.993259608745575,0.9966868758201599,0.9950741132100424
probe_00903_spk08.wav,/home/hye0n/projects/cnn-based-audio-pii-classification/src/cnn/data_probe/output/probe_00903_spk08.wav,번호는 칠이팔삼 구구구이 일구이일 이사구삼입니다.,7283-9992-1921-2493,,male,spk08,probe_grp4x4,probe,1,4.64,16,4,4,sentence,grouped4,0.9341113567352295,0.010744770782717102,0.9231787919998169,0.9304379224777222,0.9487173557281494,0.9341113567352295
probe_00904_spk09.wav,/home/hye0n/projects/cnn-based-audio-pii-classification/src/cnn/data_probe/output/probe_00904_spk09.wav,번호는 팔사삼공 팔구사팔 칠공육공 오육육사입니다.,8430-8948-7060-5664,,female,spk09,probe_grp4x4,probe,1,5.44,16,4,4,sentence,grouped4,0.9398842851320902,0.017719023716762854,0.9173676371574402,0.9606660604476929,0.9416191577911377,0.9398842851320902
probe_00905_spk10.wav,/home/hye0n/projects/cnn-based-audio-pii-classification/src/cnn/data_probe/output/probe_00905_spk10.wav,번호는 일팔칠칠 오팔공삼 공사육팔 칠오공육입니다.,1877-5803-0468-7506,,male,spk10,probe_grp4x4,probe,1,4.72,16,4,4,sentence,grouped4,0.8695128560066223,0.022022138587127295,0.8924016952514648,0.8397780656814575,0.8763588070869446,0.8695128560066223
probe_00906_spk11.wav,/home/hye0n/projects/cnn-based-audio-pii-classification/src/cnn/data_probe/output/probe_00906_spk11.wav,번호는 삼오일구 공삼육일 삼삼이오 사일일공입니다.,3519-0361-3325-4110,,female,spk11,probe_grp4x4,probe,1,3.68,16,4,4,sentence,grouped4,0.9614020188649496,0.01019368174648438,0.9493503570556641,0.9605769515037537,0.9742787480354309,0.9614020188649496
probe_00907_spk12.wav,/home/hye0n/projects/cnn-based-audio-pii-classification/src/cnn/data_probe/output/probe_00907_spk12.wav,번호는 칠육공구 오사삼일 칠삼오공 오팔삼일입니다.,7609-5431-7350-5831,,male,spk12,probe_grp4x4,probe,1,3.92,16,4,4,sentence,grouped4,0.8756526907285055,0.026920761877841124,0.8880749940872192,0.9006081223487854,0.8382749557495117,0.8756526907285055
probe_00908_spk13.wav,/home/hye0n/projects/cnn-based-audio-pii-classification/src/cnn/data_probe/output/probe_00908_spk13.wav,번호는 구구칠일 칠구일일 공공육오 일이공칠입니다.,9971-7911-0065-1207,,male,spk13,probe_grp4x4,probe,1,4.08,16,4,4,sentence,grouped4,0.38232003649075824,0.1430756774485631,0.3989381194114685,0.5486502051353455,0.19937178492546082,0.38232003649075824
probe_00909_spk14.wav,/home/hye0n/projects/cnn-based-audio-pii-classification/src/cnn/data_probe/output/probe_00909_spk14.wav,번호는 공사구육 일일공팔 공사육육 일구육삼입니다.,0496-1108-0466-1963,,female,spk14,probe_grp4x4,probe,1,5.04,16,4,4,sentence,grouped4,0.9745049675305685,0.002176500947535906,0.9773180484771729,0.972016453742981,0.9741804003715515,0.9745049675305685
probe_00910_spk01.wav,/home/hye0n/projects/cnn-based-audio-pii-classification/src/cnn/data_probe/output/probe_00910_spk01.wav,번호는 구구공칠 육칠육구 구일오공 칠팔오구입니다.,9907-6769-9150-7859,,female,spk01,probe_grp4x4,probe,1,5.04,16,4,4,sentence,grouped4,0.9720597465833029,0.012636614649577129,0.9550834894180298,0.9853832721710205,0.9757124781608582,0.9720597465833029
probe_00911_spk02.wav,/home/hye0n/projects/cnn-based-audio-pii-classification/src/cnn/data_probe/output/probe_00911_spk02.wav,번호는 삼일일공 구일구삼 구이팔사 오육칠구입니다.,3110-9193-9284-5679,,male,spk02,probe_grp4x4,probe,1,4.32,16,4,4,sentence,grouped4,0.965709904829661,0.013726404695933211,0.9808785915374756,0.968616247177124,0.9476348757743835,0.965709904829661
probe_00912_spk03.wav,/home/hye0n/projects/cnn-based-audio-pii-classification/src/cnn/data_probe/output/probe_00912_spk03.wav,번호는 칠이삼이 공공이사 구육팔오 사구팔이입니다.,7232-0024-9685-4982,,female,spk03,probe_grp4x4,probe,1,3.92,16,4,4,sentence,grouped4,0.916372021039327,0.016098113133419186,0.8938313126564026,0.9304102659225464,0.924874484539032,0.916372021039327
probe_00913_spk04.wav,/home/hye0n/projects/cnn-based-audio-pii-classification/src/cnn/data_probe/output/probe_00913_spk04.wav,번호는 이칠사구 오사오공 팔구이공 삼팔팔공입니다.,2749-5450-8920-3880,,male,spk04,probe_grp4x4,probe,1,4.24,16,4,4,sentence,grouped4,0.9644213318824768,0.004528659743395059,0.9612642526626587,0.9708256125450134,0.9611741304397583,0.9644213318824768
probe_00914_spk05.wav,/home/hye0n/projects/cnn-based-audio-pii-classification/src/cnn/data_probe/output/probe_00914_spk05.wav,번호는 육오삼삼 삼일오삼 칠칠구오 구구오구입니다.,6533-3153-7795-9959,,female,spk05,probe_grp4x4,probe,1,4.8,16,4,4,sentence,grouped4,0.9768067200978597,0.0064588163226268714,0.9676827788352966,0.9809948801994324,0.9817425012588501,0.9768067200978597
probe_00915_spk06.wav,/home/hye0n/projects/cnn-based-audio-pii-classification/src/cnn/data_probe/output/probe_00915_spk06.wav,번호는 사육오이 일칠공칠 삼공삼삼 칠구삼삼입니다.,4652-1707-3033-7933,,male,spk06,probe_grp4x4,probe,1,5.52,16,4,4,sentence,grouped4,0.986337939898173,0.004900886090921498,0.9910063147544861,0.9795672297477722,0.9884402751922607,0.986337939898173
probe_00916_spk07.wav,/home/hye0n/projects/cnn-based-audio-pii-classification/src/cnn/data_probe/output/probe_00916_spk07.wav,번호는 칠오육삼 육이공오 공일오공 팔일이사입니다.,7563-6205-0150-8124,,female,spk07,probe_grp4x4,probe,1,4.16,16,4,4,sentence,grouped4,0.9803098837534586,0.008277367746228424,0.9876433610916138,0.9687414169311523,0.9845448732376099,0.9803098837534586
probe_00917_spk08.wav,/home/hye0n/projects/cnn-based-audio-pii-classification/src/cnn/data_probe/output/probe_00917_spk08.wav,번호는 칠삼구오 공공삼삼 사이삼사 이오팔삼입니다.,7395-0033-4234-2583,,male,spk08,probe_grp4x4,probe,1,5.44,16,4,4,sentence,grouped4,0.963688313961029,0.004413906304696054,0.9576380848884583,0.9680438041687012,0.9653830528259277,0.963688313961029
probe_00918_spk09.wav,/home/hye0n/projects/cnn-based-audio-pii-classification/src/cnn/data_probe/output/probe_00918_spk09.wav,번호는 이삼공이 사일공이 육일오삼 사칠삼오입니다.,2302-4102-6153-4735,,female,spk09,probe_grp4x4,probe,1,3.76,16,4,4,sentence,grouped4,0.8025203744570414,0.052078607096425616,0.869026780128479,0.7966705560684204,0.7418637871742249,0.8025203744570414
probe_00919_spk10.wav,/home/hye0n/projects/cnn-based-audio-pii-classification/src/cnn/data_probe/output/probe_00919_spk10.wav,번호는 오이팔구 육일일이 이삼삼팔 육오오구입니다.,5289-6112-2338-6559,,male,spk10,probe_grp4x4,probe,1,3.92,16,4,4,sentence,grouped4,0.8884937763214111,0.024101801177004643,0.9193528890609741,0.8855994343757629,0.8605290055274963,0.8884937763214111
probe_00920_spk11.wav,/home/hye0n/projects/cnn-based-audio-pii-classification/src/cnn/data_probe/output/probe_00920_spk11.wav,번호는 육삼공구 구삼팔사 이오삼공 사이팔구입니다.,6309-9384-2530-4289,,female,spk11,probe_grp4x4,probe,1,5.68,16,4,4,sentence,grouped4,0.9081194400787354,0.02696981694790694,0.9444905519485474,0.8998793959617615,0.8799883723258972,0.9081194400787354
probe_00921_spk12.wav,/home/hye0n/projects/cnn-based-audio-pii-classification/src/cnn/data_probe/output/probe_00921_spk12.wav,번호는 칠삼일칠 구일이팔 육팔오칠 팔칠이오입니다.,7317-9128-6857-8725,,male,spk12,probe_grp4x4,probe,1,5.12,16,4,4,sentence,grouped4,0.6573745608329773,0.0051591334660770725,0.6504358649253845,0.6588904857635498,0.6627973318099976,0.6573745608329773
probe_00922_spk13.wav,/home/hye0n/projects/cnn-based-audio-pii-classification/src/cnn/data_probe/output/probe_00922_spk13.wav,번호는 오팔칠칠 칠사구육 구공삼삼 삼칠삼육입니다.,5877-7496-9033-3736,,male,spk13,probe_grp4x4,probe,1,4.16,16,4,4,sentence,grouped4,0.9025094707806905,0.013617322728046624,0.9182513356208801,0.9042454361915588,0.8850316405296326,0.9025094707806905
probe_00923_spk14.wav,/home/hye0n/projects/cnn-based-audio-pii-classification/src/cnn/data_probe/output/probe_00923_spk14.wav,번호는 삼사육육 구이오사 팔일이일 사칠팔오입니다.,3466-9254-8121-4785,,female,spk14,probe_grp4x4,probe,1,4.32,16,4,4,sentence,grouped4,0.9463210105895996,0.02466865591784066,0.9431787133216858,0.9178021550178528,0.9779821634292603,0.9463210105895996
probe_00924_spk01.wav,/home/hye0n/projects/cnn-based-audio-pii-classification/src/cnn/data_probe/output/probe_00924_spk01.wav,번호는 삼구공칠 팔구오육 칠칠육육 오칠오사입니다.,3907-8956-7766-5754,,female,spk01,probe_grp4x4,probe,1,5.68,16,4,4,sentence,grouped4,0.9858598510424296,0.005721120820073738,0.9784621000289917,0.9867211580276489,0.9923962950706482,0.9858598510424296
probe_00925_spk02.wav,/home/hye0n/projects/cnn-based-audio-pii-classification/src/cnn/data_probe/output/probe_00925_spk02.wav,번호는 육공이칠 삼사일오 일사팔팔 팔일사삼입니다.,6027-3415-1488-8143,,male,spk02,probe_grp4x4,probe,1,4.72,16,4,4,sentence,grouped4,0.9533993800481161,0.011567817922354992,0.9403069615364075,0.9684404730796814,0.9514507055282593,0.9533993800481161
probe_00926_spk03.wav,/home/hye0n/projects/cnn-based-audio-pii-classification/src/cnn/data_probe/output/probe_00926_spk03.wav,번호는 일일일오 공팔삼오 삼오사사 사삼구이입니다.,1115-0835-3544-4392,,female,spk03,probe_grp4x4,probe,1,4.48,16,4,4,sentence,grouped4,0.972952683766683,0.002079809935636699,0.9755198955535889,0.9729122519493103,0.9704259037971497,0.972952683766683
probe_00927_spk04.wav,/home/hye0n/projects/cnn-based-audio-pii-classification/src/cnn/data_probe/output/probe_00927_spk04.wav,번호는 팔사공사 사오육육 구공칠팔 이육삼삼입니다.,8404-4566-9078-2633,,male,spk04,probe_grp4x4,probe,1,4.48,16,4,4,sentence,grouped4,0.8783300916353861,0.016394768136365284,0.8555939793586731,0.8936331868171692,0.8857631087303162,0.8783300916353861
probe_00928_spk05.wav,/home/hye0n/projects/cnn-based-audio-pii-classification/src/cnn/data_probe/output/probe_00928_spk05.wav,번호는 삼칠삼팔 구팔칠칠 오일오삼 육육삼칠입니다.,3738-9877-5153-6637,,female,spk05,probe_grp4x4,probe,1,4.32,16,4,4,sentence,grouped4,0.9572545886039734,0.011713135427819078,0.9407027959823608,0.9661005139350891,0.9649604558944702,0.9572545886039734
probe_00929_spk06.wav,/home/hye0n/projects/cnn-based-audio-pii-classification/src/cnn/data_probe/output/probe_00929_spk06.wav,번호는 칠팔공오 이구이사 공칠오오 삼육육육입니다.,7805-2924-0755-3666,,male,spk06,probe_grp4x4,probe,1,3.68,16,4,4,sentence,grouped4,0.7121783494949341,0.04610690719858897,0.7127342820167542,0.7683675289154053,0.6554332375526428,0.7121783494949341
probe_00930_spk07.wav,/home/hye0n/projects/cnn-based-audio-pii-classification/src/cnn/data_probe/output/probe_00930_spk07.wav,번호는 팔사오구 공구공이 이오구구 구구육육입니다.,8459-0902-2599-9966,,female,spk07,probe_grp4x4,probe,1,4.08,16,4,4,sentence,grouped4,0.8725233674049377,0.03927642255494828,0.8821192383766174,0.8203451037406921,0.9151057600975037,0.8725233674049377
probe_00931_spk08.wav,/home/hye0n/projects/cnn-based-audio-pii-classification/src/cnn/data_probe/output/probe_00931_spk08.wav,번호는 삼육일팔 육삼칠일 오구칠사 일이일팔입니다.,3618-6371-5974-1218,,male,spk08,probe_grp4x4,probe,1,5.12,16,4,4,sentence,grouped4,0.9753991762797037,0.0033985142907389256,0.9760101437568665,0.9709651470184326,0.9792222380638123,0.9753991762797037
probe_00932_spk09.wav,/home/hye0n/projects/cnn-based-audio-pii-classification/src/cnn/data_probe/output/probe_00932_spk09.wav,번호는 이공구칠 공이삼일 육사삼삼 사팔일칠입니다.,2097-0231-6433-4817,,female,spk09,probe_grp4x4,probe,1,4.32,16,4,4,sentence,grouped4,0.7874731421470642,0.04906526013155324,0.8535229563713074,0.7728646993637085,0.7360317707061768,0.7874731421470642
probe_00933_spk10.wav,/home/hye0n/projects/cnn-based-audio-pii-classification/src/cnn/data_probe/output/probe_00933_spk10.wav,번호는 공오팔공 이오육육 이일이팔 육칠일육입니다.,0580-2566-2128-6716,,male,spk10,probe_grp4x4,probe,1,3.92,16,4,4,sentence,grouped4,0.9038522839546204,0.02496316058458337,0.9187793731689453,0.8686826825141907,0.9240947961807251,0.9038522839546204
probe_00934_spk11.wav,/home/hye0n/projects/cnn-based-audio-pii-classification/src/cnn/data_probe/output/probe_00934_spk11.wav,번호는 삼이삼사 육칠이구 구사구삼 팔칠사삼입니다.,3234-6729-9493-8743,,female,spk11,probe_grp4x4,probe,1,4.56,16,4,4,sentence,grouped4,0.8938708702723185,0.00914763388545388,0.9057974219322205,0.89224773645401,0.8835674524307251,0.8938708702723185
probe_00935_spk12.wav,/home/hye0n/projects/cnn-based-audio-pii-classification/src/cnn/data_probe/output/probe_00935_spk12.wav,번호는 공이칠일 육구삼팔 오구칠칠 칠구공일입니다.,0271-6938-5977-7901,,male,spk12,probe_grp4x4,probe,1,3.92,16,4,4,sentence,grouped4,0.9353442390759786,0.015254769055653036,0.9486233592033386,0.943429172039032,0.9139801859855652,0.9353442390759786
probe_00936_spk13.wav,/home/hye0n/projects/cnn-based-audio-pii-classification/src/cnn/data_probe/output/probe_00936_spk13.wav,번호는 사칠오사 육구이육 삼이구육 칠육이구입니다.,4754-6926-3296-7629,,male,spk13,probe_grp4x4,probe,1,3.6,16,4,4,sentence,grouped4,0.5752975443998972,0.10156790712405733,0.5125367641448975,0.49478569626808167,0.7185701727867126,0.5752975443998972
probe_00937_spk14.wav,/home/hye0n/projects/cnn-based-audio-pii-classification/src/cnn/data_probe/output/probe_00937_spk14.wav,번호는 일육공삼 이사팔사 일삼칠육 팔일오일입니다.,1603-2484-1376-8151,,female,spk14,probe_grp4x4,probe,1,4.88,16,4,4,sentence,grouped4,0.7987271348635355,0.08684092094469127,0.6818826198577881,0.8898990154266357,0.8243997693061829,0.7987271348635355
probe_00938_spk01.wav,/home/hye0n/projects/cnn-based-audio-pii-classification/src/cnn/data_probe/output/probe_00938_spk01.wav,번호는 일팔오육 칠이사삼 팔공칠공 일칠육오입니다.,1856-7243-8070-1765,,female,spk01,probe_grp4x4,probe,1,4.8,16,4,4,sentence,grouped4,0.9982059001922607,0.00043193428054260757,0.9977300763130188,0.9981120824813843,0.9987755417823792,0.9982059001922607
probe_00939_spk02.wav,/home/hye0n/projects/cnn-based-audio-pii-classification/src/cnn/data_probe/output/probe_00939_spk02.wav,번호는 육삼육공 공사일이 오칠칠칠 일일팔삼입니다.,6360-0412-5777-1183,,male,spk02,probe_grp4x4,probe,1,5.04,16,4,4,sentence,grouped4,0.9628359278043112,0.015712152548560024,0.9530802369117737,0.9850032925605774,0.9504242539405823,0.9628359278043112
probe_00940_spk03.wav,/home/hye0n/projects/cnn-based-audio-pii-classification/src/cnn/data_probe/output/probe_00940_spk03.wav,번호는 칠이칠사 이이공구 일이사일 팔육이일입니다.,7274-2209-1241-8621,,female,spk03,probe_grp4x4,probe,1,4.8,16,4,4,sentence,grouped4,0.9912113348642985,0.003942074194219826,0.9861078858375549,0.9918198585510254,0.9957062602043152,0.9912113348642985
probe_00941_spk04.wav,/home/hye0n/projects/cnn-based-audio-pii-classification/src/cnn/data_probe/output/probe_00941_spk04.wav,번호는 공사이칠 오이삼공 팔삼칠공 팔일육사입니다.,0427-5230-8370-8164,,male,spk04,probe_grp4x4,probe,1,4.24,16,4,4,sentence,grouped4,0.9778157273928324,0.009369700018030962,0.9653562307357788,0.9879515767097473,0.9801393747329712,0.9778157273928324
probe_00942_spk05.wav,/home/hye0n/projects/cnn-based-audio-pii-classification/src/cnn/data_probe/output/probe_00942_spk05.wav,번호는 칠공구공 공육삼삼 오삼삼일 공육공공입니다.,7090-0633-5331-0600,,female,spk05,probe_grp4x4,probe,1,4.56,16,4,4,sentence,grouped4,0.9839048584302267,0.0022357076905341203,0.982384979724884,0.987065851688385,0.9822637438774109,0.9839048584302267
probe_00943_spk06.wav,/home/hye0n/projects/cnn-based-audio-pii-classification/src/cnn/data_probe/output/probe_00943_spk06.wav,번호는 오삼일삼 일이이공 육팔일오 오팔삼구입니다.,5313-1220-6815-5839,,male,spk06,probe_grp4x4,probe,1,4.32,16,4,4,sentence,grouped4,0.7888035575548807,0.04678326380642121,0.8007197380065918,0.8392060399055481,0.7264848947525024,0.7888035575548807
probe_00944_spk07.wav,/home/hye0n/projects/cnn-based-audio-pii-classification/src/cnn/data_probe/output/probe_00944_spk07.wav,번호는 삼팔육육 일삼삼일 오오이공 육오공육입니다.,3866-1331-5520-6506,,female,spk07,probe_grp4x4,probe,1,4.4,16,4,4,sentence,grouped4,0.9772801597913107,0.008426391864132746,0.9655135869979858,0.9815303683280945,0.9847965240478516,0.9772801597913107
probe_00945_spk08.wav,/home/hye0n/projects/cnn-based-audio-pii-classification/src/cnn/data_probe/output/probe_00945_spk08.wav,번호는 삼칠삼일 사구오공 일삼육사 구칠일팔입니다.,3731-4950-1364-9718,,male,spk08,probe_grp4x4,probe,1,4.8,16,4,4,sentence,grouped4,0.9774544437726339,0.006610144756971861,0.9860804677009583,0.9762614965438843,0.9700213670730591,0.9774544437726339
probe_00946_spk09.wav,/home/hye0n/projects/cnn-based-audio-pii-classification/src/cnn/data_probe/output/probe_00946_spk09.wav,번호는 구이사일 구오육이 오이오칠 일오공구입니다.,9241-9562-5257-1509,,female,spk09,probe_grp4x4,probe,1,3.84,16,4,4,sentence,grouped4,0.9610547423362732,0.0064184143959122334,0.9693939685821533,0.9537807703018188,0.9599894881248474,0.9610547423362732
probe_00947_spk10.wav,/home/hye0n/projects/cnn-based-audio-pii-classification/src/cnn/data_probe/output/probe_00947_spk10.wav,번호는 구칠육팔 삼팔구공 삼공구일 사삼육삼입니다.,9768-3890-3091-4363,,male,spk10,probe_grp4x4,probe,1,4.4,16,4,4,sentence,grouped4,0.9127000172932943,0.0068095530329420565,0.9065513610839844,0.9093555808067322,0.9221931099891663,0.9127000172932943
probe_00948_spk11.wav,/home/hye0n/projects/cnn-based-audio-pii-classification/src/cnn/data_probe/output/probe_00948_spk11.wav,번호는 구일공이 오칠사삼 이육삼공 삼구칠오입니다.,9102-5743-2630-3975,,female,spk11,probe_grp4x4,probe,1,4.72,16,4,4,sentence,grouped4,0.9518532156944275,0.0025130613874478733,0.9541285037994385,0.9530799984931946,0.9483511447906494,0.9518532156944275
probe_00949_spk12.wav,/home/hye0n/projects/cnn-based-audio-pii-classification/src/cnn/data_probe/output/probe_00949_spk12.wav,번호는 이사오공 팔육사공 삼오오삼 삼팔공삼입니다.,2450-8640-3553-3803,,male,spk12,probe_grp4x4,probe,1,4.16,16,4,4,sentence,grouped4,0.8646227717399597,0.04723755328601929,0.8420740962028503,0.8214384317398071,0.9303557872772217,0.8646227717399597
probe_00950_spk13.wav,/home/hye0n/projects/cnn-based-audio-pii-classification/src/cnn/data_probe/output/probe_00950_spk13.wav,번호는 삼구육팔 오이칠공 일칠일삼 공이삼이입니다.,3968-5270-1713-0232,,male,spk13,probe_grp4x4,probe,1,3.92,16,4,4,sentence,grouped4,0.7495519518852234,0.04881650674906696,0.7859878540039062,0.7821168303489685,0.6805511713027954,0.7495519518852234
probe_00951_spk14.wav,/home/hye0n/projects/cnn-based-audio-pii-classification/src/cnn/data_probe/output/probe_00951_spk14.wav,번호는 일이구팔 삼삼팔일 육칠사이 삼삼육이입니다.,1298-3381-6742-3362,,female,spk14,probe_grp4x4,probe,1,3.68,16,4,4,sentence,grouped4,0.7030924757321676,0.12012871400771266,0.8027213215827942,0.7724499106407166,0.5341061949729919,0.7030924757321676
probe_00952_spk01.wav,/home/hye0n/projects/cnn-based-audio-pii-classification/src/cnn/data_probe/output/probe_00952_spk01.wav,번호는 구삼사사 구칠삼사 칠일오육 육이칠칠입니다.,9344-9734-7156-6277,,female,spk01,probe_grp4x4,probe,1,5.92,16,4,4,sentence,grouped4,0.9952585697174072,0.0018248683810267936,0.9930402040481567,0.9952256679534912,0.9975098371505737,0.9952585697174072
probe_00953_spk02.wav,/home/hye0n/projects/cnn-based-audio-pii-classification/src/cnn/data_probe/output/probe_00953_spk02.wav,번호는 육팔구육 이칠공육 육일사구 팔이팔이입니다.,6896-2706-6149-8282,,male,spk02,probe_grp4x4,probe,1,4.72,16,4,4,sentence,grouped4,0.8922092517217001,0.00863313457950204,0.8959019780158997,0.90044105052948,0.8802847266197205,0.8922092517217001
probe_00954_spk03.wav,/home/hye0n/projects/cnn-based-audio-pii-classification/src/cnn/data_probe/output/probe_00954_spk03.wav,번호는 사육칠사 칠사육팔 구칠일오 이칠삼이입니다.,4674-7468-9715-2732,,female,spk03,probe_grp4x4,probe,1,4.56,16,4,4,sentence,grouped4,0.9596859812736511,0.008730216086173444,0.9485710859298706,0.9605883955955505,0.9698984622955322,0.9596859812736511
probe_00955_spk04.wav,/home/hye0n/projects/cnn-based-audio-pii-classification/src/cnn/data_probe/output/probe_00955_spk04.wav,번호는 삼공공팔 오칠육육 육오육칠 사구일육입니다.,3008-5766-6567-4916,,male,spk04,probe_grp4x4,probe,1,4.56,16,4,4,sentence,grouped4,0.9951605200767517,0.0011594553176887058,0.9936769604682922,0.9952974915504456,0.9965071082115173,0.9951605200767517
probe_00956_spk05.wav,/home/hye0n/projects/cnn-based-audio-pii-classification/src/cnn/data_probe/output/probe_00956_spk05.wav,번호는 공일육구 이삼육사 오팔칠오 공육육삼입니다.,0169-2364-5875-0663,,female,spk05,probe_grp4x4,probe,1,4.32,16,4,4,sentence,grouped4,0.9878926475842794,0.003119319469670603,0.9881736636161804,0.983939528465271,0.9915647506713867,0.9878926475842794
probe_00957_spk06.wav,/home/hye0n/projects/cnn-based-audio-pii-classification/src/cnn/data_probe/output/probe_00957_spk06.wav,번호는 삼칠공오 공이사구 칠이사삼 구구이공입니다.,3705-0249-7243-9920,,male,spk06,probe_grp4x4,probe,1,4.0,16,4,4,sentence,grouped4,0.9682445327440897,0.010033602029740539,0.9758172631263733,0.9748504757881165,0.9540658593177795,0.9682445327440897
probe_00958_spk07.wav,/home/hye0n/projects/cnn-based-audio-pii-classification/src/cnn/data_probe/output/probe_00958_spk07.wav,번호는 일일육육 구일팔삼 육이육사 사팔팔육입니다.,1166-9183-6264-4886,,female,spk07,probe_grp4x4,probe,1,4.16,16,4,4,sentence,grouped4,0.9141730864842733,0.03183020279916088,0.9590619802474976,0.8946412205696106,0.8888160586357117,0.9141730864842733
probe_00959_spk08.wav,/home/hye0n/projects/cnn-based-audio-pii-classification/src/cnn/data_probe/output/probe_00959_spk08.wav,번호는 구사육일 일구오이 사삼육사 공이칠공입니다.,9461-1952-4364-0270,,male,spk08,probe_grp4x4,probe,1,4.24,16,4,4,sentence,grouped4,0.9899655977884928,0.00222278068278968,0.9874481558799744,0.992854654788971,0.9895939826965332,0.9899655977884928
probe_00960_spk09.wav,/home/hye0n/projects/cnn-based-audio-pii-classification/src/cnn/data_probe/output/probe_00960_spk09.wav,번호는 일일육팔 육사육이 이오이이 삼칠이팔입니다.,1168-6462-2522-3728,,female,spk09,probe_grp4x4,probe,1,4.16,16,4,4,sentence,grouped4,0.9733701745669047,0.008814513468200898,0.9857909679412842,0.9680743217468262,0.9662452340126038,0.9733701745669047
probe_00961_spk10.wav,/home/hye0n/projects/cnn-based-audio-pii-classification/src/cnn/data_probe/output/probe_00961_spk10.wav,번호는 일칠구삼 이삼공이 삼사육칠 구일이일입니다.,1793-2302-3467-9121,,male,spk10,probe_grp4x4,probe,1,4.32,16,4,4,sentence,grouped4,0.9594913125038147,0.008566274840350656,0.9618707895278931,0.9480144381523132,0.9685887098312378,0.9594913125038147
probe_00962_spk11.wav,/home/hye0n/projects/cnn-based-audio-pii-classification/src/cnn/data_probe/output/probe_00962_spk11.wav,번호는 사일육일 사일오공 구삼칠칠 일공공사입니다.,4161-4150-9377-1004,,female,spk11,probe_grp4x4,probe,1,4.48,16,4,4,sentence,grouped4,0.9746708472569784,0.005100556533804145,0.9812260866165161,0.9739999771118164,0.9687864780426025,0.9746708472569784
probe_00963_spk12.wav,/home/hye0n/projects/cnn-based-audio-pii-classification/src/cnn/data_probe/output/probe_00963_spk12.wav,번호는 공구공일 삼팔공육 구팔사칠 칠오구육입니다.,0901-3806-9847-7596,,male,spk12,probe_grp4x4,probe,1,4.08,16,4,4,sentence,grouped4,0.8406048814455668,0.05811995332090043,0.8896003365516663,0.8732602596282959,0.7589540481567383,0.8406048814455668
probe_00964_spk13.wav,/home/hye0n/projects/cnn-based-audio-pii-classification/src/cnn/data_probe/output/probe_00964_spk13.wav,번호는 오오오오 삼오육육 구공오오 일공칠육입니다.,5555-3566-9055-1076,,male,spk13,probe_grp4x4,probe,1,3.84,16,4,4,sentence,grouped4,0.3679811358451843,0.09604591954068725,0.4922347068786621,0.3533729314804077,0.25833576917648315,0.3679811358451843
probe_00965_spk14.wav,/home/hye0n/projects/cnn-based-audio-pii-classification/src/cnn/data_probe/output/probe_00965_spk14.wav,번호는 이공구일 팔사삼오 칠구칠팔 육삼공오입니다.,2091-8435-7978-6305,,female,spk14,probe_grp4x4,probe,1,4.72,16,4,4,sentence,grouped4,0.9370497465133667,0.008328300373263865,0.9337869882583618,0.9288802742958069,0.9484819769859314,0.9370497465133667
probe_00966_spk01.wav,/home/hye0n/projects/cnn-based-audio-pii-classification/src/cnn/data_probe/output/probe_00966_spk01.wav,번호는 공오공오 칠삼구칠 육구일오 육칠일육입니다.,0505-7397-6915-6716,,female,spk01,probe_grp4x4,probe,1,4.8,16,4,4,sentence,grouped4,0.9859583973884583,0.006958609877476157,0.991331934928894,0.976131796836853,0.9904114603996277,0.9859583973884583
probe_00967_spk02.wav,/home/hye0n/projects/cnn-based-audio-pii-classification/src/cnn/data_probe/output/probe_00967_spk02.wav,번호는 사구삼이 팔구팔공 이칠일사 팔칠이칠입니다.,4932-8980-2714-8727,,male,spk02,probe_grp4x4,probe,1,3.84,16,4,4,sentence,grouped4,0.9003464579582214,0.013456796234458316,0.8835892081260681,0.9165368676185608,0.9009132981300354,0.9003464579582214
probe_00968_spk03.wav,/home/hye0n/projects/cnn-based-audio-pii-classification/src/cnn/data_probe/output/probe_00968_spk03.wav,번호는 일칠팔삼 삼삼이일 일육공이 오육사삼입니다.,1783-3321-1602-5643,,female,spk03,probe_grp4x4,probe,1,4.88,16,4,4,sentence,grouped4,0.9271227320035299,0.025578989857304467,0.8915193676948547,0.9504676461219788,0.9393811821937561,0.9271227320035299
probe_00969_spk04.wav,/home/hye0n/projects/cnn-based-audio-pii-classification/src/cnn/data_probe/output/probe_00969_spk04.wav,번호는 사칠일이 팔칠일오 삼구구일 오육육팔입니다.,4712-8715-3991-5668,,male,spk04,probe_grp4x4,probe,1,4.0,16,4,4,sentence,grouped4,0.8558818697929382,0.06760830020779517,0.8279387354850769,0.9490412473678589,0.7906656265258789,0.8558818697929382
probe_00970_spk05.wav,/home/hye0n/projects/cnn-based-audio-pii-classification/src/cnn/data_probe/output/probe_00970_spk05.wav,번호는 육삼삼사 일사일일 일오구삼 일구오이입니다.,6334-1411-1593-1952,,female,spk05,probe_grp4x4,probe,1,4.0,16,4,4,sentence,grouped4,0.9500596721967062,0.0024843223532789735,0.9479451179504395,0.9535468220710754,0.9486870765686035,0.9500596721967062
probe_00971_spk06.wav,/home/hye0n/projects/cnn-based-audio-pii-classification/src/cnn/data_probe/output/probe_00971_spk06.wav,번호는 오육구공 사공구팔 삼육육오 오이팔구입니다.,5690-4098-3665-5289,,male,spk06,probe_grp4x4,probe,1,4.16,16,4,4,sentence,grouped4,0.9671717484792074,0.017989273340187344,0.9794186353683472,0.9417368769645691,0.9803597331047058,0.9671717484792074
probe_00972_spk07.wav,/home/hye0n/projects/cnn-based-audio-pii-classification/src/cnn/data_probe/output/probe_00972_spk07.wav,번호는 구삼일육 공팔칠오 이사삼칠 칠이구사입니다.,9316-0875-2437-7294,,female,spk07,probe_grp4x4,probe,1,4.72,16,4,4,sentence,grouped4,0.9658238291740417,0.010893967752383977,0.9704499244689941,0.9507841467857361,0.976237416267395,0.9658238291740417
probe_00973_spk08.wav,/home/hye0n/projects/cnn-based-audio-pii-classification/src/cnn/data_probe/output/probe_00973_spk08.wav,번호는 이공구오 사팔일사 구칠삼칠 사육공오입니다.,2095-4814-9737-4605,,male,spk08,probe_grp4x4,probe,1,4.32,16,4,4,sentence,grouped4,0.9527606964111328,0.01904105926407365,0.9315661787986755,0.9489726424217224,0.9777432680130005,0.9527606964111328
probe_00974_spk09.wav,/home/hye0n/projects/cnn-based-audio-pii-classification/src/cnn/data_probe/output/probe_00974_spk09.wav,번호는 이삼삼공 이칠육사 이공팔육 오육칠오입니다.,2330-2764-2086-5675,,female,spk09,probe_grp4x4,probe,1,4.24,16,4,4,sentence,grouped4,0.9435935020446777,0.018017697561087603,0.9630978107452393,0.9480414390563965,0.9196412563323975,0.9435935020446777
probe_00975_spk10.wav,/home/hye0n/projects/cnn-based-audio-pii-classification/src/cnn/data_probe/output/probe_00975_spk10.wav,번호는 육육일팔 사사삼팔 육일이오 구공사칠입니다.,6618-4438-6125-9047,,male,spk10,probe_grp4x4,probe,1,4.0,16,4,4,sentence,grouped4,0.7873562375704447,0.08137931515870406,0.8935904502868652,0.6959036588668823,0.7725746035575867,0.7873562375704447
probe_00976_spk11.wav,/home/hye0n/projects/cnn-based-audio-pii-classification/src/cnn/data_probe/output/probe_00976_spk11.wav,번호는 이구이칠 칠사이삼 삼삼공오 구일이육입니다.,2927-7423-3305-9126,,female,spk11,probe_grp4x4,probe,1,4.0,16,4,4,sentence,grouped4,0.9899642864863077,0.0013250769065132628,0.9917045831680298,0.9884922504425049,0.9896960258483887,0.9899642864863077
probe_00977_spk12.wav,/home/hye0n/projects/cnn-based-audio-pii-classification/src/cnn/data_probe/output/probe_00977_spk12.wav,번호는 육이공일 오칠이공 일팔오구 육이육삼입니다.,6201-5720-1859-6263,,male,spk12,probe_grp4x4,probe,1,3.28,16,4,4,sentence,grouped4,0.3038592388232549,0.10004425597267881,0.4362092614173889,0.2809956967830658,0.19437275826931,0.3038592388232549
probe_00978_spk13.wav,/home/hye0n/projects/cnn-based-audio-pii-classification/src/cnn/data_probe/output/probe_00978_spk13.wav,번호는 공일삼육 칠사구이 육일칠육 사칠오공입니다.,0136-7492-6176-4750,,male,spk13,probe_grp4x4,probe,1,4.56,16,4,4,sentence,grouped4,0.6939955751101176,0.03335620155966669,0.7248624563217163,0.6476690769195557,0.7094551920890808,0.6939955751101176
probe_00979_spk14.wav,/home/hye0n/projects/cnn-based-audio-pii-classification/src/cnn/data_probe/output/probe_00979_spk14.wav,번호는 일일일일 칠팔삼공 구구구칠 사일구이입니다.,1111-7830-9997-4192,,female,spk14,probe_grp4x4,probe,1,4.48,16,4,4,sentence,grouped4,0.9798669020334879,0.008974823084393761,0.9916115403175354,0.9781621694564819,0.9698269963264465,0.9798669020334879
probe_00980_spk01.wav,/home/hye0n/projects/cnn-based-audio-pii-classification/src/cnn/data_probe/output/probe_00980_spk01.wav,번호는 육칠육사 구이일오 일팔이육 공육팔팔입니다.,6764-9215-1826-0688,,female,spk01,probe_grp4x4,probe,1,4.56,16,4,4,sentence,grouped4,0.9893112778663635,0.0008088438245702294,0.9892398118972778,0.9883583188056946,0.9903357028961182,0.9893112778663635
probe_00981_spk02.wav,/home/hye0n/projects/cnn-based-audio-pii-classification/src/cnn/data_probe/output/probe_00981_spk02.wav,번호는 팔칠일팔 구팔일삼 일이구이 공팔칠오입니다.,8718-9813-1292-0875,,male,spk02,probe_grp4x4,probe,1,4.0,16,4,4,sentence,grouped4,0.820054829120636,0.09357383102647199,0.8903359174728394,0.6878085732460022,0.8820199966430664,0.820054829120636
probe_00982_spk03.wav,/home/hye0n/projects/cnn-based-audio-pii-classification/src/cnn/data_probe/output/probe_00982_spk03.wav,번호는 일공이구 삼이일팔 사공일일 팔사오팔입니다.,1029-3218-4011-8458,,female,spk03,probe_grp4x4,probe,1,4.88,16,4,4,sentence,grouped4,0.9907514055569967,0.004224425481702928,0.9848474860191345,0.9944948554039001,0.9929118752479553,0.9907514055569967
probe_00983_spk04.wav,/home/hye0n/projects/cnn-based-audio-pii-classification/src/cnn/data_probe/output/probe_00983_spk04.wav,번호는 이육공삼 사공팔사 팔칠이구 칠오팔오입니다.,2603-4084-8729-7585,,male,spk04,probe_grp4x4,probe,1,3.92,16,4,4,sentence,grouped4,0.984349270661672,0.004039370620727809,0.9806795120239258,0.9899755120277405,0.9823927879333496,0.984349270661672
probe_00984_spk05.wav,/home/hye0n/projects/cnn-based-audio-pii-classification/src/cnn/data_probe/output/probe_00984_spk05.wav,번호는 구팔팔삼 일공삼공 삼이사삼 이구팔삼입니다.,9883-1030-3243-2983,,female,spk05,probe_grp4x4,probe,1,4.4,16,4,4,sentence,grouped4,0.980801502863566,0.004610404136862741,0.9794888496398926,0.9759268760681152,0.9869887828826904,0.980801502863566
probe_00985_spk06.wav,/home/hye0n/projects/cnn-based-audio-pii-classification/src/cnn/data_probe/output/probe_00985_spk06.wav,번호는 구오사이 구육일팔 사사육이 육칠일사입니다.,9542-9618-4462-6714,,male,spk06,probe_grp4x4,probe,1,3.92,16,4,4,sentence,grouped4,0.9557953278223673,0.019880354863412882,0.9837974905967712,0.9396143555641174,0.9439741373062134,0.9557953278223673
probe_00986_spk07.wav,/home/hye0n/projects/cnn-based-audio-pii-classification/src/cnn/data_probe/output/probe_00986_spk07.wav,번호는 육이팔삼 일사삼오 구팔구이 육이오육입니다.,6283-1435-9892-6256,,female,spk07,probe_grp4x4,probe,1,4.32,16,4,4,sentence,grouped4,0.8270112872123718,0.07675831635519213,0.927457869052887,0.8124337792396545,0.741142213344574,0.8270112872123718
probe_00987_spk08.wav,/home/hye0n/projects/cnn-based-audio-pii-classification/src/cnn/data_probe/output/probe_00987_spk08.wav,번호는 육공구삼 일사일팔 일팔육일 오일오오입니다.,6093-1418-1861-5155,,male,spk08,probe_grp4x4,probe,1,4.48,16,4,4,sentence,grouped4,0.9818543990453085,0.0018405503274065526,0.9834520220756531,0.9828352332115173,0.9792759418487549,0.9818543990453085
probe_00988_spk09.wav,/home/hye0n/projects/cnn-based-audio-pii-classification/src/cnn/data_probe/output/probe_00988_spk09.wav,번호는 사이삼사 공일육삼 육일일이 팔사구칠입니다.,4234-0163-6112-8497,,female,spk09,probe_grp4x4,probe,1,4.0,16,4,4,sentence,grouped4,0.7218644221623739,0.0995238344842839,0.804551362991333,0.7791599035263062,0.5818819999694824,0.7218644221623739
probe_00989_spk10.wav,/home/hye0n/projects/cnn-based-audio-pii-classification/src/cnn/data_probe/output/probe_00989_spk10.wav,번호는 일팔오구 사팔사구 일공이오 육이오팔입니다.,1859-4849-1025-6258,,male,spk10,probe_grp4x4,probe,1,3.76,16,4,4,sentence,grouped4,0.7142410675684611,0.006668118410124302,0.7192612290382385,0.7048176527023315,0.7186443209648132,0.7142410675684611
probe_00990_spk11.wav,/home/hye0n/projects/cnn-based-audio-pii-classification/src/cnn/data_probe/output/probe_00990_spk11.wav,번호는 팔구육칠 구이사공 팔이이이 육구사공입니다.,8967-9240-8222-6940,,female,spk11,probe_grp4x4,probe,1,3.84,16,4,4,sentence,grouped4,0.7340581218401591,0.0601586471929046,0.718528687953949,0.8142639994621277,0.6693816781044006,0.7340581218401591
probe_00991_spk12.wav,/home/hye0n/projects/cnn-based-audio-pii-classification/src/cnn/data_probe/output/probe_00991_spk12.wav,번호는 오삼구육 칠이칠오 칠팔사사 육팔삼사입니다.,5396-7275-7844-6834,,male,spk12,probe_grp4x4,probe,1,3.6,16,4,4,sentence,grouped4,0.6725984414418539,0.07298450408841275,0.6629977226257324,0.5883989334106445,0.7663986682891846,0.6725984414418539
probe_00992_spk13.wav,/home/hye0n/projects/cnn-based-audio-pii-classification/src/cnn/data_probe/output/probe_00992_spk13.wav,번호는 일사육오 일일일삼 일이구공 일사팔칠입니다.,1465-1113-1290-1487,,male,spk13,probe_grp4x4,probe,1,3.76,16,4,4,sentence,grouped4,0.6966827313105265,0.06804496702850443,0.7509588003158569,0.7383615374565125,0.6007278561592102,0.6966827313105265
probe_00993_spk14.wav,/home/hye0n/projects/cnn-based-audio-pii-classification/src/cnn/data_probe/output/probe_00993_spk14.wav,번호는 공육팔이 칠칠팔팔 일육공구 삼공육팔입니다.,0682-7788-1609-3068,,female,spk14,probe_grp4x4,probe,1,4.32,16,4,4,sentence,grouped4,0.9623767733573914,0.0032810935830020005,0.9590103030204773,0.961294412612915,0.9668256044387817,0.9623767733573914
probe_00994_spk01.wav,/home/hye0n/projects/cnn-based-audio-pii-classification/src/cnn/data_probe/output/probe_00994_spk01.wav,번호는 오삼팔구 공구칠이 팔삼이일 오이팔오입니다.,5389-0972-8321-5285,,female,spk01,probe_grp4x4,probe,1,4.32,16,4,4,sentence,grouped4,0.9937105774879456,0.0009465508965480335,0.9925852417945862,0.9949010610580444,0.993645429611206,0.9937105774879456
probe_00995_spk02.wav,/home/hye0n/projects/cnn-based-audio-pii-classification/src/cnn/data_probe/output/probe_00995_spk02.wav,번호는 공육칠육 이오일오 삼팔일사 사칠사사입니다.,0676-2515-3814-4744,,male,spk02,probe_grp4x4,probe,1,4.64,16,4,4,sentence,grouped4,0.9748908480008444,0.0034451044432552524,0.978931725025177,0.9752276539802551,0.9705131649971008,0.9748908480008444
probe_00996_spk03.wav,/home/hye0n/projects/cnn-based-audio-pii-classification/src/cnn/data_probe/output/probe_00996_spk03.wav,번호는 삼공구육 삼사팔공 칠구칠공 오공구칠입니다.,3096-3480-7970-5097,,female,spk03,probe_grp4x4,probe,1,4.8,16,4,4,sentence,grouped4,0.9948307077089945,0.000846118818150977,0.9941359758377075,0.99433434009552,0.9960218071937561,0.9948307077089945
probe_00997_spk04.wav,/home/hye0n/projects/cnn-based-audio-pii-classification/src/cnn/data_probe/output/probe_00997_spk04.wav,번호는 오사오일 공오이육 오공일육 칠삼일팔입니다.,5451-0526-5016-7318,,male,spk04,probe_grp4x4,probe,1,5.28,16,4,4,sentence,grouped4,0.9648387233416239,0.007983753298666208,0.9535893201828003,0.9712992906570435,0.9696275591850281,0.9648387233416239
probe_00998_spk05.wav,/home/hye0n/projects/cnn-based-audio-pii-classification/src/cnn/data_probe/output/probe_00998_spk05.wav,번호는 팔이육일 칠공이사 삼칠육오 사오육이입니다.,8261-7024-3765-4562,,female,spk05,probe_grp4x4,probe,1,4.32,16,4,4,sentence,grouped4,0.5816583931446075,0.1069054974837232,0.5210424065589905,0.7319141030311584,0.4920186698436737,0.5816583931446075
probe_00999_spk06.wav,/home/hye0n/projects/cnn-based-audio-pii-classification/src/cnn/data_probe/output/probe_00999_spk06.wav,번호는 팔사일칠 칠이이오 육공오삼 일삼사공입니다.,8417-7225-6053-1340,,male,spk06,probe_grp4x4,probe,1,5.84,16,4,4,sentence,grouped4,0.9160872499148051,0.005670329730524866,0.9223207831382751,0.9173392653465271,0.908601701259613,0.9160872499148051
probe_01000_spk07.wav,/home/hye0n/projects/cnn-based-audio-pii-classification/src/cnn/data_probe/output/probe_01000_spk07.wav,이육육오.,2665,,female,spk07,probe_bare_4,probe,1,1.28,4,1,4,bare,continuous,0.026873049947122734,0.027247246267983256,0.006187909282743931,0.009060472249984741,0.06537076830863953,0.026873049947122734
probe_01001_spk08.wav,/home/hye0n/projects/cnn-based-audio-pii-classification/src/cnn/data_probe/output/probe_01001_spk08.wav,공이삼칠.,0237,,male,spk08,probe_bare_4,probe,1,1.36,4,1,4,bare,continuous,0.016481873579323292,0.011061218555606461,0.007863964885473251,0.00948487501591444,0.032096780836582184,0.016481873579323292
probe_01002_spk09.wav,/home/hye0n/projects/cnn-based-audio-pii-classification/src/cnn/data_probe/output/probe_01002_spk09.wav,사일육칠.,4167,,female,spk09,probe_bare_4,probe,1,1.44,4,1,4,bare,continuous,0.002734149224124849,0.0016107904929081778,0.0008278266759589314,0.0026073013432323933,0.004767319653183222,0.002734149224124849
probe_01003_spk10.wav,/home/hye0n/projects/cnn-based-audio-pii-classification/src/cnn/data_probe/output/probe_01003_spk10.wav,팔칠이오.,8725,,male,spk10,probe_bare_4,probe,1,0.96,4,1,4,bare,continuous,0.023796822720517714,0.025940774280803186,0.0051104845479130745,0.005799523089081049,0.06048046052455902,0.023796822720517714
probe_01004_spk11.wav,/home/hye0n/projects/cnn-based-audio-pii-classification/src/cnn/data_probe/output/probe_01004_spk11.wav,육팔육이.,6862,,female,spk11,probe_bare_4,probe,1,1.44,4,1,4,bare,continuous,0.008588445217659077,0.004091386473364597,0.0029819770716130733,0.010152808390557766,0.012630550190806389,0.008588445217659077
probe_01005_spk12.wav,/home/hye0n/projects/cnn-based-audio-pii-classification/src/cnn/data_probe/output/probe_01005_spk12.wav,일일공이.,1102,,male,spk12,probe_bare_4,probe,1,0.8,4,1,4,bare,continuous,0.03324963781051338,0.03804064825546841,0.0029341441113501787,0.009918886236846447,0.0868958830833435,0.03324963781051338
probe_01006_spk13.wav,/home/hye0n/projects/cnn-based-audio-pii-classification/src/cnn/data_probe/output/probe_01006_spk13.wav,이오팔공.,2580,,male,spk13,probe_bare_4,probe,1,1.2,4,1,4,bare,continuous,0.007260690093971789,0.007942672223938128,0.0010644510621204972,0.0022449924144893885,0.01847262680530548,0.007260690093971789
probe_01007_spk14.wav,/home/hye0n/projects/cnn-based-audio-pii-classification/src/cnn/data_probe/output/probe_01007_spk14.wav,삼공오육.,3056,,female,spk14,probe_bare_4,probe,1,1.36,4,1,4,bare,continuous,0.018375591995815437,0.012040646762393605,0.009283854626119137,0.01045265980064869,0.03539026156067848,0.018375591995815437
probe_01008_spk01.wav,/home/hye0n/projects/cnn-based-audio-pii-classification/src/cnn/data_probe/output/probe_01008_spk01.wav,구공육칠.,9067,,female,spk01,probe_bare_4,probe,1,1.36,4,1,4,bare,continuous,0.032562012784183025,0.031468240419249734,0.010675143450498581,0.009948049671947956,0.07706284523010254,0.032562012784183025
probe_01009_spk02.wav,/home/hye0n/projects/cnn-based-audio-pii-classification/src/cnn/data_probe/output/probe_01009_spk02.wav,사사칠일.,4471,,male,spk02,probe_bare_4,probe,1,1.2,4,1,4,bare,continuous,0.03552421065978706,0.04212423025703109,0.0028682018164545298,0.008702881634235382,0.09500154852867126,0.03552421065978706
probe_01010_spk03.wav,/home/hye0n/projects/cnn-based-audio-pii-classification/src/cnn/data_probe/output/probe_01010_spk03.wav,육삼구이.,6392,,female,spk03,probe_bare_4,probe,1,1.36,4,1,4,bare,continuous,0.0022314536230017743,0.0012015168055990518,0.0005322587676346302,0.003085123375058174,0.003076978726312518,0.0022314536230017743
probe_01011_spk04.wav,/home/hye0n/projects/cnn-based-audio-pii-classification/src/cnn/data_probe/output/probe_01011_spk04.wav,팔이삼사.,8234,,male,spk04,probe_bare_4,probe,1,0.96,4,1,4,bare,continuous,0.003380452806595713,0.003032501758986058,0.0006554776919074357,0.0018750171875581145,0.0076108635403215885,0.003380452806595713
probe_01012_spk05.wav,/home/hye0n/projects/cnn-based-audio-pii-classification/src/cnn/data_probe/output/probe_01012_spk05.wav,일사삼육.,1436,,female,spk05,probe_bare_4,probe,1,1.12,4,1,4,bare,continuous,0.0038382220276010535,0.002229919290925844,0.000889035000000149,0.004345586523413658,0.006280044559389353,0.0038382220276010535
probe_01013_spk06.wav,/home/hye0n/projects/cnn-based-audio-pii-classification/src/cnn/data_probe/output/probe_01013_spk06.wav,삼칠일팔.,3718,,male,spk06,probe_bare_4,probe,1,5.44,4,1,4,bare,continuous,0.011869698142011961,0.007328870653364478,0.01111705880612135,0.021198317408561707,0.003293718211352825,0.011869698142011961
probe_01014_spk07.wav,/home/hye0n/projects/cnn-based-audio-pii-classification/src/cnn/data_probe/output/probe_01014_spk07.wav,구이삼구.,9239,,female,spk07,probe_bare_4,probe,1,1.04,4,1,4,bare,continuous,0.013195455928022662,0.012881621335697577,0.002486503915861249,0.005786977242678404,0.031312886625528336,0.013195455928022662
probe_01015_spk08.wav,/home/hye0n/projects/cnn-based-audio-pii-classification/src/cnn/data_probe/output/probe_01015_spk08.wav,이삼일이.,2312,,male,spk08,probe_bare_4,probe,1,1.04,4,1,4,bare,continuous,0.12282841404279073,0.09842380936267402,0.053301241248846054,0.0531633235514164,0.26202067732810974,0.12282841404279073
probe_01016_spk09.wav,/home/hye0n/projects/cnn-based-audio-pii-classification/src/cnn/data_probe/output/probe_01016_spk09.wav,육공사삼.,6043,,female,spk09,probe_bare_4,probe,1,0.96,4,1,4,bare,continuous,0.034797758174439274,0.04324077551184455,0.002105423714965582,0.006388417910784483,0.09589943289756775,0.034797758174439274
probe_01017_spk10.wav,/home/hye0n/projects/cnn-based-audio-pii-classification/src/cnn/data_probe/output/probe_01017_spk10.wav,이육공구.,2609,,male,spk10,probe_bare_4,probe,1,0.88,4,1,4,bare,continuous,0.019701655333240826,0.017608675273100668,0.006101042963564396,0.008436367847025394,0.04456755518913269,0.019701655333240826
probe_01018_spk11.wav,/home/hye0n/projects/cnn-based-audio-pii-classification/src/cnn/data_probe/output/probe_01018_spk11.wav,삼일공육.,3106,,female,spk11,probe_bare_4,probe,1,1.04,4,1,4,bare,continuous,0.019943219842389226,0.023224825522910702,0.001997522311285138,0.0050927032716572285,0.05273943394422531,0.019943219842389226
probe_01019_spk12.wav,/home/hye0n/projects/cnn-based-audio-pii-classification/src/cnn/data_probe/output/probe_01019_spk12.wav,육팔사삼.,6843,,male,spk12,probe_bare_4,probe,1,0.88,4,1,4,bare,continuous,0.0035005180592027805,0.003298287488032565,0.0006986887310631573,0.0016718251863494515,0.008131040260195732,0.0035005180592027805
probe_01020_spk13.wav,/home/hye0n/projects/cnn-based-audio-pii-classification/src/cnn/data_probe/output/probe_01020_spk13.wav,삼오육칠.,3567,,male,spk13,probe_bare_4,probe,1,1.28,4,1,4,bare,continuous,0.013245334771151343,0.012559401632252649,0.00192496576346457,0.0070524695329368114,0.03075856901705265,0.013245334771151343
probe_01021_spk14.wav,/home/hye0n/projects/cnn-based-audio-pii-classification/src/cnn/data_probe/output/probe_01021_spk14.wav,공팔육공.,0860,,female,spk14,probe_bare_4,probe,1,1.2,4,1,4,bare,continuous,0.004280156843985121,0.00296516852689358,0.0005311605054885149,0.004527661949396133,0.007781648077070713,0.004280156843985121
probe_01022_spk01.wav,/home/hye0n/projects/cnn-based-audio-pii-classification/src/cnn/data_probe/output/probe_01022_spk01.wav,사일사오.,4145,,female,spk01,probe_bare_4,probe,1,1.84,4,1,4,bare,continuous,0.015636579133570194,0.005684876243076294,0.00855459738522768,0.022473154589533806,0.015881985425949097,0.015636579133570194
probe_01023_spk02.wav,/home/hye0n/projects/cnn-based-audio-pii-classification/src/cnn/data_probe/output/probe_01023_spk02.wav,사오육삼.,4563,,male,spk02,probe_bare_4,probe,1,1.36,4,1,4,bare,continuous,0.005432558711618185,0.003917950458856821,0.0015001976862549782,0.0040182205848395824,0.010779257863759995,0.005432558711618185
probe_01024_spk03.wav,/home/hye0n/projects/cnn-based-audio-pii-classification/src/cnn/data_probe/output/probe_01024_spk03.wav,오공이공.,5020,,female,spk03,probe_bare_4,probe,1,1.04,4,1,4,bare,continuous,0.02714234342177709,0.01958830700171416,0.0028287582099437714,0.0278017520904541,0.050796519964933395,0.02714234342177709
probe_01025_spk04.wav,/home/hye0n/projects/cnn-based-audio-pii-classification/src/cnn/data_probe/output/probe_01025_spk04.wav,공공오삼.,0053,,male,spk04,probe_bare_4,probe,1,1.6,4,1,4,bare,continuous,0.006383258073280255,0.0030974834718815,0.0023637209087610245,0.006885015871375799,0.009901037439703941,0.006383258073280255
probe_01026_spk05.wav,/home/hye0n/projects/cnn-based-audio-pii-classification/src/cnn/data_probe/output/probe_01026_spk05.wav,사칠사구.,4749,,female,spk05,probe_bare_4,probe,1,1.36,4,1,4,bare,continuous,0.008519607906540235,0.005238431895558939,0.002374725416302681,0.008008466102182865,0.015175632201135159,0.008519607906540235
probe_01027_spk06.wav,/home/hye0n/projects/cnn-based-audio-pii-classification/src/cnn/data_probe/output/probe_01027_spk06.wav,일육이사.,1624,,male,spk06,probe_bare_4,probe,1,0.88,4,1,4,bare,continuous,0.04774196119979024,0.0429748917218756,0.028280416503548622,0.007610942702740431,0.10733452439308167,0.04774196119979024
probe_01028_spk07.wav,/home/hye0n/projects/cnn-based-audio-pii-classification/src/cnn/data_probe/output/probe_01028_spk07.wav,칠오오사.,7554,,female,spk07,probe_bare_4,probe,1,0.96,4,1,4,bare,continuous,0.025471644786496956,0.025194778134052558,0.007880176417529583,0.007433250546455383,0.061101507395505905,0.025471644786496956
probe_01029_spk08.wav,/home/hye0n/projects/cnn-based-audio-pii-classification/src/cnn/data_probe/output/probe_01029_spk08.wav,일일공팔.,1108,,male,spk08,probe_bare_4,probe,1,1.04,4,1,4,bare,continuous,0.008437176040994624,0.005821172564800621,0.0016291042556986213,0.007832883857190609,0.015849540010094643,0.008437176040994624
probe_01030_spk09.wav,/home/hye0n/projects/cnn-based-audio-pii-classification/src/cnn/data_probe/output/probe_01030_spk09.wav,이오오오.,2555,,female,spk09,probe_bare_4,probe,1,0.96,4,1,4,bare,continuous,0.10687525942921638,0.09061725066068618,0.053046297281980515,0.033072009682655334,0.2345074713230133,0.10687525942921638
probe_01031_spk10.wav,/home/hye0n/projects/cnn-based-audio-pii-classification/src/cnn/data_probe/output/probe_01031_spk10.wav,구팔구오.,9895,,male,spk10,probe_bare_4,probe,1,0.72,4,1,4,bare,continuous,0.02733755313480894,0.02887176021094654,0.0034394417889416218,0.010615577921271324,0.06795763969421387,0.02733755313480894
probe_01032_spk11.wav,/home/hye0n/projects/cnn-based-audio-pii-classification/src/cnn/data_probe/output/probe_01032_spk11.wav,삼사삼구.,3439,,female,spk11,probe_bare_4,probe,1,1.36,4,1,4,bare,continuous,0.01509910150586317,0.01706701280065714,0.001425036578439176,0.004711461253464222,0.03916080668568611,0.01509910150586317
probe_01033_spk12.wav,/home/hye0n/projects/cnn-based-audio-pii-classification/src/cnn/data_probe/output/probe_01033_spk12.wav,육일일이.,6112,,male,spk12,probe_bare_4,probe,1,0.72,4,1,4,bare,continuous,0.03355251501003901,0.033964340809034946,0.010051751509308815,0.009024111554026604,0.08158168196678162,0.03355251501003901
probe_01034_spk13.wav,/home/hye0n/projects/cnn-based-audio-pii-classification/src/cnn/data_probe/output/probe_01034_spk13.wav,구일공구.,9109,,male,spk13,probe_bare_4,probe,1,1.92,4,1,4,bare,continuous,0.025115155925353367,0.007155017068211892,0.024094020947813988,0.01690738834440708,0.034344058483839035,0.025115155925353367
probe_01035_spk14.wav,/home/hye0n/projects/cnn-based-audio-pii-classification/src/cnn/data_probe/output/probe_01035_spk14.wav,삼삼칠일.,3371,,female,spk14,probe_bare_4,probe,1,1.28,4,1,4,bare,continuous,0.006510980233239631,0.004554819137907679,0.0008057564264163375,0.006773730739951134,0.011953453533351421,0.006510980233239631
probe_01036_spk01.wav,/home/hye0n/projects/cnn-based-audio-pii-classification/src/cnn/data_probe/output/probe_01036_spk01.wav,일팔구오.,1895,,female,spk01,probe_bare_4,probe,1,1.2,4,1,4,bare,continuous,0.01522351064098378,0.012219939983212087,0.0023411244619637728,0.01168855745345354,0.03164085000753403,0.01522351064098378
probe_01037_spk02.wav,/home/hye0n/projects/cnn-based-audio-pii-classification/src/cnn/data_probe/output/probe_01037_spk02.wav,사칠삼팔.,4738,,male,spk02,probe_bare_4,probe,1,1.36,4,1,4,bare,continuous,0.01647874340415001,0.008437327792853985,0.005387855693697929,0.01821276918053627,0.025835605338215828,0.01647874340415001
probe_01038_spk03.wav,/home/hye0n/projects/cnn-based-audio-pii-classification/src/cnn/data_probe/output/probe_01038_spk03.wav,이공이삼.,2023,,female,spk03,probe_bare_4,probe,1,0.96,4,1,4,bare,continuous,0.022776351620753605,0.027085051193509766,0.0010155849158763885,0.0063574351370334625,0.06095603480935097,0.022776351620753605
probe_01039_spk04.wav,/home/hye0n/projects/cnn-based-audio-pii-classification/src/cnn/data_probe/output/probe_01039_spk04.wav,육팔사팔.,6848,,male,spk04,probe_bare_4,probe,1,1.28,4,1,4,bare,continuous,0.0012665100706120331,0.0007722541814241803,0.0003184069646522403,0.0012711043236777186,0.0022100189235061407,0.0012665100706120331
probe_01040_spk05.wav,/home/hye0n/projects/cnn-based-audio-pii-classification/src/cnn/data_probe/output/probe_01040_spk05.wav,오오칠일육일.,557161,,female,spk05,probe_bare_6,probe,1,1.76,6,1,6,bare,continuous,0.0065464944345876575,0.004260928485019785,0.001576352515257895,0.011982249096035957,0.00608088169246912,0.0065464944345876575
probe_01041_spk06.wav,/home/hye0n/projects/cnn-based-audio-pii-classification/src/cnn/data_probe/output/probe_01041_spk06.wav,칠육팔팔공이.,768802,,male,spk06,probe_bare_6,probe,1,1.28,6,1,6,bare,continuous,0.005402742147756119,0.004792872695708617,0.0011324099032208323,0.002979329554364085,0.012096486985683441,0.005402742147756119
probe_01042_spk07.wav,/home/hye0n/projects/cnn-based-audio-pii-classification/src/cnn/data_probe/output/probe_01042_spk07.wav,구사이사공구.,942409,,female,spk07,probe_bare_6,probe,1,1.28,6,1,6,bare,continuous,0.009448542492464185,0.006015086801206047,0.003086926182731986,0.007738616317510605,0.017520084977149963,0.009448542492464185
probe_01043_spk08.wav,/home/hye0n/projects/cnn-based-audio-pii-classification/src/cnn/data_probe/output/probe_01043_spk08.wav,공삼육칠팔팔.,036788,,male,spk08,probe_bare_6,probe,1,1.84,6,1,6,bare,continuous,0.01296209761252006,0.008278593086650292,0.004456769675016403,0.010247179307043552,0.02418234385550022,0.01296209761252006
probe_01044_spk09.wav,/home/hye0n/projects/cnn-based-audio-pii-classification/src/cnn/data_probe/output/probe_01044_spk09.wav,일이칠팔육팔.,127868,,female,spk09,probe_bare_6,probe,1,1.44,6,1,6,bare,continuous,0.010246376041322947,0.004876852838019095,0.006356401834636927,0.007259161211550236,0.017123565077781677,0.010246376041322947
probe_01045_spk10.wav,/home/hye0n/projects/cnn-based-audio-pii-classification/src/cnn/data_probe/output/probe_01045_spk10.wav,육육구사삼이.,669432,,male,spk10,probe_bare_6,probe,1,1.28,6,1,6,bare,continuous,0.010364731463293234,0.009161192599662017,0.0023713335394859314,0.00553134735673666,0.023191513493657112,0.010364731463293234
probe_01046_spk11.wav,/home/hye0n/projects/cnn-based-audio-pii-classification/src/cnn/data_probe/output/probe_01046_spk11.wav,공이구삼구공.,029390,,female,spk11,probe_bare_6,probe,1,1.44,6,1,6,bare,continuous,0.006373689645746102,0.006239600174611221,0.0009176837629638612,0.0030956193804740906,0.015107765793800354,0.006373689645746102
probe_01047_spk12.wav,/home/hye0n/projects/cnn-based-audio-pii-classification/src/cnn/data_probe/output/probe_01047_spk12.wav,팔칠팔팔사사.,878844,,male,spk12,probe_bare_6,probe,1,1.28,6,1,6,bare,continuous,0.002720419734638805,0.0025528532778205503,0.00032237902632914484,0.0015822108834981918,0.006256669294089079,0.002720419734638805
probe_01048_spk13.wav,/home/hye0n/projects/cnn-based-audio-pii-classification/src/cnn/data_probe/output/probe_01048_spk13.wav,삼사사팔일이.,344812,,male,spk13,probe_bare_6,probe,1,1.76,6,1,6,bare,continuous,0.008910181311269602,0.003296199931606519,0.004249725490808487,0.01132709626108408,0.011153722181916237,0.008910181311269602
probe_01049_spk14.wav,/home/hye0n/projects/cnn-based-audio-pii-classification/src/cnn/data_probe/output/probe_01049_spk14.wav,삼공팔삼사공.,308340,,female,spk14,probe_bare_6,probe,1,1.6,6,1,6,bare,continuous,0.008854360474894444,0.005028352781201713,0.0045402804389595985,0.006115684751421213,0.01590711623430252,0.008854360474894444
probe_01050_spk01.wav,/home/hye0n/projects/cnn-based-audio-pii-classification/src/cnn/data_probe/output/probe_01050_spk01.wav,이사이사공삼.,242403,,female,spk01,probe_bare_6,probe,1,1.52,6,1,6,bare,continuous,0.06586373100678126,0.06096478772821766,0.021224459633231163,0.024304108694195747,0.15206262469291687,0.06586373100678126
probe_01051_spk02.wav,/home/hye0n/projects/cnn-based-audio-pii-classification/src/cnn/data_probe/output/probe_01051_spk02.wav,삼팔일공오구.,381059,,male,spk02,probe_bare_6,probe,1,1.44,6,1,6,bare,continuous,0.014842867851257324,0.011297002120028179,0.004071533679962158,0.010010063648223877,0.030447006225585938,0.014842867851257324
probe_01052_spk03.wav,/home/hye0n/projects/cnn-based-audio-pii-classification/src/cnn/data_probe/output/probe_01052_spk03.wav,오오일팔사이.,551842,,female,spk03,probe_bare_6,probe,1,1.44,6,1,6,bare,continuous,0.006099524927170326,0.00554709923609995,0.0007187750306911767,0.0137336952611804,0.0038461044896394014,0.006099524927170326
probe_01053_spk04.wav,/home/hye0n/projects/cnn-based-audio-pii-classification/src/cnn/data_probe/output/probe_01053_spk04.wav,육구사오공공.,694500,,male,spk04,probe_bare_6,probe,1,1.6,6,1,6,bare,continuous,0.007840927030580739,0.005762838415848468,0.001899614348076284,0.00598032446578145,0.015642842277884483,0.007840927030580739
probe_01054_spk05.wav,/home/hye0n/projects/cnn-based-audio-pii-classification/src/cnn/data_probe/output/probe_01054_spk05.wav,오삼사이사공.,534240,,female,spk05,probe_bare_6,probe,1,1.36,6,1,6,bare,continuous,0.006897161637122433,0.004012553753492753,0.0013434605207294226,0.010683063417673111,0.008664960972964764,0.006897161637122433
probe_01055_spk06.wav,/home/hye0n/projects/cnn-based-audio-pii-classification/src/cnn/data_probe/output/probe_01055_spk06.wav,팔구일육사구.,891649,,male,spk06,probe_bare_6,probe,1,1.36,6,1,6,bare,continuous,0.0017177354699621599,0.0007271164865681693,0.0007350336527451873,0.0019468452082946897,0.0024713275488466024,0.0017177354699621599
probe_01056_spk07.wav,/home/hye0n/projects/cnn-based-audio-pii-classification/src/cnn/data_probe/output/probe_01056_spk07.wav,팔삼칠삼오사.,837354,,female,spk07,probe_bare_6,probe,1,1.6,6,1,6,bare,continuous,0.008140123662694046,0.005204928457680154,0.0008654200355522335,0.01080488320440054,0.012750067748129368,0.008140123662694046
probe_01057_spk08.wav,/home/hye0n/projects/cnn-based-audio-pii-classification/src/cnn/data_probe/output/probe_01057_spk08.wav,삼구육이칠삼.,396273,,male,spk08,probe_bare_6,probe,1,1.76,6,1,6,bare,continuous,0.043505437982579075,0.03978197150867641,0.008288214914500713,0.023117756471037865,0.09911034256219864,0.043505437982579075
probe_01058_spk09.wav,/home/hye0n/projects/cnn-based-audio-pii-classification/src/cnn/data_probe/output/probe_01058_spk09.wav,육오이칠일칠.,652717,,female,spk09,probe_bare_6,probe,1,1.92,6,1,6,bare,continuous,0.13431569188833237,0.06306987408742404,0.061894141137599945,0.12543708086013794,0.21561585366725922,0.13431569188833237
probe_01059_spk10.wav,/home/hye0n/projects/cnn-based-audio-pii-classification/src/cnn/data_probe/output/probe_01059_spk10.wav,이칠이이삼구.,272239,,male,spk10,probe_bare_6,probe,1,1.68,6,1,6,bare,continuous,0.005794482926527659,0.001841161608887045,0.003256336785852909,0.006560391280800104,0.007566720712929964,0.005794482926527659
probe_01060_spk11.wav,/home/hye0n/projects/cnn-based-audio-pii-classification/src/cnn/data_probe/output/probe_01060_spk11.wav,칠이사공사이.,724042,,female,spk11,probe_bare_6,probe,1,1.92,6,1,6,bare,continuous,0.015088967590903243,0.011844411992079416,0.003174529178068042,0.01084963046014309,0.031242743134498596,0.015088967590903243
probe_01061_spk12.wav,/home/hye0n/projects/cnn-based-audio-pii-classification/src/cnn/data_probe/output/probe_01061_spk12.wav,이육구삼일이.,269312,,male,spk12,probe_bare_6,probe,1,1.2,6,1,6,bare,continuous,0.01489991539468368,0.013716769119318366,0.0049095600843429565,0.005494772456586361,0.03429541364312172,0.01489991539468368
probe_01062_spk13.wav,/home/hye0n/projects/cnn-based-audio-pii-classification/src/cnn/data_probe/output/probe_01062_spk13.wav,일육삼칠육일.,163761,,male,spk13,probe_bare_6,probe,1,1.52,6,1,6,bare,continuous,0.004401519739379485,0.00219256469937288,0.0014801528304815292,0.004962080158293247,0.00676232622936368,0.004401519739379485
probe_01063_spk14.wav,/home/hye0n/projects/cnn-based-audio-pii-classification/src/cnn/data_probe/output/probe_01063_spk14.wav,팔이공구일육.,820916,,female,spk14,probe_bare_6,probe,1,1.52,6,1,6,bare,continuous,0.02168494206853211,0.016458989600999268,0.0029869431164115667,0.01902827061712742,0.04303961247205734,0.02168494206853211
probe_01064_spk01.wav,/home/hye0n/projects/cnn-based-audio-pii-classification/src/cnn/data_probe/output/probe_01064_spk01.wav,육공일공공이.,601002,,female,spk01,probe_bare_6,probe,1,1.84,6,1,6,bare,continuous,0.20493693153063455,0.015578482670228277,0.209581196308136,0.18396387994289398,0.22126571834087372,0.20493693153063455
probe_01065_spk02.wav,/home/hye0n/projects/cnn-based-audio-pii-classification/src/cnn/data_probe/output/probe_01065_spk02.wav,삼일사이구공.,314290,,male,spk02,probe_bare_6,probe,1,1.6,6,1,6,bare,continuous,0.02051477289448182,0.01744673962237488,0.004623648710548878,0.012114472687244415,0.04480619728565216,0.02051477289448182
probe_01066_spk03.wav,/home/hye0n/projects/cnn-based-audio-pii-classification/src/cnn/data_probe/output/probe_01066_spk03.wav,공일팔오일삼.,018513,,female,spk03,probe_bare_6,probe,1,1.28,6,1,6,bare,continuous,0.006701031680374096,0.005641673211409649,0.0009446474141441286,0.014363651163876057,0.004794796463102102,0.006701031680374096
probe_01067_spk04.wav,/home/hye0n/projects/cnn-based-audio-pii-classification/src/cnn/data_probe/output/probe_01067_spk04.wav,이칠구칠이사.,279724,,male,spk04,probe_bare_6,probe,1,1.44,6,1,6,bare,continuous,0.00203721997483323,0.001171369309969453,0.00045065011363476515,0.002417883835732937,0.0032431259751319885,0.00203721997483323
probe_01068_spk05.wav,/home/hye0n/projects/cnn-based-audio-pii-classification/src/cnn/data_probe/output/probe_01068_spk05.wav,오칠이삼공팔.,572308,,female,spk05,probe_bare_6,probe,1,1.6,6,1,6,bare,continuous,0.009518438639740149,0.0074321451963443325,0.002930881455540657,0.019905047491192818,0.005719386972486973,0.009518438639740149
probe_01069_spk06.wav,/home/hye0n/projects/cnn-based-audio-pii-classification/src/cnn/data_probe/output/probe_01069_spk06.wav,사팔일공공일.,481001,,male,spk06,probe_bare_6,probe,1,1.2,6,1,6,bare,continuous,0.0025284907508951924,0.0016255858884756304,0.0005735939485020936,0.002458285540342331,0.004553592763841152,0.0025284907508951924
probe_01070_spk07.wav,/home/hye0n/projects/cnn-based-audio-pii-classification/src/cnn/data_probe/output/probe_01070_spk07.wav,팔사일팔육이.,841862,,female,spk07,probe_bare_6,probe,1,1.28,6,1,6,bare,continuous,0.005844497703947127,0.0031954650917135896,0.0013471812708303332,0.008476697839796543,0.007709614001214504,0.005844497703947127
probe_01071_spk08.wav,/home/hye0n/projects/cnn-based-audio-pii-classification/src/cnn/data_probe/output/probe_01071_spk08.wav,공삼공삼육육.,030366,,male,spk08,probe_bare_6,probe,1,1.84,6,1,6,bare,continuous,0.023508638764421146,0.009563951645003867,0.009986786171793938,0.030540458858013153,0.029998671263456345,0.023508638764421146
probe_01072_spk09.wav,/home/hye0n/projects/cnn-based-audio-pii-classification/src/cnn/data_probe/output/probe_01072_spk09.wav,이오사삼육일.,254361,,female,spk09,probe_bare_6,probe,1,1.36,6,1,6,bare,continuous,0.007864374900236726,0.003018830836212634,0.0036743225064128637,0.009250454604625702,0.010668347589671612,0.007864374900236726
probe_01073_spk10.wav,/home/hye0n/projects/cnn-based-audio-pii-classification/src/cnn/data_probe/output/probe_01073_spk10.wav,칠이일삼일사.,721314,,male,spk10,probe_bare_6,probe,1,1.2,6,1,6,bare,continuous,0.005017023902231206,0.004278020636604503,0.0009582740603946149,0.0031608997378498316,0.010931897908449173,0.005017023902231206
probe_01074_spk11.wav,/home/hye0n/projects/cnn-based-audio-pii-classification/src/cnn/data_probe/output/probe_01074_spk11.wav,오일구오일오.,519515,,female,spk11,probe_bare_6,probe,1,1.68,6,1,6,bare,continuous,0.009943813318386674,0.004406341132850118,0.0037835377734154463,0.012210306711494923,0.013837595470249653,0.009943813318386674
probe_01075_spk12.wav,/home/hye0n/projects/cnn-based-audio-pii-classification/src/cnn/data_probe/output/probe_01075_spk12.wav,일공구이이육.,109226,,male,spk12,probe_bare_6,probe,1,1.12,6,1,6,bare,continuous,0.008424079666535059,0.005499831640662785,0.002682823222130537,0.0067504034377634525,0.01583901233971119,0.008424079666535059
probe_01076_spk13.wav,/home/hye0n/projects/cnn-based-audio-pii-classification/src/cnn/data_probe/output/probe_01076_spk13.wav,팔오구이육이.,859262,,male,spk13,probe_bare_6,probe,1,2.0,6,1,6,bare,continuous,0.0013751977045709889,0.0002915284702839488,0.0011857609497383237,0.0017870415467768908,0.001152790617197752,0.0013751977045709889
probe_01077_spk14.wav,/home/hye0n/projects/cnn-based-audio-pii-classification/src/cnn/data_probe/output/probe_01077_spk14.wav,사구사오일사.,494514,,female,spk14,probe_bare_6,probe,1,1.84,6,1,6,bare,continuous,0.007030531608810027,0.0029874749314411737,0.0029540942050516605,0.008107239380478859,0.010030261240899563,0.007030531608810027
probe_01078_spk01.wav,/home/hye0n/projects/cnn-based-audio-pii-classification/src/cnn/data_probe/output/probe_01078_spk01.wav,칠오사일공이.,754102,,female,spk01,probe_bare_6,probe,1,1.68,6,1,6,bare,continuous,0.017673843074589968,0.009710999495448928,0.005360038485378027,0.018564539030194283,0.029096951708197594,0.017673843074589968
probe_01079_spk02.wav,/home/hye0n/projects/cnn-based-audio-pii-classification/src/cnn/data_probe/output/probe_01079_spk02.wav,이오이육칠칠.,252677,,male,spk02,probe_bare_6,probe,1,1.68,6,1,6,bare,continuous,0.013021903733412424,0.007194503104202296,0.004949025809764862,0.011695247143507004,0.02242143824696541,0.013021903733412424
probe_01080_spk03.wav,/home/hye0n/projects/cnn-based-audio-pii-classification/src/cnn/data_probe/output/probe_01080_spk03.wav,일일구육사이일오.,11964215,,female,spk03,probe_bare_8,probe,1,1.84,8,1,8,bare,continuous,0.010645882692188025,0.00908619989974455,0.001726632472127676,0.02311636134982109,0.007094654254615307,0.010645882692188025
probe_01081_spk04.wav,/home/hye0n/projects/cnn-based-audio-pii-classification/src/cnn/data_probe/output/probe_01081_spk04.wav,이이육오오칠육칠.,22655767,,male,spk04,probe_bare_8,probe,1,1.92,8,1,8,bare,continuous,0.06246989654997984,0.034430892805648504,0.016412166878581047,0.09918246418237686,0.07181505858898163,0.06246989654997984
probe_01082_spk05.wav,/home/hye0n/projects/cnn-based-audio-pii-classification/src/cnn/data_probe/output/probe_01082_spk05.wav,육구오이삼육육팔.,69523668,,female,spk05,probe_bare_8,probe,1,1.92,8,1,8,bare,continuous,0.027345562043289345,0.021032494027356626,0.005346246995031834,0.055682212114334106,0.02100822702050209,0.027345562043289345
probe_01083_spk06.wav,/home/hye0n/projects/cnn-based-audio-pii-classification/src/cnn/data_probe/output/probe_01083_spk06.wav,칠팔팔칠팔팔삼육.,78878836,,male,spk06,probe_bare_8,probe,1,1.6,8,1,8,bare,continuous,0.002271396069166561,0.0008572454206714062,0.001206356449984014,0.00230234581977129,0.003305485937744379,0.002271396069166561
probe_01084_spk07.wav,/home/hye0n/projects/cnn-based-audio-pii-classification/src/cnn/data_probe/output/probe_01084_spk07.wav,일구육팔구삼일삼.,19689313,,female,spk07,probe_bare_8,probe,1,2.32,8,1,8,bare,continuous,0.17320346211393675,0.09327265585767947,0.04324933513998985,0.21859414875507355,0.2577669024467468,0.17320346211393675
probe_01085_spk08.wav,/home/hye0n/projects/cnn-based-audio-pii-classification/src/cnn/data_probe/output/probe_01085_spk08.wav,오공삼공오팔칠이.,50305872,,male,spk08,probe_bare_8,probe,1,3.04,8,1,8,bare,continuous,0.05787971243262291,0.013317563208999492,0.07196595519781113,0.040009792894124985,0.06166338920593262,0.05787971243262291
probe_01086_spk09.wav,/home/hye0n/projects/cnn-based-audio-pii-classification/src/cnn/data_probe/output/probe_01086_spk09.wav,일공오오이사칠이.,10552472,,female,spk09,probe_bare_8,probe,1,1.84,8,1,8,bare,continuous,0.05178530979901552,0.035725494535382395,0.01284374576061964,0.04337899759411812,0.09913318604230881,0.05178530979901552
probe_01087_spk10.wav,/home/hye0n/projects/cnn-based-audio-pii-classification/src/cnn/data_probe/output/probe_01087_spk10.wav,팔육삼삼삼공이일.,86333021,,male,spk10,probe_bare_8,probe,1,2.64,8,1,8,bare,continuous,0.014606933730343977,0.0014720492040310414,0.016584115102887154,0.013054021634161472,0.014182664453983307,0.014606933730343977
probe_01088_spk11.wav,/home/hye0n/projects/cnn-based-audio-pii-classification/src/cnn/data_probe/output/probe_01088_spk11.wav,이육공육오공일구.,26065019,,female,spk11,probe_bare_8,probe,1,2.32,8,1,8,bare,continuous,0.004770369191343586,0.004320416863681962,0.0017999267438426614,0.010879588313400745,0.0016315925167873502,0.004770369191343586
probe_01089_spk12.wav,/home/hye0n/projects/cnn-based-audio-pii-classification/src/cnn/data_probe/output/probe_01089_spk12.wav,일칠구이공이오이.,17920252,,male,spk12,probe_bare_8,probe,1,1.52,8,1,8,bare,continuous,0.007167053408920765,0.0030040855637082863,0.002937748096883297,0.008933098055422306,0.009630314074456692,0.007167053408920765
probe_01090_spk13.wav,/home/hye0n/projects/cnn-based-audio-pii-classification/src/cnn/data_probe/output/probe_01090_spk13.wav,일삼일공구육이이.,13109622,,male,spk13,probe_bare_8,probe,1,2.24,8,1,8,bare,continuous,0.005194598343223333,0.0009850466753299782,0.004282630980014801,0.00473859952762723,0.006562564522027969,0.005194598343223333
probe_01091_spk14.wav,/home/hye0n/projects/cnn-based-audio-pii-classification/src/cnn/data_probe/output/probe_01091_spk14.wav,칠이팔사칠육오칠.,72847657,,female,spk14,probe_bare_8,probe,1,2.08,8,1,8,bare,continuous,0.007056497347851594,0.004359464992168736,0.0023207245394587517,0.012842971831560135,0.006005795672535896,0.007056497347851594
probe_01092_spk01.wav,/home/hye0n/projects/cnn-based-audio-pii-classification/src/cnn/data_probe/output/probe_01092_spk01.wav,공사일이공공구이.,04120092,,female,spk01,probe_bare_8,probe,1,1.84,8,1,8,bare,continuous,0.058754795541365944,0.027588799804499034,0.020455796271562576,0.07145427167415619,0.08435431867837906,0.058754795541365944
probe_01093_spk02.wav,/home/hye0n/projects/cnn-based-audio-pii-classification/src/cnn/data_probe/output/probe_01093_spk02.wav,팔이공육육칠팔사.,82066784,,male,spk02,probe_bare_8,probe,1,1.68,8,1,8,bare,continuous,0.0316664621544381,0.022363885007078012,0.003733376506716013,0.032786913216114044,0.05847909674048424,0.0316664621544381
probe_01094_spk03.wav,/home/hye0n/projects/cnn-based-audio-pii-classification/src/cnn/data_probe/output/probe_01094_spk03.wav,구팔사삼육이사일.,98436241,,female,spk03,probe_bare_8,probe,1,1.68,8,1,8,bare,continuous,0.015210579537476102,0.00962640324745336,0.0023661779705435038,0.017725419253110886,0.025540141388773918,0.015210579537476102
probe_01095_spk04.wav,/home/hye0n/projects/cnn-based-audio-pii-classification/src/cnn/data_probe/output/probe_01095_spk04.wav,팔육이삼육구공삼.,86236903,,male,spk04,probe_bare_8,probe,1,1.76,8,1,8,bare,continuous,0.016978721134364605,0.010284620647959146,0.0026645204052329063,0.02636917680501938,0.02190246619284153,0.016978721134364605
probe_01096_spk05.wav,/home/hye0n/projects/cnn-based-audio-pii-classification/src/cnn/data_probe/output/probe_01096_spk05.wav,육이팔구일칠칠오.,62891775,,female,spk05,probe_bare_8,probe,1,1.68,8,1,8,bare,continuous,0.026939269465704758,0.01524548066695249,0.005986594595015049,0.04181743413209915,0.033013779670000076,0.026939269465704758
probe_01097_spk06.wav,/home/hye0n/projects/cnn-based-audio-pii-classification/src/cnn/data_probe/output/probe_01097_spk06.wav,육육이공오육삼사.,66205634,,male,spk06,probe_bare_8,probe,1,1.92,8,1,8,bare,continuous,0.004787172190845013,0.0012482877088488247,0.003746721427887678,0.004072314593940973,0.0065424805507063866,0.004787172190845013
probe_01098_spk07.wav,/home/hye0n/projects/cnn-based-audio-pii-classification/src/cnn/data_probe/output/probe_01098_spk07.wav,일일일오구오공삼.,11159503,,female,spk07,probe_bare_8,probe,1,1.44,8,1,8,bare,continuous,0.03561838809400797,0.02073345729048453,0.006350862793624401,0.04871158301830292,0.05179271847009659,0.03561838809400797
probe_01099_spk08.wav,/home/hye0n/projects/cnn-based-audio-pii-classification/src/cnn/data_probe/output/probe_01099_spk08.wav,사이팔일일삼구공.,42811390,,male,spk08,probe_bare_8,probe,1,1.84,8,1,8,bare,continuous,0.09602320939302444,0.05300809611612461,0.03737970441579819,0.08490374684333801,0.16578617691993713,0.09602320939302444
probe_01100_spk09.wav,/home/hye0n/projects/cnn-based-audio-pii-classification/src/cnn/data_probe/output/probe_01100_spk09.wav,사삼팔삼공삼사일.,43830341,,female,spk09,probe_bare_8,probe,1,2.08,8,1,8,bare,continuous,0.02625271522750457,0.011085823303951615,0.01082331221550703,0.03637435659766197,0.03156047686934471,0.02625271522750457
probe_01101_spk10.wav,/home/hye0n/projects/cnn-based-audio-pii-classification/src/cnn/data_probe/output/probe_01101_spk10.wav,구구공구칠공공오.,99097005,,male,spk10,probe_bare_8,probe,1,2.08,8,1,8,bare,continuous,0.02539896530409654,0.00522223196016206,0.02425430901348591,0.019652679562568665,0.032289907336235046,0.02539896530409654
probe_01102_spk11.wav,/home/hye0n/projects/cnn-based-audio-pii-classification/src/cnn/data_probe/output/probe_01102_spk11.wav,일사공오사육팔삼.,14054683,,female,spk11,probe_bare_8,probe,1,2.48,8,1,8,bare,continuous,0.060938846319913864,0.03335381871271625,0.013771388679742813,0.08489545434713364,0.08414969593286514,0.060938846319913864
probe_01103_spk12.wav,/home/hye0n/projects/cnn-based-audio-pii-classification/src/cnn/data_probe/output/probe_01103_spk12.wav,오육오이일오육팔.,56521568,,male,spk12,probe_bare_8,probe,1,1.44,8,1,8,bare,continuous,0.005947563797235489,0.002688240719041033,0.002437895629554987,0.00896795280277729,0.006436842959374189,0.005947563797235489
probe_01104_spk13.wav,/home/hye0n/projects/cnn-based-audio-pii-classification/src/cnn/data_probe/output/probe_01104_spk13.wav,일팔이공구육칠구.,18209679,,male,spk13,probe_bare_8,probe,1,2.16,8,1,8,bare,continuous,0.012019481509923935,0.00897033006718643,0.004300413187593222,0.007160516921430826,0.024597514420747757,0.012019481509923935
probe_01105_spk14.wav,/home/hye0n/projects/cnn-based-audio-pii-classification/src/cnn/data_probe/output/probe_01105_spk14.wav,공사이이칠일일삼.,04227113,,female,spk14,probe_bare_8,probe,1,1.6,8,1,8,bare,continuous,0.05177029905219873,0.03659585730144028,0.012497330084443092,0.042215850204229355,0.10059771686792374,0.05177029905219873
probe_01106_spk01.wav,/home/hye0n/projects/cnn-based-audio-pii-classification/src/cnn/data_probe/output/probe_01106_spk01.wav,삼이이팔팔구팔오.,32288985,,female,spk01,probe_bare_8,probe,1,2.24,8,1,8,bare,continuous,0.21207341800133386,0.11997100350201857,0.07668802887201309,0.19120731949806213,0.3683249056339264,0.21207341800133386
probe_01107_spk02.wav,/home/hye0n/projects/cnn-based-audio-pii-classification/src/cnn/data_probe/output/probe_01107_spk02.wav,칠이오사오구육공.,72545960,,male,spk02,probe_bare_8,probe,1,1.84,8,1,8,bare,continuous,0.028110574310024578,0.013291936577958482,0.014995381236076355,0.023005960509181023,0.04633038118481636,0.028110574310024578
probe_01108_spk03.wav,/home/hye0n/projects/cnn-based-audio-pii-classification/src/cnn/data_probe/output/probe_01108_spk03.wav,육삼삼구구일이구.,63399129,,female,spk03,probe_bare_8,probe,1,1.92,8,1,8,bare,continuous,0.008721315146734318,0.005205056623293332,0.0033649695105850697,0.015772255137562752,0.00702672079205513,0.008721315146734318
probe_01109_spk04.wav,/home/hye0n/projects/cnn-based-audio-pii-classification/src/cnn/data_probe/output/probe_01109_spk04.wav,칠일공이사팔일칠.,71024817,,male,spk04,probe_bare_8,probe,1,1.76,8,1,8,bare,continuous,0.03499045215236644,0.02291771938385606,0.0029895228799432516,0.04654252529144287,0.055439308285713196,0.03499045215236644
probe_01110_spk05.wav,/home/hye0n/projects/cnn-based-audio-pii-classification/src/cnn/data_probe/output/probe_01110_spk05.wav,일칠오이사이일사.,17524214,,female,spk05,probe_bare_8,probe,1,2.0,8,1,8,bare,continuous,0.021266142061601084,0.020774267442314295,0.006165438797324896,0.05064152181148529,0.006991465575993061,0.021266142061601084
probe_01111_spk06.wav,/home/hye0n/projects/cnn-based-audio-pii-classification/src/cnn/data_probe/output/probe_01111_spk06.wav,구오오일일이칠사.,95511274,,male,spk06,probe_bare_8,probe,1,1.68,8,1,8,bare,continuous,0.010356019095828136,0.004262565467018852,0.0045949253253638744,0.014773298054933548,0.011699833907186985,0.010356019095828136
probe_01112_spk07.wav,/home/hye0n/projects/cnn-based-audio-pii-classification/src/cnn/data_probe/output/probe_01112_spk07.wav,칠사칠이일구칠공.,74721970,,female,spk07,probe_bare_8,probe,1,1.92,8,1,8,bare,continuous,0.1510354702671369,0.0857499635101159,0.03236154466867447,0.23198166489601135,0.18876320123672485,0.1510354702671369
probe_01113_spk08.wav,/home/hye0n/projects/cnn-based-audio-pii-classification/src/cnn/data_probe/output/probe_01113_spk08.wav,오사육육구이칠오.,54669275,,male,spk08,probe_bare_8,probe,1,1.6,8,1,8,bare,continuous,0.005510952711726229,0.0032572290259832576,0.0023816602770239115,0.004148149862885475,0.010003047995269299,0.005510952711726229
probe_01114_spk09.wav,/home/hye0n/projects/cnn-based-audio-pii-classification/src/cnn/data_probe/output/probe_01114_spk09.wav,팔구오오일육팔칠.,89551687,,female,spk09,probe_bare_8,probe,1,1.84,8,1,8,bare,continuous,0.0682882418235143,0.033068287240192604,0.021645769476890564,0.08867225795984268,0.09454669803380966,0.0682882418235143
probe_01115_spk10.wav,/home/hye0n/projects/cnn-based-audio-pii-classification/src/cnn/data_probe/output/probe_01115_spk10.wav,사공구공삼팔공이.,40903802,,male,spk10,probe_bare_8,probe,1,1.68,8,1,8,bare,continuous,0.035989836479226746,0.013274943162526798,0.026076091453433037,0.027140028774738312,0.054753389209508896,0.035989836479226746
probe_01116_spk11.wav,/home/hye0n/projects/cnn-based-audio-pii-classification/src/cnn/data_probe/output/probe_01116_spk11.wav,일사육이구육일삼.,14629613,,female,spk11,probe_bare_8,probe,1,2.08,8,1,8,bare,continuous,0.009651504689827561,0.0065101442045152206,0.0037230525631457567,0.018715981394052505,0.006515480112284422,0.009651504689827561
probe_01117_spk12.wav,/home/hye0n/projects/cnn-based-audio-pii-classification/src/cnn/data_probe/output/probe_01117_spk12.wav,육칠일오칠칠팔칠.,67157787,,male,spk12,probe_bare_8,probe,1,1.84,8,1,8,bare,continuous,0.01442433443541328,0.007882017707550782,0.003315917681902647,0.020779550075531006,0.01917753554880619,0.01442433443541328
probe_01118_spk13.wav,/home/hye0n/projects/cnn-based-audio-pii-classification/src/cnn/data_probe/output/probe_01118_spk13.wav,일일이일육육삼육.,11216636,,male,spk13,probe_bare_8,probe,1,1.52,8,1,8,bare,continuous,0.0063563914348681765,0.0031097024083400686,0.0032416144385933876,0.005225100554525852,0.01060245931148529,0.0063563914348681765
probe_01119_spk14.wav,/home/hye0n/projects/cnn-based-audio-pii-classification/src/cnn/data_probe/output/probe_01119_spk14.wav,오일오오구칠삼칠.,51559737,,female,spk14,probe_bare_8,probe,1,2.16,8,1,8,bare,continuous,0.016976987943053246,0.0025193543781589526,0.013423334807157516,0.018531594425439835,0.018976034596562386,0.016976987943053246
probe_01120_spk01.wav,/home/hye0n/projects/cnn-based-audio-pii-classification/src/cnn/data_probe/output/probe_01120_spk01.wav,일사칠공팔이칠이삼오.,1470827235,,female,spk01,probe_bare_10,probe,1,2.32,10,1,10,bare,continuous,0.26759739220142365,0.09980399714193175,0.12835370004177094,0.35721054673194885,0.31722792983055115,0.26759739220142365
probe_01121_spk02.wav,/home/hye0n/projects/cnn-based-audio-pii-classification/src/cnn/data_probe/output/probe_01121_spk02.wav,구공구육공오육칠삼공.,9096056730,,male,spk02,probe_bare_10,probe,1,2.4,10,1,10,bare,continuous,0.060711914052565895,0.012863376367011445,0.06211565062403679,0.07571742683649063,0.04430266469717026,0.060711914052565895
probe_01122_spk03.wav,/home/hye0n/projects/cnn-based-audio-pii-classification/src/cnn/data_probe/output/probe_01122_spk03.wav,삼공육사사이일이일사.,3064421214,,female,spk03,probe_bare_10,probe,1,3.6,10,1,10,bare,continuous,0.018935660521189373,0.005976985217912823,0.01691952906548977,0.027052730321884155,0.012834722176194191,0.018935660521189373
probe_01123_spk04.wav,/home/hye0n/projects/cnn-based-audio-pii-classification/src/cnn/data_probe/output/probe_01123_spk04.wav,육일사칠육팔삼사이공.,6147683420,,male,spk04,probe_bare_10,probe,1,2.24,10,1,10,bare,continuous,0.17941574131449065,0.09991214671636495,0.04054742678999901,0.2714408040046692,0.2262589931488037,0.17941574131449065
probe_01124_spk05.wav,/home/hye0n/projects/cnn-based-audio-pii-classification/src/cnn/data_probe/output/probe_01124_spk05.wav,일육오사이삼오육칠칠.,1654235677,,female,spk05,probe_bare_10,probe,1,2.08,10,1,10,bare,continuous,0.08120512217283249,0.03790147190685367,0.050662703812122345,0.13462279736995697,0.05832986533641815,0.08120512217283249
probe_01125_spk06.wav,/home/hye0n/projects/cnn-based-audio-pii-classification/src/cnn/data_probe/output/probe_01125_spk06.wav,팔이육오구육공팔구삼.,8265960893,,male,spk06,probe_bare_10,probe,1,2.4,10,1,10,bare,continuous,0.004489394448076685,0.0013893810954350887,0.00256438204087317,0.005110850557684898,0.0057929507456719875,0.004489394448076685
probe_01126_spk07.wav,/home/hye0n/projects/cnn-based-audio-pii-classification/src/cnn/data_probe/output/probe_01126_spk07.wav,일구구이오오공이칠이.,1992550272,,female,spk07,probe_bare_10,probe,1,1.68,10,1,10,bare,continuous,0.05547343318661054,0.025021294121813323,0.023956425487995148,0.05729972943663597,0.0851641446352005,0.05547343318661054
probe_01127_spk08.wav,/home/hye0n/projects/cnn-based-audio-pii-classification/src/cnn/data_probe/output/probe_01127_spk08.wav,칠오일육사팔공칠이칠.,7516480727,,male,spk08,probe_bare_10,probe,1,2.56,10,1,10,bare,continuous,0.1306587333480517,0.07883306186141674,0.0743478536605835,0.24214358627796173,0.0754847601056099,0.1306587333480517
probe_01128_spk09.wav,/home/hye0n/projects/cnn-based-audio-pii-classification/src/cnn/data_probe/output/probe_01128_spk09.wav,구일공삼삼육팔이구육.,9103368296,,female,spk09,probe_bare_10,probe,1,2.32,10,1,10,bare,continuous,0.41606918970743817,0.2179886289296526,0.14155623316764832,0.6748186349868774,0.4318327009677887,0.41606918970743817
probe_01129_spk10.wav,/home/hye0n/projects/cnn-based-audio-pii-classification/src/cnn/data_probe/output/probe_01129_spk10.wav,삼오삼삼구공오오공사.,3533905504,,male,spk10,probe_bare_10,probe,1,2.56,10,1,10,bare,continuous,0.028416684518257778,0.013469311244237933,0.0173404049128294,0.02053392492234707,0.04737572371959686,0.028416684518257778
probe_01130_spk11.wav,/home/hye0n/projects/cnn-based-audio-pii-classification/src/cnn/data_probe/output/probe_01130_spk11.wav,사팔일칠칠육육오오팔.,4817766558,,female,spk11,probe_bare_10,probe,1,2.88,10,1,10,bare,continuous,0.10793077200651169,0.039241570669062996,0.06075163930654526,0.1568274199962616,0.10621325671672821,0.10793077200651169
probe_01131_spk12.wav,/home/hye0n/projects/cnn-based-audio-pii-classification/src/cnn/data_probe/output/probe_01131_spk12.wav,육팔오일이칠육오이팔.,6851276528,,male,spk12,probe_bare_10,probe,1,2.08,10,1,10,bare,continuous,0.00252251032118996,0.00042344752977341364,0.002698407042771578,0.0029303007759153843,0.0019388231448829174,0.00252251032118996
probe_01132_spk13.wav,/home/hye0n/projects/cnn-based-audio-pii-classification/src/cnn/data_probe/output/probe_01132_spk13.wav,구이팔육육사육사구일.,9286646491,,male,spk13,probe_bare_10,probe,1,2.32,10,1,10,bare,continuous,0.019388187987109024,0.0058082310527819755,0.016090739518404007,0.027552159503102303,0.014521664939820766,0.019388187987109024
probe_01133_spk14.wav,/home/hye0n/projects/cnn-based-audio-pii-classification/src/cnn/data_probe/output/probe_01133_spk14.wav,일일일공구육일칠구팔.,1110961798,,female,spk14,probe_bare_10,probe,1,3.12,10,1,10,bare,continuous,0.04495543738206228,0.016445560523309904,0.022181589156389236,0.06042874976992607,0.05225597321987152,0.04495543738206228
probe_01134_spk01.wav,/home/hye0n/projects/cnn-based-audio-pii-classification/src/cnn/data_probe/output/probe_01134_spk01.wav,일칠팔구공사육삼삼칠.,1789046337,,female,spk01,probe_bare_10,probe,1,2.96,10,1,10,bare,continuous,0.42647867898146313,0.20898582677542968,0.15325798094272614,0.6606874465942383,0.4654906094074249,0.42647867898146313
probe_01135_spk02.wav,/home/hye0n/projects/cnn-based-audio-pii-classification/src/cnn/data_probe/output/probe_01135_spk02.wav,팔육일삼칠일오칠육육.,8613715766,,male,spk02,probe_bare_10,probe,1,2.72,10,1,10,bare,continuous,0.022799137979745865,0.008668583111693376,0.013439694419503212,0.03433576226234436,0.020621957257390022,0.022799137979745865
probe_01136_spk03.wav,/home/hye0n/projects/cnn-based-audio-pii-classification/src/cnn/data_probe/output/probe_01136_spk03.wav,공오삼팔사사사사육삼.,0538444463,,female,spk03,probe_bare_10,probe,1,2.56,10,1,10,bare,continuous,0.0426310021430254,0.016246394709894283,0.024097995832562447,0.06365819275379181,0.04013681784272194,0.0426310021430254
probe_01137_spk04.wav,/home/hye0n/projects/cnn-based-audio-pii-classification/src/cnn/data_probe/output/probe_01137_spk04.wav,공육공공공이오팔구오.,0600025895,,male,spk04,probe_bare_10,probe,1,2.8,10,1,10,bare,continuous,0.13764867062369981,0.09930903734501546,0.03627410903573036,0.2725133001804352,0.10415860265493393,0.13764867062369981
probe_01138_spk05.wav,/home/hye0n/projects/cnn-based-audio-pii-classification/src/cnn/data_probe/output/probe_01138_spk05.wav,오이구육삼팔육삼구육.,5296386396,,female,spk05,probe_bare_10,probe,1,2.0,10,1,10,bare,continuous,0.0824446255962054,0.04392572865967402,0.037917956709861755,0.1422211080789566,0.06719481199979782,0.0824446255962054
probe_01139_spk06.wav,/home/hye0n/projects/cnn-based-audio-pii-classification/src/cnn/data_probe/output/probe_01139_spk06.wav,공구육이육이육오팔이.,0962626582,,male,spk06,probe_bare_10,probe,1,1.92,10,1,10,bare,continuous,0.00515881374788781,0.002805341833925817,0.002405518898740411,0.00900921132415533,0.004061711020767689,0.00515881374788781
probe_01140_spk07.wav,/home/hye0n/projects/cnn-based-audio-pii-classification/src/cnn/data_probe/output/probe_01140_spk07.wav,육삼일이팔일구육사팔.,6312819648,,female,spk07,probe_bare_10,probe,1,2.16,10,1,10,bare,continuous,0.06868998954693477,0.018070518261585376,0.04374013841152191,0.08595491945743561,0.07637491077184677,0.06868998954693477
probe_01141_spk08.wav,/home/hye0n/projects/cnn-based-audio-pii-classification/src/cnn/data_probe/output/probe_01141_spk08.wav,이오삼일일공육공구이.,2531106092,,male,spk08,probe_bare_10,probe,1,2.16,10,1,10,bare,continuous,0.06822700922687848,0.02019704234760555,0.05970229580998421,0.04888051748275757,0.09609821438789368,0.06822700922687848
probe_01142_spk09.wav,/home/hye0n/projects/cnn-based-audio-pii-classification/src/cnn/data_probe/output/probe_01142_spk09.wav,공구팔일구육공이칠오.,0981960275,,female,spk09,probe_bare_10,probe,1,1.92,10,1,10,bare,continuous,0.036045762710273266,0.022848973766200015,0.007059638388454914,0.06290680170059204,0.03817084804177284,0.036045762710273266
probe_01143_spk10.wav,/home/hye0n/projects/cnn-based-audio-pii-classification/src/cnn/data_probe/output/probe_01143_spk10.wav,이삼삼사삼팔삼육사공.,2334383640,,male,spk10,probe_bare_10,probe,1,2.08,10,1,10,bare,continuous,0.032266213248173393,0.002777870301395729,0.031300436705350876,0.02945132926106453,0.03604687377810478,0.032266213248173393
probe_01144_spk11.wav,/home/hye0n/projects/cnn-based-audio-pii-classification/src/cnn/data_probe/output/probe_01144_spk11.wav,사일이공구일일칠구일.,4120911791,,female,spk11,probe_bare_10,probe,1,2.8,10,1,10,bare,continuous,0.08478143811225891,0.028701491453955043,0.04742440581321716,0.11720777302980423,0.08971213549375534,0.08478143811225891
probe_01145_spk12.wav,/home/hye0n/projects/cnn-based-audio-pii-classification/src/cnn/data_probe/output/probe_01145_spk12.wav,일이사사이일일칠오삼.,1244211753,,male,spk12,probe_bare_10,probe,1,1.76,10,1,10,bare,continuous,0.017571105000873406,0.007603852568686596,0.007279849611222744,0.02001573145389557,0.025417733937501907,0.017571105000873406
probe_01146_spk13.wav,/home/hye0n/projects/cnn-based-audio-pii-classification/src/cnn/data_probe/output/probe_01146_spk13.wav,육일칠공육일칠일삼육.,6170617136,,male,spk13,probe_bare_10,probe,1,2.0,10,1,10,bare,continuous,0.0046338615550970035,0.0023827194690294907,0.001276770024560392,0.006564360577613115,0.006060454063117504,0.0046338615550970035
probe_01147_spk14.wav,/home/hye0n/projects/cnn-based-audio-pii-classification/src/cnn/data_probe/output/probe_01147_spk14.wav,육오칠이이사공이구구.,6572240299,,female,spk14,probe_bare_10,probe,1,2.32,10,1,10,bare,continuous,0.03472309714804093,0.016983403405757852,0.011958968825638294,0.03947192430496216,0.05273839831352234,0.03472309714804093
probe_01148_spk01.wav,/home/hye0n/projects/cnn-based-audio-pii-classification/src/cnn/data_probe/output/probe_01148_spk01.wav,공일오오칠구구팔공이.,0155799802,,female,spk01,probe_bare_10,probe,1,2.8,10,1,10,bare,continuous,0.40411509076754254,0.16170106402409146,0.2512076795101166,0.3333093523979187,0.6278282403945923,0.40411509076754254
probe_01149_spk02.wav,/home/hye0n/projects/cnn-based-audio-pii-classification/src/cnn/data_probe/output/probe_01149_spk02.wav,팔사일삼구공팔공팔팔.,8413908088,,male,spk02,probe_bare_10,probe,1,2.64,10,1,10,bare,continuous,0.007480409151564042,0.0021367428894452467,0.007992390543222427,0.009803548455238342,0.004645288456231356,0.007480409151564042
probe_01150_spk03.wav,/home/hye0n/projects/cnn-based-audio-pii-classification/src/cnn/data_probe/output/probe_01150_spk03.wav,이삼오일삼공오이삼일.,2351305231,,female,spk03,probe_bare_10,probe,1,2.32,10,1,10,bare,continuous,0.10357448707024257,0.049323705815315956,0.05906076729297638,0.17234089970588684,0.07932179421186447,0.10357448707024257
probe_01151_spk04.wav,/home/hye0n/projects/cnn-based-audio-pii-classification/src/cnn/data_probe/output/probe_01151_spk04.wav,이사사칠삼일오팔사칠.,2447315847,,male,spk04,probe_bare_10,probe,1,2.48,10,1,10,bare,continuous,0.013888261125733456,0.00826000543568362,0.0024428372271358967,0.017587797716259956,0.021634148433804512,0.013888261125733456
probe_01152_spk05.wav,/home/hye0n/projects/cnn-based-audio-pii-classification/src/cnn/data_probe/output/probe_01152_spk05.wav,칠육팔육삼사이삼사육.,7686342346,,female,spk05,probe_bare_10,probe,1,2.0,10,1,10,bare,continuous,0.09239882851640384,0.0381037152970882,0.04719961807131767,0.14040735363960266,0.08958951383829117,0.09239882851640384
probe_01153_spk06.wav,/home/hye0n/projects/cnn-based-audio-pii-classification/src/cnn/data_probe/output/probe_01153_spk06.wav,일구구사이삼칠육칠육.,1994237676,,male,spk06,probe_bare_10,probe,1,2.0,10,1,10,bare,continuous,0.009186751558445394,0.00568450421926893,0.001633474719710648,0.010579823516309261,0.015346956439316273,0.009186751558445394
probe_01154_spk07.wav,/home/hye0n/projects/cnn-based-audio-pii-classification/src/cnn/data_probe/output/probe_01154_spk07.wav,구사오구일구육육삼구.,9459196639,,female,spk07,probe_bare_10,probe,1,2.32,10,1,10,bare,continuous,0.20264027019341788,0.0813129780821382,0.1289938986301422,0.31594783067703247,0.16297908127307892,0.20264027019341788
probe_01155_spk08.wav,/home/hye0n/projects/cnn-based-audio-pii-classification/src/cnn/data_probe/output/probe_01155_spk08.wav,오오일칠이공팔사구육.,5517208496,,male,spk08,probe_bare_10,probe,1,2.32,10,1,10,bare,continuous,0.0462951393177112,0.019447372849393917,0.020191418007016182,0.0668468177318573,0.0518471822142601,0.0462951393177112
probe_01156_spk09.wav,/home/hye0n/projects/cnn-based-audio-pii-classification/src/cnn/data_probe/output/probe_01156_spk09.wav,사구팔오육공일이오육.,4985601256,,female,spk09,probe_bare_10,probe,1,1.68,10,1,10,bare,continuous,0.018661613576114178,0.009865939772703896,0.007305174134671688,0.031359706073999405,0.01731996051967144,0.018661613576114178
probe_01157_spk10.wav,/home/hye0n/projects/cnn-based-audio-pii-classification/src/cnn/data_probe/output/probe_01157_spk10.wav,이오삼일삼오오이오일.,2531355251,,male,spk10,probe_bare_10,probe,1,2.48,10,1,10,bare,continuous,0.01686691679060459,0.0036393260165655823,0.012886831536889076,0.016030967235565186,0.021682951599359512,0.01686691679060459
probe_01158_spk11.wav,/home/hye0n/projects/cnn-based-audio-pii-classification/src/cnn/data_probe/output/probe_01158_spk11.wav,공오공오삼칠구오삼팔.,0505379538,,female,spk11,probe_bare_10,probe,1,3.84,10,1,10,bare,continuous,0.021267340363313753,0.022306725770629848,0.005596518516540527,0.05281359329819679,0.005391909275203943,0.021267340363313753
probe_01159_spk12.wav,/home/hye0n/projects/cnn-based-audio-pii-classification/src/cnn/data_probe/output/probe_01159_spk12.wav,일육사구삼팔삼일팔사.,1649383184,,male,spk12,probe_bare_10,probe,1,2.48,10,1,10,bare,continuous,0.08777884890635808,0.014288209097774434,0.07611376792192459,0.10790032893419266,0.079322449862957,0.08777884890635808
probe_01160_spk13.wav,/home/hye0n/projects/cnn-based-audio-pii-classification/src/cnn/data_probe/output/probe_01160_spk13.wav,구일구육육오오삼삼공칠칠.,919665533077,,male,spk13,probe_bare_12,probe,1,2.8,12,1,12,bare,continuous,0.13159657766421637,0.0599849727610477,0.1022467240691185,0.21520070731639862,0.07734230160713196,0.13159657766421637
probe_01161_spk14.wav,/home/hye0n/projects/cnn-based-audio-pii-classification/src/cnn/data_probe/output/probe_01161_spk14.wav,공사육일일칠이구오구육삼.,046117295963,,female,spk14,probe_bare_12,probe,1,2.8,12,1,12,bare,continuous,0.3517926534016927,0.10018915371881962,0.2288942039012909,0.4743055999279022,0.352178156375885,0.3517926534016927
probe_01162_spk01.wav,/home/hye0n/projects/cnn-based-audio-pii-classification/src/cnn/data_probe/output/probe_01162_spk01.wav,구공사공구공칠사이육공팔.,904090742608,,female,spk01,probe_bare_12,probe,1,2.88,12,1,12,bare,continuous,0.4953007102012634,0.07569792391109866,0.3898504972457886,0.532042920589447,0.5640087127685547,0.4953007102012634
probe_01163_spk02.wav,/home/hye0n/projects/cnn-based-audio-pii-classification/src/cnn/data_probe/output/probe_01163_spk02.wav,팔공오공일칠일육사사오오.,805017164455,,male,spk02,probe_bare_12,probe,1,2.48,12,1,12,bare,continuous,0.2382154775162538,0.13637808486116607,0.060541782528162,0.262071430683136,0.3920332193374634,0.2382154775162538
probe_01164_spk03.wav,/home/hye0n/projects/cnn-based-audio-pii-classification/src/cnn/data_probe/output/probe_01164_spk03.wav,육일팔오칠구공육사칠칠일.,618579064771,,female,spk03,probe_bare_12,probe,1,2.72,12,1,12,bare,continuous,0.13649886349836984,0.07572456909826085,0.03997872769832611,0.22493620216846466,0.1445816606283188,0.13649886349836984
probe_01165_spk04.wav,/home/hye0n/projects/cnn-based-audio-pii-classification/src/cnn/data_probe/output/probe_01165_spk04.wav,오구일공삼공공이일오육삼.,591030021563,,male,spk04,probe_bare_12,probe,1,2.56,12,1,12,bare,continuous,0.31942925850550336,0.13781537661566085,0.1713736355304718,0.5032262206077576,0.28368791937828064,0.31942925850550336
probe_01166_spk05.wav,/home/hye0n/projects/cnn-based-audio-pii-classification/src/cnn/data_probe/output/probe_01166_spk05.wav,이일삼오팔공공사공일공사.,213580040104,,female,spk05,probe_bare_12,probe,1,3.52,12,1,12,bare,continuous,0.3981880694627762,0.11436239541839556,0.2364567369222641,0.47966060042381287,0.4784468710422516,0.3981880694627762
probe_01167_spk06.wav,/home/hye0n/projects/cnn-based-audio-pii-classification/src/cnn/data_probe/output/probe_01167_spk06.wav,일사오구육사이이구칠일이.,145964229712,,male,spk06,probe_bare_12,probe,1,2.4,12,1,12,bare,continuous,0.003347955954571565,0.0008197250373486398,0.0026428354904055595,0.0029036300256848335,0.004497402347624302,0.003347955954571565
probe_01168_spk07.wav,/home/hye0n/projects/cnn-based-audio-pii-classification/src/cnn/data_probe/output/probe_01168_spk07.wav,오이구육칠일팔팔삼구칠칠.,529671883977,,female,spk07,probe_bare_12,probe,1,2.48,12,1,12,bare,continuous,0.2588598281145096,0.09539223026937152,0.1543632298707962,0.38499900698661804,0.2372172474861145,0.2588598281145096
probe_01169_spk08.wav,/home/hye0n/projects/cnn-based-audio-pii-classification/src/cnn/data_probe/output/probe_01169_spk08.wav,사오칠삼일사사일오팔삼삼.,457314415833,,male,spk08,probe_bare_12,probe,1,3.68,12,1,12,bare,continuous,0.5751827756563822,0.09319986254324099,0.451935350894928,0.5963481664657593,0.6772648096084595,0.5751827756563822
probe_01170_spk09.wav,/home/hye0n/projects/cnn-based-audio-pii-classification/src/cnn/data_probe/output/probe_01170_spk09.wav,일일칠공삼공삼칠육삼칠일.,117030376371,,female,spk09,probe_bare_12,probe,1,3.52,12,1,12,bare,continuous,0.8403354287147522,0.026162858251256384,0.8771086931228638,0.8184078931808472,0.8254896998405457,0.8403354287147522
probe_01171_spk10.wav,/home/hye0n/projects/cnn-based-audio-pii-classification/src/cnn/data_probe/output/probe_01171_spk10.wav,오삼구팔팔오사칠이팔일이.,539885472812,,male,spk10,probe_bare_12,probe,1,2.56,12,1,12,bare,continuous,0.018738355487585068,0.008844135894109983,0.010889274068176746,0.031096285209059715,0.014229507185518742,0.018738355487585068
probe_01172_spk11.wav,/home/hye0n/projects/cnn-based-audio-pii-classification/src/cnn/data_probe/output/probe_01172_spk11.wav,삼오육칠구팔삼육삼일사육.,356798363146,,female,spk11,probe_bare_12,probe,1,3.6,12,1,12,bare,continuous,0.34015244742234546,0.1590626446108808,0.12135742604732513,0.49480414390563965,0.40429577231407166,0.34015244742234546
probe_01173_spk12.wav,/home/hye0n/projects/cnn-based-audio-pii-classification/src/cnn/data_probe/output/probe_01173_spk12.wav,이사구일이칠일일삼공칠이.,249127113072,,male,spk12,probe_bare_12,probe,1,1.92,12,1,12,bare,continuous,0.020871319187184174,0.011117904821300182,0.006873848848044872,0.03407205641269684,0.021668052300810814,0.020871319187184174
probe_01174_spk13.wav,/home/hye0n/projects/cnn-based-audio-pii-classification/src/cnn/data_probe/output/probe_01174_spk13.wav,사공칠팔칠오사일팔일오육.,407875418156,,male,spk13,probe_bare_12,probe,1,2.24,12,1,12,bare,continuous,0.045481149572879076,0.02807168117837931,0.007577033247798681,0.05421129986643791,0.07465511560440063,0.045481149572879076
probe_01175_spk14.wav,/home/hye0n/projects/cnn-based-audio-pii-classification/src/cnn/data_probe/output/probe_01175_spk14.wav,삼이육팔육팔오공칠사오일.,326868507451,,female,spk14,probe_bare_12,probe,1,2.8,12,1,12,bare,continuous,0.3678404241800308,0.1456959981402533,0.19495661556720734,0.5513615608215332,0.35720309615135193,0.3678404241800308
probe_01176_spk01.wav,/home/hye0n/projects/cnn-based-audio-pii-classification/src/cnn/data_probe/output/probe_01176_spk01.wav,공육육삼사삼육이구사팔구.,066343629489,,female,spk01,probe_bare_12,probe,1,3.04,12,1,12,bare,continuous,0.29748155176639557,0.09655723674654329,0.2040003389120102,0.25801950693130493,0.4304248094558716,0.29748155176639557
probe_01177_spk02.wav,/home/hye0n/projects/cnn-based-audio-pii-classification/src/cnn/data_probe/output/probe_01177_spk02.wav,칠팔육일공삼일삼일공공구.,786103131009,,male,spk02,probe_bare_12,probe,1,2.88,12,1,12,bare,continuous,0.20658490806818008,0.0938837464000443,0.1074477955698967,0.3326394855976105,0.17966744303703308,0.20658490806818008
probe_01178_spk03.wav,/home/hye0n/projects/cnn-based-audio-pii-classification/src/cnn/data_probe/output/probe_01178_spk03.wav,사삼일팔일사삼구육육육일.,431814396661,,female,spk03,probe_bare_12,probe,1,3.52,12,1,12,bare,continuous,0.532194197177887,0.06278273676120981,0.4434303641319275,0.578377366065979,0.5747748613357544,0.532194197177887
probe_01179_spk04.wav,/home/hye0n/projects/cnn-based-audio-pii-classification/src/cnn/data_probe/output/probe_01179_spk04.wav,삼사칠삼이삼오사구사공일.,347323549401,,male,spk04,probe_bare_12,probe,1,2.8,12,1,12,bare,continuous,0.22351661324501038,0.1244949378591687,0.07688821852207184,0.21242956817150116,0.38123205304145813,0.22351661324501038
probe_01180_spk05.wav,/home/hye0n/projects/cnn-based-audio-pii-classification/src/cnn/data_probe/output/probe_01180_spk05.wav,이팔구칠사삼이오일이이오.,289743251225,,female,spk05,probe_bare_12,probe,1,2.0,12,1,12,bare,continuous,0.12913227019210657,0.08560271339221723,0.025949208065867424,0.23555698990821838,0.1258906126022339,0.12913227019210657
probe_01181_spk06.wav,/home/hye0n/projects/cnn-based-audio-pii-classification/src/cnn/data_probe/output/probe_01181_spk06.wav,칠이공칠육오공이사일이공.,720765024120,,male,spk06,probe_bare_12,probe,1,2.8,12,1,12,bare,continuous,0.006810028261194627,0.0006912592645805634,0.006194565910845995,0.007775531150400639,0.006459987722337246,0.006810028261194627
probe_01182_spk07.wav,/home/hye0n/projects/cnn-based-audio-pii-classification/src/cnn/data_probe/output/probe_01182_spk07.wav,구오칠구공칠삼칠일공공구.,957907371009,,female,spk07,probe_bare_12,probe,1,2.96,12,1,12,bare,continuous,0.4714204619328181,0.17631490294132424,0.23967699706554413,0.6669893860816956,0.5075950026512146,0.4714204619328181
probe_01183_spk08.wav,/home/hye0n/projects/cnn-based-audio-pii-classification/src/cnn/data_probe/output/probe_01183_spk08.wav,사삼팔팔이이일일사오칠칠.,438822114577,,male,spk08,probe_bare_12,probe,1,2.64,12,1,12,bare,continuous,0.17334876954555511,0.09455424268184273,0.04437512159347534,0.26841509342193604,0.20725609362125397,0.17334876954555511
probe_01184_spk09.wav,/home/hye0n/projects/cnn-based-audio-pii-classification/src/cnn/data_probe/output/probe_01184_spk09.wav,오팔사칠사오칠공오사오팔.,584745705458,,female,spk09,probe_bare_12,probe,1,2.72,12,1,12,bare,continuous,0.02897269402941068,0.012709541870563884,0.011079091578722,0.03644880652427673,0.03939018398523331,0.02897269402941068
probe_01185_spk10.wav,/home/hye0n/projects/cnn-based-audio-pii-classification/src/cnn/data_probe/output/probe_01185_spk10.wav,구칠일사팔공이육삼이오칠.,971480263257,,male,spk10,probe_bare_12,probe,1,2.32,12,1,12,bare,continuous,0.028294413971404236,0.023228535567070344,0.01229882799088955,0.06114081293344498,0.011443600989878178,0.028294413971404236
probe_01186_spk11.wav,/home/hye0n/projects/cnn-based-audio-pii-classification/src/cnn/data_probe/output/probe_01186_spk11.wav,공삼구육오삼일삼육일사팔.,039653136148,,female,spk11,probe_bare_12,probe,1,3.36,12,1,12,bare,continuous,0.06778066729505856,0.057845202211954765,0.031043412163853645,0.14944922924041748,0.02284936048090458,0.06778066729505856
probe_01187_spk12.wav,/home/hye0n/projects/cnn-based-audio-pii-classification/src/cnn/data_probe/output/probe_01187_spk12.wav,칠팔이사오오육구육사사삼.,782455696443,,male,spk12,probe_bare_12,probe,1,2.4,12,1,12,bare,continuous,0.16297800093889236,0.041982147782596985,0.10463017970323563,0.18264402449131012,0.20165979862213135,0.16297800093889236
probe_01188_spk13.wav,/home/hye0n/projects/cnn-based-audio-pii-classification/src/cnn/data_probe/output/probe_01188_spk13.wav,공구팔오구일육칠구오사일.,098591679541,,male,spk13,probe_bare_12,probe,1,2.48,12,1,12,bare,continuous,0.07105837389826775,0.035751616109585826,0.03693833574652672,0.12043146044015884,0.055805325508117676,0.07105837389826775
probe_01189_spk14.wav,/home/hye0n/projects/cnn-based-audio-pii-classification/src/cnn/data_probe/output/probe_01189_spk14.wav,공칠이칠이팔사구팔이사칠.,072728498247,,female,spk14,probe_bare_12,probe,1,2.72,12,1,12,bare,continuous,0.24207543954253197,0.13208989563387155,0.060673315078020096,0.2941557466983795,0.3713972568511963,0.24207543954253197
probe_01190_spk01.wav,/home/hye0n/projects/cnn-based-audio-pii-classification/src/cnn/data_probe/output/probe_01190_spk01.wav,사일사공칠공삼사구일공칠.,414070349107,,female,spk01,probe_bare_12,probe,1,3.28,12,1,12,bare,continuous,0.27663318316141766,0.0885807040162675,0.1894570291042328,0.398131787776947,0.24231073260307312,0.27663318316141766
probe_01191_spk02.wav,/home/hye0n/projects/cnn-based-audio-pii-classification/src/cnn/data_probe/output/probe_01191_spk02.wav,사공육오공공사이오사팔팔.,406500425488,,male,spk02,probe_bare_12,probe,1,3.2,12,1,12,bare,continuous,0.07469641665617625,0.008171891929097178,0.0632656142115593,0.0818856880068779,0.07893794775009155,0.07469641665617625
probe_01192_spk03.wav,/home/hye0n/projects/cnn-based-audio-pii-classification/src/cnn/data_probe/output/probe_01192_spk03.wav,이일사이삼육구일사삼공칠.,214236914307,,female,spk03,probe_bare_12,probe,1,2.56,12,1,12,bare,continuous,0.4196366220712662,0.19859900143309328,0.16974212229251862,0.6556104421615601,0.43355730175971985,0.4196366220712662
probe_01193_spk04.wav,/home/hye0n/projects/cnn-based-audio-pii-classification/src/cnn/data_probe/output/probe_01193_spk04.wav,오삼육육육일사사구사이구.,536661449429,,male,spk04,probe_bare_12,probe,1,2.72,12,1,12,bare,continuous,0.6768212914466858,0.05774250046168284,0.5957244634628296,0.7256626486778259,0.7090767621994019,0.6768212914466858
probe_01194_spk05.wav,/home/hye0n/projects/cnn-based-audio-pii-classification/src/cnn/data_probe/output/probe_01194_spk05.wav,육오구이삼사이육팔삼사사.,659234268344,,female,spk05,probe_bare_12,probe,1,3.12,12,1,12,bare,continuous,0.18020633856455484,0.06623695417561815,0.13041797280311584,0.27381616830825806,0.13638487458229065,0.18020633856455484
probe_01195_spk06.wav,/home/hye0n/projects/cnn-based-audio-pii-classification/src/cnn/data_probe/output/probe_01195_spk06.wav,일사구칠팔이육육일이팔칠.,149782661287,,male,spk06,probe_bare_12,probe,1,3.2,12,1,12,bare,continuous,0.020741041749715805,0.0011387819589146909,0.01948145218193531,0.02223992347717285,0.020501749590039253,0.020741041749715805
probe_01196_spk07.wav,/home/hye0n/projects/cnn-based-audio-pii-classification/src/cnn/data_probe/output/probe_01196_spk07.wav,오팔오칠오육칠육육칠공팔.,585756766708,,female,spk07,probe_bare_12,probe,1,2.56,12,1,12,bare,continuous,0.5430827438831329,0.1534416081598301,0.33384010195732117,0.6974999308586121,0.5979081988334656,0.5430827438831329
probe_01197_spk08.wav,/home/hye0n/projects/cnn-based-audio-pii-classification/src/cnn/data_probe/output/probe_01197_spk08.wav,공육일이구사삼구팔오이구.,061294398529,,male,spk08,probe_bare_12,probe,1,2.64,12,1,12,bare,continuous,0.04934247210621834,0.009898751226627287,0.052717603743076324,0.059420716017484665,0.035889096558094025,0.04934247210621834
probe_01198_spk09.wav,/home/hye0n/projects/cnn-based-audio-pii-classification/src/cnn/data_probe/output/probe_01198_spk09.wav,팔구사공육이육공칠팔칠공.,894062607870,,female,spk09,probe_bare_12,probe,1,2.4,12,1,12,bare,continuous,0.21861846496661505,0.0735013030015749,0.11632425338029861,0.285752534866333,0.2537786066532135,0.21861846496661505
probe_01199_spk10.wav,/home/hye0n/projects/cnn-based-audio-pii-classification/src/cnn/data_probe/output/probe_01199_spk10.wav,일공사일오구일사구칠오공.,104159149750,,male,spk10,probe_bare_12,probe,1,2.48,12,1,12,bare,continuous,0.034424714744091034,0.00586109855139416,0.026693053543567657,0.03570311889052391,0.040877971798181534,0.034424714744091034
probe_01200_spk11.wav,/home/hye0n/projects/cnn-based-audio-pii-classification/src/cnn/data_probe/output/probe_01200_spk11.wav,일구팔공삼팔이팔칠이삼이사사.,19803828723244,,female,spk11,probe_bare_14,probe,1,2.96,14,1,14,bare,continuous,0.47629815340042114,0.1279415190839447,0.4773321747779846,0.3190879821777344,0.6324743032455444,0.47629815340042114
probe_01201_spk12.wav,/home/hye0n/projects/cnn-based-audio-pii-classification/src/cnn/data_probe/output/probe_01201_spk12.wav,공칠구삼일일공이구일팔일삼삼.,07931102918133,,male,spk12,probe_bare_14,probe,1,2.4,14,1,14,bare,continuous,0.06272027703622977,0.029927863591273203,0.029762623831629753,0.10219606757164001,0.05620213970541954,0.06272027703622977
probe_01202_spk13.wav,/home/hye0n/projects/cnn-based-audio-pii-classification/src/cnn/data_probe/output/probe_01202_spk13.wav,일칠공팔칠육공일사육칠이삼팔.,17087601467238,,male,spk13,probe_bare_14,probe,1,3.6,14,1,14,bare,continuous,0.7854426304499308,0.08085130898411547,0.6712132096290588,0.8469312191009521,0.8381834626197815,0.7854426304499308
probe_01203_spk14.wav,/home/hye0n/projects/cnn-based-audio-pii-classification/src/cnn/data_probe/output/probe_01203_spk14.wav,사구칠구일육이공이이삼이팔팔.,49791620223288,,female,spk14,probe_bare_14,probe,1,2.72,14,1,14,bare,continuous,0.22445508589347204,0.1287318359996537,0.12203667312860489,0.4060125946998596,0.1453159898519516,0.22445508589347204
probe_01204_spk01.wav,/home/hye0n/projects/cnn-based-audio-pii-classification/src/cnn/data_probe/output/probe_01204_spk01.wav,삼칠칠사사일구칠오사육육일칠.,37744197546617,,female,spk01,probe_bare_14,probe,1,4.24,14,1,14,bare,continuous,0.8059626619021097,0.11404519405202883,0.6525449156761169,0.9257610440254211,0.8395820260047913,0.8059626619021097
probe_01205_spk02.wav,/home/hye0n/projects/cnn-based-audio-pii-classification/src/cnn/data_probe/output/probe_01205_spk02.wav,육육이공사칠일구육공구사공구.,66204719609409,,male,spk02,probe_bare_14,probe,1,3.2,14,1,14,bare,continuous,0.6932980418205261,0.10827868164010132,0.6331155896186829,0.601446807384491,0.8453317284584045,0.6932980418205261
probe_01206_spk03.wav,/home/hye0n/projects/cnn-based-audio-pii-classification/src/cnn/data_probe/output/probe_01206_spk03.wav,칠공오이칠칠사공이오팔팔삼오.,70527740258835,,female,spk03,probe_bare_14,probe,1,3.52,14,1,14,bare,continuous,0.8094392617543539,0.09248085860863474,0.7652674913406372,0.9381352066993713,0.724915087223053,0.8094392617543539
probe_01207_spk04.wav,/home/hye0n/projects/cnn-based-audio-pii-classification/src/cnn/data_probe/output/probe_01207_spk04.wav,팔육팔일이이오구오칠이사사육.,86812259572446,,male,spk04,probe_bare_14,probe,1,2.64,14,1,14,bare,continuous,0.10575454061230023,0.05500533685223258,0.047008316963911057,0.179286926984787,0.09096837788820267,0.10575454061230023
probe_01208_spk05.wav,/home/hye0n/projects/cnn-based-audio-pii-classification/src/cnn/data_probe/output/probe_01208_spk05.wav,일칠육칠구이구팔팔사이오구구.,17679298842599,,female,spk05,probe_bare_14,probe,1,3.2,14,1,14,bare,continuous,0.2373040666182836,0.0311218544001379,0.2803681790828705,0.22364388406276703,0.20790013670921326,0.2373040666182836
probe_01209_spk06.wav,/home/hye0n/projects/cnn-based-audio-pii-classification/src/cnn/data_probe/output/probe_01209_spk06.wav,오구구육일공공이삼일일칠칠오.,59961002311775,,male,spk06,probe_bare_14,probe,1,2.4,14,1,14,bare,continuous,0.08997683723767598,0.024897392870548134,0.058833956718444824,0.11977539956569672,0.09132115542888641,0.08997683723767598
probe_01210_spk07.wav,/home/hye0n/projects/cnn-based-audio-pii-classification/src/cnn/data_probe/output/probe_01210_spk07.wav,삼삼일이육육일공구사일공일칠.,33126610941017,,female,spk07,probe_bare_14,probe,1,3.68,14,1,14,bare,continuous,0.799123744169871,0.04944832991132116,0.7970476746559143,0.7396268844604492,0.8606966733932495,0.799123744169871
probe_01211_spk08.wav,/home/hye0n/projects/cnn-based-audio-pii-classification/src/cnn/data_probe/output/probe_01211_spk08.wav,오구공이오일칠육이구팔삼삼사.,59025176298334,,male,spk08,probe_bare_14,probe,1,3.04,14,1,14,bare,continuous,0.6139227350552877,0.1415034761733877,0.43975353240966797,0.6156629323959351,0.78635174036026,0.6139227350552877
probe_01212_spk09.wav,/home/hye0n/projects/cnn-based-audio-pii-classification/src/cnn/data_probe/output/probe_01212_spk09.wav,칠칠사삼삼이육팔삼일구공일삼.,77433268319013,,female,spk09,probe_bare_14,probe,1,2.88,14,1,14,bare,continuous,0.2976538340250651,0.028857826205270727,0.25899964570999146,0.30564287304878235,0.3283189833164215,0.2976538340250651
probe_01213_spk10.wav,/home/hye0n/projects/cnn-based-audio-pii-classification/src/cnn/data_probe/output/probe_01213_spk10.wav,공이공오육구팔일오이팔칠삼삼.,02056981528733,,male,spk10,probe_bare_14,probe,1,2.88,14,1,14,bare,continuous,0.3179808408021927,0.06460378961278526,0.3017103374004364,0.24825771152973175,0.4039744734764099,0.3179808408021927
probe_01214_spk11.wav,/home/hye0n/projects/cnn-based-audio-pii-classification/src/cnn/data_probe/output/probe_01214_spk11.wav,구칠팔오오구팔이일칠육육일구.,97855982176619,,female,spk11,probe_bare_14,probe,1,3.52,14,1,14,bare,continuous,0.6645170251528422,0.11755766529114553,0.5195116996765137,0.8074455261230469,0.6665938496589661,0.6645170251528422
probe_01215_spk12.wav,/home/hye0n/projects/cnn-based-audio-pii-classification/src/cnn/data_probe/output/probe_01215_spk12.wav,일이팔사일일칠삼공구팔오공삼.,12841173098503,,male,spk12,probe_bare_14,probe,1,2.96,14,1,14,bare,continuous,0.1637968122959137,0.06052056992838309,0.08435951173305511,0.2311088591814041,0.17592206597328186,0.1637968122959137
probe_01216_spk13.wav,/home/hye0n/projects/cnn-based-audio-pii-classification/src/cnn/data_probe/output/probe_01216_spk13.wav,사사육오일이사일팔구삼팔구팔.,44651241893898,,male,spk13,probe_bare_14,probe,1,2.72,14,1,14,bare,continuous,0.17569567014773688,0.1060905168698352,0.09501497447490692,0.3255840241909027,0.10648801177740097,0.17569567014773688
probe_01217_spk14.wav,/home/hye0n/projects/cnn-based-audio-pii-classification/src/cnn/data_probe/output/probe_01217_spk14.wav,사육구공팔일구칠사공공오육사.,46908197400564,,female,spk14,probe_bare_14,probe,1,3.04,14,1,14,bare,continuous,0.3014211356639862,0.11543930049757033,0.13823476433753967,0.3871379494667053,0.3788906931877136,0.3014211356639862
probe_01218_spk01.wav,/home/hye0n/projects/cnn-based-audio-pii-classification/src/cnn/data_probe/output/probe_01218_spk01.wav,삼오공이삼팔오공삼칠일구구공.,35023850371990,,female,spk01,probe_bare_14,probe,1,3.04,14,1,14,bare,continuous,0.7186611096064249,0.1339494573370374,0.537817120552063,0.760243833065033,0.857922375202179,0.7186611096064249
probe_01219_spk02.wav,/home/hye0n/projects/cnn-based-audio-pii-classification/src/cnn/data_probe/output/probe_01219_spk02.wav,오일육구구일팔칠이사공일공칠.,51699187240107,,male,spk02,probe_bare_14,probe,1,2.96,14,1,14,bare,continuous,0.3126346270243327,0.12825751400761864,0.15577489137649536,0.4699394106864929,0.31218957901000977,0.3126346270243327
probe_01220_spk03.wav,/home/hye0n/projects/cnn-based-audio-pii-classification/src/cnn/data_probe/output/probe_01220_spk03.wav,팔삼오육칠사삼공공공삼팔구육.,83567430003896,,female,spk03,probe_bare_14,probe,1,3.84,14,1,14,bare,continuous,0.7514292001724243,0.14351125255017103,0.5490455031394958,0.8658062219619751,0.839435875415802,0.7514292001724243
probe_01221_spk04.wav,/home/hye0n/projects/cnn-based-audio-pii-classification/src/cnn/data_probe/output/probe_01221_spk04.wav,공팔칠공육육이육육팔이일칠일.,08706626682171,,male,spk04,probe_bare_14,probe,1,2.72,14,1,14,bare,continuous,0.556595504283905,0.08667787503768766,0.45312249660491943,0.5514146685600281,0.6652493476867676,0.556595504283905
probe_01222_spk05.wav,/home/hye0n/projects/cnn-based-audio-pii-classification/src/cnn/data_probe/output/probe_01222_spk05.wav,구오오삼오육공삼삼일구공삼육.,95535603319036,,female,spk05,probe_bare_14,probe,1,3.04,14,1,14,bare,continuous,0.5442920923233032,0.11743122015662019,0.37853360176086426,0.6183266043663025,0.6360160708427429,0.5442920923233032
probe_01223_spk06.wav,/home/hye0n/projects/cnn-based-audio-pii-classification/src/cnn/data_probe/output/probe_01223_spk06.wav,팔구공공삼공일공이칠이사공오.,89003010272405,,male,spk06,probe_bare_14,probe,1,3.04,14,1,14,bare,continuous,0.05453123773137728,0.011677172416041284,0.03805764392018318,0.061768002808094025,0.06376806646585464,0.05453123773137728
probe_01224_spk07.wav,/home/hye0n/projects/cnn-based-audio-pii-classification/src/cnn/data_probe/output/probe_01224_spk07.wav,오구삼사이구육칠일일일사팔삼.,59342967111483,,female,spk07,probe_bare_14,probe,1,2.48,14,1,14,bare,continuous,0.5018008748690287,0.09120740106648995,0.37639355659484863,0.5383714437484741,0.5906376242637634,0.5018008748690287
probe_01225_spk08.wav,/home/hye0n/projects/cnn-based-audio-pii-classification/src/cnn/data_probe/output/probe_01225_spk08.wav,칠오삼칠사오팔사삼팔사오팔팔.,75374584384588,,male,spk08,probe_bare_14,probe,1,3.52,14,1,14,bare,continuous,0.8667930563290914,0.035463311263884426,0.889289915561676,0.8167259693145752,0.894363284111023,0.8667930563290914
probe_01226_spk09.wav,/home/hye0n/projects/cnn-based-audio-pii-classification/src/cnn/data_probe/output/probe_01226_spk09.wav,일공오육구칠사일삼이팔삼사팔.,10569741328348,,female,spk09,probe_bare_14,probe,1,2.8,14,1,14,bare,continuous,0.03721950824062029,0.01055301632467969,0.04063908010721207,0.048090625554323196,0.022928819060325623,0.03721950824062029
probe_01227_spk10.wav,/home/hye0n/projects/cnn-based-audio-pii-classification/src/cnn/data_probe/output/probe_01227_spk10.wav,삼일오이공삼칠칠일공칠공사사.,31520377107044,,male,spk10,probe_bare_14,probe,1,3.52,14,1,14,bare,continuous,0.487015038728714,0.11130050361002702,0.335356742143631,0.5993342399597168,0.5263541340827942,0.487015038728714
probe_01228_spk11.wav,/home/hye0n/projects/cnn-based-audio-pii-classification/src/cnn/data_probe/output/probe_01228_spk11.wav,구육사일공사구육칠공육육칠공.,96410496706670,,female,spk11,probe_bare_14,probe,1,3.84,14,1,14,bare,continuous,0.7297809918721517,0.08955375956345159,0.613860547542572,0.8319187164306641,0.743563711643219,0.7297809918721517
probe_01229_spk12.wav,/home/hye0n/projects/cnn-based-audio-pii-classification/src/cnn/data_probe/output/probe_01229_spk12.wav,삼삼육이육팔공사공팔오공구오.,33626804085095,,male,spk12,probe_bare_14,probe,1,2.96,14,1,14,bare,continuous,0.1681378831466039,0.0468616002622394,0.13360251486301422,0.23439021408557892,0.13642092049121857,0.1681378831466039
probe_01230_spk13.wav,/home/hye0n/projects/cnn-based-audio-pii-classification/src/cnn/data_probe/output/probe_01230_spk13.wav,사구삼공오구육육공일팔육사팔.,49305966018648,,male,spk13,probe_bare_14,probe,1,3.28,14,1,14,bare,continuous,0.8238600095113119,0.029628102181529576,0.8418457508087158,0.8476409316062927,0.782093346118927,0.8238600095113119
probe_01231_spk14.wav,/home/hye0n/projects/cnn-based-audio-pii-classification/src/cnn/data_probe/output/probe_01231_spk14.wav,칠육구구팔사이육칠삼이공사사.,76998426732044,,female,spk14,probe_bare_14,probe,1,3.12,14,1,14,bare,continuous,0.4959464470545451,0.20262009891026128,0.20941728353500366,0.6363587379455566,0.642063319683075,0.4959464470545451
probe_01232_spk01.wav,/home/hye0n/projects/cnn-based-audio-pii-classification/src/cnn/data_probe/output/probe_01232_spk01.wav,일삼팔사오구육공구사오사사구.,13845960945449,,female,spk01,probe_bare_14,probe,1,3.44,14,1,14,bare,continuous,0.23552231987317404,0.07444987745841664,0.14851903915405273,0.33037567138671875,0.2276722490787506,0.23552231987317404
probe_01233_spk02.wav,/home/hye0n/projects/cnn-based-audio-pii-classification/src/cnn/data_probe/output/probe_01233_spk02.wav,공일사구오사이칠칠공칠공칠공.,01495427707070,,male,spk02,probe_bare_14,probe,1,3.68,14,1,14,bare,continuous,0.21398386359214783,0.05977592104755945,0.142245352268219,0.28858205676078796,0.21112418174743652,0.21398386359214783
probe_01234_spk03.wav,/home/hye0n/projects/cnn-based-audio-pii-classification/src/cnn/data_probe/output/probe_01234_spk03.wav,오칠팔삼육공구일사구팔오일칠.,57836091498517,,female,spk03,probe_bare_14,probe,1,3.92,14,1,14,bare,continuous,0.6212852398554484,0.23056946447623544,0.3025873303413391,0.8403598070144653,0.7209085822105408,0.6212852398554484
probe_01235_spk04.wav,/home/hye0n/projects/cnn-based-audio-pii-classification/src/cnn/data_probe/output/probe_01235_spk04.wav,이사사사칠이삼이이구공삼일공.,24447232290310,,male,spk04,probe_bare_14,probe,1,2.72,14,1,14,bare,continuous,0.24813743432362875,0.15257449414644325,0.14485420286655426,0.46384578943252563,0.13571231067180634,0.24813743432362875
probe_01236_spk05.wav,/home/hye0n/projects/cnn-based-audio-pii-classification/src/cnn/data_probe/output/probe_01236_spk05.wav,이팔칠구오공팔삼공사사공오팔.,28795083044058,,female,spk05,probe_bare_14,probe,1,3.04,14,1,14,bare,continuous,0.513744999965032,0.15375748640921766,0.33256080746650696,0.7084584832191467,0.5002157092094421,0.513744999965032
probe_01237_spk06.wav,/home/hye0n/projects/cnn-based-audio-pii-classification/src/cnn/data_probe/output/probe_01237_spk06.wav,공구삼오일일팔칠일팔일삼삼오.,09351187181335,,male,spk06,probe_bare_14,probe,1,2.56,14,1,14,bare,continuous,0.05784924700856209,0.03123240456506555,0.034648336470127106,0.036900002509355545,0.10199940204620361,0.05784924700856209
probe_01238_spk07.wav,/home/hye0n/projects/cnn-based-audio-pii-classification/src/cnn/data_probe/output/probe_01238_spk07.wav,구오육일육사이공오구오오육오.,95616420595565,,female,spk07,probe_bare_14,probe,1,2.96,14,1,14,bare,continuous,0.49202824632326764,0.12852445053425238,0.3170245587825775,0.6220516562461853,0.53700852394104,0.49202824632326764
probe_01239_spk08.wav,/home/hye0n/projects/cnn-based-audio-pii-classification/src/cnn/data_probe/output/probe_01239_spk08.wav,칠사구공이오공사이구공일구삼.,74902504290193,,male,spk08,probe_bare_14,probe,1,3.52,14,1,14,bare,continuous,0.7723684112230936,0.049190627882544115,0.7826427817344666,0.7076459527015686,0.8268164992332458,0.7723684112230936
probe_01240_spk09.wav,/home/hye0n/projects/cnn-based-audio-pii-classification/src/cnn/data_probe/output/probe_01240_spk09.wav,오팔팔구오삼육구공이육일일삼구팔.,5889536902611398,,female,spk09,probe_bare_16,probe,1,3.28,16,1,16,bare,continuous,0.4998128314812978,0.17521390866104677,0.36529579758644104,0.7472899556159973,0.3868527412414551,0.4998128314812978
probe_01241_spk10.wav,/home/hye0n/projects/cnn-based-audio-pii-classification/src/cnn/data_probe/output/probe_01241_spk10.wav,구팔육팔일팔공구칠팔팔칠오사삼구.,9868180978875439,,male,spk10,probe_bare_16,probe,1,2.8,16,1,16,bare,continuous,0.29854940871397656,0.08822936456600788,0.20055432617664337,0.41443756222724915,0.2806563377380371,0.29854940871397656
probe_01242_spk11.wav,/home/hye0n/projects/cnn-based-audio-pii-classification/src/cnn/data_probe/output/probe_01242_spk11.wav,사삼오삼오삼칠오일삼칠육오일오팔.,4353537513765158,,female,spk11,probe_bare_16,probe,1,4.08,16,1,16,bare,continuous,0.44319892923037213,0.12404890534363315,0.347314715385437,0.6183686256408691,0.3639134466648102,0.44319892923037213
probe_01243_spk12.wav,/home/hye0n/projects/cnn-based-audio-pii-classification/src/cnn/data_probe/output/probe_01243_spk12.wav,팔일오칠구삼칠육삼구이팔삼육구이.,8157937639283692,,male,spk12,probe_bare_16,probe,1,3.28,16,1,16,bare,continuous,0.05410857995351156,0.01359230090562082,0.03559849038720131,0.06785343587398529,0.05887381359934807,0.05410857995351156
probe_01244_spk13.wav,/home/hye0n/projects/cnn-based-audio-pii-classification/src/cnn/data_probe/output/probe_01244_spk13.wav,구사사오오일일육육팔이구칠삼이칠.,9445511668297327,,male,spk13,probe_bare_16,probe,1,4.0,16,1,16,bare,continuous,0.3494541843732198,0.04442477417448632,0.28838908672332764,0.39277857542037964,0.36719489097595215,0.3494541843732198
probe_01245_spk14.wav,/home/hye0n/projects/cnn-based-audio-pii-classification/src/cnn/data_probe/output/probe_01245_spk14.wav,공이일육사팔칠일이공육공이일이팔.,0216487120602128,,female,spk14,probe_bare_16,probe,1,2.88,16,1,16,bare,continuous,0.2142211819688479,0.07276997909360924,0.11194241791963577,0.27523455023765564,0.2554865777492523,0.2142211819688479
probe_01246_spk01.wav,/home/hye0n/projects/cnn-based-audio-pii-classification/src/cnn/data_probe/output/probe_01246_spk01.wav,팔육육오이육팔삼사일오오구구구일.,8665268341559991,,female,spk01,probe_bare_16,probe,1,4.0,16,1,16,bare,continuous,0.6735126972198486,0.09982629647450994,0.6261829733848572,0.8123637437820435,0.5819913744926453,0.6735126972198486
probe_01247_spk02.wav,/home/hye0n/projects/cnn-based-audio-pii-classification/src/cnn/data_probe/output/probe_01247_spk02.wav,공일오칠육칠육사칠이이구팔일이공.,0157676472298120,,male,spk02,probe_bare_16,probe,1,3.12,16,1,16,bare,continuous,0.345357025663058,0.13062210941014057,0.1980505734682083,0.5155442357063293,0.32247626781463623,0.345357025663058
probe_01248_spk03.wav,/home/hye0n/projects/cnn-based-audio-pii-classification/src/cnn/data_probe/output/probe_01248_spk03.wav,구구오칠육오칠이팔구사일삼사칠오.,9957657289413475,,female,spk03,probe_bare_16,probe,1,3.36,16,1,16,bare,continuous,0.7923066814740499,0.13762049286318023,0.6039823293685913,0.9290077090263367,0.8439300060272217,0.7923066814740499
probe_01249_spk04.wav,/home/hye0n/projects/cnn-based-audio-pii-classification/src/cnn/data_probe/output/probe_01249_spk04.wav,공구팔팔구팔육사오육오이이공삼육.,0988986456522036,,male,spk04,probe_bare_16,probe,1,3.28,16,1,16,bare,continuous,0.7268297672271729,0.052364964343176654,0.6826733350753784,0.80039381980896,0.6974221467971802,0.7268297672271729
probe_01250_spk05.wav,/home/hye0n/projects/cnn-based-audio-pii-classification/src/cnn/data_probe/output/probe_01250_spk05.wav,팔사구구오일오사이일사사칠칠삼이.,8499515421447732,,female,spk05,probe_bare_16,probe,1,3.44,16,1,16,bare,continuous,0.5790283878644308,0.116566804527616,0.5104870200157166,0.7431385517120361,0.48345959186553955,0.5790283878644308
probe_01251_spk06.wav,/home/hye0n/projects/cnn-based-audio-pii-classification/src/cnn/data_probe/output/probe_01251_spk06.wav,사사구일삼사이일삼팔팔이공구공팔.,4491342138820908,,male,spk06,probe_bare_16,probe,1,3.36,16,1,16,bare,continuous,0.24915927648544312,0.15228748748120755,0.10819491744041443,0.46065211296081543,0.1786307990550995,0.24915927648544312
probe_01252_spk07.wav,/home/hye0n/projects/cnn-based-audio-pii-classification/src/cnn/data_probe/output/probe_01252_spk07.wav,팔삼공칠공오삼사구육칠팔이칠사일.,8307053496782741,,female,spk07,probe_bare_16,probe,1,4.16,16,1,16,bare,continuous,0.8534059127171835,0.05375148560393744,0.7977421879768372,0.9260707497596741,0.8364048004150391,0.8534059127171835
probe_01253_spk08.wav,/home/hye0n/projects/cnn-based-audio-pii-classification/src/cnn/data_probe/output/probe_01253_spk08.wav,일칠육칠사일이사일오일삼일오이팔.,1767412415131528,,male,spk08,probe_bare_16,probe,1,4.16,16,1,16,bare,continuous,0.9033293525377909,0.022217993870419124,0.9312127828598022,0.8768439292907715,0.9019313454627991,0.9033293525377909
probe_01254_spk09.wav,/home/hye0n/projects/cnn-based-audio-pii-classification/src/cnn/data_probe/output/probe_01254_spk09.wav,오사칠팔일오공육일팔오삼팔공공삼.,5478150618538003,,female,spk09,probe_bare_16,probe,1,3.36,16,1,16,bare,continuous,0.6740852197011312,0.09512456893389987,0.6499798893928528,0.8007556200027466,0.5715201497077942,0.6740852197011312
probe_01255_spk10.wav,/home/hye0n/projects/cnn-based-audio-pii-classification/src/cnn/data_probe/output/probe_01255_spk10.wav,이구육삼삼사칠이칠이칠사이삼일팔.,2963347272742318,,male,spk10,probe_bare_16,probe,1,2.8,16,1,16,bare,continuous,0.10886632154385249,0.03228371267855781,0.06676669418811798,0.14521558582782745,0.11461668461561203,0.10886632154385249
probe_01256_spk11.wav,/home/hye0n/projects/cnn-based-audio-pii-classification/src/cnn/data_probe/output/probe_01256_spk11.wav,삼공육일칠팔구삼이공육사구육구삼.,3061789320649693,,female,spk11,probe_bare_16,probe,1,3.84,16,1,16,bare,continuous,0.7188854018847147,0.11916309761317238,0.6728443503379822,0.8822979927062988,0.6015138626098633,0.7188854018847147
probe_01257_spk12.wav,/home/hye0n/projects/cnn-based-audio-pii-classification/src/cnn/data_probe/output/probe_01257_spk12.wav,오칠팔이사삼사칠칠육구오팔칠사일.,5782434776958741,,male,spk12,probe_bare_16,probe,1,3.52,16,1,16,bare,continuous,0.8832789262135824,0.03067315928307684,0.8408117294311523,0.8968530893325806,0.9121719598770142,0.8832789262135824
probe_01258_spk13.wav,/home/hye0n/projects/cnn-based-audio-pii-classification/src/cnn/data_probe/output/probe_01258_spk13.wav,삼일사육칠오삼육일이칠오일오육이.,3146753612751562,,male,spk13,probe_bare_16,probe,1,2.88,16,1,16,bare,continuous,0.3141888380050659,0.04548229947266416,0.2742433547973633,0.290501207113266,0.3778219521045685,0.3141888380050659
probe_01259_spk14.wav,/home/hye0n/projects/cnn-based-audio-pii-classification/src/cnn/data_probe/output/probe_01259_spk14.wav,칠칠구육삼공사사팔삼육공팔오사오.,7796304483608545,,female,spk14,probe_bare_16,probe,1,3.2,16,1,16,bare,continuous,0.7450783054033915,0.11518478055770286,0.7488851547241211,0.8842083215713501,0.6021414399147034,0.7450783054033915
probe_01260_spk01.wav,/home/hye0n/projects/cnn-based-audio-pii-classification/src/cnn/data_probe/output/probe_01260_spk01.wav,육육칠육육사공사칠삼오공사칠육삼.,6676640473504763,,female,spk01,probe_bare_16,probe,1,3.92,16,1,16,bare,continuous,0.8090870976448059,0.04280503498324365,0.776164710521698,0.8695425391197205,0.7815540432929993,0.8090870976448059
probe_01261_spk02.wav,/home/hye0n/projects/cnn-based-audio-pii-classification/src/cnn/data_probe/output/probe_01261_spk02.wav,구이팔삼일구구오이구팔공공육일오.,9283199529800615,,male,spk02,probe_bare_16,probe,1,2.88,16,1,16,bare,continuous,0.22670393685499826,0.05890409850987532,0.14867588877677917,0.2909817099571228,0.24045421183109283,0.22670393685499826
probe_01262_spk03.wav,/home/hye0n/projects/cnn-based-audio-pii-classification/src/cnn/data_probe/output/probe_01262_spk03.wav,오팔일공팔삼오팔삼이팔육삼사이오.,5810835832863425,,female,spk03,probe_bare_16,probe,1,3.36,16,1,16,bare,continuous,0.5648481845855713,0.17332407762287838,0.36672788858413696,0.7889007925987244,0.5389158725738525,0.5648481845855713
probe_01263_spk04.wav,/home/hye0n/projects/cnn-based-audio-pii-classification/src/cnn/data_probe/output/probe_01263_spk04.wav,오육삼팔삼공공공팔일팔육칠공이사.,5638300081867024,,male,spk04,probe_bare_16,probe,1,3.52,16,1,16,bare,continuous,0.9400285482406616,0.027698384621609992,0.9127427339553833,0.9780110120773315,0.92933189868927,0.9400285482406616
probe_01264_spk05.wav,/home/hye0n/projects/cnn-based-audio-pii-classification/src/cnn/data_probe/output/probe_01264_spk05.wav,사공삼삼공사일육육이사일일일팔육.,4033041662411186,,female,spk05,probe_bare_16,probe,1,3.44,16,1,16,bare,continuous,0.8630084196726481,0.08476883132786601,0.7442795634269714,0.9367334246635437,0.9080122709274292,0.8630084196726481
probe_01265_spk06.wav,/home/hye0n/projects/cnn-based-audio-pii-classification/src/cnn/data_probe/output/probe_01265_spk06.wav,공공팔구이일구육삼구사오육팔공사.,0089219639456804,,male,spk06,probe_bare_16,probe,1,3.2,16,1,16,bare,continuous,0.42789992690086365,0.1278045169380845,0.41397276520729065,0.5909260511398315,0.27880096435546875,0.42789992690086365
probe_01266_spk07.wav,/home/hye0n/projects/cnn-based-audio-pii-classification/src/cnn/data_probe/output/probe_01266_spk07.wav,사칠삼일사구칠육사육일삼육팔사칠.,4731497646136847,,female,spk07,probe_bare_16,probe,1,4.72,16,1,16,bare,continuous,0.9491666158040365,0.005036213809402399,0.9420453906059265,0.9528334736824036,0.9526209831237793,0.9491666158040365
probe_01267_spk08.wav,/home/hye0n/projects/cnn-based-audio-pii-classification/src/cnn/data_probe/output/probe_01267_spk08.wav,사팔팔삼육공칠육오팔일칠삼구공육.,4883607658173906,,male,spk08,probe_bare_16,probe,1,3.92,16,1,16,bare,continuous,0.9829463760058085,0.0065615133019983,0.988678514957428,0.973760724067688,0.9863998889923096,0.9829463760058085
probe_01268_spk09.wav,/home/hye0n/projects/cnn-based-audio-pii-classification/src/cnn/data_probe/output/probe_01268_spk09.wav,삼칠오칠구일사오이일일팔이삼칠구.,3757914521182379,,female,spk09,probe_bare_16,probe,1,3.2,16,1,16,bare,continuous,0.9211232860883077,0.0382545111309223,0.8672538995742798,0.9437361359596252,0.9523798227310181,0.9211232860883077
probe_01269_spk10.wav,/home/hye0n/projects/cnn-based-audio-pii-classification/src/cnn/data_probe/output/probe_01269_spk10.wav,삼일이육구칠팔구삼공칠사육사오이.,3126978930746452,,male,spk10,probe_bare_16,probe,1,2.88,16,1,16,bare,continuous,0.23952554166316986,0.024901540324982423,0.26715216040611267,0.24462538957595825,0.20679907500743866,0.23952554166316986
probe_01270_spk11.wav,/home/hye0n/projects/cnn-based-audio-pii-classification/src/cnn/data_probe/output/probe_01270_spk11.wav,공오구구육공사삼팔칠팔칠오삼오칠.,0599604387875357,,female,spk11,probe_bare_16,probe,1,3.76,16,1,16,bare,continuous,0.7119420170783997,0.11446808980146579,0.5502011775970459,0.7986725568771362,0.7869523167610168,0.7119420170783997
probe_01271_spk12.wav,/home/hye0n/projects/cnn-based-audio-pii-classification/src/cnn/data_probe/output/probe_01271_spk12.wav,칠팔팔일일육일육이공이팔일이삼칠.,7881161620281237,,male,spk12,probe_bare_16,probe,1,2.72,16,1,16,bare,continuous,0.28107482691605884,0.10105370616821188,0.167490616440773,0.41297850012779236,0.2627553641796112,0.28107482691605884
probe_01272_spk13.wav,/home/hye0n/projects/cnn-based-audio-pii-classification/src/cnn/data_probe/output/probe_01272_spk13.wav,일공육칠이팔칠이팔육육공사일육사.,1067287286604164,,male,spk13,probe_bare_16,probe,1,2.88,16,1,16,bare,continuous,0.333634689450264,0.1437691035095839,0.18241684138774872,0.5269474983215332,0.29153972864151,0.333634689450264
probe_01273_spk14.wav,/home/hye0n/projects/cnn-based-audio-pii-classification/src/cnn/data_probe/output/probe_01273_spk14.wav,사팔오구오구이이사팔삼구오팔구사.,4859592248395894,,female,spk14,probe_bare_16,probe,1,2.88,16,1,16,bare,continuous,0.7656342188517252,0.0550924454346476,0.6892234683036804,0.8170234560966492,0.7906557321548462,0.7656342188517252
probe_01274_spk01.wav,/home/hye0n/projects/cnn-based-audio-pii-classification/src/cnn/data_probe/output/probe_01274_spk01.wav,칠칠삼오이이팔칠공오육이이칠일공.,7735228705622710,,female,spk01,probe_bare_16,probe,1,3.52,16,1,16,bare,continuous,0.931625763575236,0.014952153212024956,0.9276726841926575,0.9515920281410217,0.9156125783920288,0.931625763575236
probe_01275_spk02.wav,/home/hye0n/projects/cnn-based-audio-pii-classification/src/cnn/data_probe/output/probe_01275_spk02.wav,사삼삼일팔칠오일공구칠구이일오팔.,4331875109792158,,male,spk02,probe_bare_16,probe,1,3.36,16,1,16,bare,continuous,0.9172950387001038,0.04580453528045069,0.8577660322189331,0.9691798090934753,0.9249392747879028,0.9172950387001038
probe_01276_spk03.wav,/home/hye0n/projects/cnn-based-audio-pii-classification/src/cnn/data_probe/output/probe_01276_spk03.wav,삼오공삼사사육구사오구육사팔팔삼.,3503446945964883,,female,spk03,probe_bare_16,probe,1,3.84,16,1,16,bare,continuous,0.8749865094820658,0.06775254406356383,0.7792627811431885,0.9265003204345703,0.9191964268684387,0.8749865094820658
probe_01277_spk04.wav,/home/hye0n/projects/cnn-based-audio-pii-classification/src/cnn/data_probe/output/probe_01277_spk04.wav,일구이일삼사이사구일이팔구육오구.,1921342491289659,,male,spk04,probe_bare_16,probe,1,3.04,16,1,16,bare,continuous,0.7049311399459839,0.13525353725974304,0.7373101711273193,0.8520020842552185,0.5254811644554138,0.7049311399459839
probe_01278_spk05.wav,/home/hye0n/projects/cnn-based-audio-pii-classification/src/cnn/data_probe/output/probe_01278_spk05.wav,구구사구칠삼이공삼삼일구이이이칠.,9949732033192227,,female,spk05,probe_bare_16,probe,1,4.08,16,1,16,bare,continuous,0.8242250084877014,0.021008781183213074,0.8007065057754517,0.8202612400054932,0.8517072796821594,0.8242250084877014
probe_01279_spk06.wav,/home/hye0n/projects/cnn-based-audio-pii-classification/src/cnn/data_probe/output/probe_01279_spk06.wav,공오일공이팔칠육칠오사팔일삼팔육.,0510287675481386,,male,spk06,probe_bare_16,probe,1,2.88,16,1,16,bare,continuous,0.6676045656204224,0.036949988130769475,0.7125520706176758,0.6220495700836182,0.6682120561599731,0.6676045656204224
